cid,id,S,F,SF,T,R,DD,tS,band,fails,grade,universe,neutralization,decay,truncation,delay,submitted,expr
w53_c,wpY3Yxvd,2.99,3.2,6.19,0.1331,0.1527,0.0331,2.49,A,,EXCELLENT,TOP3000,SUBINDUSTRY,16,0.08,0,N,"group_rank(fnd6_xrent/assets, subindustry) + group_rank(ts_av_diff(cash/assets, 45), subindustry) + group_rank(ts_av_diff(cashflow_op/enterprise_value, 45), subindustry) + group_rank(-ts_delta(close, 2), subindustry) + rank(volume/ts_mean(volume, 60))"
w54_d,A10e0LQY,3.02,3.13,6.15,0.1443,0.1551,0.0341,2.53,A,,EXCELLENT,TOP3000,SUBINDUSTRY,14,0.08,0,N,"group_rank(fnd6_xrent/assets, subindustry) + group_rank(ts_av_diff(cash/assets, 45), subindustry) + group_rank(ts_av_diff(cashflow_op/enterprise_value, 40), subindustry) + group_rank(-ts_delta(close, 2), subindustry) + rank(volume/ts_mean(volume, 60))"
w55_h,Vk6Za7Lw,3.01,3.14,6.15,0.1425,0.1547,0.0333,2.54,A,,EXCELLENT,TOP3000,SUBINDUSTRY,14,0.08,0,N,"group_neutralize(group_rank(fnd6_xrent/assets, subindustry) + group_rank(ts_av_diff(cash/assets, 45), subindustry) + group_rank(ts_av_diff(cashflow_op/enterprise_value, 45), subindustry) + group_rank(-ts_delta(close, 2), subindustry) + rank(volume/ts_mean(volume, 60)), industry)"
w52_g,kqVvjjnK,3.01,3.13,6.14,0.1426,0.1543,0.0334,2.53,A,,EXCELLENT,TOP3000,SUBINDUSTRY,14,0.08,0,N,"group_rank(fnd6_xrent/assets, subindustry) + group_rank(ts_av_diff(cash/assets, 45), subindustry) + group_rank(ts_av_diff(cashflow_op/enterprise_value, 45), subindustry) + group_rank(-ts_delta(close, 2), subindustry) + rank(volume/ts_mean(volume, 60))"
w54_h,qMWOWaE1,3.01,3.13,6.14,0.1426,0.1543,0.0334,2.53,A,,EXCELLENT,TOP3000,SUBINDUSTRY,14,0.12,0,N,"group_rank(fnd6_xrent/assets, subindustry) + group_rank(ts_av_diff(cash/assets, 45), subindustry) + group_rank(ts_av_diff(cashflow_op/enterprise_value, 45), subindustry) + group_rank(-ts_delta(close, 2), subindustry) + rank(volume/ts_mean(volume, 60))"
w53_f,Vk6Z6nmw,2.98,3.13,6.11,0.1409,0.1555,0.0339,2.43,A,,EXCELLENT,TOP3000,SUBINDUSTRY,14,0.08,0,N,"group_rank(fnd6_xrent/assets, subindustry) + group_rank(ts_av_diff(cash/assets, 45), subindustry) + group_rank(ts_av_diff(cashflow_op/enterprise_value, 45), subindustry) + group_rank(-ts_delta(close, 3), subindustry) + rank(volume/ts_mean(volume, 60))"
w55_f,RRV9brza,3.0,3.09,6.09,0.144,0.153,0.0337,2.38,A,,EXCELLENT,TOP3000,SUBINDUSTRY,14,0.08,0,N,"group_rank(fnd6_xrent/assets, subindustry) + group_rank(ts_av_diff(cash/assets, 42), subindustry) + group_rank(ts_av_diff(cashflow_op/enterprise_value, 42), subindustry) + group_rank(-ts_delta(close, 2), subindustry) + rank(volume/ts_mean(volume, 60))"
w54_e,zqYgYexo,2.98,3.1,6.08,0.1412,0.1532,0.0327,2.51,A,,EXCELLENT,TOP3000,SUBINDUSTRY,14,0.08,0,N,"group_rank(fnd6_xrent/assets, subindustry) + group_rank(ts_av_diff(cash/assets, 45), subindustry) + group_rank(ts_av_diff(cashflow_op/enterprise_value, 50), subindustry) + group_rank(-ts_delta(close, 2), subindustry) + rank(volume/ts_mean(volume, 60))"
w53_g,78Z3ZgrZ,3.0,3.06,6.06,0.1488,0.1546,0.0355,2.42,A,,EXCELLENT,TOP3000,SUBINDUSTRY,14,0.08,0,N,"group_rank(fnd6_xrent/assets, subindustry) + group_rank(ts_av_diff(cash/assets, 45), subindustry) + group_rank(ts_av_diff(cashflow_op/enterprise_value, 30), subindustry) + group_rank(-ts_delta(close, 2), subindustry) + rank(volume/ts_mean(volume, 60))"
w51_a,KPOvGJRj,2.92,3.13,6.05,0.1299,0.1497,0.031,2.48,A,,EXCELLENT,TOP3000,SUBINDUSTRY,16,0.08,0,N,"group_rank(fnd6_xrent/assets, subindustry) + group_rank(ts_av_diff(cash/assets, 45), subindustry) + group_rank(ts_av_diff(cashflow_op/enterprise_value, 60), subindustry) + group_rank(-ts_delta(close, 2), subindustry) + rank(volume/ts_mean(volume, 60))"
w53_a,MP1d7Nvk,3.02,3.03,6.05,0.1552,0.1558,0.0339,2.57,A,,EXCELLENT,TOP3000,SUBINDUSTRY,12,0.08,0,N,"group_rank(fnd6_xrent/assets, subindustry) + group_rank(ts_av_diff(cash/assets, 45), subindustry) + group_rank(ts_av_diff(cashflow_op/enterprise_value, 45), subindustry) + group_rank(-ts_delta(close, 2), subindustry) + rank(volume/ts_mean(volume, 60))"
w55_a,kqVvoRMP,2.96,3.09,6.05,0.1452,0.1587,0.034,2.58,A,,EXCELLENT,TOP3000,SUBINDUSTRY,14,0.08,0,N,"group_rank(fnd6_xrent/assets, industry) + group_rank(ts_av_diff(cash/assets, 45), industry) + group_rank(ts_av_diff(cashflow_op/enterprise_value, 45), industry) + group_rank(-ts_delta(close, 2), industry) + rank(volume/ts_mean(volume, 60))"
w53_e,78Z3ZAe1,2.97,3.07,6.04,0.1418,0.1518,0.0327,2.59,A,,EXCELLENT,TOP3000,SUBINDUSTRY,14,0.08,0,N,"group_rank(fnd6_xrent/assets, subindustry) + group_rank(ts_av_diff(cash/assets, 50), subindustry) + group_rank(ts_av_diff(cashflow_op/enterprise_value, 45), subindustry) + group_rank(-ts_delta(close, 2), subindustry) + rank(volume/ts_mean(volume, 60))"
w54_g,78Z3Z5m5,2.97,3.07,6.04,0.1421,0.1521,0.0328,2.65,A,,EXCELLENT,TOP3000,SUBINDUSTRY,14,0.08,0,N,"group_rank(fnd6_xrent/assets, subindustry) + group_rank(ts_av_diff(cash/assets, 48), subindustry) + group_rank(ts_av_diff(cashflow_op/enterprise_value, 45), subindustry) + group_rank(-ts_delta(close, 2), subindustry) + rank(volume/ts_mean(volume, 60))"
w53_d,kqVvVxag,2.97,3.06,6.03,0.1432,0.1516,0.0328,2.32,A,,EXCELLENT,TOP3000,SUBINDUSTRY,14,0.08,0,N,"group_rank(fnd6_xrent/assets, subindustry) + group_rank(ts_av_diff(cash/assets, 40), subindustry) + group_rank(ts_av_diff(cashflow_op/enterprise_value, 45), subindustry) + group_rank(-ts_delta(close, 2), subindustry) + rank(volume/ts_mean(volume, 60))"
w55_b,JjxoNKAj,2.99,3.02,6.01,0.1579,0.1608,0.0347,2.64,A,,EXCELLENT,TOP3000,SUBINDUSTRY,12,0.08,0,N,"group_rank(fnd6_xrent/assets, industry) + group_rank(ts_av_diff(cash/assets, 45), industry) + group_rank(ts_av_diff(cashflow_op/enterprise_value, 45), industry) + group_rank(-ts_delta(close, 2), industry) + rank(volume/ts_mean(volume, 60))"
w51_b,vRkZN1gG,2.94,3.06,6.0,0.1393,0.1513,0.0311,2.52,A,,EXCELLENT,TOP3000,SUBINDUSTRY,14,0.08,0,N,"group_rank(fnd6_xrent/assets, subindustry) + group_rank(ts_av_diff(cash/assets, 45), subindustry) + group_rank(ts_av_diff(cashflow_op/enterprise_value, 60), subindustry) + group_rank(-ts_delta(close, 2), subindustry) + rank(volume/ts_mean(volume, 60))"
w52_a,d5OYjqdY,2.91,3.07,5.98,0.1376,0.1527,0.0316,2.42,A,,EXCELLENT,TOP3000,SUBINDUSTRY,14,0.08,0,N,"group_rank(fnd6_xrent/assets, subindustry) + group_rank(ts_av_diff(cash/assets, 45), subindustry) + group_rank(ts_av_diff(cashflow_op/enterprise_value, 60), subindustry) + group_rank(-ts_delta(close, 3), subindustry) + rank(volume/ts_mean(volume, 60))"
w54_a,58QrQzeM,2.96,3.0,5.96,0.1429,0.1468,0.0359,3.11,A,,EXCELLENT,TOP3000,SUBINDUSTRY,14,0.08,0,N,"group_rank(fnd6_xrent/assets, subindustry) + group_rank(ts_av_diff(cash, 45)/assets, subindustry) + group_rank(ts_av_diff(cashflow_op/enterprise_value, 45), subindustry) + group_rank(-ts_delta(close, 2), subindustry) + rank(volume/ts_mean(volume, 60))"
w49_d,j23orrMk,2.86,3.09,5.95,0.1165,0.1459,0.0306,2.4,A,,EXCELLENT,TOP3000,SUBINDUSTRY,20,0.08,0,N,"group_rank(fnd6_xrent/assets, subindustry) + group_rank(ts_av_diff(cash/assets, 45), subindustry) + group_rank(ts_av_diff(cashflow_op/enterprise_value, 60), subindustry) + group_rank(-ts_delta(close, 2), subindustry) + rank(volume/ts_mean(volume, 60))"
w54_f,JjxoxraA,2.94,3.0,5.94,0.1437,0.1494,0.0352,2.46,A,,EXCELLENT,TOP3000,SUBINDUSTRY,14,0.08,0,N,"group_rank(fnd6_xrent/assets, subindustry) + group_rank(ts_av_diff(cash/assets, 45), subindustry) + group_rank(ts_av_diff(cashflow_op/enterprise_value, 45), subindustry) + group_rank(-ts_delta(close, 2), subindustry) + rank(volume/ts_mean(volume, 40))"
w51_c,vRkZNpEb,2.95,2.96,5.91,0.1517,0.153,0.0314,2.56,A,,EXCELLENT,TOP3000,SUBINDUSTRY,12,0.08,0,N,"group_rank(fnd6_xrent/assets, subindustry) + group_rank(ts_av_diff(cash/assets, 45), subindustry) + group_rank(ts_av_diff(cashflow_op/enterprise_value, 60), subindustry) + group_rank(-ts_delta(close, 2), subindustry) + rank(volume/ts_mean(volume, 60))"
w52_c,O0rR7mmR,2.93,2.98,5.91,0.1497,0.1545,0.0318,2.46,A,,EXCELLENT,TOP3000,SUBINDUSTRY,12,0.08,0,N,"group_rank(fnd6_xrent/assets, subindustry) + group_rank(ts_av_diff(cash/assets, 45), subindustry) + group_rank(ts_av_diff(cashflow_op/enterprise_value, 60), subindustry) + group_rank(-ts_delta(close, 3), subindustry) + rank(volume/ts_mean(volume, 60))"
w52_d,78Z3jxx2,2.9,3.01,5.91,0.1385,0.1489,0.0304,2.58,A,,EXCELLENT,TOP3000,SUBINDUSTRY,14,0.08,0,N,"group_rank(fnd6_xrent/assets, subindustry) + group_rank(ts_av_diff(cash/assets, 50), subindustry) + group_rank(ts_av_diff(cashflow_op/enterprise_value, 60), subindustry) + group_rank(-ts_delta(close, 2), subindustry) + rank(volume/ts_mean(volume, 60))"
w53_b,3q91lvxO,3.02,2.89,5.91,0.1724,0.1574,0.0343,2.64,A,,EXCELLENT,TOP3000,SUBINDUSTRY,10,0.08,0,N,"group_rank(fnd6_xrent/assets, subindustry) + group_rank(ts_av_diff(cash/assets, 45), subindustry) + group_rank(ts_av_diff(cashflow_op/enterprise_value, 45), subindustry) + group_rank(-ts_delta(close, 2), subindustry) + rank(volume/ts_mean(volume, 60))"
w94_e,xAYoEXvm,3.01,2.88,5.89,0.1524,0.1393,0.0329,2.53,A,,EXCELLENT,TOP3000,SUBINDUSTRY,6,0.08,0,N,"group_rank(authorized_stock_buyback_amount/assets, subindustry) + group_rank(-annual_intangible_assets_net_carrying_value/assets, subindustry) + group_rank(ts_av_diff(cash/assets, 45), subindustry) + group_rank(ts_av_diff(cashflow_op/enterprise_value, 45), subindustry) + group_rank(-ts_delta(close, 10), subindustry) + rank(volume/ts_mean(volume, 120))"
w97_f,vRkXwvNA,3.07,2.81,5.88,0.1689,0.142,0.033,2.62,A,,EXCELLENT,TOP3000,SUBINDUSTRY,1,0.08,0,N,"ts_decay_linear(group_rank(authorized_stock_buyback_amount/assets, subindustry) + group_rank(-annual_intangible_assets_net_carrying_value/assets, subindustry) + group_rank(ts_av_diff(cash/assets, 45), subindustry) + group_rank(ts_av_diff(cashflow_op/enterprise_value, 45), subindustry) + group_rank(-ts_delta(close, 10), subindustry) + rank(volume/ts_mean(volume, 120)), 5)"
w55_g,gJQXb8bg,2.99,2.88,5.87,0.1753,0.1623,0.0351,2.72,A,,EXCELLENT,TOP3000,SUBINDUSTRY,10,0.08,0,N,"group_rank(fnd6_xrent/assets, industry) + group_rank(ts_av_diff(cash/assets, 45), industry) + group_rank(ts_av_diff(cashflow_op/enterprise_value, 45), industry) + group_rank(-ts_delta(close, 2), industry) + rank(volume/ts_mean(volume, 60))"
w55_e,LL9ENRX2,2.83,3.03,5.86,0.1086,0.1429,0.0332,2.22,A,,EXCELLENT,TOP3000,SUBINDUSTRY,14,0.08,0,N,"ts_decay_linear(group_rank(fnd6_xrent/assets, subindustry) + group_rank(ts_av_diff(cash/assets, 45), subindustry) + group_rank(ts_av_diff(cashflow_op/enterprise_value, 45), subindustry) + group_rank(-ts_delta(close, 2), subindustry) + rank(volume/ts_mean(volume, 60)), 5)"
w48_a,N1QLrPN7,2.83,3.02,5.85,0.1185,0.1422,0.0324,2.12,A,,EXCELLENT,TOP3000,SUBINDUSTRY,20,0.08,0,N,"group_rank(fnd6_xrent/assets, subindustry) + group_rank(ts_av_diff(cash/assets, 30), subindustry) + group_rank(ts_av_diff(cashflow_op/enterprise_value, 60), subindustry) + group_rank(-ts_delta(close, 2), subindustry) + rank(volume/ts_mean(volume, 60))"
w94_j,O0rj2Zw1,3.13,2.72,5.85,0.1918,0.1452,0.0337,2.75,A,,EXCELLENT,TOP3000,SUBINDUSTRY,4,0.05,0,N,"group_rank(authorized_stock_buyback_amount/assets, subindustry) + group_rank(-annual_intangible_assets_net_carrying_value/assets, subindustry) + group_rank(ts_av_diff(cash/assets, 45), subindustry) + group_rank(ts_av_diff(cashflow_op/enterprise_value, 45), subindustry) + group_rank(-ts_delta(close, 10), subindustry) + rank(volume/ts_mean(volume, 120))"
w52_b,ZY0g7q2d,2.84,3.0,5.84,0.1358,0.1512,0.0311,2.3,A,,EXCELLENT,TOP3000,SUBINDUSTRY,14,0.08,0,N,"group_rank(fnd6_xrent/assets, subindustry) + group_rank(ts_av_diff(cash/assets, 45), subindustry) + group_rank(ts_av_diff(cashflow_op/enterprise_value, 60), subindustry) + group_rank(-ts_delta(close, 4), subindustry) + rank(volume/ts_mean(volume, 60))"
w52_h,qMWOjxW1,2.97,2.85,5.82,0.1687,0.1548,0.0315,2.64,A,,EXCELLENT,TOP3000,SUBINDUSTRY,10,0.08,0,N,"group_rank(fnd6_xrent/assets, subindustry) + group_rank(ts_av_diff(cash/assets, 45), subindustry) + group_rank(ts_av_diff(cashflow_op/enterprise_value, 60), subindustry) + group_rank(-ts_delta(close, 2), subindustry) + rank(volume/ts_mean(volume, 60))"
w94_c,N1QG2wgq,3.12,2.7,5.82,0.1937,0.1451,0.0342,2.75,A,,EXCELLENT,TOP3000,SUBINDUSTRY,4,0.08,0,N,"group_rank(authorized_stock_buyback_amount/assets, subindustry) + group_rank(-annual_intangible_assets_net_carrying_value/assets, subindustry) + group_rank(dividend/(sharesout*close), subindustry) + group_rank(ts_av_diff(cash/assets, 45), subindustry) + group_rank(ts_av_diff(cashflow_op/enterprise_value, 45), subindustry) + group_rank(-ts_delta(close, 10), subindustry) + rank(volume/ts_mean(volume, 120))"
w51_d,vRkZNpGw,2.85,2.95,5.8,0.1373,0.1474,0.0294,2.52,A,,EXCELLENT,TOP3000,SUBINDUSTRY,14,0.08,0,N,"group_rank(fnd6_xrent/assets, subindustry) + group_rank(ts_av_diff(cash/assets, 45), subindustry) + group_rank(ts_av_diff(cashflow_op/enterprise_value, 75), subindustry) + group_rank(-ts_delta(close, 2), subindustry) + rank(volume/ts_mean(volume, 60))"
w95_b,WjPRxY7x,3.2,2.6,5.8,0.226,0.1489,0.0341,2.97,A,,GOOD,TOP3000,SUBINDUSTRY,3,0.08,0,N,"group_rank(authorized_stock_buyback_amount/assets, subindustry) + group_rank(-annual_intangible_assets_net_carrying_value/assets, subindustry) + group_rank(ts_av_diff(cash/assets, 45), subindustry) + group_rank(ts_av_diff(cashflow_op/enterprise_value, 45), subindustry) + group_rank(-ts_delta(close, 10), subindustry) + rank(volume/ts_mean(volume, 120))"
w53_h,om6R6zo6,3.04,2.73,5.77,0.1975,0.159,0.0345,2.72,A,,EXCELLENT,TOP3000,SUBINDUSTRY,8,0.08,0,N,"group_rank(fnd6_xrent/assets, subindustry) + group_rank(ts_av_diff(cash/assets, 45), subindustry) + group_rank(ts_av_diff(cashflow_op/enterprise_value, 45), subindustry) + group_rank(-ts_delta(close, 2), subindustry) + rank(volume/ts_mean(volume, 60))"
w52_e,le8Ej0a8,2.82,2.9,5.72,0.1367,0.1449,0.0296,2.42,A,,EXCELLENT,TOP3000,SUBINDUSTRY,14,0.08,0,N,"group_rank(fnd6_xrent/assets, subindustry) + group_rank(ts_av_diff(cash/assets, 60), subindustry) + group_rank(ts_av_diff(cashflow_op/enterprise_value, 60), subindustry) + group_rank(-ts_delta(close, 2), subindustry) + rank(volume/ts_mean(volume, 60))"
w94_d,akL8gY01,3.28,2.41,5.69,0.2838,0.1533,0.035,3.29,A,,GOOD,TOP3000,SUBINDUSTRY,2,0.08,0,N,"group_rank(authorized_stock_buyback_amount/assets, subindustry) + group_rank(-annual_intangible_assets_net_carrying_value/assets, subindustry) + group_rank(ts_av_diff(cash/assets, 45), subindustry) + group_rank(ts_av_diff(cashflow_op/enterprise_value, 45), subindustry) + group_rank(-ts_delta(close, 10), subindustry) + rank(volume/ts_mean(volume, 120))"
w95_c,kqVMYO86,3.28,2.41,5.69,0.2838,0.1533,0.035,3.29,A,,GOOD,TOP3000,SUBINDUSTRY,2,0.03,0,N,"group_rank(authorized_stock_buyback_amount/assets, subindustry) + group_rank(-annual_intangible_assets_net_carrying_value/assets, subindustry) + group_rank(ts_av_diff(cash/assets, 45), subindustry) + group_rank(ts_av_diff(cashflow_op/enterprise_value, 45), subindustry) + group_rank(-ts_delta(close, 10), subindustry) + rank(volume/ts_mean(volume, 120))"
w55_c,le8Evzp8,2.8,2.88,5.68,0.0997,0.1324,0.0305,1.9,A,,EXCELLENT,TOP3000,SUBINDUSTRY,14,0.08,0,N,"quantile(group_rank(fnd6_xrent/assets, subindustry)) + quantile(group_rank(ts_av_diff(cash/assets, 45), subindustry)) + quantile(group_rank(ts_av_diff(cashflow_op/enterprise_value, 45), subindustry)) + group_rank(-ts_delta(close, 2), subindustry) + rank(volume/ts_mean(volume, 60))"
w95_e,d5O6PMAJ,3.28,2.39,5.67,0.2876,0.1531,0.0356,3.31,A,,GOOD,TOP3000,SUBINDUSTRY,2,0.08,0,N,"group_rank(authorized_stock_buyback_amount/assets, subindustry) + group_rank(-annual_intangible_assets_net_carrying_value/assets, subindustry) + group_rank(dividend/(sharesout*close), subindustry) + group_rank(ts_av_diff(cash/assets, 45), subindustry) + group_rank(ts_av_diff(cashflow_op/enterprise_value, 45), subindustry) + group_rank(-ts_delta(close, 10), subindustry) + rank(volume/ts_mean(volume, 120))"
w49_h,blRJdJ6r,2.73,2.89,5.62,0.1135,0.1396,0.0296,2.54,A,,EXCELLENT,TOP3000,SUBINDUSTRY,20,0.08,0,N,"group_rank(fnd6_xrent/assets, subindustry) + group_rank(ts_av_diff(cash/assets, 45), subindustry) + group_rank(ts_av_diff(cashflow_op/enterprise_value, 90), subindustry) + group_rank(-ts_delta(close, 2), subindustry) + rank(volume/ts_mean(volume, 60))"
w52_f,le8Ej3kx,2.82,2.8,5.62,0.1483,0.1461,0.0293,2.69,A,,EXCELLENT,TOP3000,SUBINDUSTRY,12,0.08,0,N,"group_rank(fnd6_xrent/assets, subindustry) + group_rank(ts_av_diff(cash/assets, 45), subindustry) + group_rank(ts_av_diff(cashflow_op/enterprise_value, 90), subindustry) + group_rank(-ts_delta(close, 2), subindustry) + rank(volume/ts_mean(volume, 60))"
w95_a,E5vM2QN1,3.45,2.16,5.61,0.4119,0.1608,0.0313,3.62,A,,GOOD,TOP3000,SUBINDUSTRY,1,0.08,0,N,"group_rank(authorized_stock_buyback_amount/assets, subindustry) + group_rank(-annual_intangible_assets_net_carrying_value/assets, subindustry) + group_rank(ts_av_diff(cash/assets, 45), subindustry) + group_rank(ts_av_diff(cashflow_op/enterprise_value, 45), subindustry) + group_rank(-ts_delta(close, 10), subindustry) + rank(volume/ts_mean(volume, 120))"
w96_a,6XrLnJq5,3.45,2.16,5.61,0.4119,0.1608,0.0312,3.63,A,,GOOD,TOP3000,SUBINDUSTRY,0,0.08,0,N,"group_rank(authorized_stock_buyback_amount/assets, subindustry) + group_rank(-annual_intangible_assets_net_carrying_value/assets, subindustry) + group_rank(ts_av_diff(cash/assets, 45), subindustry) + group_rank(ts_av_diff(cashflow_op/enterprise_value, 45), subindustry) + group_rank(-ts_delta(close, 10), subindustry) + rank(volume/ts_mean(volume, 120))"
w96_i,blR1lQEN,3.45,2.16,5.61,0.4119,0.1608,0.0313,3.62,A,,GOOD,TOP3000,SUBINDUSTRY,1,0.05,0,N,"group_rank(authorized_stock_buyback_amount/assets, subindustry) + group_rank(-annual_intangible_assets_net_carrying_value/assets, subindustry) + group_rank(ts_av_diff(cash/assets, 45), subindustry) + group_rank(ts_av_diff(cashflow_op/enterprise_value, 45), subindustry) + group_rank(-ts_delta(close, 10), subindustry) + rank(volume/ts_mean(volume, 120))"
w97_b,vRkXww9G,3.45,2.16,5.61,0.4119,0.1608,0.0313,3.62,A,,GOOD,TOP3000,SUBINDUSTRY,1,0.08,0,N,"group_neutralize(group_rank(authorized_stock_buyback_amount/assets, subindustry) + group_rank(-annual_intangible_assets_net_carrying_value/assets, subindustry) + group_rank(ts_av_diff(cash/assets, 45), subindustry) + group_rank(ts_av_diff(cashflow_op/enterprise_value, 45), subindustry) + group_rank(-ts_delta(close, 10), subindustry) + rank(volume/ts_mean(volume, 120)), subindustry)"
w97_g,E5vPOze9,3.45,2.16,5.61,0.4119,0.1608,0.0313,3.62,A,,GOOD,TOP3000,SUBINDUSTRY,1,0.08,0,N,"normalize(scale(group_rank(authorized_stock_buyback_amount/assets, subindustry) + group_rank(-annual_intangible_assets_net_carrying_value/assets, subindustry) + group_rank(ts_av_diff(cash/assets, 45), subindustry) + group_rank(ts_av_diff(cashflow_op/enterprise_value, 45), subindustry) + group_rank(-ts_delta(close, 10), subindustry) + rank(volume/ts_mean(volume, 120))))"
w100_g,xAYpXZWq,3.06,2.54,5.6,0.1842,0.1265,0.0233,3.07,A,,GOOD,TOP3000,SUBINDUSTRY,1,0.08,0,N,"trade_when(volume > ts_mean(volume, 60), group_rank(authorized_stock_buyback_amount/assets, subindustry) + group_rank(-annual_intangible_assets_net_carrying_value/assets, subindustry) + group_rank(ts_av_diff(cash/assets, 45), subindustry) + group_rank(ts_av_diff(cashflow_op/enterprise_value, 45), subindustry) + group_rank(-ts_delta(close, 10), subindustry) + rank(volume/ts_mean(volume, 120)), -1)"
w94_f,QP3Aom95,2.98,2.62,5.6,0.1808,0.1398,0.037,2.86,A,,EXCELLENT,TOP3000,SUBINDUSTRY,4,0.08,0,N,"group_rank(authorized_stock_buyback_amount/assets, subindustry) + group_rank(-annual_intangible_assets_net_carrying_value/assets, subindustry) + 1.0*group_rank(ts_av_diff(cash/assets, 60), subindustry) + 1.0*group_rank(ts_av_diff(cashflow_op/enterprise_value, 30), subindustry) + 1.0*group_rank(-ts_delta(close, 15), subindustry) + 1.0*rank(volume/ts_mean(volume, 200))"
w97_c,xAYpO9qn,3.46,2.14,5.6,0.4226,0.1622,0.0303,3.54,A,,GOOD,TOP3000,SUBINDUSTRY,1,0.08,0,N,"quantile(group_rank(authorized_stock_buyback_amount/assets, subindustry) + group_rank(-annual_intangible_assets_net_carrying_value/assets, subindustry) + group_rank(ts_av_diff(cash/assets, 45), subindustry) + group_rank(ts_av_diff(cashflow_op/enterprise_value, 45), subindustry) + group_rank(-ts_delta(close, 10), subindustry) + rank(volume/ts_mean(volume, 120)), driver=""gaussian"")"
w96_b,A108RmPW,3.45,2.14,5.59,0.4186,0.1608,0.0316,3.66,A,,GOOD,TOP3000,SUBINDUSTRY,1,0.08,0,N,"group_rank(authorized_stock_buyback_amount/assets, subindustry) + group_rank(-annual_intangible_assets_net_carrying_value/assets, subindustry) + group_rank(dividend/(sharesout*close), subindustry) + group_rank(ts_av_diff(cash/assets, 45), subindustry) + group_rank(ts_av_diff(cashflow_op/enterprise_value, 45), subindustry) + group_rank(-ts_delta(close, 10), subindustry) + rank(volume/ts_mean(volume, 120))"
w55_d,2rO9wZvJ,2.74,2.83,5.57,0.1182,0.133,0.0333,1.67,A,,EXCELLENT,TOP3000,SUBINDUSTRY,14,0.08,0,N,"trade_when(volume > ts_mean(volume, 20), group_rank(fnd6_xrent/assets, subindustry) + group_rank(ts_av_diff(cash/assets, 45), subindustry) + group_rank(ts_av_diff(cashflow_op/enterprise_value, 45), subindustry) + group_rank(-ts_delta(close, 2), subindustry) + rank(volume/ts_mean(volume, 60)), -1)"
w56_e,3q91V61Z,3.05,2.52,5.57,0.2372,0.1624,0.0345,2.8,A,,GOOD,TOP3000,SUBINDUSTRY,6,0.08,0,N,"group_rank(fnd6_xrent/assets, subindustry) + group_rank(ts_av_diff(cash/assets, 45), subindustry) + group_rank(ts_av_diff(cashflow_op/enterprise_value, 45), subindustry) + group_rank(-ts_delta(close, 2), subindustry) + rank(volume/ts_mean(volume, 60))"
w101_e,P0ZmX82J,3.51,2.05,5.56,0.4658,0.1589,0.0402,3.71,A,,GOOD,TOP3000,SUBINDUSTRY,1,0.08,0,N,"group_rank(authorized_stock_buyback_amount/assets, subindustry) + group_rank(-annual_intangible_assets_net_carrying_value/assets, subindustry) + group_rank(-news_open_gap/close, subindustry) + group_rank(ts_av_diff(cash/assets, 45), subindustry) + group_rank(ts_av_diff(cashflow_op/enterprise_value, 45), subindustry) + group_rank(-ts_delta(close, 10), subindustry) + rank(volume/ts_mean(volume, 120))"
w102_c,QP3pnmO5,3.51,2.05,5.56,0.4659,0.1589,0.0402,3.72,A,,GOOD,TOP3000,SUBINDUSTRY,0,0.08,0,N,"group_rank(authorized_stock_buyback_amount/assets, subindustry) + group_rank(-annual_intangible_assets_net_carrying_value/assets, subindustry) + group_rank(-news_open_gap/close, subindustry) + group_rank(ts_av_diff(cash/assets, 45), subindustry) + group_rank(ts_av_diff(cashflow_op/enterprise_value, 45), subindustry) + group_rank(-ts_delta(close, 10), subindustry) + rank(volume/ts_mean(volume, 120))"
w102_g,58QdLeKM,3.51,2.05,5.56,0.4658,0.1589,0.0402,3.71,A,,GOOD,TOP3000,SUBINDUSTRY,1,0.05,0,N,"group_rank(authorized_stock_buyback_amount/assets, subindustry) + group_rank(-annual_intangible_assets_net_carrying_value/assets, subindustry) + group_rank(-news_open_gap/close, subindustry) + group_rank(ts_av_diff(cash/assets, 45), subindustry) + group_rank(ts_av_diff(cashflow_op/enterprise_value, 45), subindustry) + group_rank(-ts_delta(close, 10), subindustry) + rank(volume/ts_mean(volume, 120))"
w95_f,rK5wnZ6E,3.18,2.38,5.56,0.2681,0.1498,0.0345,3.38,A,,GOOD,TOP3000,SUBINDUSTRY,2,0.08,0,N,"group_rank(authorized_stock_buyback_amount/assets, subindustry) + group_rank(-annual_intangible_assets_net_carrying_value/assets, subindustry) + group_rank(ts_av_diff(cash/assets, 60), subindustry) + group_rank(ts_av_diff(cashflow_op/enterprise_value, 30), subindustry) + group_rank(-ts_delta(close, 15), subindustry) + rank(volume/ts_mean(volume, 200))"
w97_j,mLgWpLQx,3.42,2.14,5.56,0.417,0.1638,0.0299,3.23,A,,GOOD,TOP3000,SUBINDUSTRY,1,0.08,0,N,"group_rank(ts_delta(authorized_stock_buyback_amount/assets, 66), subindustry) + group_rank(-annual_intangible_assets_net_carrying_value/assets, subindustry) + group_rank(ts_av_diff(cash/assets, 45), subindustry) + group_rank(ts_av_diff(cashflow_op/enterprise_value, 45), subindustry) + group_rank(-ts_delta(close, 10), subindustry) + rank(volume/ts_mean(volume, 120))"
w100_e,LL9YOo8a,3.36,2.19,5.55,0.3648,0.155,0.0324,3.52,A,,GOOD,TOP3000,SUBINDUSTRY,1,0.08,0,N,"trade_when(abs(ts_delta(close, 5)) > 0.3 * ts_std_dev(close, 20), group_rank(authorized_stock_buyback_amount/assets, subindustry) + group_rank(-annual_intangible_assets_net_carrying_value/assets, subindustry) + group_rank(ts_av_diff(cash/assets, 45), subindustry) + group_rank(ts_av_diff(cashflow_op/enterprise_value, 45), subindustry) + group_rank(-ts_delta(close, 10), subindustry) + rank(volume/ts_mean(volume, 120)), -1)"
w102_b,KPOMXQWE,3.51,2.04,5.55,0.4718,0.1589,0.0402,3.75,A,,GOOD,TOP3000,SUBINDUSTRY,1,0.08,0,N,"group_rank(authorized_stock_buyback_amount/assets, subindustry) + group_rank(-annual_intangible_assets_net_carrying_value/assets, subindustry) + group_rank(-news_open_gap/close, subindustry) + group_rank(dividend/(sharesout*close), subindustry) + group_rank(ts_av_diff(cash/assets, 45), subindustry) + group_rank(ts_av_diff(cashflow_op/enterprise_value, 45), subindustry) + group_rank(-ts_delta(close, 10), subindustry) + rank(volume/ts_mean(volume, 120))"
w36_f,MP105pX6,2.82,2.72,5.54,0.1534,0.1432,0.0321,2.04,A,,SPECTACULAR,TOP3000,SUBINDUSTRY,12,0.08,1,N,"group_rank(fnd6_xrent/assets, subindustry) + group_rank(ts_av_diff(cash/assets, 30), subindustry) + group_rank(ts_av_diff(cashflow_op/enterprise_value, 60), subindustry) + group_rank(-ts_delta(close, 2), subindustry) + rank(volume/ts_mean(volume, 60))"
w102_a,A108gEJw,3.5,2.03,5.53,0.4745,0.1592,0.0394,3.71,A,,GOOD,TOP3000,SUBINDUSTRY,1,0.08,0,N,"group_rank(authorized_stock_buyback_amount/assets, subindustry) + group_rank(-annual_intangible_assets_net_carrying_value/assets, subindustry) + group_rank(-news_open_gap/close, subindustry) + group_rank(news_short_interest, subindustry) + group_rank(ts_av_diff(cash/assets, 45), subindustry) + group_rank(ts_av_diff(cashflow_op/enterprise_value, 45), subindustry) + group_rank(-ts_delta(close, 10), subindustry) + rank(volume/ts_mean(volume, 120))"
w102_f,gJQVm9KQ,3.5,2.03,5.53,0.4745,0.1592,0.0393,3.72,A,,GOOD,TOP3000,SUBINDUSTRY,0,0.08,0,N,"group_rank(authorized_stock_buyback_amount/assets, subindustry) + group_rank(-annual_intangible_assets_net_carrying_value/assets, subindustry) + group_rank(-news_open_gap/close, subindustry) + group_rank(news_short_interest, subindustry) + group_rank(ts_av_diff(cash/assets, 45), subindustry) + group_rank(ts_av_diff(cashflow_op/enterprise_value, 45), subindustry) + group_rank(-ts_delta(close, 10), subindustry) + rank(volume/ts_mean(volume, 120))"
w54_b,xAYVY3rw,2.84,2.69,5.53,0.1314,0.1179,0.0297,2.09,A,,EXCELLENT,TOP3000,SUBINDUSTRY,14,0.08,0,N,"group_rank(fnd6_xrent/assets, subindustry) + group_rank(ts_av_diff(cash/assets, 45), subindustry) + group_rank(ts_av_diff(cashflow_op, 45)/enterprise_value, subindustry) + group_rank(-ts_delta(close, 2), subindustry) + rank(volume/ts_mean(volume, 60))"
w102_d,O0rXnEa1,3.5,2.02,5.52,0.4803,0.1593,0.0394,3.75,A,,GOOD,TOP3000,SUBINDUSTRY,1,0.08,0,N,"group_rank(authorized_stock_buyback_amount/assets, subindustry) + group_rank(-annual_intangible_assets_net_carrying_value/assets, subindustry) + group_rank(-news_open_gap/close, subindustry) + group_rank(news_short_interest, subindustry) + group_rank(dividend/(sharesout*close), subindustry) + group_rank(ts_av_diff(cash/assets, 45), subindustry) + group_rank(ts_av_diff(cashflow_op/enterprise_value, 45), subindustry) + group_rank(-ts_delta(close, 10), subindustry) + rank(volume/ts_mean(volume, 120))"
w36_e,1Yxjnnvm,2.69,2.8,5.49,0.1184,0.1354,0.0322,1.71,B,,SPECTACULAR,TOP3000,SUBINDUSTRY,20,0.08,1,N,"group_rank(fnd6_xrent/assets, subindustry) + group_rank(ts_av_diff(cash/assets, 30), subindustry) + group_rank(ts_av_diff(cashflow_op/enterprise_value, 60), subindustry) + group_rank(-ts_delta(close, 2), subindustry) + rank(volume/ts_mean(volume, 60))"
w49_e,78Z3n6lO,2.69,2.79,5.48,0.101,0.1347,0.0309,1.97,B,,EXCELLENT,TOP3000,SUBINDUSTRY,30,0.08,0,N,"group_rank(fnd6_xrent/assets, subindustry) + group_rank(ts_av_diff(cash/assets, 30), subindustry) + group_rank(ts_av_diff(cashflow_op/enterprise_value, 60), subindustry) + group_rank(-ts_delta(close, 2), subindustry) + rank(volume/ts_mean(volume, 60))"
w100_b,A108qgaY,3.3,2.17,5.47,0.3486,0.151,0.0321,3.36,B,,GOOD,TOP3000,SUBINDUSTRY,1,0.08,0,N,"trade_when(abs(ts_zscore(close, 20)) > 0.5, group_rank(authorized_stock_buyback_amount/assets, subindustry) + group_rank(-annual_intangible_assets_net_carrying_value/assets, subindustry) + group_rank(ts_av_diff(cash/assets, 45), subindustry) + group_rank(ts_av_diff(cashflow_op/enterprise_value, 45), subindustry) + group_rank(-ts_delta(close, 10), subindustry) + rank(volume/ts_mean(volume, 120)), -1)"
w100_c,wpYkX9Rx,3.08,2.39,5.47,0.2163,0.1304,0.0276,3.39,B,,GOOD,TOP3000,SUBINDUSTRY,1,0.08,0,N,"trade_when(ts_std_dev(returns, 20) > ts_std_dev(returns, 60), group_rank(authorized_stock_buyback_amount/assets, subindustry) + group_rank(-annual_intangible_assets_net_carrying_value/assets, subindustry) + group_rank(ts_av_diff(cash/assets, 45), subindustry) + group_rank(ts_av_diff(cashflow_op/enterprise_value, 45), subindustry) + group_rank(-ts_delta(close, 10), subindustry) + rank(volume/ts_mean(volume, 120)), -1)"
w56_h,le8EKVK8,3.06,2.41,5.47,0.2669,0.1654,0.0336,2.89,B,,GOOD,TOP3000,SUBINDUSTRY,5,0.08,0,N,"group_rank(fnd6_xrent/assets, subindustry) + group_rank(ts_av_diff(cash/assets, 45), subindustry) + group_rank(ts_av_diff(cashflow_op/enterprise_value, 45), subindustry) + group_rank(-ts_delta(close, 2), subindustry) + rank(volume/ts_mean(volume, 60))"
w95_d,d5O6PPXK,3.11,2.32,5.43,0.2813,0.1571,0.0398,2.89,B,,GOOD,TOP3000,INDUSTRY,2,0.08,0,N,"group_rank(authorized_stock_buyback_amount/assets, subindustry) + group_rank(-annual_intangible_assets_net_carrying_value/assets, subindustry) + group_rank(ts_av_diff(cash/assets, 45), subindustry) + group_rank(ts_av_diff(cashflow_op/enterprise_value, 45), subindustry) + group_rank(-ts_delta(close, 10), subindustry) + rank(volume/ts_mean(volume, 120))"
w48_d,E5vNEL1K,2.61,2.79,5.4,0.1256,0.1436,0.039,1.99,B,,EXCELLENT,TOP3000,SUBINDUSTRY,20,0.08,0,N,"group_rank(fnd6_xrent/assets, subindustry) + group_rank(ts_av_diff(cashflow_op/enterprise_value, 60), subindustry) + group_rank(-ts_delta(close, 2), subindustry) + rank(volume/ts_mean(volume, 60))"
w57_a,E5vNRQpR,3.1,2.3,5.4,0.3084,0.1702,0.0322,3.0,B,,GOOD,TOP3000,SUBINDUSTRY,4,0.08,0,N,"group_rank(fnd6_xrent/assets, subindustry) + group_rank(ts_av_diff(cash/assets, 45), subindustry) + group_rank(ts_av_diff(cashflow_op/enterprise_value, 45), subindustry) + group_rank(-ts_delta(close, 2), subindustry) + rank(volume/ts_mean(volume, 60))"
w57_d,npKmPQO3,3.1,2.3,5.4,0.3084,0.1702,0.0322,3.0,B,,GOOD,TOP3000,SUBINDUSTRY,4,0.06,0,N,"group_rank(fnd6_xrent/assets, subindustry) + group_rank(ts_av_diff(cash/assets, 45), subindustry) + group_rank(ts_av_diff(cashflow_op/enterprise_value, 45), subindustry) + group_rank(-ts_delta(close, 2), subindustry) + rank(volume/ts_mean(volume, 60))"
w97_d,QP3pZlqr,3.32,2.08,5.4,0.4145,0.1633,0.0515,3.52,B,,GOOD,TOP3000,SUBINDUSTRY,1,0.08,0,N,"group_rank(authorized_stock_buyback_amount/assets, market) + group_rank(-annual_intangible_assets_net_carrying_value/assets, sector) + group_rank(ts_av_diff(cash/assets, 45), industry) + group_rank(ts_av_diff(cashflow_op/enterprise_value, 45), sector) + group_rank(-ts_delta(close, 10), market) + rank(volume/ts_mean(volume, 120))"
w102_e,qMWJnAQK,3.38,2.01,5.39,0.4621,0.163,0.0408,3.35,B,,GOOD,TOP3000,INDUSTRY,1,0.08,0,N,"group_rank(authorized_stock_buyback_amount/assets, subindustry) + group_rank(-annual_intangible_assets_net_carrying_value/assets, subindustry) + group_rank(-news_open_gap/close, subindustry) + group_rank(ts_av_diff(cash/assets, 45), subindustry) + group_rank(ts_av_diff(cashflow_op/enterprise_value, 45), subindustry) + group_rank(-ts_delta(close, 10), subindustry) + rank(volume/ts_mean(volume, 120))"
w97_h,mLgWwdEK,3.29,2.1,5.39,0.3681,0.1502,0.0316,3.36,B,,GOOD,TOP3000,SUBINDUSTRY,1,0.08,0,N,"group_rank(authorized_stock_buyback_amount/assets, subindustry) + group_rank(-annual_intangible_assets_net_carrying_value/assets, subindustry) + group_rank(ts_av_diff(cash/assets, 45), subindustry) + group_rank(ts_av_diff(cashflow_op/enterprise_value, 45), subindustry) + group_rank(-ts_delta(close, 20), subindustry) + rank(volume/ts_mean(volume, 250))"
w100_h,e79Z8AkN,3.26,2.11,5.37,0.3591,0.1503,0.0354,3.05,B,,GOOD,TOP3000,SUBINDUSTRY,1,0.08,0,N,"trade_when(rank(abs(returns)) < 0.8, group_rank(authorized_stock_buyback_amount/assets, subindustry) + group_rank(-annual_intangible_assets_net_carrying_value/assets, subindustry) + group_rank(ts_av_diff(cash/assets, 45), subindustry) + group_rank(ts_av_diff(cashflow_op/enterprise_value, 45), subindustry) + group_rank(-ts_delta(close, 10), subindustry) + rank(volume/ts_mean(volume, 120)), -1)"
w32_b,LL95Va2M,2.87,2.49,5.36,0.1951,0.147,0.0317,2.4,B,,EXCELLENT,TOP3000,SUBINDUSTRY,8,0.08,1,N,"group_rank(fnd6_xrent/assets, subindustry) + group_rank(ts_av_diff(cash/assets, 30), subindustry) + group_rank(ts_av_diff(cashflow_op/enterprise_value, 60), subindustry) + group_rank(-ts_delta(close, 2), subindustry) + rank(volume/ts_mean(volume, 60))"
w35_l,LL95Va2M,2.87,2.49,5.36,0.1951,0.147,0.0317,2.4,B,,EXCELLENT,TOP3000,SUBINDUSTRY,8,0.08,1,N,"group_rank(fnd6_xrent/assets, subindustry) + group_rank(ts_av_diff(cash/assets, 30), subindustry) + group_rank(ts_av_diff(cashflow_op/enterprise_value, 60), subindustry) + group_rank(-ts_delta(close, 2), subindustry) + rank(volume/ts_mean(volume, 60))"
w35_m,om6oz6dl,2.87,2.49,5.36,0.1951,0.147,0.0317,2.4,B,,EXCELLENT,TOP3000,SUBINDUSTRY,8,0.04,1,N,"group_rank(fnd6_xrent/assets, subindustry) + group_rank(ts_av_diff(cash/assets, 30), subindustry) + group_rank(ts_av_diff(cashflow_op/enterprise_value, 60), subindustry) + group_rank(-ts_delta(close, 2), subindustry) + rank(volume/ts_mean(volume, 60))"
w96_j,0mR2mjNp,3.28,2.08,5.36,0.4095,0.1645,0.035,3.19,B,,GOOD,TOP3000,INDUSTRY,1,0.08,0,N,"group_rank(authorized_stock_buyback_amount/assets, subindustry) + group_rank(-annual_intangible_assets_net_carrying_value/assets, subindustry) + group_rank(ts_av_diff(cash/assets, 45), subindustry) + group_rank(ts_av_diff(cashflow_op/enterprise_value, 45), subindustry) + group_rank(-ts_delta(close, 10), subindustry) + rank(volume/ts_mean(volume, 120))"
w56_a,YP58Mr5l,2.68,2.65,5.33,0.1459,0.1423,0.0274,1.61,B,,EXCELLENT,TOP2000,SUBINDUSTRY,14,0.08,0,N,"group_rank(fnd6_xrent/assets, subindustry) + group_rank(ts_av_diff(cash/assets, 45), subindustry) + group_rank(ts_av_diff(cashflow_op/enterprise_value, 45), subindustry) + group_rank(-ts_delta(close, 2), subindustry) + rank(volume/ts_mean(volume, 60))"
w94_h,e79PWqMg,2.82,2.51,5.33,0.1797,0.1423,0.0385,2.16,B,,GOOD,TOP3000,SUBINDUSTRY,4,0.08,0,N,"group_rank(authorized_stock_buyback_amount/assets, subindustry) + group_rank(-annual_intangible_assets_net_carrying_value/assets, subindustry) + group_rank(-actual_return_on_pension_plan_assets/assets, subindustry) + group_rank(ts_av_diff(cash/assets, 45), subindustry) + group_rank(ts_av_diff(cashflow_op/enterprise_value, 45), subindustry) + group_rank(-ts_delta(close, 10), subindustry) + rank(volume/ts_mean(volume, 120))"
w103_g,LL9YRO2e,3.55,1.77,5.32,0.6195,0.1544,0.0262,3.66,B,,AVERAGE,TOP3000,SUBINDUSTRY,1,0.08,0,N,"group_rank(authorized_stock_buyback_amount/assets, subindustry) + group_rank(-annual_intangible_assets_net_carrying_value/assets, subindustry) + group_rank(ts_delta(scl12_sentiment, 22), subindustry) + group_rank(ts_av_diff(cash/assets, 45), subindustry) + group_rank(ts_av_diff(cashflow_op/enterprise_value, 45), subindustry) + group_rank(-ts_delta(close, 10), subindustry) + rank(volume/ts_mean(volume, 120))"
w114_o,om6jXVml,3.05,2.27,5.32,0.2471,0.1369,0.0239,2.73,B,,GOOD,TOP3000,SUBINDUSTRY,4,0.08,0,N,"group_rank(fnd6_cicurr/assets, bucket(rank(ts_mean(volume*close, 20)), range=""0.1, 1, 0.1"")) + group_rank(fnd6_intc/assets, bucket(rank(ts_mean(volume*close, 20)), range=""0.1, 1, 0.1"")) + group_rank(ts_av_diff(cash/assets, 45), bucket(rank(ts_mean(volume*close, 20)), range=""0.1, 1, 0.1"")) + group_rank(ts_av_diff(cashflow_op/enterprise_value, 45), bucket(rank(ts_mean(volume*close, 20)), range=""0.1, 1, 0.1"")) + group_rank(-ts_delta(close, 2), bucket(rank(ts_mean(volume*close, 20)), range=""0.1, 1, 0.1"")) + group_rank(volume/ts_mean(volume, 60), bucket(rank(ts_mean(volume*close, 20)), range=""0.1, 1, 0.1""))"
w121_d,3q9NMgk6,3.02,2.28,5.3,0.2034,0.1162,0.0277,2.26,B,,EXCELLENT,TOP3000,SUBINDUSTRY,4,0.08,1,N,"group_rank(fnd6_tstkc/assets, bucket(rank(ts_std_dev(returns, 20)), range=""0.1, 1, 0.1"")) + group_rank(fnd6_cicurr/assets, bucket(rank(ts_std_dev(returns, 20)), range=""0.1, 1, 0.1"")) + group_rank(fnd6_intc/assets, bucket(rank(ts_std_dev(returns, 20)), range=""0.1, 1, 0.1"")) + group_rank(ts_av_diff(cash/assets, 45), bucket(rank(ts_std_dev(returns, 20)), range=""0.1, 1, 0.1"")) + group_rank(ts_av_diff(cashflow_op/enterprise_value, 45), bucket(rank(ts_std_dev(returns, 20)), range=""0.1, 1, 0.1"")) + group_rank(-ts_delta(close, 2), bucket(rank(ts_std_dev(returns, 20)), range=""0.1, 1, 0.1"")) + group_rank(if_else(rank(ts_regression(rank(returns), rank(vec_avg(anl4_fs_detail_rec_v4_nd_estimate)), 120, lag=0, rettype=2))>0.6, -ts_av_diff(vec_avg(anl4_fs_detail_rec_v4_nd_estimate), 120), 0), bucket(rank(ts_std_dev(returns, 20)), range=""0.1, 1, 0.1""))"
w57_h,JjxoPMKl,3.14,2.16,5.3,0.3705,0.1751,0.0329,3.16,B,,GOOD,TOP3000,SUBINDUSTRY,3,0.08,0,N,"group_rank(fnd6_xrent/assets, subindustry) + group_rank(ts_av_diff(cash/assets, 45), subindustry) + group_rank(ts_av_diff(cashflow_op/enterprise_value, 44), subindustry) + group_rank(-ts_delta(close, 2), subindustry) + rank(volume/ts_mean(volume, 60))"
w50_a,ZY0gKO9j,2.66,2.63,5.29,0.1328,0.1295,0.0305,2.98,B,,EXCELLENT,TOP3000,SUBINDUSTRY,18,0.08,0,N,"group_rank(ts_av_diff(cash/assets, 45), subindustry) + group_rank(ts_av_diff(cashflow_op/enterprise_value, 60), subindustry) + group_rank(-ts_delta(close, 2), subindustry) + rank(volume/ts_mean(volume, 60))"
w50_h,j23o69dk,2.66,2.63,5.29,0.1328,0.1295,0.0305,2.98,B,,EXCELLENT,TOP3000,SUBINDUSTRY,18,0.1,0,N,"group_rank(ts_av_diff(cash/assets, 45), subindustry) + group_rank(ts_av_diff(cashflow_op/enterprise_value, 60), subindustry) + group_rank(-ts_delta(close, 2), subindustry) + rank(volume/ts_mean(volume, 60))"
w50_b,YP58geov,2.69,2.59,5.28,0.1416,0.1316,0.0302,3.03,B,,GOOD,TOP3000,SUBINDUSTRY,16,0.08,0,N,"group_rank(ts_av_diff(cash/assets, 45), subindustry) + group_rank(ts_av_diff(cashflow_op/enterprise_value, 60), subindustry) + group_rank(-ts_delta(close, 2), subindustry) + rank(volume/ts_mean(volume, 60))"
w48_b,YP58017J,2.61,2.66,5.27,0.092,0.1303,0.0284,1.88,B,,EXCELLENT,TOP3000,SUBINDUSTRY,40,0.08,0,N,"group_rank(fnd6_xrent/assets, subindustry) + group_rank(ts_av_diff(cash/assets, 30), subindustry) + group_rank(ts_av_diff(cashflow_op/enterprise_value, 60), subindustry) + group_rank(-ts_delta(close, 2), subindustry) + rank(volume/ts_mean(volume, 60))"
w57_b,O0rR8WGv,3.12,2.14,5.26,0.37,0.1744,0.0321,3.15,B,,GOOD,TOP3000,SUBINDUSTRY,3,0.08,0,N,"group_rank(fnd6_xrent/assets, subindustry) + group_rank(ts_av_diff(cash/assets, 45), subindustry) + group_rank(ts_av_diff(cashflow_op/enterprise_value, 45), subindustry) + group_rank(-ts_delta(close, 2), subindustry) + rank(volume/ts_mean(volume, 60))"
w57_g,vRkZOKWd,3.12,2.14,5.26,0.37,0.1744,0.0321,3.15,B,,GOOD,TOP3000,SUBINDUSTRY,3,0.1,0,N,"group_rank(fnd6_xrent/assets, subindustry) + group_rank(ts_av_diff(cash/assets, 45), subindustry) + group_rank(ts_av_diff(cashflow_op/enterprise_value, 45), subindustry) + group_rank(-ts_delta(close, 2), subindustry) + rank(volume/ts_mean(volume, 60))"
w32_m,6XrA7rEG,2.82,2.43,5.25,0.1957,0.1456,0.0328,2.42,B,,EXCELLENT,TOP3000,INDUSTRY,8,0.08,1,N,"group_rank(fnd6_xrent/assets, subindustry) + group_rank(ts_av_diff(cashflow_op/enterprise_value, 60), subindustry) + group_rank(ts_av_diff(cash/assets, 30), subindustry) + group_rank(-ts_delta(close, 2), subindustry) + rank(volume/ts_mean(volume, 60))"
w49_a,om6RgVnE,2.62,2.63,5.25,0.1258,0.1271,0.0315,2.92,B,,EXCELLENT,TOP3000,SUBINDUSTRY,20,0.08,0,N,"group_rank(ts_av_diff(cash/assets, 45), subindustry) + group_rank(ts_av_diff(cashflow_op/enterprise_value, 60), subindustry) + group_rank(-ts_delta(close, 2), subindustry) + rank(volume/ts_mean(volume, 60))"
w51_e,QP3OGAG5,2.72,2.52,5.24,0.1545,0.1321,0.0291,2.77,B,,GOOD,TOP3000,SUBINDUSTRY,14,0.08,0,N,"group_rank(ts_av_diff(cash/assets, 35), subindustry) + group_rank(ts_av_diff(cashflow_op/enterprise_value, 60), subindustry) + group_rank(-ts_delta(close, 2), subindustry) + rank(volume/ts_mean(volume, 60))"
w54_c,blRJRxvl,2.74,2.5,5.24,0.1317,0.11,0.0267,2.6,B,,GOOD,TOP3000,SUBINDUSTRY,14,0.08,0,N,"group_rank(fnd6_xrent/assets, subindustry) + group_rank(ts_av_diff(cash, 45)/assets, subindustry) + group_rank(ts_av_diff(cashflow_op, 45)/enterprise_value, subindustry) + group_rank(-ts_delta(close, 2), subindustry) + rank(volume/ts_mean(volume, 60))"
w96_e,1YxAYVvK,3.22,2.01,5.23,0.4113,0.1606,0.0374,3.18,B,,GOOD,TOP3000,SUBINDUSTRY,1,0.08,0,N,"group_rank(authorized_stock_buyback_amount/assets, subindustry) + group_rank(-common_stock_repurchase_payment/assets, subindustry) + group_rank(ts_av_diff(cash/assets, 45), subindustry) + group_rank(ts_av_diff(cashflow_op/enterprise_value, 45), subindustry) + group_rank(-ts_delta(close, 10), subindustry) + rank(volume/ts_mean(volume, 120))"
w42_a,RRV5P0Yn,2.63,2.58,5.21,0.1387,0.1332,0.0378,1.91,B,,SPECTACULAR,TOP3000,SUBINDUSTRY,20,0.08,1,N,"group_rank(fnd6_newqv1300_cimiiq/assets, subindustry) + group_rank(fnd6_xrent/assets, subindustry) + group_rank(ts_av_diff(cashflow_op/enterprise_value, 60), subindustry) + group_rank(-ts_delta(close, 2), subindustry) + rank(volume/ts_mean(volume, 60))"
w42_d,ZY0XNjnn,2.63,2.58,5.21,0.1387,0.1332,0.0377,1.91,B,,SPECTACULAR,TOP3000,SUBINDUSTRY,20,0.04,1,N,"group_rank(fnd6_newqv1300_cimiiq/assets, subindustry) + group_rank(fnd6_xrent/assets, subindustry) + group_rank(ts_av_diff(cashflow_op/enterprise_value, 60), subindustry) + group_rank(-ts_delta(close, 2), subindustry) + rank(volume/ts_mean(volume, 60))"
w57_e,2rO9mVR5,3.09,2.11,5.2,0.3696,0.1723,0.0337,3.14,B,,GOOD,TOP3000,SUBINDUSTRY,3,0.08,0,N,"group_rank(fnd6_xrent/assets, subindustry) + group_rank(ts_av_diff(cash/assets, 44), subindustry) + group_rank(ts_av_diff(cashflow_op/enterprise_value, 46), subindustry) + group_rank(-ts_delta(close, 2), subindustry) + rank(volume/ts_mean(volume, 60))"
w50_e,0mRxpoEK,2.63,2.56,5.19,0.1339,0.127,0.0328,2.79,B,,GOOD,TOP3000,SUBINDUSTRY,18,0.08,0,N,"group_rank(ts_av_diff(cash/assets, 40), subindustry) + group_rank(ts_av_diff(cashflow_op/enterprise_value, 60), subindustry) + group_rank(-ts_delta(close, 2), subindustry) + rank(volume/ts_mean(volume, 60))"
w56_g,A10ev37X,2.67,2.52,5.19,0.16,0.1422,0.0276,1.5,B,,GOOD,TOP2000,SUBINDUSTRY,12,0.08,0,N,"group_rank(fnd6_xrent/assets, subindustry) + group_rank(ts_av_diff(cash/assets, 45), subindustry) + group_rank(ts_av_diff(cashflow_op/enterprise_value, 40), subindustry) + group_rank(-ts_delta(close, 2), subindustry) + rank(volume/ts_mean(volume, 60))"
w44_g,d5O9POpx,2.61,2.57,5.18,0.1364,0.1322,0.0379,1.89,B,,SPECTACULAR,TOP3000,SUBINDUSTRY,21,0.08,1,N,"group_rank(fnd6_newqv1300_cimiiq/assets, subindustry) + group_rank(fnd6_xrent/assets, subindustry) + group_rank(ts_av_diff(cashflow_op/enterprise_value, 60), subindustry) + group_rank(-ts_delta(close, 2), subindustry) + rank(volume/ts_mean(volume, 60))"
w99_i,YP5oZYxR,3.16,2.02,5.18,0.3755,0.1542,0.0395,3.55,B,,GOOD,TOP3000,SUBINDUSTRY,1,0.08,0,N,"group_rank(authorized_stock_buyback_amount/assets, subindustry) + group_rank(-annual_intangible_assets_net_carrying_value/assets, subindustry) + group_rank((eps - est_epsr)/assets, subindustry) + group_rank(ts_av_diff(cash/assets, 45), subindustry) + group_rank(ts_av_diff(cashflow_op/enterprise_value, 45), subindustry) + group_rank(-ts_delta(close, 10), subindustry) + rank(volume/ts_mean(volume, 120))"
w96_g,rK5MKJoJ,3.17,2.0,5.17,0.3628,0.1449,0.0384,3.45,B,,GOOD,TOP3000,SUBINDUSTRY,1,0.08,0,N,"group_rank(authorized_stock_buyback_amount/assets, subindustry) + group_rank(-annual_intangible_assets_net_carrying_value/assets, subindustry) + group_rank(ts_av_diff(cash/assets, 60), subindustry) + group_rank(ts_av_diff(cashflow_op/enterprise_value, 60), subindustry) + group_rank(-ts_delta(close, 20), subindustry) + rank(volume/ts_mean(volume, 250))"
w43_a,xAYl5pPJ,2.59,2.56,5.15,0.1342,0.1313,0.0381,1.87,B,,SPECTACULAR,TOP3000,SUBINDUSTRY,22,0.08,1,N,"group_rank(fnd6_newqv1300_cimiiq/assets, subindustry) + group_rank(fnd6_xrent/assets, subindustry) + group_rank(ts_av_diff(cashflow_op/enterprise_value, 60), subindustry) + group_rank(-ts_delta(close, 2), subindustry) + rank(volume/ts_mean(volume, 60))"
w50_d,P0ZxGdYK,2.58,2.57,5.15,0.12,0.1243,0.0322,2.9,B,,GOOD,TOP3000,SUBINDUSTRY,22,0.08,0,N,"group_rank(ts_av_diff(cash/assets, 45), subindustry) + group_rank(ts_av_diff(cashflow_op/enterprise_value, 60), subindustry) + group_rank(-ts_delta(close, 2), subindustry) + rank(volume/ts_mean(volume, 60))"
w43_b,9qVGkOLx,2.58,2.56,5.14,0.1323,0.1304,0.0382,1.85,B,,SPECTACULAR,TOP3000,SUBINDUSTRY,23,0.08,1,N,"group_rank(fnd6_newqv1300_cimiiq/assets, subindustry) + group_rank(fnd6_xrent/assets, subindustry) + group_rank(ts_av_diff(cashflow_op/enterprise_value, 60), subindustry) + group_rank(-ts_delta(close, 2), subindustry) + rank(volume/ts_mean(volume, 60))"
w32_a,1Yxjkb0K,2.72,2.4,5.12,0.1637,0.1279,0.0414,1.56,B,,EXCELLENT,TOP3000,SUBINDUSTRY,8,0.08,1,N,"group_rank(fnd6_xrent/assets, subindustry) + group_rank(ts_av_diff(cash/assets, 30), subindustry) + group_rank(fnd6_xopr/assets, subindustry) + group_rank(-ts_delta(close, 2), subindustry) + rank(volume/ts_mean(volume, 60))"
w34_o,wpY9V9vY,2.87,2.25,5.12,0.2095,0.1284,0.0286,2.1,B,,EXCELLENT,TOP3000,SUBINDUSTRY,8,0.02,1,N,"group_rank(fnd6_xrent/assets, subindustry) + group_rank(ts_av_diff(cash/assets, 30), subindustry) + group_rank(-ts_delta(close, 2), subindustry) + rank(volume/ts_mean(volume, 60))"
w42_b,vRkYPVZb,2.56,2.56,5.12,0.1289,0.1291,0.0384,1.82,B,,SPECTACULAR,TOP3000,SUBINDUSTRY,25,0.08,1,N,"group_rank(fnd6_newqv1300_cimiiq/assets, subindustry) + group_rank(fnd6_xrent/assets, subindustry) + group_rank(ts_av_diff(cashflow_op/enterprise_value, 60), subindustry) + group_rank(-ts_delta(close, 2), subindustry) + rank(volume/ts_mean(volume, 60))"
w43_d,QP3WoPmp,2.56,2.56,5.12,0.1289,0.1291,0.0384,1.82,B,,SPECTACULAR,TOP3000,SUBINDUSTRY,25,0.1,1,N,"group_rank(fnd6_newqv1300_cimiiq/assets, subindustry) + group_rank(fnd6_xrent/assets, subindustry) + group_rank(ts_av_diff(cashflow_op/enterprise_value, 60), subindustry) + group_rank(-ts_delta(close, 2), subindustry) + rank(volume/ts_mean(volume, 60))"
w43_e,GrdQ7pmP,2.56,2.56,5.12,0.1289,0.1291,0.0384,1.82,B,,SPECTACULAR,TOP3000,SUBINDUSTRY,25,0.12,1,N,"group_rank(fnd6_newqv1300_cimiiq/assets, subindustry) + group_rank(fnd6_xrent/assets, subindustry) + group_rank(ts_av_diff(cashflow_op/enterprise_value, 60), subindustry) + group_rank(-ts_delta(close, 2), subindustry) + rank(volume/ts_mean(volume, 60))"
w35_o,LL95X8OM,2.97,2.13,5.1,0.3048,0.1564,0.0368,2.93,B,,EXCELLENT,TOP3000,SUBINDUSTRY,4,0.08,1,N,"group_rank(fnd6_xrent/assets, subindustry) + group_rank(ts_av_diff(cash/assets, 30), subindustry) + group_rank(ts_av_diff(cashflow_op/enterprise_value, 60), subindustry) + group_rank(-ts_delta(close, 2), subindustry) + rank(volume/ts_mean(volume, 60))"
w43_c,883G25GW,2.54,2.56,5.1,0.1261,0.1281,0.0386,1.8,B,,SPECTACULAR,TOP3000,SUBINDUSTRY,27,0.08,1,N,"group_rank(fnd6_newqv1300_cimiiq/assets, subindustry) + group_rank(fnd6_xrent/assets, subindustry) + group_rank(ts_av_diff(cashflow_op/enterprise_value, 60), subindustry) + group_rank(-ts_delta(close, 2), subindustry) + rank(volume/ts_mean(volume, 60))"
w51_h,LL9EG0bL,2.61,2.48,5.09,0.1475,0.1335,0.034,2.84,B,,GOOD,TOP3000,SUBINDUSTRY,14,0.08,0,N,"group_rank(ts_av_diff(cash/assets, 45), subindustry) + group_rank(ts_av_diff(cashflow_op/enterprise_value, 60), subindustry) + group_rank(-ts_delta(close, 4), subindustry) + rank(volume/ts_mean(volume, 60))"
w57_c,ZY0gAMW8,3.15,1.94,5.09,0.4698,0.1784,0.0316,3.19,B,,AVERAGE,TOP3000,SUBINDUSTRY,2,0.08,0,N,"group_rank(fnd6_xrent/assets, subindustry) + group_rank(ts_av_diff(cash/assets, 45), subindustry) + group_rank(ts_av_diff(cashflow_op/enterprise_value, 45), subindustry) + group_rank(-ts_delta(close, 2), subindustry) + rank(volume/ts_mean(volume, 60))"
w43_g,om6Pkzak,2.53,2.55,5.08,0.1277,0.1296,0.0375,1.48,B,,SPECTACULAR,TOP3000,SUBINDUSTRY,25,0.08,1,N,"group_rank(fnd6_newqv1300_cimiiq/assets, subindustry) + group_rank(fnd6_xrent/assets, subindustry) + group_rank(ts_av_diff(cashflow_op/enterprise_value, 60), subindustry) + group_rank(-ts_delta(close, 2), subindustry) + rank(volume/ts_mean(volume, 90))"
w102_h,rK5Mb8Za,3.1,1.96,5.06,0.3473,0.1383,0.0355,3.16,B,,GOOD,TOP3000,SUBINDUSTRY,1,0.08,0,N,"group_rank(authorized_stock_buyback_amount/assets, subindustry) + group_rank(-annual_intangible_assets_net_carrying_value/assets, subindustry) + group_rank(-news_open_gap/close, subindustry) + group_rank(ts_av_diff(cash/assets, 45), subindustry) + group_rank(ts_av_diff(cashflow_op/enterprise_value, 45), subindustry) + group_rank(-ts_delta(close, 10), subindustry)"
w41_a,wpYNPJld,2.52,2.54,5.06,0.1226,0.1266,0.0389,1.78,B,,SPECTACULAR,TOP3000,SUBINDUSTRY,30,0.08,1,N,"group_rank(fnd6_newqv1300_cimiiq/assets, subindustry) + group_rank(fnd6_xrent/assets, subindustry) + group_rank(ts_av_diff(cashflow_op/enterprise_value, 60), subindustry) + group_rank(-ts_delta(close, 2), subindustry) + rank(volume/ts_mean(volume, 60))"
w50_g,xAYVNz8N,2.56,2.5,5.06,0.1306,0.1243,0.0356,3.0,B,,GOOD,TOP3000,SUBINDUSTRY,18,0.08,0,N,"group_rank(ts_av_diff(cash/assets, 45), subindustry) + group_rank(ts_av_diff(cashflow_op/enterprise_value, 75), subindustry) + group_rank(-ts_delta(close, 2), subindustry) + rank(volume/ts_mean(volume, 60))"
w32_d,0mRjO9dv,2.86,2.19,5.05,0.2104,0.1239,0.0391,2.15,B,,EXCELLENT,TOP3000,SUBINDUSTRY,8,0.08,1,N,"group_rank(fnd6_xrent/assets, subindustry) + group_rank(ts_av_diff(cash/assets, 30), subindustry) + group_rank(fnd6_newqv1300_cimiiq/assets, subindustry) + group_rank(-ts_delta(close, 2), subindustry) + rank(volume/ts_mean(volume, 60))"
w56_b,d5OY1Xgv,2.65,2.39,5.04,0.1753,0.1426,0.0271,1.61,B,,GOOD,TOP2000,SUBINDUSTRY,10,0.08,0,N,"group_rank(fnd6_xrent/assets, subindustry) + group_rank(ts_av_diff(cash/assets, 45), subindustry) + group_rank(ts_av_diff(cashflow_op/enterprise_value, 45), subindustry) + group_rank(-ts_delta(close, 2), subindustry) + rank(volume/ts_mean(volume, 60))"
w56_f,O0rR8mjg,2.65,2.39,5.04,0.1753,0.1426,0.0271,1.61,B,,GOOD,TOP2000,SUBINDUSTRY,10,0.1,0,N,"group_rank(fnd6_xrent/assets, subindustry) + group_rank(ts_av_diff(cash/assets, 45), subindustry) + group_rank(ts_av_diff(cashflow_op/enterprise_value, 45), subindustry) + group_rank(-ts_delta(close, 2), subindustry) + rank(volume/ts_mean(volume, 60))"
w100_j,j23KlL3o,2.93,2.1,5.03,0.2689,0.1379,0.0355,2.7,B,,GOOD,TOP3000,SUBINDUSTRY,1,0.08,0,N,"trade_when(returns < 0, group_rank(authorized_stock_buyback_amount/assets, subindustry) + group_rank(-annual_intangible_assets_net_carrying_value/assets, subindustry) + group_rank(ts_av_diff(cash/assets, 45), subindustry) + group_rank(ts_av_diff(cashflow_op/enterprise_value, 45), subindustry) + group_rank(-ts_delta(close, 10), subindustry) + rank(volume/ts_mean(volume, 120)), -1)"
w48_c,pwPxlG7j,2.55,2.48,5.03,0.1286,0.1213,0.0302,2.76,B,,GOOD,TOP3000,SUBINDUSTRY,20,0.08,0,N,"group_rank(ts_av_diff(cash/assets, 30), subindustry) + group_rank(ts_av_diff(cashflow_op/enterprise_value, 60), subindustry) + group_rank(-ts_delta(close, 2), subindustry) + rank(volume/ts_mean(volume, 60))"
w62_h,ZY0dPjv1,3.12,1.9,5.02,0.4758,0.1772,0.0508,3.57,B,,GOOD,TOP3000,SECTOR,2,0.08,1,N,"group_rank(fnd6_xrent/assets, subindustry) + group_rank(ts_av_diff(cash/assets, 45), subindustry) + group_rank(ts_av_diff(cashflow_op/enterprise_value, 45), subindustry) + group_rank(-ts_delta(close, 2), subindustry) + rank(volume/ts_mean(volume, 60))"
w59_h,6XrZdlOK,3.12,1.89,5.01,0.4525,0.1653,0.0461,3.44,B,,GOOD,TOP3000,SUBINDUSTRY,2,0.08,1,N,"group_rank(fnd6_newqv1300_cimiiq/assets, subindustry) + group_rank(fnd6_xrent/assets, subindustry) + group_rank(ts_av_diff(cash/assets, 45), subindustry) + group_rank(ts_av_diff(cashflow_op/enterprise_value, 45), subindustry) + group_rank(-ts_delta(close, 2), subindustry) + rank(volume/ts_mean(volume, 60))"
w49_c,pwPxKKk3,2.52,2.48,5.0,0.1268,0.1226,0.0301,2.65,B,,GOOD,TOP3000,SUBINDUSTRY,20,0.08,0,N,"group_rank(ts_av_diff(cash/assets, 30), subindustry) + group_rank(ts_av_diff(cashflow_op/enterprise_value, 60), subindustry) + group_rank(-ts_delta(close, 3), subindustry) + rank(volume/ts_mean(volume, 60))"
w50_f,Vk6ZGw35,2.54,2.46,5.0,0.1317,0.1235,0.0339,2.94,B,,GOOD,TOP3000,SUBINDUSTRY,18,0.08,0,N,"group_rank(ts_av_diff(cash/assets, 50), subindustry) + group_rank(ts_av_diff(cashflow_op/enterprise_value, 60), subindustry) + group_rank(-ts_delta(close, 2), subindustry) + rank(volume/ts_mean(volume, 60))"
w60_e,LL9EMQv6,3.12,1.88,5.0,0.4691,0.171,0.0456,3.4,B,,GOOD,TOP3000,SUBINDUSTRY,2,0.08,1,N,"group_rank(fnd6_xrent/assets, subindustry) + group_rank(ts_av_diff(cash/assets, 45), subindustry) + group_rank(ts_av_diff(cashflow_op/enterprise_value, 45), subindustry) + group_rank(-ts_delta(close, 2), subindustry) + rank(volume/ts_mean(volume, 60))"
w116_g,RRVxxkoo,2.78,2.21,4.99,0.2033,0.1282,0.0408,2.6,C,,EXCELLENT,TOP3000,SUBINDUSTRY,4,0.08,1,N,"group_rank(fnd6_tstkc/assets, industry) + group_rank(fnd6_lifr/assets, industry) + group_rank(fnd6_cicurr/assets, industry) + group_rank(ts_av_diff(cash/assets, 45), industry) + group_rank(ts_av_diff(cashflow_op/enterprise_value, 45), industry) + group_rank(-ts_delta(close, 2), industry)"
w116_c,P0ZLmLMp,2.79,2.19,4.98,0.1943,0.1196,0.0332,2.34,C,,EXCELLENT,TOP3000,SUBINDUSTRY,4,0.08,1,N,"group_rank(fnd6_intc/assets, bucket(rank(ts_mean(volume, 20)), range=""0.1, 1, 0.1"")) + group_rank(fnd6_lifr/assets, bucket(rank(ts_mean(volume, 20)), range=""0.1, 1, 0.1"")) + group_rank(fnd6_cicurr/assets, bucket(rank(ts_mean(volume, 20)), range=""0.1, 1, 0.1"")) + group_rank(ts_av_diff(cash/assets, 45), bucket(rank(ts_mean(volume, 20)), range=""0.1, 1, 0.1"")) + group_rank(ts_av_diff(cashflow_op/enterprise_value, 45), bucket(rank(ts_mean(volume, 20)), range=""0.1, 1, 0.1"")) + group_rank(-ts_delta(close, 2), bucket(rank(ts_mean(volume, 20)), range=""0.1, 1, 0.1""))"
w42_c,kqV89LJd,2.49,2.49,4.98,0.1183,0.1247,0.039,1.74,C,,EXCELLENT,TOP3000,SUBINDUSTRY,35,0.08,1,N,"group_rank(fnd6_newqv1300_cimiiq/assets, subindustry) + group_rank(fnd6_xrent/assets, subindustry) + group_rank(ts_av_diff(cashflow_op/enterprise_value, 60), subindustry) + group_rank(-ts_delta(close, 2), subindustry) + rank(volume/ts_mean(volume, 60))"
w42_f,N1QK8ezq,2.48,2.5,4.98,0.1215,0.1267,0.038,1.42,C,,EXCELLENT,TOP3000,SUBINDUSTRY,30,0.08,1,N,"group_rank(fnd6_newqv1300_cimiiq/assets, subindustry) + group_rank(fnd6_xrent/assets, subindustry) + group_rank(ts_av_diff(cashflow_op/enterprise_value, 60), subindustry) + group_rank(-ts_delta(close, 2), subindustry) + rank(volume/ts_mean(volume, 90))"
w59_g,j23oY0Mo,3.2,1.78,4.98,0.4599,0.1424,0.041,4.01,C,,GOOD,TOP3000,SUBINDUSTRY,2,0.08,1,N,"group_rank(fnd6_newqv1300_cimiiq/assets, subindustry) + group_rank(ts_av_diff(cash/assets, 45), subindustry) + group_rank(ts_av_diff(cashflow_op/enterprise_value, 45), subindustry) + group_rank(-ts_delta(close, 2), subindustry) + rank(volume/ts_mean(volume, 60))"
w121_b,N1QZX9mq,2.86,2.11,4.97,0.2129,0.116,0.0297,2.73,C,,EXCELLENT,TOP3000,SUBINDUSTRY,4,0.08,1,N,"group_rank(fnd6_intc/assets, bucket(rank(ts_mean(volume*close, 20)), range=""0.1, 1, 0.1"")) + group_rank(fnd6_lifr/assets, bucket(rank(ts_mean(volume*close, 20)), range=""0.1, 1, 0.1"")) + group_rank(fnd6_cicurr/assets, bucket(rank(ts_mean(volume*close, 20)), range=""0.1, 1, 0.1"")) + group_rank(ts_av_diff(cash/assets, 45), bucket(rank(ts_mean(volume*close, 20)), range=""0.1, 1, 0.1"")) + group_rank(ts_av_diff(cashflow_op/enterprise_value, 45), bucket(rank(ts_mean(volume*close, 20)), range=""0.1, 1, 0.1"")) + group_rank(-ts_delta(close, 2), bucket(rank(ts_mean(volume*close, 20)), range=""0.1, 1, 0.1"")) + group_rank(if_else(rank(ts_regression(rank(returns), rank(vec_avg(anl4_basicdetailrec_ratingvalue)), 120, lag=0, rettype=2))>0.6, -ts_av_diff(vec_avg(anl4_basicdetailrec_ratingvalue), 120), 0), bucket(rank(ts_mean(volume*close, 20)), range=""0.1, 1, 0.1""))"
w51_f,58Qrp1q5,2.59,2.38,4.97,0.1502,0.1271,0.0355,3.09,C,,GOOD,TOP3000,SUBINDUSTRY,14,0.08,0,N,"group_rank(ts_av_diff(cash/assets, 55), subindustry) + group_rank(ts_av_diff(cashflow_op/enterprise_value, 60), subindustry) + group_rank(-ts_delta(close, 2), subindustry) + rank(volume/ts_mean(volume, 60))"
w36_d,zqYrJaxX,2.48,2.48,4.96,0.0919,0.125,0.0324,1.42,C,,EXCELLENT,TOP3000,SUBINDUSTRY,40,0.08,1,N,"group_rank(fnd6_xrent/assets, subindustry) + group_rank(ts_av_diff(cash/assets, 30), subindustry) + group_rank(ts_av_diff(cashflow_op/enterprise_value, 60), subindustry) + group_rank(-ts_delta(close, 2), subindustry) + rank(volume/ts_mean(volume, 60))"
w118_g,E5vj5YdL,2.73,2.22,4.95,0.1897,0.1255,0.0403,2.38,C,,EXCELLENT,TOP3000,SUBINDUSTRY,4,0.08,1,N,"group_rank(fnd6_tstkc/assets, bucket(rank(ts_rank(volume, 250)), range=""0.1, 1, 0.1"")) + group_rank(fnd6_cicurr/assets, bucket(rank(ts_rank(volume, 250)), range=""0.1, 1, 0.1"")) + group_rank(fnd6_intc/assets, bucket(rank(ts_rank(volume, 250)), range=""0.1, 1, 0.1"")) + group_rank(ts_av_diff(cash/assets, 45), bucket(rank(ts_rank(volume, 250)), range=""0.1, 1, 0.1"")) + group_rank(ts_av_diff(cashflow_op/enterprise_value, 45), bucket(rank(ts_rank(volume, 250)), range=""0.1, 1, 0.1"")) + group_rank(-ts_delta(close, 2), bucket(rank(ts_rank(volume, 250)), range=""0.1, 1, 0.1""))"
w41_e,le8g9an7,2.49,2.46,4.95,0.1119,0.1223,0.0385,1.73,C,,EXCELLENT,TOP3000,SUBINDUSTRY,40,0.08,1,N,"group_rank(fnd6_newqv1300_cimiiq/assets, subindustry) + group_rank(fnd6_xrent/assets, subindustry) + group_rank(ts_av_diff(cash/assets, 30), subindustry) + group_rank(ts_av_diff(cashflow_op/enterprise_value, 60), subindustry) + group_rank(-ts_delta(close, 2), subindustry) + rank(volume/ts_mean(volume, 60))"
w40_e,78ZGmRV5,2.47,2.45,4.92,0.1152,0.1231,0.0392,1.71,C,,EXCELLENT,TOP3000,SUBINDUSTRY,40,0.08,1,N,"group_rank(fnd6_newqv1300_cimiiq/assets, subindustry) + group_rank(fnd6_xrent/assets, subindustry) + group_rank(ts_av_diff(cashflow_op/enterprise_value, 60), subindustry) + group_rank(-ts_delta(close, 2), subindustry) + rank(volume/ts_mean(volume, 60))"
w41_f,vRkY66xQ,2.47,2.45,4.92,0.1152,0.1231,0.0392,1.71,C,,EXCELLENT,TOP3000,SUBINDUSTRY,40,0.04,1,N,"group_rank(fnd6_newqv1300_cimiiq/assets, subindustry) + group_rank(fnd6_xrent/assets, subindustry) + group_rank(ts_av_diff(cashflow_op/enterprise_value, 60), subindustry) + group_rank(-ts_delta(close, 2), subindustry) + rank(volume/ts_mean(volume, 60))"
w32_j,XgWRG68l,2.85,2.06,4.91,0.2634,0.1375,0.0441,2.09,C,,EXCELLENT,TOP3000,SUBINDUSTRY,4,0.08,1,N,"group_rank(fnd6_xrent/assets, subindustry) + group_rank(fnd6_xopr/assets, subindustry) + group_rank(ts_av_diff(cash/assets, 30), subindustry) + group_rank(-ts_delta(close, 2), subindustry) + rank(volume/ts_mean(volume, 60))"
w83_g,YP5900Qq,2.75,2.16,4.91,0.1958,0.1209,0.0357,1.79,C,,EXCELLENT,TOP3000,SUBINDUSTRY,4,0.08,1,N,"group_rank(authorized_stock_buyback_amount/assets, subindustry) + group_rank(anl4_fs_detail_estimate_1qf_v4_nd_sga_median/assets, subindustry) + group_rank(ts_av_diff(cash/assets, 45), subindustry) + group_rank(ts_av_diff(cashflow_op/enterprise_value, 45), subindustry) + group_rank(-ts_delta(close, 10), subindustry) + rank(volume/ts_mean(volume, 120))"
w106_f,3q9vKRdz,2.93,1.97,4.9,0.2633,0.1192,0.0356,2.39,C,,GOOD,TOP3000,SUBINDUSTRY,4,0.08,1,N,"group_rank(fnd6_xintopt/assets, subindustry) + group_rank(anl4_fs_detail_estimate_1qf_v4_nd_totassets_mean/assets, subindustry) + group_rank(ts_av_diff(cash/assets, 45), industry) + group_rank(ts_av_diff(cashflow_op/enterprise_value, 45), subindustry) + group_rank(-ts_delta(close, 2), industry) + rank(volume/ts_mean(volume, 60))"
w114_d,xAY7E9EJ,2.91,1.99,4.9,0.2428,0.1136,0.0319,2.7,C,,GOOD,TOP3000,SUBINDUSTRY,4,0.08,1,N,"group_rank(fnd6_tstkc/assets, bucket(rank(ts_std_dev(returns, 20)), range=""0.1, 1, 0.1"")) + group_rank(fnd6_cicurr/assets, bucket(rank(ts_std_dev(returns, 20)), range=""0.1, 1, 0.1"")) + group_rank(ts_av_diff(cash/assets, 45), bucket(rank(ts_std_dev(returns, 20)), range=""0.1, 1, 0.1"")) + group_rank(ts_av_diff(cashflow_op/enterprise_value, 45), bucket(rank(ts_std_dev(returns, 20)), range=""0.1, 1, 0.1"")) + group_rank(-ts_delta(close, 2), bucket(rank(ts_std_dev(returns, 20)), range=""0.1, 1, 0.1"")) + group_rank(volume/ts_mean(volume, 60), bucket(rank(ts_std_dev(returns, 20)), range=""0.1, 1, 0.1""))"
w114_h,MP1v2gGn,2.86,2.04,4.9,0.2606,0.1324,0.0346,2.4,C,,EXCELLENT,TOP3000,SUBINDUSTRY,4,0.08,1,N,"group_rank(fnd6_intc/assets, sector) + group_rank(fnd6_tfvce/assets, sector) + group_rank(ts_av_diff(cash/assets, 45), sector) + group_rank(ts_av_diff(cashflow_op/enterprise_value, 45), sector) + group_rank(-ts_delta(close, 2), sector) + group_rank(volume/ts_mean(volume, 60), sector)"
w64_g,xAY2ww1n,3.15,1.75,4.9,0.4233,0.1311,0.0331,3.68,C,,GOOD,TOP3000,SUBINDUSTRY,2,0.08,1,N,"group_rank(-anl4_fs_detail_estimate_1qf_v4_nd_netdebt_mean/assets, subindustry) + group_rank(fnd6_txtubxintis/assets, subindustry) + group_rank(ts_av_diff(cash/assets, 45), subindustry) + group_rank(ts_av_diff(cashflow_op/enterprise_value, 45), subindustry) + group_rank(-ts_delta(close, 2), subindustry) + rank(volume/ts_mean(volume, 60))"
w119_f,blRmGJ9r,2.86,2.02,4.88,0.2487,0.1235,0.0288,2.69,C,,EXCELLENT,TOP3000,SUBINDUSTRY,4,0.08,1,N,"group_rank(fnd6_newqv1300_glcea12/assets, bucket(rank(assets_curr/assets), range=""0.1, 1, 0.1"")) + group_rank(fnd6_intc/assets, bucket(rank(assets_curr/assets), range=""0.1, 1, 0.1"")) + group_rank(fnd6_newqv1300_xoptq/assets, bucket(rank(assets_curr/assets), range=""0.1, 1, 0.1"")) + group_rank(ts_av_diff(cash/assets, 45), bucket(rank(assets_curr/assets), range=""0.1, 1, 0.1"")) + group_rank(ts_av_diff(cashflow_op/enterprise_value, 45), bucket(rank(assets_curr/assets), range=""0.1, 1, 0.1"")) + group_rank(-ts_delta(close, 2), bucket(rank(assets_curr/assets), range=""0.1, 1, 0.1""))"
w48_e,2rO9LxgJ,2.45,2.43,4.88,0.0831,0.1229,0.0297,1.74,C,,GOOD,TOP3000,SUBINDUSTRY,60,0.08,0,N,"group_rank(fnd6_xrent/assets, subindustry) + group_rank(ts_av_diff(cash/assets, 30), subindustry) + group_rank(ts_av_diff(cashflow_op/enterprise_value, 60), subindustry) + group_rank(-ts_delta(close, 2), subindustry) + rank(volume/ts_mean(volume, 60))"
w116_f,j23kkmdW,2.75,2.12,4.87,0.2076,0.1235,0.0323,2.15,C,,EXCELLENT,TOP3000,SUBINDUSTRY,4,0.08,1,N,"group_rank(fnd6_intc/assets, sector) + group_rank(fnd6_tfvce/assets, sector) + group_rank(fnd6_lifr/assets, sector) + group_rank(ts_av_diff(cash/assets, 45), sector) + group_rank(ts_av_diff(cashflow_op/enterprise_value, 45), sector) + group_rank(-ts_delta(close, 2), sector)"
w116_i,xAY77jLb,2.79,2.08,4.87,0.2094,0.1161,0.0315,2.07,C,,EXCELLENT,TOP3000,SUBINDUSTRY,4,0.08,1,N,"group_rank(ts_zscore(fnd6_tfvce/assets, 120), bucket(rank(ts_mean(volume*close, 20)), range=""0.1, 1, 0.1"")) + group_rank(ts_zscore(fnd6_cicurr/assets, 120), bucket(rank(ts_mean(volume*close, 20)), range=""0.1, 1, 0.1"")) + group_rank(fnd6_intc/assets, bucket(rank(ts_mean(volume*close, 20)), range=""0.1, 1, 0.1"")) + group_rank(ts_av_diff(cash/assets, 45), bucket(rank(ts_mean(volume*close, 20)), range=""0.1, 1, 0.1"")) + group_rank(ts_av_diff(cashflow_op/enterprise_value, 45), bucket(rank(ts_mean(volume*close, 20)), range=""0.1, 1, 0.1"")) + group_rank(-ts_delta(close, 2), bucket(rank(ts_mean(volume*close, 20)), range=""0.1, 1, 0.1""))"
w43_f,j23VMQlj,2.47,2.4,4.87,0.1302,0.1225,0.0386,1.73,C,,EXCELLENT,TOP3000,SUBINDUSTRY,25,0.08,1,N,"group_rank(fnd6_newqv1300_cimiiq/assets, subindustry) + group_rank(fnd6_xrent/assets, subindustry) + group_rank(ts_av_diff(cashflow_op/enterprise_value, 60), subindustry) + group_rank(-ts_delta(close, 2), subindustry) + rank(volume/ts_mean(volume, 40))"
w56_c,GrdXOVGP,2.64,2.23,4.87,0.2,0.1423,0.028,1.63,C,,GOOD,TOP2000,SUBINDUSTRY,8,0.08,0,N,"group_rank(fnd6_xrent/assets, subindustry) + group_rank(ts_av_diff(cash/assets, 45), subindustry) + group_rank(ts_av_diff(cashflow_op/enterprise_value, 45), subindustry) + group_rank(-ts_delta(close, 2), subindustry) + rank(volume/ts_mean(volume, 60))"
w105_k,vRkX7z83,2.94,1.92,4.86,0.2819,0.1199,0.0349,2.45,C,,GOOD,TOP3000,SUBINDUSTRY,4,0.08,1,N,"group_rank(fnd6_xintopt/assets, subindustry) + group_rank(anl4_fs_detail_estimate_1qf_v4_nd_totassets_mean/assets, subindustry) + group_rank(ts_av_diff(cash/assets, 45), subindustry) + group_rank(ts_av_diff(cashflow_op/enterprise_value, 45), subindustry) + group_rank(-ts_delta(close, 2), subindustry) + rank(volume/ts_mean(volume, 60))"
w37_k,blRxJWpR,2.55,2.31,4.86,0.1103,0.1024,0.0352,1.86,C,,EXCELLENT,TOP3000,SUBINDUSTRY,20,0.08,1,N,"group_rank(fnd6_newqv1300_ivstq/assets, subindustry) + group_rank(fnd6_xrent/assets, subindustry) + group_rank(ts_av_diff(cash/assets, 30), subindustry) + group_rank(-ts_delta(close, 2), subindustry) + rank(volume/ts_mean(volume, 60))"
w112_h,mLgnglzE,2.88,1.97,4.85,0.2568,0.1207,0.0366,2.19,C,,GOOD,TOP3000,SUBINDUSTRY,4,0.08,1,N,"group_rank(fnd6_intc/assets, bucket(rank(cap), range=""0.1, 1, 0.1"")) + group_rank(fnd6_tfvce/assets, bucket(rank(cap), range=""0.1, 1, 0.1"")) + group_rank(ts_av_diff(cash/assets, 45), bucket(rank(cap), range=""0.1, 1, 0.1"")) + group_rank(ts_av_diff(cashflow_op/enterprise_value, 45), bucket(rank(cap), range=""0.1, 1, 0.1"")) + group_rank(-ts_delta(close, 2), bucket(rank(cap), range=""0.1, 1, 0.1"")) + group_rank(volume/ts_mean(volume, 60), bucket(rank(cap), range=""0.1, 1, 0.1""))"
w37_g,RRV59RAd,2.43,2.42,4.85,0.1224,0.1237,0.0278,1.24,C,,EXCELLENT,TOP2000,SUBINDUSTRY,20,0.08,1,N,"group_rank(fnd6_xrent/assets, subindustry) + group_rank(ts_av_diff(cash/assets, 30), subindustry) + group_rank(ts_av_diff(cashflow_op/enterprise_value, 60), subindustry) + group_rank(-ts_delta(close, 2), subindustry) + rank(volume/ts_mean(volume, 60))"
w39_h,RRV5zJX0,2.52,2.33,4.85,0.114,0.1072,0.0505,1.35,C,,EXCELLENT,TOP3000,SUBINDUSTRY,40,0.08,1,N,"group_rank(fnd6_newqv1300_cimiiq/assets, subindustry) + group_rank(fnd6_xrent/assets, subindustry) + group_rank(ts_av_diff(cash/assets, 30), subindustry) + group_rank(-ts_delta(close, 2), subindustry) + rank(volume/ts_mean(volume, 60))"
w105_i,xAYp7Ojn,2.87,1.97,4.84,0.2498,0.118,0.029,2.57,C,,GOOD,TOP3000,SUBINDUSTRY,4,0.08,1,N,"group_rank(anl4_fs_detail_estimate_1qf_v4_nd_totassets_mean/assets, subindustry) + group_rank(-anl4_fs_detail_estimates_advanced_af_nd_capex_median/assets, subindustry) + group_rank(ts_av_diff(cash/assets, 45), subindustry) + group_rank(ts_av_diff(cashflow_op/enterprise_value, 45), subindustry) + group_rank(-ts_delta(close, 2), subindustry) + rank(volume/ts_mean(volume, 60))"
w118_b,KPOoKzqk,2.83,2.01,4.84,0.2129,0.1078,0.0224,2.4,C,,EXCELLENT,TOP3000,SUBINDUSTRY,4,0.08,1,N,"group_rank(fnd6_intc/assets, bucket(rank(ts_std_dev(returns, 60)), range=""0.1, 1, 0.1"")) + group_rank(fnd6_cicurr/assets, bucket(rank(ts_std_dev(returns, 60)), range=""0.1, 1, 0.1"")) + group_rank(fnd6_newqv1300_glcea12/assets, bucket(rank(ts_std_dev(returns, 60)), range=""0.1, 1, 0.1"")) + group_rank(ts_av_diff(cash/assets, 45), bucket(rank(ts_std_dev(returns, 60)), range=""0.1, 1, 0.1"")) + group_rank(ts_av_diff(cashflow_op/enterprise_value, 45), bucket(rank(ts_std_dev(returns, 60)), range=""0.1, 1, 0.1"")) + group_rank(-ts_delta(close, 2), bucket(rank(ts_std_dev(returns, 60)), range=""0.1, 1, 0.1""))"
w41_b,883GYlNo,2.44,2.4,4.84,0.1111,0.1205,0.0394,1.68,C,,EXCELLENT,TOP3000,SUBINDUSTRY,50,0.08,1,N,"group_rank(fnd6_newqv1300_cimiiq/assets, subindustry) + group_rank(fnd6_xrent/assets, subindustry) + group_rank(ts_av_diff(cashflow_op/enterprise_value, 60), subindustry) + group_rank(-ts_delta(close, 2), subindustry) + rank(volume/ts_mean(volume, 60))"
w106_d,xAYpLX0b,2.85,1.98,4.83,0.2298,0.1104,0.0363,2.61,C,,GOOD,TOP3000,SUBINDUSTRY,4,0.08,1,N,"group_rank(fnd6_xintopt/assets, subindustry) + group_rank(anl4_fs_detail_estimate_1qf_v4_nd_totassets_mean/assets, subindustry) + group_rank(-anl4_fs_detail_estimates_advanced_af_nd_capex_median/assets, subindustry) + group_rank(ts_av_diff(cash/assets, 45), subindustry) + group_rank(ts_av_diff(cashflow_op/enterprise_value, 45), subindustry) + group_rank(-ts_delta(close, 2), subindustry)"
w49_b,ZY0gKrlj,2.45,2.38,4.83,0.1221,0.1177,0.0394,3.08,C,,GOOD,TOP3000,SUBINDUSTRY,20,0.08,0,N,"group_rank(ts_av_diff(cash/assets, 45), subindustry) + group_rank(ts_av_diff(cashflow_op/enterprise_value, 90), subindustry) + group_rank(-ts_delta(close, 2), subindustry) + rank(volume/ts_mean(volume, 60))"
w92_b,RRVoK5ea,2.74,2.08,4.82,0.2399,0.1382,0.0381,2.38,C,,GOOD,TOP3000,SUBINDUSTRY,4,0.08,0,N,"group_rank(ts_av_diff(cash/assets, 45), subindustry) + group_rank(ts_av_diff(cashflow_op/enterprise_value, 45), subindustry) + group_rank(-ts_delta(close, 10), subindustry) + rank(volume/ts_mean(volume, 120))"
w94_g,Vk6LRYAY,2.52,2.3,4.82,0.1804,0.1497,0.0602,2.26,C,,GOOD,TOP3000,SUBINDUSTRY,4,0.08,0,N,"group_rank(authorized_stock_buyback_amount/assets, subindustry) + group_rank(-annual_intangible_assets_net_carrying_value/assets, subindustry) + group_rank(-ts_delta(close, 120), subindustry) + group_rank(ts_av_diff(cash/assets, 45), subindustry) + group_rank(ts_av_diff(cashflow_op/enterprise_value, 45), subindustry) + group_rank(-ts_delta(close, 10), subindustry) + rank(volume/ts_mean(volume, 120))"
w114_c,78ZP2gj1,2.91,1.9,4.81,0.2592,0.1101,0.0355,2.46,C,,GOOD,TOP3000,SUBINDUSTRY,4,0.08,1,N,"group_rank(fnd6_intc/assets, bucket(rank(ts_std_dev(returns, 20)), range=""0.1, 1, 0.1"")) + group_rank(fnd6_tfvce/assets, bucket(rank(ts_std_dev(returns, 20)), range=""0.1, 1, 0.1"")) + group_rank(ts_av_diff(cash/assets, 45), bucket(rank(ts_std_dev(returns, 20)), range=""0.1, 1, 0.1"")) + group_rank(ts_av_diff(cashflow_op/enterprise_value, 45), bucket(rank(ts_std_dev(returns, 20)), range=""0.1, 1, 0.1"")) + group_rank(-ts_delta(close, 2), bucket(rank(ts_std_dev(returns, 20)), range=""0.1, 1, 0.1"")) + group_rank(volume/ts_mean(volume, 60), bucket(rank(ts_std_dev(returns, 20)), range=""0.1, 1, 0.1""))"
w32_i,ZY0mP96Y,2.92,1.89,4.81,0.333,0.1392,0.0312,2.74,C,,GOOD,TOP3000,SUBINDUSTRY,4,0.08,1,N,"group_rank(fnd6_xrent/assets, subindustry) + group_rank(ts_av_diff(cash/assets, 30), subindustry) + group_rank(-ts_delta(close, 2), subindustry) + rank(volume/ts_mean(volume, 60))"
w42_e,6XrGNe8L,2.43,2.38,4.81,0.1238,0.12,0.0391,1.7,C,,EXCELLENT,TOP3000,SUBINDUSTRY,30,0.08,1,N,"group_rank(fnd6_newqv1300_cimiiq/assets, subindustry) + group_rank(fnd6_xrent/assets, subindustry) + group_rank(ts_av_diff(cashflow_op/enterprise_value, 60), subindustry) + group_rank(-ts_delta(close, 2), subindustry) + rank(volume/ts_mean(volume, 40))"
w107_f,vRk7mlzb,3.13,1.66,4.79,0.4583,0.1282,0.0387,3.74,C,,GOOD,TOP3000,SUBINDUSTRY,1,0.08,1,N,"group_rank(fnd6_xintopt/assets, subindustry) + group_rank(anl4_fs_detail_estimate_1qf_v4_nd_totassets_mean/assets, subindustry) + group_rank(-anl4_fs_detail_estimates_advanced_af_nd_capex_median/assets, subindustry) + group_rank(ts_av_diff(cash/assets, 45), subindustry) + group_rank(ts_av_diff(cashflow_op/enterprise_value, 45), subindustry) + group_rank(-ts_delta(close, 2), subindustry)"
w87_g,1Yx2xnZJ,2.6,2.19,4.79,0.1433,0.1016,0.0312,1.64,C,,EXCELLENT,TOP3000,SUBINDUSTRY,4,0.08,1,N,"group_rank(authorized_stock_buyback_amount/assets, subindustry) + group_rank(anl4_fs_detail_estimate_1qf_v4_nd_sga_median/assets, subindustry) + 0.45*group_rank(ts_av_diff(cash/assets, 45), subindustry) + 0.45*group_rank(ts_av_diff(cashflow_op/enterprise_value, 45), subindustry) + 0.5*group_rank(-ts_delta(close, 10), subindustry) + 0.5*rank(volume/ts_mean(volume, 120))"
z8_d4_xo_mix,wpYjPko6,2.44,2.35,4.79,0.1256,0.1166,0.032,2.09,C,,GOOD,TOP3000,SUBINDUSTRY,4,0.08,0,N,"0.5*group_rank(ts_av_diff(cashflow_op/enterprise_value,60),subindustry) + 0.25*group_rank(ts_av_diff(cash/assets,30),subindustry) + 0.25*group_rank(fnd6_xopr/assets,subindustry)"
w114_j,0mRZLbvr,2.81,1.97,4.78,0.2435,0.1202,0.0314,2.26,C,,GOOD,TOP3000,SUBINDUSTRY,4,0.08,1,N,"group_rank(ts_delta(fnd6_tstkc/assets, 60), bucket(rank(cap), range=""0.1, 1, 0.1"")) + group_rank(ts_delta(fnd6_intc/assets, 60), bucket(rank(cap), range=""0.1, 1, 0.1"")) + group_rank(ts_av_diff(cash/assets, 45), bucket(rank(cap), range=""0.1, 1, 0.1"")) + group_rank(ts_av_diff(cashflow_op/enterprise_value, 45), bucket(rank(cap), range=""0.1, 1, 0.1"")) + group_rank(-ts_delta(close, 2), bucket(rank(cap), range=""0.1, 1, 0.1"")) + group_rank(volume/ts_mean(volume, 60), bucket(rank(cap), range=""0.1, 1, 0.1""))"
w106_b,blR10el6,2.89,1.88,4.77,0.2777,0.1179,0.0317,2.28,C,,GOOD,TOP3000,SUBINDUSTRY,4,0.08,1,N,"group_rank(fnd6_xintopt/assets, subindustry) + group_rank(anl4_fs_detail_estimate_1qf_v4_nd_totassets_mean/assets, subindustry) + group_rank(ts_av_diff(cash/assets, 75), subindustry) + group_rank(ts_av_diff(cashflow_op/enterprise_value, 45), subindustry) + group_rank(-ts_delta(close, 2), subindustry) + rank(volume/ts_mean(volume, 90))"
h11_xc_decay12,npK2W2Jq,2.48,2.28,4.76,0.1271,0.107,0.0315,1.04,C,,EXCELLENT,TOP3000,SUBINDUSTRY,12,0.08,1,N,"group_rank(fnd6_xrent/assets, subindustry) + group_rank(ts_av_diff(cash/assets, 30), subindustry) + rank(-ts_delta(close, 2))"
w106_h,0mR2VNQ8,2.85,1.91,4.76,0.2621,0.1172,0.0312,1.77,C,,GOOD,TOP3000,SUBINDUSTRY,4,0.08,1,N,"group_rank(fnd6_xintopt/assets, subindustry) + group_rank(anl4_fs_detail_estimate_1qf_v4_nd_totassets_mean/assets, subindustry) + group_rank(ts_av_diff(cash/assets, 60), subindustry) + group_rank(ts_av_diff(cashflow_op/enterprise_value, 60), subindustry) + group_rank(-ts_delta(close, 3), subindustry) + rank(volume/ts_mean(volume, 150))"
w114_e,zqY7L5No,2.8,1.96,4.76,0.257,0.1265,0.031,2.3,C,,GOOD,TOP3000,SUBINDUSTRY,4,0.08,1,N,"group_rank(fnd6_intc/assets, bucket(rank(ts_mean(volume, 20)), range=""0.1, 1, 0.1"")) + group_rank(fnd6_lifr/assets, bucket(rank(ts_mean(volume, 20)), range=""0.1, 1, 0.1"")) + group_rank(ts_av_diff(cash/assets, 45), bucket(rank(ts_mean(volume, 20)), range=""0.1, 1, 0.1"")) + group_rank(ts_av_diff(cashflow_op/enterprise_value, 45), bucket(rank(ts_mean(volume, 20)), range=""0.1, 1, 0.1"")) + group_rank(-ts_delta(close, 2), bucket(rank(ts_mean(volume, 20)), range=""0.1, 1, 0.1"")) + group_rank(volume/ts_mean(volume, 60), bucket(rank(ts_mean(volume, 20)), range=""0.1, 1, 0.1""))"
w115_l,Grdj5G8o,3.21,1.55,4.76,0.5389,0.1249,0.034,4.02,C,,GOOD,TOP3000,SUBINDUSTRY,1,0.08,1,N,"group_rank(fnd6_tstkc/assets, bucket(rank(ts_std_dev(returns, 20)), range=""0.1, 1, 0.1"")) + group_rank(fnd6_cicurr/assets, bucket(rank(ts_std_dev(returns, 20)), range=""0.1, 1, 0.1"")) + group_rank(ts_av_diff(cash/assets, 45), bucket(rank(ts_std_dev(returns, 20)), range=""0.1, 1, 0.1"")) + group_rank(ts_av_diff(cashflow_op/enterprise_value, 45), bucket(rank(ts_std_dev(returns, 20)), range=""0.1, 1, 0.1"")) + group_rank(-ts_delta(close, 2), bucket(rank(ts_std_dev(returns, 20)), range=""0.1, 1, 0.1"")) + group_rank(volume/ts_mean(volume, 60), bucket(rank(ts_std_dev(returns, 20)), range=""0.1, 1, 0.1""))"
w119_l,npKj9Orw,2.68,2.07,4.75,0.2058,0.1227,0.0351,2.4,C,,EXCELLENT,TOP3000,SUBINDUSTRY,4,0.08,1,N,"group_rank(fnd6_newq_xoptepsqp/assets, bucket(rank(ts_mean(volume*close, 20)), range=""0.1, 1, 0.1"")) + group_rank(fnd6_cicurr/assets, bucket(rank(ts_mean(volume*close, 20)), range=""0.1, 1, 0.1"")) + group_rank(fnd6_tstkc/assets, bucket(rank(ts_mean(volume*close, 20)), range=""0.1, 1, 0.1"")) + group_rank(ts_av_diff(cash/assets, 45), bucket(rank(ts_mean(volume*close, 20)), range=""0.1, 1, 0.1"")) + group_rank(ts_av_diff(cashflow_op/enterprise_value, 45), bucket(rank(ts_mean(volume*close, 20)), range=""0.1, 1, 0.1"")) + group_rank(-ts_delta(close, 2), bucket(rank(ts_mean(volume*close, 20)), range=""0.1, 1, 0.1""))"
w32_c,pwPvYJAX,2.66,2.09,4.75,0.1919,0.1184,0.0298,1.83,C,,EXCELLENT,TOP3000,SUBINDUSTRY,8,0.08,1,N,"group_rank(fnd6_xrent/assets, subindustry) + group_rank(ts_av_diff(cash/assets, 30), subindustry) + group_rank(fnd6_newqv1300_mibtq/assets, subindustry) + group_rank(-ts_delta(close, 2), subindustry) + rank(volume/ts_mean(volume, 60))"
w97_e,KPOMlEbE,3.02,1.73,4.75,0.4065,0.1329,0.0318,3.07,C,,AVERAGE,TOP3000,SUBINDUSTRY,1,0.08,0,N,"group_rank(authorized_stock_buyback_amount/assets, subindustry) + group_rank(-annual_intangible_assets_net_carrying_value/assets, subindustry) + group_rank(ts_av_diff(cash/assets, 45), subindustry) + group_rank(ts_av_diff(cashflow_op/enterprise_value, 45), subindustry) + group_rank(-ts_corr(close, volume, 10), subindustry) + rank(volume/ts_mean(volume, 120))"
w119_d,ZY08P0nQ,2.68,2.06,4.74,0.2019,0.1192,0.0321,2.12,C,,EXCELLENT,TOP3000,SUBINDUSTRY,4,0.08,1,N,"group_rank(fnd6_intc/assets, bucket(rank(ts_std_dev(volume, 20)), range=""0.1, 1, 0.1"")) + group_rank(fnd6_tfvce/assets, bucket(rank(ts_std_dev(volume, 20)), range=""0.1, 1, 0.1"")) + group_rank(fnd6_lifr/assets, bucket(rank(ts_std_dev(volume, 20)), range=""0.1, 1, 0.1"")) + group_rank(ts_av_diff(cash/assets, 45), bucket(rank(ts_std_dev(volume, 20)), range=""0.1, 1, 0.1"")) + group_rank(ts_av_diff(cashflow_op/enterprise_value, 45), bucket(rank(ts_std_dev(volume, 20)), range=""0.1, 1, 0.1"")) + group_rank(-ts_delta(close, 2), bucket(rank(ts_std_dev(volume, 20)), range=""0.1, 1, 0.1""))"
w38_g,3q9GkrAO,2.49,2.25,4.74,0.0766,0.1021,0.0411,2.16,C,,EXCELLENT,TOP3000,MARKET,40,0.08,1,N,"group_rank(fnd6_newqv1300_ivstq/assets, subindustry) + group_rank(fnd6_xrent/assets, subindustry) + group_rank(ts_av_diff(cash/assets, 30), subindustry) + group_rank(-ts_delta(close, 2), subindustry) + rank(volume/ts_mean(volume, 60))"
w41_c,O0r6VZzJ,2.38,2.34,4.72,0.122,0.1211,0.0339,1.99,C,,EXCELLENT,TOP2000,SUBINDUSTRY,40,0.08,1,N,"group_rank(fnd6_newqv1300_cimiiq/assets, subindustry) + group_rank(fnd6_xrent/assets, subindustry) + group_rank(ts_av_diff(cashflow_op/enterprise_value, 60), subindustry) + group_rank(-ts_delta(close, 2), subindustry) + rank(volume/ts_mean(volume, 60))"
w58_d,vRkZOLP3,2.91,1.81,4.72,0.4122,0.1601,0.0524,3.78,C,,AVERAGE,TOP3000,SUBINDUSTRY,3,0.08,0,N,"group_rank(ts_av_diff(cash/assets, 45), subindustry) + group_rank(ts_av_diff(cashflow_op/enterprise_value, 45), subindustry) + group_rank(-ts_delta(close, 2), subindustry) + rank(volume/ts_mean(volume, 60))"
w5_s8_ind,zqYk25AG,2.47,2.25,4.72,0.115,0.1034,0.0499,2.55,C,,EXCELLENT,TOP3000,INDUSTRY,20,0.08,1,N,"group_rank(-ts_delta(close, 2), subindustry) + group_rank(fnd6_xopr/assets, subindustry) + rank(volume/ts_mean(volume, 60))"
w68_f,MP1egvq6,2.7,2.02,4.72,0.3135,0.1753,0.0419,1.83,C,,EXCELLENT,TOP3000,INDUSTRY,2,0.08,1,N,"group_rank(fnd6_xrent/assets, industry) + group_rank(ts_av_diff(cashflow_op/enterprise_value, 45), industry) + group_rank(-ts_rank(close, 10), industry)"
w116_k,9qV558ae,2.72,1.99,4.71,0.2073,0.1111,0.0277,1.92,C,,GOOD,TOP3000,SUBINDUSTRY,4,0.08,1,N,"group_rank(fnd6_newqv1300_fcaq/assets, bucket(rank(ts_mean(volume*close, 20)), range=""0.1, 1, 0.1"")) + group_rank(fnd6_newqv1300_tfvceq/assets, bucket(rank(ts_mean(volume*close, 20)), range=""0.1, 1, 0.1"")) + group_rank(fnd6_intc/assets, bucket(rank(ts_mean(volume*close, 20)), range=""0.1, 1, 0.1"")) + group_rank(ts_av_diff(cash/assets, 45), bucket(rank(ts_mean(volume*close, 20)), range=""0.1, 1, 0.1"")) + group_rank(ts_av_diff(cashflow_op/enterprise_value, 45), bucket(rank(ts_mean(volume*close, 20)), range=""0.1, 1, 0.1"")) + group_rank(-ts_delta(close, 2), bucket(rank(ts_mean(volume*close, 20)), range=""0.1, 1, 0.1""))"
z1_cfevcashxo,vRkj6JqA,2.42,2.29,4.71,0.0987,0.1118,0.0369,1.96,C,,GOOD,TOP3000,SUBINDUSTRY,6,0.08,0,N,"group_rank(ts_av_diff(cashflow_op/enterprise_value,60),subindustry) + group_rank(ts_av_diff(cash/assets,30),subindustry) + group_rank(fnd6_xopr/assets,subindustry)"
w119_j,O0rLOajJ,2.77,1.93,4.7,0.2388,0.1164,0.0268,2.06,C,,GOOD,TOP3000,SUBINDUSTRY,4,0.08,1,N,"group_rank(fnd6_tstkc/assets, bucket(rank(ts_std_dev(returns, 250)), range=""0.1, 1, 0.1"")) + group_rank(fnd6_newqv1300_glcea12/assets, bucket(rank(ts_std_dev(returns, 250)), range=""0.1, 1, 0.1"")) + group_rank(fnd6_newqv1300_xoptq/assets, bucket(rank(ts_std_dev(returns, 250)), range=""0.1, 1, 0.1"")) + group_rank(ts_av_diff(cash/assets, 45), bucket(rank(ts_std_dev(returns, 250)), range=""0.1, 1, 0.1"")) + group_rank(ts_av_diff(cashflow_op/enterprise_value, 45), bucket(rank(ts_std_dev(returns, 250)), range=""0.1, 1, 0.1"")) + group_rank(-ts_delta(close, 2), bucket(rank(ts_std_dev(returns, 250)), range=""0.1, 1, 0.1""))"
w85_d,mLgl5Rkx,2.51,2.19,4.7,0.124,0.0949,0.0294,1.57,C,,EXCELLENT,TOP3000,SUBINDUSTRY,4,0.08,1,N,"group_rank(authorized_stock_buyback_amount/assets, subindustry) + group_rank(anl4_fs_detail_estimate_1qf_v4_nd_sga_median/assets, subindustry) + 0.4*group_rank(ts_av_diff(cash/assets, 45), subindustry) + 0.4*group_rank(ts_av_diff(cashflow_op/enterprise_value, 45), subindustry) + 0.4*group_rank(-ts_delta(close, 10), subindustry) + 0.4*rank(volume/ts_mean(volume, 120))"
w114_i,ZY0V1zqY,2.72,1.96,4.68,0.2596,0.1348,0.042,2.29,C,,GOOD,TOP3000,SUBINDUSTRY,4,0.08,1,N,"group_rank(fnd6_tstkc/assets, industry) + group_rank(fnd6_lifr/assets, industry) + group_rank(ts_av_diff(cash/assets, 45), industry) + group_rank(ts_av_diff(cashflow_op/enterprise_value, 45), industry) + group_rank(-ts_delta(close, 2), industry) + group_rank(volume/ts_mean(volume, 60), industry)"
w34_l,E5vVAoJK,2.61,2.07,4.68,0.2106,0.1329,0.044,2.61,C,,EXCELLENT,TOP3000,MARKET,8,0.08,1,N,"group_rank(fnd6_xrent/assets, subindustry) + group_rank(ts_av_diff(cash/assets, 30), subindustry) + group_rank(-ts_delta(close, 2), subindustry) + rank(volume/ts_mean(volume, 60))"
w114_k,kqVpMxKl,2.78,1.89,4.67,0.2679,0.1232,0.0421,2.31,C,,GOOD,TOP3000,SUBINDUSTRY,4,0.08,1,N,"group_rank(ts_zscore(fnd6_tfvce/assets, 120), bucket(rank(ts_mean(volume*close, 20)), range=""0.1, 1, 0.1"")) + group_rank(ts_zscore(fnd6_cicurr/assets, 120), bucket(rank(ts_mean(volume*close, 20)), range=""0.1, 1, 0.1"")) + group_rank(ts_av_diff(cash/assets, 45), bucket(rank(ts_mean(volume*close, 20)), range=""0.1, 1, 0.1"")) + group_rank(ts_av_diff(cashflow_op/enterprise_value, 45), bucket(rank(ts_mean(volume*close, 20)), range=""0.1, 1, 0.1"")) + group_rank(-ts_delta(close, 2), bucket(rank(ts_mean(volume*close, 20)), range=""0.1, 1, 0.1"")) + group_rank(volume/ts_mean(volume, 60), bucket(rank(ts_mean(volume*close, 20)), range=""0.1, 1, 0.1""))"
w38_e,xAYl2K6b,2.48,2.19,4.67,0.0925,0.0972,0.0367,1.77,C,,EXCELLENT,TOP3000,SUBINDUSTRY,30,0.08,1,N,"group_rank(fnd6_newqv1300_ivstq/assets, subindustry) + group_rank(fnd6_xrent/assets, subindustry) + group_rank(ts_av_diff(cash/assets, 30), subindustry) + group_rank(-ts_delta(close, 2), subindustry) + rank(volume/ts_mean(volume, 60))"
w51_g,blRJQeGm,2.46,2.21,4.67,0.1478,0.1195,0.0395,3.06,C,,GOOD,TOP3000,SUBINDUSTRY,14,0.08,0,N,"group_rank(ts_av_diff(cash/assets, 45), subindustry) + group_rank(ts_av_diff(cashflow_op/enterprise_value, 105), subindustry) + group_rank(-ts_delta(close, 2), subindustry) + rank(volume/ts_mean(volume, 60))"
w108_f,9qV5wdOx,2.9,1.76,4.66,0.3249,0.12,0.0287,2.52,C,,GOOD,TOP3000,SUBINDUSTRY,1,0.08,1,N,"group_rank(fnd6_xintopt/assets, subindustry) + group_rank(anl4_fs_detail_estimate_1qf_v4_nd_totassets_mean/assets, subindustry) + group_rank(-anl4_fs_detail_estimates_advanced_af_nd_capex_median/assets, subindustry) + group_rank(ts_av_diff(cash/assets, 45), subindustry) + group_rank(ts_av_diff(cashflow_op/enterprise_value, 45), subindustry) + group_rank(-ts_delta(close, 5), subindustry)"
w116_m,j23kkkKj,2.64,2.02,4.66,0.1952,0.1148,0.0266,2.1,C,,GOOD,TOP3000,SUBINDUSTRY,4,0.08,0,N,"group_rank(fnd6_cicurr/assets, bucket(rank(ts_mean(volume*close, 20)), range=""0.1, 1, 0.1"")) + group_rank(fnd6_intc/assets, bucket(rank(ts_mean(volume*close, 20)), range=""0.1, 1, 0.1"")) + group_rank(fnd6_lifr/assets, bucket(rank(ts_mean(volume*close, 20)), range=""0.1, 1, 0.1"")) + group_rank(ts_av_diff(cash/assets, 45), bucket(rank(ts_mean(volume*close, 20)), range=""0.1, 1, 0.1"")) + group_rank(ts_av_diff(cashflow_op/enterprise_value, 45), bucket(rank(ts_mean(volume*close, 20)), range=""0.1, 1, 0.1"")) + group_rank(-ts_delta(close, 2), bucket(rank(ts_mean(volume*close, 20)), range=""0.1, 1, 0.1""))"
w119_k,Grd2PVd0,2.71,1.95,4.66,0.2224,0.115,0.0354,2.16,C,,GOOD,TOP3000,SUBINDUSTRY,4,0.08,1,N,"group_rank(fnd6_pncepsq/assets, bucket(rank(ts_mean(volume*close, 20)), range=""0.1, 1, 0.1"")) + group_rank(fnd6_lifr/assets, bucket(rank(ts_mean(volume*close, 20)), range=""0.1, 1, 0.1"")) + group_rank(fnd6_intc/assets, bucket(rank(ts_mean(volume*close, 20)), range=""0.1, 1, 0.1"")) + group_rank(ts_av_diff(cash/assets, 45), bucket(rank(ts_mean(volume*close, 20)), range=""0.1, 1, 0.1"")) + group_rank(ts_av_diff(cashflow_op/enterprise_value, 45), bucket(rank(ts_mean(volume*close, 20)), range=""0.1, 1, 0.1"")) + group_rank(-ts_delta(close, 2), bucket(rank(ts_mean(volume*close, 20)), range=""0.1, 1, 0.1""))"
u8_dec20,YP5789eR,2.46,2.19,4.65,0.1143,0.099,0.0423,2.3,C,,EXCELLENT,TOP3000,SUBINDUSTRY,20,0.08,1,N,"group_rank(-ts_delta(close, 2), subindustry) + group_rank(fnd6_xopr/assets, subindustry) + rank(volume/ts_mean(volume, 60))"
w4_s8_t005,akL7QMQ1,2.46,2.19,4.65,0.1143,0.099,0.0423,2.3,C,,EXCELLENT,TOP3000,SUBINDUSTRY,20,0.05,1,N,"group_rank(-ts_delta(close, 2), subindustry) + group_rank(fnd6_xopr/assets, subindustry) + rank(volume/ts_mean(volume, 60))"
w56_d,npKmP0Pd,2.62,2.03,4.65,0.2393,0.1437,0.0309,1.66,C,,GOOD,TOP2000,SUBINDUSTRY,6,0.08,0,N,"group_rank(fnd6_xrent/assets, subindustry) + group_rank(ts_av_diff(cash/assets, 45), subindustry) + group_rank(ts_av_diff(cashflow_op/enterprise_value, 45), subindustry) + group_rank(-ts_delta(close, 2), subindustry) + rank(volume/ts_mean(volume, 60))"
w78_b,KPOZV9Gz,2.62,2.03,4.65,0.1975,0.1183,0.0357,1.45,C,,EXCELLENT,TOP3000,SUBINDUSTRY,4,0.08,1,N,"group_rank(anl4_fs_detail_estimate_1qf_v4_nd_netdebt_high/assets, subindustry) + group_rank(anl4_fs_detail_estimate_1qf_v4_nd_sga_median/assets, subindustry) + group_rank(ts_av_diff(cash/assets, 45), subindustry) + group_rank(ts_av_diff(cashflow_op/enterprise_value, 60), subindustry) + group_rank(-ts_delta(close, 10), subindustry) + rank(volume/ts_mean(volume, 120))"
w121_c,58QXZ7eX,2.74,1.9,4.64,0.2182,0.1048,0.0244,2.46,C,,GOOD,TOP3000,SUBINDUSTRY,4,0.08,1,N,"group_rank(fnd6_tstkc/assets, bucket(rank(sales/assets), range=""0.1, 1, 0.1"")) + group_rank(fnd6_cicurr/assets, bucket(rank(sales/assets), range=""0.1, 1, 0.1"")) + group_rank(fnd6_intc/assets, bucket(rank(sales/assets), range=""0.1, 1, 0.1"")) + group_rank(ts_av_diff(cash/assets, 45), bucket(rank(sales/assets), range=""0.1, 1, 0.1"")) + group_rank(ts_av_diff(cashflow_op/enterprise_value, 45), bucket(rank(sales/assets), range=""0.1, 1, 0.1"")) + group_rank(-ts_delta(close, 2), bucket(rank(sales/assets), range=""0.1, 1, 0.1"")) + group_rank(if_else(rank(ts_regression(rank(returns), rank(vec_avg(anl4_basicdetailrec_ratingvalue)), 120, lag=0, rettype=2))>0.6, -ts_av_diff(vec_avg(anl4_basicdetailrec_ratingvalue), 120), 0), bucket(rank(sales/assets), range=""0.1, 1, 0.1""))"
w39_a,vRkYpk1a,2.35,2.29,4.64,0.1054,0.1186,0.0317,1.17,C,,EXCELLENT,TOP2000,SUBINDUSTRY,30,0.08,1,N,"group_rank(fnd6_xrent/assets, subindustry) + group_rank(ts_av_diff(cash/assets, 30), subindustry) + group_rank(ts_av_diff(cashflow_op/enterprise_value, 60), subindustry) + group_rank(-ts_delta(close, 2), subindustry) + rank(volume/ts_mean(volume, 60))"
w63_c,3q9kLnGN,2.73,1.91,4.64,0.3217,0.1582,0.0331,2.24,C,,GOOD,TOP3000,SUBINDUSTRY,2,0.08,1,N,"group_rank(fnd6_xrent/assets, subindustry) + group_rank(ts_av_diff(cash/assets, 45), subindustry) + group_rank(ts_av_diff(cashflow_op/enterprise_value, 45), subindustry) + group_rank(-ts_rank(close, 10), subindustry)"
w116_b,KPOAM5xk,2.64,1.99,4.63,0.1956,0.1112,0.0327,2.02,C,,GOOD,TOP3000,SUBINDUSTRY,4,0.08,1,N,"group_rank(fnd6_intc/assets, bucket(rank(ts_std_dev(returns, 20)), range=""0.1, 1, 0.1"")) + group_rank(fnd6_tfvce/assets, bucket(rank(ts_std_dev(returns, 20)), range=""0.1, 1, 0.1"")) + group_rank(fnd6_tstkc/assets, bucket(rank(ts_std_dev(returns, 20)), range=""0.1, 1, 0.1"")) + group_rank(ts_av_diff(cash/assets, 45), bucket(rank(ts_std_dev(returns, 20)), range=""0.1, 1, 0.1"")) + group_rank(ts_av_diff(cashflow_op/enterprise_value, 45), bucket(rank(ts_std_dev(returns, 20)), range=""0.1, 1, 0.1"")) + group_rank(-ts_delta(close, 2), bucket(rank(ts_std_dev(returns, 20)), range=""0.1, 1, 0.1""))"
w116_h,MP1vv5Ea,2.59,2.04,4.63,0.1907,0.1188,0.0327,1.85,C,,EXCELLENT,TOP3000,SUBINDUSTRY,4,0.08,1,N,"group_rank(ts_delta(fnd6_tstkc/assets, 60), bucket(rank(cap), range=""0.1, 1, 0.1"")) + group_rank(ts_delta(fnd6_intc/assets, 60), bucket(rank(cap), range=""0.1, 1, 0.1"")) + group_rank(fnd6_tstkc/assets, bucket(rank(cap), range=""0.1, 1, 0.1"")) + group_rank(ts_av_diff(cash/assets, 45), bucket(rank(cap), range=""0.1, 1, 0.1"")) + group_rank(ts_av_diff(cashflow_op/enterprise_value, 45), bucket(rank(cap), range=""0.1, 1, 0.1"")) + group_rank(-ts_delta(close, 2), bucket(rank(cap), range=""0.1, 1, 0.1""))"
w27_lnoq_xrent,j238M38O,2.53,2.1,4.63,0.2161,0.1491,0.0348,2.28,C,,EXCELLENT,TOP3000,SUBINDUSTRY,8,0.08,1,N,"group_rank(fnd6_newqv1300_lnoq/assets, subindustry) + group_rank(fnd6_xrent/assets, subindustry) + group_rank(ts_av_diff(cashflow_op/enterprise_value, 60), subindustry) + rank(-ts_delta(close, 2)) + rank(volume/ts_mean(volume, 60))"
w39_i,om6PG5Pv,2.49,2.14,4.63,0.1059,0.092,0.0423,2.04,C,,EXCELLENT,TOP3000,SUBINDUSTRY,40,0.08,1,N,"group_rank(fnd6_newqv1300_ivstq/assets, subindustry) + group_rank(fnd6_newqv1300_cimiiq/assets, subindustry) + group_rank(fnd6_xrent/assets, subindustry) + group_rank(ts_av_diff(cash/assets, 30), subindustry) + group_rank(-ts_delta(close, 2), subindustry) + rank(volume/ts_mean(volume, 60))"
w96_d,WjP2jMrd,3.1,1.53,4.63,0.6701,0.1634,0.0431,2.27,C,,AVERAGE,TOP3000,SUBINDUSTRY,1,0.08,0,N,"group_rank(authorized_stock_buyback_amount/assets, subindustry) + group_rank(-annual_intangible_assets_net_carrying_value/assets, subindustry) + group_rank(-(close/vwap), subindustry) + group_rank(ts_av_diff(cash/assets, 45), subindustry) + group_rank(ts_av_diff(cashflow_op/enterprise_value, 45), subindustry) + group_rank(-ts_delta(close, 10), subindustry) + rank(volume/ts_mean(volume, 120))"
w114_n,O0rdjnrv,2.72,1.9,4.62,0.2514,0.1233,0.0431,2.0,C,,AVERAGE,TOP3000,SUBINDUSTRY,4,0.08,0,N,"group_rank(fnd6_tstkc/assets, bucket(rank(cap), range=""0.1, 1, 0.1"")) + group_rank(fnd6_lifr/assets, bucket(rank(cap), range=""0.1, 1, 0.1"")) + group_rank(ts_av_diff(cash/assets, 45), bucket(rank(cap), range=""0.1, 1, 0.1"")) + group_rank(ts_av_diff(cashflow_op/enterprise_value, 45), bucket(rank(cap), range=""0.1, 1, 0.1"")) + group_rank(-ts_delta(close, 2), bucket(rank(cap), range=""0.1, 1, 0.1"")) + group_rank(volume/ts_mean(volume, 60), bucket(rank(cap), range=""0.1, 1, 0.1""))"
g02_xrent_cash,npK2nONd,2.52,2.09,4.61,0.1619,0.111,0.0315,1.36,C,,EXCELLENT,TOP3000,SUBINDUSTRY,8,0.08,1,N,"group_rank(fnd6_xrent/assets, subindustry) + group_rank(ts_av_diff(cash/assets, 30), subindustry) + rank(-ts_delta(close, 2))"
w114_b,P0ZLAN9J,2.76,1.85,4.61,0.2621,0.1172,0.044,2.21,C,,GOOD,TOP3000,SUBINDUSTRY,4,0.08,1,N,"group_rank(fnd6_newqv1300_fcaq/assets, bucket(rank(ts_mean(volume*close, 20)), range=""0.1, 1, 0.1"")) + group_rank(fnd6_newqv1300_tfvceq/assets, bucket(rank(ts_mean(volume*close, 20)), range=""0.1, 1, 0.1"")) + group_rank(ts_av_diff(cash/assets, 45), bucket(rank(ts_mean(volume*close, 20)), range=""0.1, 1, 0.1"")) + group_rank(ts_av_diff(cashflow_op/enterprise_value, 45), bucket(rank(ts_mean(volume*close, 20)), range=""0.1, 1, 0.1"")) + group_rank(-ts_delta(close, 2), bucket(rank(ts_mean(volume*close, 20)), range=""0.1, 1, 0.1"")) + group_rank(volume/ts_mean(volume, 60), bucket(rank(ts_mean(volume*close, 20)), range=""0.1, 1, 0.1""))"
w27_ivstq_xrent,d5O1Pz5j,2.48,2.13,4.61,0.1732,0.128,0.0341,2.35,C,,EXCELLENT,TOP3000,SUBINDUSTRY,8,0.08,1,N,"group_rank(fnd6_newqv1300_ivstq/assets, subindustry) + group_rank(fnd6_xrent/assets, subindustry) + group_rank(ts_av_diff(cashflow_op/enterprise_value, 60), subindustry) + rank(-ts_delta(close, 2)) + rank(volume/ts_mean(volume, 60))"
w58_a,E5vNVa2L,2.95,1.66,4.61,0.5208,0.1647,0.0527,3.88,C,,AVERAGE,TOP3000,SUBINDUSTRY,2,0.08,0,N,"group_rank(ts_av_diff(cash/assets, 45), subindustry) + group_rank(ts_av_diff(cashflow_op/enterprise_value, 45), subindustry) + group_rank(-ts_delta(close, 2), subindustry) + rank(volume/ts_mean(volume, 60))"
w92_a,akL8wRoR,2.45,2.16,4.61,0.1316,0.1025,0.0346,2.14,C,,GOOD,TOP3000,SUBINDUSTRY,4,0.08,0,N,"group_rank(authorized_stock_buyback_amount/assets, subindustry) + group_rank(-annual_intangible_assets_net_carrying_value/assets, subindustry) + 0.5*group_rank(-ts_delta(close, 10), subindustry) + 0.5*rank(volume/ts_mean(volume, 120))"
o3_xopr_vwap_d14,blRjZzxM,2.45,2.15,4.6,0.1285,0.0987,0.0429,2.43,C,,EXCELLENT,TOP3000,SUBINDUSTRY,14,0.08,1,N,"group_rank(fnd6_xopr/assets, subindustry) + rank(-ts_delta(vwap, 2)) + rank(volume/ts_mean(volume, 60))"
w71_d,E5v8P8AJ,2.75,1.85,4.6,0.3229,0.1469,0.0392,2.42,C,,GOOD,TOP3000,INDUSTRY,3,0.08,1,N,"group_rank(-anl4_fs_detail_estimate_1qf_v4_nd_netdebt_mean/assets, industry) + group_rank(liabilities_curr/assets, industry) + group_rank(-ts_delta(close, 5), industry) + rank(volume/ts_mean(volume, 90))"
w112_j,akLmLgGx,2.69,1.89,4.58,0.2492,0.1228,0.0388,1.9,C,,GOOD,TOP3000,SUBINDUSTRY,4,0.08,1,N,"group_rank(fnd6_tstkc/assets, bucket(rank(cap), range=""0.1, 1, 0.1"")) + group_rank(fnd6_lifr/assets, bucket(rank(cap), range=""0.1, 1, 0.1"")) + group_rank(ts_av_diff(cash/assets, 45), bucket(rank(cap), range=""0.1, 1, 0.1"")) + group_rank(ts_av_diff(cashflow_op/enterprise_value, 45), bucket(rank(cap), range=""0.1, 1, 0.1"")) + group_rank(-ts_delta(close, 2), bucket(rank(cap), range=""0.1, 1, 0.1"")) + group_rank(volume/ts_mean(volume, 60), bucket(rank(cap), range=""0.1, 1, 0.1""))"
w118_k,pwP2wkkV,2.68,1.9,4.58,0.2307,0.1165,0.0308,2.19,C,,GOOD,TOP3000,SUBINDUSTRY,4,0.08,1,N,"group_rank(fnd6_lifr/assets, bucket(rank(ts_mean(volume*close, 20)), range=""0.1, 1, 0.1"")) + group_rank(fnd6_newqv1300_xoptq/assets, bucket(rank(ts_mean(volume*close, 20)), range=""0.1, 1, 0.1"")) + group_rank(fnd6_newqv1300_tfvceq/assets, bucket(rank(ts_mean(volume*close, 20)), range=""0.1, 1, 0.1"")) + group_rank(ts_av_diff(cash/assets, 45), bucket(rank(ts_mean(volume*close, 20)), range=""0.1, 1, 0.1"")) + group_rank(ts_av_diff(cashflow_op/enterprise_value, 45), bucket(rank(ts_mean(volume*close, 20)), range=""0.1, 1, 0.1"")) + group_rank(-ts_delta(close, 2), bucket(rank(ts_mean(volume*close, 20)), range=""0.1, 1, 0.1""))"
w66_f,LL9mR9LM,2.84,1.74,4.58,0.3183,0.1194,0.0317,2.94,C,,GOOD,TOP3000,SUBINDUSTRY,3,0.08,1,N,"group_rank(anl4_fs_detail_estimate_1qf_v4_nd_cfi_low/assets, subindustry) + group_rank(fnd6_txtubxintis/assets, subindustry) + group_rank(ts_av_diff(cash/assets, 45), subindustry) + group_rank(ts_av_diff(cashflow_op/enterprise_value, 45), subindustry) + group_rank(-ts_delta(close, 2), subindustry) + rank(volume/ts_mean(volume, 60))"
w106_e,vRkXEl9d,2.59,1.98,4.57,0.1885,0.1107,0.0293,1.77,C,,GOOD,TOP3000,SUBINDUSTRY,4,0.08,1,N,"group_rank(anl4_fs_detail_estimate_1qf_v4_nd_totassets_mean/assets, subindustry) + group_rank(-anl4_fs_detail_estimates_advanced_af_nd_capex_median/assets, subindustry) + group_rank(ts_av_diff(cash/assets, 60), subindustry) + group_rank(ts_av_diff(cashflow_op/enterprise_value, 45), subindustry) + group_rank(-ts_delta(close, 10), subindustry) + rank(volume/ts_mean(volume, 90))"
w39_e,mLgK0NVp,2.44,2.13,4.57,0.0828,0.0957,0.036,1.41,C,,EXCELLENT,TOP3000,SUBINDUSTRY,40,0.08,1,N,"group_rank(fnd6_newqv1300_ivstq/assets, subindustry) + group_rank(fnd6_xrent/assets, subindustry) + group_rank(ts_av_diff(cash/assets, 30), subindustry) + group_rank(-ts_delta(close, 2), subindustry) + rank(volume/ts_mean(volume, 90))"
w66_a,RRVldAAe,2.94,1.63,4.57,0.4102,0.1255,0.0341,3.35,C,,GOOD,TOP3000,SUBINDUSTRY,2,0.08,1,N,"group_rank(anl4_fs_detail_estimate_1qf_v4_nd_cfi_low/assets, subindustry) + group_rank(fnd6_txtubxintis/assets, subindustry) + group_rank(ts_av_diff(cash/assets, 45), subindustry) + group_rank(ts_av_diff(cashflow_op/enterprise_value, 45), subindustry) + group_rank(-ts_delta(close, 2), subindustry) + rank(volume/ts_mean(volume, 60))"
w74_d,mLgQg35X,2.66,1.91,4.57,0.2871,0.1482,0.049,1.93,C,,GOOD,TOP3000,INDUSTRY,3,0.08,1,N,"group_rank(anl4_fs_detail_estimate_1qf_v4_nd_netdebt_high/assets, industry) + group_rank(ts_av_diff(cash/assets, 45), industry) + group_rank(ts_av_diff(cashflow_op/enterprise_value, 45), industry) + group_rank(-ts_delta(close, 5), industry) + rank(volume/ts_mean(volume, 90))"
w78_h,1Yx0O5rJ,2.6,1.96,4.56,0.1998,0.1136,0.0398,1.35,C,,GOOD,TOP3000,SUBINDUSTRY,4,0.08,1,N,"group_rank(anl4_fs_actuals_basic_qf_nd_div_value/assets, subindustry) + group_rank(anl4_fs_detail_estimate_1qf_v4_nd_sga_median/assets, subindustry) + group_rank(ts_av_diff(cash/assets, 60), subindustry) + group_rank(ts_av_diff(cashflow_op/enterprise_value, 60), subindustry) + group_rank(-ts_delta(close, 8), subindustry) + rank(volume/ts_mean(volume, 150))"
w79_b,E5vxPwjL,2.6,1.96,4.56,0.2037,0.1156,0.0339,1.78,C,,GOOD,TOP3000,SUBINDUSTRY,4,0.08,1,N,"group_rank(anl4_fs_detail_estimates_advanced_af_nd_capex_std/assets, subindustry) + group_rank(anl4_fs_detail_estimate_1qf_v4_nd_netdebt_high/assets, subindustry) + group_rank(ts_av_diff(cash/assets, 75), subindustry) + group_rank(ts_av_diff(cashflow_op/enterprise_value, 60), subindustry) + group_rank(-ts_delta(close, 8), subindustry) + rank(volume/ts_mean(volume, 150))"
d1_d0_grev_xo_vol,xAYjommJ,2.44,2.11,4.55,0.0704,0.0932,0.0437,2.49,C,,GOOD,TOP3000,SUBINDUSTRY,40,0.08,0,N,"group_rank(-ts_delta(close, 2), subindustry) + group_rank(fnd6_xopr/assets, subindustry) + rank(volume/ts_mean(volume, 60))"
w106_c,78ZR5Vpb,2.64,1.91,4.55,0.211,0.1105,0.029,1.7,C,,GOOD,TOP3000,SUBINDUSTRY,4,0.08,1,N,"group_rank(anl4_fs_detail_estimate_1qf_v4_nd_totassets_mean/assets, subindustry) + group_rank(-anl4_fs_detail_estimates_advanced_af_nd_capex_median/assets, subindustry) + group_rank(ts_av_diff(cash/assets, 75), subindustry) + group_rank(ts_av_diff(cashflow_op/enterprise_value, 60), subindustry) + group_rank(-ts_delta(close, 5), subindustry) + rank(volume/ts_mean(volume, 120))"
w74_e,883X3K2X,2.95,1.6,4.55,0.4487,0.1319,0.0409,3.79,C,,GOOD,TOP3000,SUBINDUSTRY,2,0.08,1,N,"group_rank(anl4_fs_detail_estimate_1qf_v4_nd_cfi_low/assets, subindustry) + group_rank(ts_av_diff(cash/assets, 45), subindustry) + group_rank(ts_av_diff(cashflow_op/enterprise_value, 45), subindustry) + group_rank(-ts_delta(close, 2), subindustry) + rank(volume/ts_mean(volume, 60))"
w74_g,e79E997g,2.96,1.59,4.55,0.4644,0.1337,0.0419,3.72,C,,GOOD,TOP3000,SUBINDUSTRY,2,0.08,1,N,"group_rank(anl4_fs_detail_estimates_advanced_af_nd_capex_std/assets, subindustry) + group_rank(ts_av_diff(cash/assets, 45), subindustry) + group_rank(ts_av_diff(cashflow_op/enterprise_value, 45), subindustry) + group_rank(-ts_delta(close, 2), subindustry) + rank(volume/ts_mean(volume, 60))"
w79_c,xAY5plkN,2.63,1.92,4.55,0.2053,0.1097,0.0429,1.52,C,,GOOD,TOP3000,SUBINDUSTRY,4,0.08,1,N,"group_rank(anl4_fs_actuals_basic_qf_nd_div_value/assets, subindustry) + group_rank(anl4_fs_detail_estimate_1qf_v4_nd_rd_exp_high/assets, subindustry) + group_rank(ts_av_diff(cash/assets, 75), subindustry) + group_rank(ts_av_diff(cashflow_op/enterprise_value, 60), subindustry) + group_rank(-ts_delta(close, 8), subindustry) + rank(volume/ts_mean(volume, 150))"
h05_xc_vwap,om6lVrZn,2.49,2.05,4.54,0.1612,0.1097,0.0309,1.23,C,,EXCELLENT,TOP3000,SUBINDUSTRY,8,0.08,1,N,"group_rank(fnd6_xrent/assets, subindustry) + group_rank(ts_av_diff(cash/assets, 30), subindustry) + rank(-ts_delta(vwap, 2))"
w119_i,j23pv2ej,2.61,1.93,4.54,0.2055,0.1121,0.0338,2.47,C,,GOOD,TOP3000,SUBINDUSTRY,4,0.08,1,N,"group_rank(fnd6_intc/assets, bucket(rank(ts_corr(close, volume, 60)), range=""0.1, 1, 0.1"")) + group_rank(fnd6_newqv1300_lnoq/assets, bucket(rank(ts_corr(close, volume, 60)), range=""0.1, 1, 0.1"")) + group_rank(fnd6_tfvce/assets, bucket(rank(ts_corr(close, volume, 60)), range=""0.1, 1, 0.1"")) + group_rank(ts_av_diff(cash/assets, 45), bucket(rank(ts_corr(close, volume, 60)), range=""0.1, 1, 0.1"")) + group_rank(ts_av_diff(cashflow_op/enterprise_value, 45), bucket(rank(ts_corr(close, volume, 60)), range=""0.1, 1, 0.1"")) + group_rank(-ts_delta(close, 2), bucket(rank(ts_corr(close, volume, 60)), range=""0.1, 1, 0.1""))"
w39_b,d5O93jvJ,2.31,2.23,4.54,0.1005,0.1169,0.0323,1.18,C,,EXCELLENT,TOP2000,SUBINDUSTRY,35,0.08,1,N,"group_rank(fnd6_xrent/assets, subindustry) + group_rank(ts_av_diff(cash/assets, 30), subindustry) + group_rank(ts_av_diff(cashflow_op/enterprise_value, 60), subindustry) + group_rank(-ts_delta(close, 2), subindustry) + rank(volume/ts_mean(volume, 60))"
w91_d,qMWpGw3Z,2.42,2.12,4.54,0.1404,0.1079,0.0358,1.36,C,,EXCELLENT,TOP3000,INDUSTRY,4,0.08,1,N,"group_rank(authorized_stock_buyback_amount/assets, subindustry) + group_rank(anl4_fs_detail_estimate_1qf_v4_nd_sga_median/assets, subindustry) + 0.45*group_rank(ts_av_diff(cash/assets, 45), subindustry) + 0.45*group_rank(ts_av_diff(cashflow_op/enterprise_value, 45), subindustry) + 0.5*group_rank(-ts_delta(close, 10), subindustry) + 0.5*rank(volume/ts_mean(volume, 120))"
o2_xopr_vwap_vol90,RRV7QVQn,2.58,1.95,4.53,0.1933,0.1103,0.0428,2.35,C,,GOOD,TOP3000,SUBINDUSTRY,8,0.08,1,N,"group_rank(fnd6_xopr/assets, subindustry) + rank(-ts_delta(vwap, 2)) + rank(volume/ts_mean(volume, 90))"
r6_p5_sec,akL7l22v,2.42,2.11,4.53,0.1047,0.0953,0.036,2.06,C,,EXCELLENT,TOP3000,SECTOR,12,0.08,1,N,"rank(-ts_delta(close, 2)) * rank(volume/ts_mean(volume, 60)) + group_rank(operating_expense/assets, subindustry) + group_rank(ts_av_diff(cash/assets, 30), subindustry)"
w35_n,WjPLXObd,2.58,1.95,4.53,0.1991,0.1139,0.0355,2.5,C,,GOOD,TOP3000,SUBINDUSTRY,8,0.08,1,N,"group_rank(fnd6_newqv1300_ivstq/assets, subindustry) + group_rank(fnd6_newqv1300_lol2q/assets, subindustry) + group_rank(fnd6_xrent/assets, subindustry) + group_rank(ts_av_diff(cash/assets, 30), subindustry) + group_rank(-ts_delta(close, 2), subindustry) + rank(volume/ts_mean(volume, 60))"
p5_np_ind,gJQjvq2J,2.45,2.07,4.52,0.1318,0.094,0.0346,2.15,C,,EXCELLENT,TOP3000,INDUSTRY,8,0.08,1,N,"rank(-ts_delta(close, 2)) * rank(volume/ts_mean(volume, 60)) + group_rank(operating_expense/assets, subindustry) + group_rank(ts_av_diff(cash/assets, 30), subindustry)"
w3_s8_d25,3q9lk3vP,2.41,2.11,4.52,0.0971,0.0955,0.042,2.29,C,,EXCELLENT,TOP3000,SUBINDUSTRY,25,0.08,1,N,"group_rank(-ts_delta(close, 2), subindustry) + group_rank(fnd6_xopr/assets, subindustry) + rank(volume/ts_mean(volume, 60))"
w78_c,YP5YllvM,2.59,1.93,4.52,0.2051,0.1137,0.0282,2.1,C,,GOOD,TOP3000,SUBINDUSTRY,4,0.08,1,N,"group_rank(anl4_fs_detail_estimates_advanced_af_nd_capex_std/assets, subindustry) + group_rank(anl4_fs_detail_estimate_1qf_v4_nd_cfi_low/assets, subindustry) + group_rank(ts_av_diff(cash/assets, 45), subindustry) + group_rank(ts_av_diff(cashflow_op/enterprise_value, 45), subindustry) + group_rank(-ts_delta(close, 8), subindustry) + rank(volume/ts_mean(volume, 150))"
w115_e,d5OJrkww,2.56,1.95,4.51,0.2091,0.1213,0.0358,1.69,C,,GOOD,TOP3000,SUBINDUSTRY,4,0.08,1,N,"group_rank(fnd6_tstkc/assets, bucket(rank(cap), range=""0.1, 1, 0.1"")) + group_rank(fnd6_lifr/assets, bucket(rank(cap), range=""0.1, 1, 0.1"")) + group_rank(fnd6_intc/assets, bucket(rank(cap), range=""0.1, 1, 0.1"")) + group_rank(fnd6_tfvce/assets, bucket(rank(cap), range=""0.1, 1, 0.1"")) + group_rank(ts_av_diff(cash/assets, 45), bucket(rank(cap), range=""0.1, 1, 0.1"")) + group_rank(ts_av_diff(cashflow_op/enterprise_value, 45), bucket(rank(cap), range=""0.1, 1, 0.1"")) + group_rank(-ts_delta(close, 2), bucket(rank(cap), range=""0.1, 1, 0.1"")) + group_rank(volume/ts_mean(volume, 60), bucket(rank(cap), range=""0.1, 1, 0.1""))"
w36_a,N1Qe50Mp,2.37,2.14,4.51,0.113,0.1016,0.037,1.98,C,,EXCELLENT,TOP3000,SUBINDUSTRY,40,0.08,1,N,"group_rank(fnd6_newqv1300_ivstq/assets, subindustry) + group_rank(fnd6_newqv1300_lol2q/assets, subindustry) + group_rank(fnd6_xrent/assets, subindustry) + group_rank(ts_av_diff(cash/assets, 30), subindustry) + group_rank(-ts_delta(close, 2), subindustry) + rank(volume/ts_mean(volume, 60))"
w67_d,O0rM8nNY,2.66,1.85,4.51,0.3225,0.1554,0.0301,3.13,C,,GOOD,TOP3000,INDUSTRY,2,0.08,1,N,"group_rank(liabilities_curr/assets, industry) + group_rank(-anl4_fs_detail_estimate_1qf_v4_nd_netdebt_mean/assets, industry) + group_rank(-ts_rank(close, 10), industry)"
w109_h,LL9odxav,2.74,1.76,4.5,0.2691,0.1109,0.0324,2.01,C,,GOOD,TOP3000,SUBINDUSTRY,4,0.08,1,N,"group_rank(fnd6_xintopt/assets, bucket(rank(cap), range=""0.1, 1, 0.1"")) + group_rank(anl4_fs_detail_estimate_1qf_v4_nd_totassets_mean/assets, bucket(rank(cap), range=""0.1, 1, 0.1"")) + group_rank(ts_av_diff(cash/assets, 45), bucket(rank(cap), range=""0.1, 1, 0.1"")) + group_rank(ts_av_diff(cashflow_op/enterprise_value, 45), bucket(rank(cap), range=""0.1, 1, 0.1"")) + group_rank(-ts_delta(close, 2), bucket(rank(cap), range=""0.1, 1, 0.1"")) + group_rank(volume/ts_mean(volume, 60), bucket(rank(cap), range=""0.1, 1, 0.1""))"
w110_b,58QKkXKo,2.66,1.84,4.5,0.2385,0.1137,0.029,2.34,C,,GOOD,TOP3000,SUBINDUSTRY,4,0.08,1,N,"group_rank(fnd6_xintopt/assets, bucket(rank(ts_mean(volume*close, 20)), range=""0.1, 1, 0.1"")) + group_rank(anl4_fs_detail_estimate_1qf_v4_nd_totassets_mean/assets, bucket(rank(ts_mean(volume*close, 20)), range=""0.1, 1, 0.1"")) + group_rank(-anl4_fs_detail_estimates_advanced_af_nd_capex_median/assets, bucket(rank(ts_mean(volume*close, 20)), range=""0.1, 1, 0.1"")) + group_rank(ts_av_diff(cash/assets, 45), bucket(rank(ts_mean(volume*close, 20)), range=""0.1, 1, 0.1"")) + group_rank(ts_av_diff(cashflow_op/enterprise_value, 45), bucket(rank(ts_mean(volume*close, 20)), range=""0.1, 1, 0.1"")) + group_rank(-ts_delta(close, 2), bucket(rank(ts_mean(volume*close, 20)), range=""0.1, 1, 0.1"")) + group_rank(volume/ts_mean(volume, 60), bucket(rank(ts_mean(volume*close, 20)), range=""0.1, 1, 0.1""))"
w111_f,le8wjM3n,2.67,1.83,4.5,0.2376,0.1119,0.0332,1.73,C,,GOOD,TOP3000,SUBINDUSTRY,4,0.08,1,N,"group_rank(anl4_fs_detail_estimate_1qf_v4_nd_ebit_low/assets, bucket(rank(cap), range=""0.05, 1, 0.05"")) + group_rank(anl4_fs_detail_estimate_1qf_v4_nd_totassets_median/assets, bucket(rank(cap), range=""0.05, 1, 0.05"")) + group_rank(ts_av_diff(cash/assets, 45), bucket(rank(cap), range=""0.05, 1, 0.05"")) + group_rank(ts_av_diff(cashflow_op/enterprise_value, 45), bucket(rank(cap), range=""0.05, 1, 0.05"")) + group_rank(-ts_delta(close, 2), bucket(rank(cap), range=""0.05, 1, 0.05"")) + group_rank(volume/ts_mean(volume, 60), bucket(rank(cap), range=""0.05, 1, 0.05""))"
w1_s8_rev3,blRjrZoq,2.38,2.12,4.5,0.1124,0.0991,0.0433,2.14,C,,EXCELLENT,TOP3000,SUBINDUSTRY,20,0.08,1,N,"group_rank(-ts_delta(close, 3), subindustry) + group_rank(fnd6_xopr/assets, subindustry) + rank(volume/ts_mean(volume, 60))"
w39_f,58QGA2QJ,2.4,2.1,4.5,0.0825,0.0953,0.0373,1.64,C,,EXCELLENT,TOP3000,SUBINDUSTRY,40,0.08,1,N,"group_rank(fnd6_newqv1300_ivstq/assets, subindustry) + group_rank(fnd6_xrent/assets, subindustry) + group_rank(ts_av_diff(cash/assets, 30), subindustry) + group_rank(-ts_delta(close, 3), subindustry) + rank(volume/ts_mean(volume, 60))"
f09_sector_grp,le8lQ3n7,2.53,1.96,4.49,0.2211,0.1324,0.0448,1.87,C,,GOOD,TOP3000,SUBINDUSTRY,8,0.08,1,N,"group_rank(liabilities_curr/assets, sector) + rank(-ts_delta(close, 2))"
w100_a,ZY0vk2wx,2.39,2.1,4.49,0.0797,0.0966,0.0294,1.93,C,,GOOD,TOP3000,SUBINDUSTRY,1,0.08,0,N,"trade_when(volume > adv20, group_rank(authorized_stock_buyback_amount/assets, subindustry) + group_rank(-annual_intangible_assets_net_carrying_value/assets, subindustry) + group_rank(ts_av_diff(cash/assets, 45), subindustry) + group_rank(ts_av_diff(cashflow_op/enterprise_value, 45), subindustry) + group_rank(-ts_delta(close, 10), subindustry) + rank(volume/ts_mean(volume, 120)), -1)"
w77_e,A10ExKrd,2.59,1.9,4.49,0.2195,0.1181,0.0317,1.96,C,,GOOD,TOP3000,SUBINDUSTRY,4,0.08,1,N,"group_rank(anl4_fs_detail_estimate_1qf_v4_nd_cfi_low/assets, subindustry) + group_rank(ts_av_diff(cash/assets, 45), subindustry) + group_rank(ts_av_diff(cashflow_op/enterprise_value, 45), subindustry) + group_rank(-ts_delta(close, 8), subindustry) + rank(volume/ts_mean(volume, 150))"
w87_a,Jjx27rMn,2.43,2.06,4.49,0.113,0.0901,0.0285,1.51,C,,EXCELLENT,TOP3000,SUBINDUSTRY,4,0.08,1,N,"group_rank(authorized_stock_buyback_amount/assets, subindustry) + group_rank(anl4_fs_detail_estimate_1qf_v4_nd_sga_median/assets, subindustry) + 0.35*group_rank(ts_av_diff(cash/assets, 45), subindustry) + 0.35*group_rank(ts_av_diff(cashflow_op/enterprise_value, 45), subindustry) + 0.35*group_rank(-ts_delta(close, 10), subindustry) + 0.35*rank(volume/ts_mean(volume, 120))"
w91_g,mLgN7EYp,2.43,2.06,4.49,0.113,0.0901,0.0285,1.51,C,,EXCELLENT,TOP3000,SUBINDUSTRY,4,0.03,1,N,"group_rank(authorized_stock_buyback_amount/assets, subindustry) + group_rank(anl4_fs_detail_estimate_1qf_v4_nd_sga_median/assets, subindustry) + 0.35*group_rank(ts_av_diff(cash/assets, 45), subindustry) + 0.35*group_rank(ts_av_diff(cashflow_op/enterprise_value, 45), subindustry) + 0.35*group_rank(-ts_delta(close, 10), subindustry) + 0.35*rank(volume/ts_mean(volume, 120))"
e04_liab_rev,78Z1qvnv,2.5,1.98,4.48,0.168,0.1056,0.035,1.94,C,,GOOD,TOP3000,SUBINDUSTRY,8,0.08,1,N,"group_rank(liabilities_curr / assets, subindustry) + rank(-ts_delta(close, 2))"
w101_g,MP1NKOXM,3.07,1.41,4.48,0.6581,0.1379,0.0421,2.63,C,,AVERAGE,TOP3000,SUBINDUSTRY,1,0.08,0,N,"group_rank(news_prev_day_ret, subindustry) + group_rank(ts_av_diff(cash/assets, 45), subindustry) + group_rank(ts_av_diff(cashflow_op/enterprise_value, 45), subindustry) + group_rank(-ts_delta(close, 10), subindustry) + rank(volume/ts_mean(volume, 120))"
w110_i,kqVpP8Yd,2.59,1.89,4.48,0.2079,0.1111,0.0268,1.64,C,,GOOD,TOP3000,SUBINDUSTRY,4,0.08,1,N,"group_rank(fnd6_xintopt/assets, bucket(rank(ts_mean(volume*close, 20)), range=""0.1, 1, 0.1"")) + group_rank(anl4_fs_detail_estimate_1qf_v4_nd_totassets_mean/assets, bucket(rank(ts_mean(volume*close, 20)), range=""0.1, 1, 0.1"")) + group_rank(-anl4_fs_detail_estimates_advanced_af_nd_capex_median/assets, bucket(rank(ts_mean(volume*close, 20)), range=""0.1, 1, 0.1"")) + group_rank(ts_av_diff(cash/assets, 75), bucket(rank(ts_mean(volume*close, 20)), range=""0.1, 1, 0.1"")) + group_rank(ts_av_diff(cashflow_op/enterprise_value, 60), bucket(rank(ts_mean(volume*close, 20)), range=""0.1, 1, 0.1"")) + group_rank(-ts_delta(close, 5), bucket(rank(ts_mean(volume*close, 20)), range=""0.1, 1, 0.1"")) + group_rank(volume/ts_mean(volume, 120), bucket(rank(ts_mean(volume*close, 20)), range=""0.1, 1, 0.1""))"
w118_j,gJQlJjbg,2.62,1.86,4.48,0.2165,0.1086,0.0321,2.49,C,,GOOD,TOP3000,SUBINDUSTRY,4,0.08,1,N,"group_rank(fnd6_cicurr/assets, bucket(rank(cap), range=""0.1, 1, 0.1"")) + group_rank(fnd6_newqv1300_lnoq/assets, bucket(rank(cap), range=""0.1, 1, 0.1"")) + group_rank(fnd6_newqv1300_glcea12/assets, bucket(rank(cap), range=""0.1, 1, 0.1"")) + group_rank(ts_av_diff(cash/assets, 45), bucket(rank(cap), range=""0.1, 1, 0.1"")) + group_rank(ts_av_diff(cashflow_op/enterprise_value, 45), bucket(rank(cap), range=""0.1, 1, 0.1"")) + group_rank(-ts_delta(close, 2), bucket(rank(cap), range=""0.1, 1, 0.1""))"
w76_h,78ZloP9L,2.69,1.79,4.48,0.2814,0.1252,0.0319,1.89,C,,GOOD,TOP3000,SUBINDUSTRY,3,0.08,1,N,"group_rank(anl4_fs_detail_estimate_1qf_v4_nd_sga_median/assets, subindustry) + group_rank(ts_av_diff(cash/assets, 45), industry) + group_rank(ts_av_diff(cashflow_op/enterprise_value, 45), subindustry) + group_rank(-ts_delta(close, 5), industry) + rank(volume/ts_mean(volume, 90))"
d3_d0_grev_xr_vol,3q9lO6rO,2.34,2.13,4.47,0.0821,0.1034,0.0321,1.52,C,,GOOD,TOP3000,SUBINDUSTRY,40,0.08,0,N,"group_rank(-ts_delta(close, 2), subindustry) + group_rank(fnd6_xrent/assets, subindustry) + rank(volume/ts_mean(volume, 60))"
r2_p5_d10,78Zj035x,2.41,2.06,4.47,0.1152,0.0917,0.0331,2.02,C,,EXCELLENT,TOP3000,INDUSTRY,10,0.08,1,N,"rank(-ts_delta(close, 2)) * rank(volume/ts_mean(volume, 60)) + group_rank(operating_expense/assets, subindustry) + group_rank(ts_av_diff(cash/assets, 30), subindustry)"
w110_d,xAY7Ngjm,2.84,1.63,4.47,0.377,0.1236,0.0316,3.09,C,,GOOD,TOP3000,SUBINDUSTRY,2,0.08,1,N,"group_rank(fnd6_xintopt/assets, bucket(rank(ts_mean(volume*close, 20)), range=""0.1, 1, 0.1"")) + group_rank(anl4_fs_detail_estimate_1qf_v4_nd_totassets_mean/assets, bucket(rank(ts_mean(volume*close, 20)), range=""0.1, 1, 0.1"")) + group_rank(-anl4_fs_detail_estimates_advanced_af_nd_capex_median/assets, bucket(rank(ts_mean(volume*close, 20)), range=""0.1, 1, 0.1"")) + group_rank(ts_av_diff(cash/assets, 45), bucket(rank(ts_mean(volume*close, 20)), range=""0.1, 1, 0.1"")) + group_rank(ts_av_diff(cashflow_op/enterprise_value, 45), bucket(rank(ts_mean(volume*close, 20)), range=""0.1, 1, 0.1"")) + group_rank(-ts_delta(close, 2), bucket(rank(ts_mean(volume*close, 20)), range=""0.1, 1, 0.1"")) + group_rank(volume/ts_mean(volume, 60), bucket(rank(ts_mean(volume*close, 20)), range=""0.1, 1, 0.1""))"
w115_k,XgWZApl8,3.03,1.44,4.47,0.5785,0.1312,0.048,3.42,C,,AVERAGE,TOP3000,SUBINDUSTRY,1,0.08,1,N,"group_rank(fnd6_newqv1300_fcaq/assets, bucket(rank(ts_mean(volume*close, 20)), range=""0.1, 1, 0.1"")) + group_rank(fnd6_newqv1300_tfvceq/assets, bucket(rank(ts_mean(volume*close, 20)), range=""0.1, 1, 0.1"")) + group_rank(ts_av_diff(cash/assets, 45), bucket(rank(ts_mean(volume*close, 20)), range=""0.1, 1, 0.1"")) + group_rank(ts_av_diff(cashflow_op/enterprise_value, 45), bucket(rank(ts_mean(volume*close, 20)), range=""0.1, 1, 0.1"")) + group_rank(-ts_delta(close, 2), bucket(rank(ts_mean(volume*close, 20)), range=""0.1, 1, 0.1"")) + group_rank(volume/ts_mean(volume, 60), bucket(rank(ts_mean(volume*close, 20)), range=""0.1, 1, 0.1""))"
w38_d,MP1gdNGz,2.28,2.19,4.47,0.0968,0.1153,0.0329,1.2,C,,EXCELLENT,TOP2000,SUBINDUSTRY,40,0.08,1,N,"group_rank(fnd6_xrent/assets, subindustry) + group_rank(ts_av_diff(cash/assets, 30), subindustry) + group_rank(ts_av_diff(cashflow_op/enterprise_value, 60), subindustry) + group_rank(-ts_delta(close, 2), subindustry) + rank(volume/ts_mean(volume, 60))"
t1_d0_grp_xo,1YxwGxER,2.61,1.85,4.46,0.2309,0.1163,0.0512,2.68,C,,AVERAGE,TOP3000,SUBINDUSTRY,8,0.08,0,N,"group_rank(-ts_delta(close, 2), subindustry) + group_rank(fnd6_xopr/assets, subindustry) + rank(volume/ts_mean(volume, 60))"
w76_i,e79E6jjl,2.49,1.97,4.46,0.2098,0.1313,0.0404,1.92,C,,GOOD,TOP3000,INDUSTRY,4,0.08,1,N,"group_rank(anl4_fs_detail_estimate_1qf_v4_nd_cfi_low/assets, industry) + group_rank(anl4_fs_detail_estimate_1qf_v4_nd_netdebt_high/assets, industry) + group_rank(ts_av_diff(cash/assets, 60), industry) + group_rank(ts_av_diff(cashflow_op/enterprise_value, 60), industry) + group_rank(-ts_delta(close, 5), industry) + rank(volume/ts_mean(volume, 120))"
y3_t010,6Xrl0ZlL,2.39,2.07,4.46,0.0853,0.0934,0.0416,2.32,C,,EXCELLENT,TOP3000,SUBINDUSTRY,30,0.1,1,N,"group_rank(-ts_delta(close, 2), subindustry) + group_rank(fnd6_xopr/assets, subindustry) + rank(volume/ts_mean(volume, 60))"
y4_t006,E5vlzNPJ,2.39,2.07,4.46,0.0853,0.0934,0.0416,2.32,C,,EXCELLENT,TOP3000,SUBINDUSTRY,30,0.06,1,N,"group_rank(-ts_delta(close, 2), subindustry) + group_rank(fnd6_xopr/assets, subindustry) + rank(volume/ts_mean(volume, 60))"
o4_xopr_vwap_d10,d5OjVGxx,2.49,1.96,4.45,0.1657,0.103,0.0446,2.5,C,,GOOD,TOP3000,SUBINDUSTRY,10,0.08,1,N,"group_rank(fnd6_xopr/assets, subindustry) + rank(-ts_delta(vwap, 2)) + rank(volume/ts_mean(volume, 60))"
w37_j,YP5l8n7A,2.31,2.14,4.45,0.1216,0.107,0.0343,2.55,C,,EXCELLENT,TOP3000,MARKET,20,0.08,1,N,"group_rank(fnd6_newqv1300_ivstq/assets, subindustry) + group_rank(fnd6_newqv1300_lol2q/assets, subindustry) + group_rank(fnd6_xrent/assets, subindustry) + group_rank(ts_av_diff(cash/assets, 30), subindustry) + group_rank(-ts_delta(close, 2), subindustry) + rank(volume/ts_mean(volume, 60))"
w39_g,d5O9z2qx,2.37,2.08,4.45,0.0815,0.0962,0.0377,1.59,C,,EXCELLENT,TOP3000,SUBINDUSTRY,40,0.08,1,N,"group_rank(fnd6_newqv1300_ivstq/assets, subindustry) + group_rank(fnd6_xrent/assets, subindustry) + group_rank(ts_av_diff(cash/assets, 30), subindustry) + group_rank(-ts_delta(close, 4), subindustry) + rank(volume/ts_mean(volume, 60))"
x7_s8_d30,Jjx7z0w2,2.39,2.06,4.45,0.0853,0.0933,0.0416,2.32,C,,EXCELLENT,TOP3000,SUBINDUSTRY,30,0.08,1,N,"group_rank(-ts_delta(close, 2), subindustry) + group_rank(fnd6_xopr/assets, subindustry) + rank(volume/ts_mean(volume, 60))"
r1_p5_d6,E5vlYzQL,2.49,1.95,4.44,0.158,0.0971,0.0347,2.35,C,,GOOD,TOP3000,INDUSTRY,6,0.08,1,N,"rank(-ts_delta(close, 2)) * rank(volume/ts_mean(volume, 60)) + group_rank(operating_expense/assets, subindustry) + group_rank(ts_av_diff(cash/assets, 30), subindustry)"
w112_f,WjPrPL0G,2.63,1.81,4.44,0.2469,0.1164,0.0361,2.42,C,,GOOD,TOP3000,SUBINDUSTRY,4,0.08,1,N,"group_rank(fnd6_tstkc/assets, bucket(rank(ts_std_dev(returns, 20)), range=""0.1, 1, 0.1"")) + group_rank(anl4_fs_detail_estimate_1qf_v4_nd_ebit_low/assets, bucket(rank(ts_std_dev(returns, 20)), range=""0.1, 1, 0.1"")) + group_rank(ts_av_diff(cash/assets, 45), bucket(rank(ts_std_dev(returns, 20)), range=""0.1, 1, 0.1"")) + group_rank(ts_av_diff(cashflow_op/enterprise_value, 45), bucket(rank(ts_std_dev(returns, 20)), range=""0.1, 1, 0.1"")) + group_rank(-ts_delta(close, 2), bucket(rank(ts_std_dev(returns, 20)), range=""0.1, 1, 0.1"")) + group_rank(volume/ts_mean(volume, 60), bucket(rank(ts_std_dev(returns, 20)), range=""0.1, 1, 0.1""))"
w119_c,WjPZ1PpP,2.69,1.75,4.44,0.2526,0.1066,0.0402,2.63,C,,GOOD,TOP3000,SUBINDUSTRY,4,0.08,1,N,"group_rank(fnd6_newqv1300_lnoq/assets, bucket(rank(ebitda/enterprise_value), range=""0.1, 1, 0.1"")) + group_rank(fnd6_newqv1300_glcea12/assets, bucket(rank(ebitda/enterprise_value), range=""0.1, 1, 0.1"")) + group_rank(fnd6_tstkc/assets, bucket(rank(ebitda/enterprise_value), range=""0.1, 1, 0.1"")) + group_rank(ts_av_diff(cash/assets, 45), bucket(rank(ebitda/enterprise_value), range=""0.1, 1, 0.1"")) + group_rank(ts_av_diff(cashflow_op/enterprise_value, 45), bucket(rank(ebitda/enterprise_value), range=""0.1, 1, 0.1"")) + group_rank(-ts_delta(close, 2), bucket(rank(ebitda/enterprise_value), range=""0.1, 1, 0.1""))"
w60_g,rK597g61,2.71,1.73,4.44,0.3715,0.1519,0.0446,3.06,C,,GOOD,TOP3000,SUBINDUSTRY,3,0.08,1,N,"group_rank(fnd6_newqv1300_ivstq/assets, subindustry) + group_rank(fnd6_xrent/assets, subindustry) + group_rank(ts_av_diff(cashflow_op/enterprise_value, 45), subindustry) + group_rank(-ts_delta(close, 2), subindustry) + rank(volume/ts_mean(volume, 60))"
s10_grp_pw,2rOlGd9Z,2.38,2.05,4.43,0.1344,0.0998,0.0312,2.75,C,,EXCELLENT,TOP3000,INDUSTRY,12,0.08,1,N,"group_rank(-ts_delta(close, 2), subindustry) + group_rank(-ts_mean(abs(returns)/volume, 20), subindustry) + group_rank(operating_expense/assets, subindustry)"
w109_d,58QKOAgJ,2.64,1.79,4.43,0.2375,0.1096,0.0296,2.07,C,,GOOD,TOP3000,SUBINDUSTRY,4,0.08,1,N,"group_rank(fnd6_xintopt/assets, bucket(rank(cap), range=""0.2, 1, 0.2"")) + group_rank(anl4_fs_detail_estimate_1qf_v4_nd_totassets_mean/assets, bucket(rank(cap), range=""0.2, 1, 0.2"")) + group_rank(-anl4_fs_detail_estimates_advanced_af_nd_capex_median/assets, bucket(rank(cap), range=""0.2, 1, 0.2"")) + group_rank(ts_av_diff(cash/assets, 45), bucket(rank(cap), range=""0.2, 1, 0.2"")) + group_rank(ts_av_diff(cashflow_op/enterprise_value, 45), bucket(rank(cap), range=""0.2, 1, 0.2"")) + group_rank(-ts_delta(close, 2), bucket(rank(cap), range=""0.2, 1, 0.2"")) + group_rank(volume/ts_mean(volume, 60), bucket(rank(cap), range=""0.2, 1, 0.2""))"
w121_g,3q9NME20,2.53,1.9,4.43,0.1966,0.1112,0.042,1.99,C,,GOOD,TOP3000,SUBINDUSTRY,4,0.08,1,N,"group_rank(fnd6_tstkc/assets, bucket(rank(ts_rank(cap, 250)), range=""0.1, 1, 0.1"")) + group_rank(fnd6_cicurr/assets, bucket(rank(ts_rank(cap, 250)), range=""0.1, 1, 0.1"")) + group_rank(fnd6_intc/assets, bucket(rank(ts_rank(cap, 250)), range=""0.1, 1, 0.1"")) + group_rank(ts_av_diff(cash/assets, 45), bucket(rank(ts_rank(cap, 250)), range=""0.1, 1, 0.1"")) + group_rank(ts_av_diff(cashflow_op/enterprise_value, 45), bucket(rank(ts_rank(cap, 250)), range=""0.1, 1, 0.1"")) + group_rank(-ts_delta(close, 2), bucket(rank(ts_rank(cap, 250)), range=""0.1, 1, 0.1"")) + 0.5*group_rank(if_else(rank(ts_regression(rank(returns), rank(vec_avg(anl4_basicdetailrec_ratingvalue)), 120, lag=0, rettype=2))>0.6, -ts_av_diff(vec_avg(anl4_basicdetailrec_ratingvalue), 120), 0), bucket(rank(ts_rank(cap, 250)), range=""0.1, 1, 0.1""))"
w77_f,akLGaMox,2.64,1.79,4.43,0.2537,0.1162,0.0295,1.79,C,,GOOD,TOP3000,SUBINDUSTRY,3,0.08,1,N,"group_rank(anl4_fs_detail_estimate_1qf_v4_nd_sga_median/assets, subindustry) + group_rank(anl4_fs_detail_estimate_1qf_v4_nd_totgw_median/assets, subindustry) + group_rank(ts_av_diff(cash/assets, 45), industry) + group_rank(ts_av_diff(cashflow_op/enterprise_value, 45), subindustry) + group_rank(-ts_delta(close, 5), industry) + rank(volume/ts_mean(volume, 90))"
f12_vwap_rev,1YxdalNW,2.47,1.95,4.42,0.1678,0.1047,0.0362,1.83,C,,GOOD,TOP3000,SUBINDUSTRY,8,0.08,1,N,"group_rank(liabilities_curr/assets, subindustry) + rank(-ts_delta(vwap, 2))"
i05_amb_opex,pwPlK163,2.4,2.02,4.42,0.1426,0.1014,0.0343,3.09,C,,EXCELLENT,TOP3000,SUBINDUSTRY,8,0.08,1,N,"group_rank(-ts_mean(abs(returns)/volume, 20), subindustry) + group_rank(operating_expense/assets, subindustry) + rank(-ts_delta(close, 2))"
r4_p5_t006,QP37jPO5,2.39,2.03,4.42,0.1037,0.0906,0.0323,1.88,C,,EXCELLENT,TOP3000,INDUSTRY,12,0.06,1,N,"rank(-ts_delta(close, 2)) * rank(volume/ts_mean(volume, 60)) + group_rank(operating_expense/assets, subindustry) + group_rank(ts_av_diff(cash/assets, 30), subindustry)"
r5_p5_t010,E5vlbAo0,2.39,2.03,4.42,0.1037,0.0905,0.0323,1.88,C,,EXCELLENT,TOP3000,INDUSTRY,12,0.1,1,N,"rank(-ts_delta(close, 2)) * rank(volume/ts_mean(volume, 60)) + group_rank(operating_expense/assets, subindustry) + group_rank(ts_av_diff(cash/assets, 30), subindustry)"
w106_a,Vk6bQrQ8,2.62,1.8,4.42,0.2357,0.1112,0.0326,1.42,C,,GOOD,TOP3000,SUBINDUSTRY,4,0.08,1,N,"group_rank(fnd6_xintopt/assets, subindustry) + group_rank(anl4_fs_detail_estimate_1qf_v4_nd_totassets_mean/assets, subindustry) + group_rank(ts_av_diff(cash/assets, 75), subindustry) + group_rank(ts_av_diff(cashflow_op/enterprise_value, 60), subindustry) + group_rank(-ts_delta(close, 5), subindustry) + rank(volume/ts_mean(volume, 120))"
w65_c,P0ZYqrqE,2.83,1.59,4.42,0.4143,0.1303,0.0396,2.99,C,,GOOD,TOP3000,SUBINDUSTRY,2,0.08,1,N,"group_rank(anl4_fs_detail_estimate_1qf_v4_nd_ptpr_mean/assets, subindustry) + group_rank(fnd6_txtubxintis/assets, subindustry) + group_rank(ts_av_diff(cash/assets, 30), subindustry) + group_rank(ts_av_diff(cashflow_op/enterprise_value, 45), subindustry) + group_rank(-ts_delta(close, 2), subindustry) + rank(volume/ts_mean(volume, 60))"
w118_a,d5OM2KXE,2.58,1.83,4.41,0.2252,0.1134,0.0337,2.06,C,,GOOD,TOP3000,SUBINDUSTRY,4,0.08,1,N,"group_rank(fnd6_lifr/assets, bucket(rank(ts_mean(volume*close, 60)), range=""0.1, 1, 0.1"")) + group_rank(fnd6_tfvce/assets, bucket(rank(ts_mean(volume*close, 60)), range=""0.1, 1, 0.1"")) + group_rank(fnd6_newqv1300_xoptq/assets, bucket(rank(ts_mean(volume*close, 60)), range=""0.1, 1, 0.1"")) + group_rank(ts_av_diff(cash/assets, 45), bucket(rank(ts_mean(volume*close, 60)), range=""0.1, 1, 0.1"")) + group_rank(ts_av_diff(cashflow_op/enterprise_value, 45), bucket(rank(ts_mean(volume*close, 60)), range=""0.1, 1, 0.1"")) + group_rank(-ts_delta(close, 2), bucket(rank(ts_mean(volume*close, 60)), range=""0.1, 1, 0.1""))"
w118_d,YP5VjRzJ,2.64,1.77,4.41,0.2325,0.1049,0.0366,2.21,C,,GOOD,TOP3000,SUBINDUSTRY,4,0.08,1,N,"group_rank(fnd6_cicurr/assets, bucket(rank(inventory/assets), range=""0.1, 1, 0.1"")) + group_rank(fnd6_newqv1300_xoptq/assets, bucket(rank(inventory/assets), range=""0.1, 1, 0.1"")) + group_rank(fnd6_newqv1300_fcaq/assets, bucket(rank(inventory/assets), range=""0.1, 1, 0.1"")) + group_rank(ts_av_diff(cash/assets, 45), bucket(rank(inventory/assets), range=""0.1, 1, 0.1"")) + group_rank(ts_av_diff(cashflow_op/enterprise_value, 45), bucket(rank(inventory/assets), range=""0.1, 1, 0.1"")) + group_rank(-ts_delta(close, 2), bucket(rank(inventory/assets), range=""0.1, 1, 0.1""))"
w65_b,rK5NEp6j,2.82,1.59,4.41,0.4123,0.131,0.0387,2.75,C,,GOOD,TOP3000,SUBINDUSTRY,2,0.08,1,N,"group_rank(anl4_fs_detail_estimate_1qf_v4_nd_ptpr_median/assets, subindustry) + group_rank(fnd6_txtubxintis/assets, subindustry) + group_rank(ts_av_diff(cash/assets, 45), subindustry) + group_rank(ts_av_diff(cashflow_op/enterprise_value, 45), subindustry) + group_rank(-ts_delta(close, 2), subindustry) + rank(volume/ts_mean(volume, 60))"
w65_e,gJQgwb7v,2.82,1.59,4.41,0.4125,0.1314,0.039,2.77,C,,GOOD,TOP3000,SUBINDUSTRY,2,0.08,1,N,"group_rank(anl4_fs_detail_estimate_1qf_v4_nd_ptpr_high/assets, subindustry) + group_rank(fnd6_txtubxintis/assets, subindustry) + group_rank(ts_av_diff(cash/assets, 45), subindustry) + group_rank(ts_av_diff(cashflow_op/enterprise_value, 45), subindustry) + group_rank(-ts_delta(close, 2), subindustry) + rank(volume/ts_mean(volume, 60))"
w78_i,kqV9v3dP,2.51,1.9,4.41,0.1985,0.1139,0.0325,1.81,C,,GOOD,TOP3000,SUBINDUSTRY,4,0.08,1,N,"group_rank(anl4_fs_detail_estimate_1qf_v4_nd_netdebt_high/assets, subindustry) + group_rank(anl4_fs_detail_estimate_1qf_v4_nd_cfi_low/assets, subindustry) + group_rank(ts_av_diff(cash/assets, 75), subindustry) + group_rank(ts_av_diff(cashflow_op/enterprise_value, 45), subindustry) + group_rank(-ts_delta(close, 8), subindustry) + rank(volume/ts_mean(volume, 120))"
w83_e,blRKqE26,2.54,1.87,4.41,0.2398,0.1297,0.0471,1.89,C,,GOOD,TOP3000,SUBINDUSTRY,4,0.08,1,N,"group_rank(authorized_stock_buyback_amount/assets, subindustry) + group_rank(ts_av_diff(cashflow_op/enterprise_value, 45), subindustry) + group_rank(-ts_delta(close, 10), subindustry) + rank(volume/ts_mean(volume, 120))"
p4_np_mkt,Vk67nkXY,2.34,2.06,4.4,0.1356,0.1054,0.0547,2.67,C,,EXCELLENT,TOP3000,MARKET,8,0.08,1,N,"rank(-ts_delta(close, 2)) * rank(volume/ts_mean(volume, 60)) + group_rank(operating_expense/assets, subindustry) + group_rank(ts_av_diff(cash/assets, 30), subindustry)"
w109_g,GrdjepNP,2.56,1.84,4.4,0.2071,0.1065,0.0259,1.41,C,,GOOD,TOP3000,SUBINDUSTRY,4,0.08,1,N,"group_rank(fnd6_xintopt/assets, bucket(rank(cap), range=""0.1, 1, 0.1"")) + group_rank(anl4_fs_detail_estimate_1qf_v4_nd_totassets_mean/assets, bucket(rank(cap), range=""0.1, 1, 0.1"")) + group_rank(-anl4_fs_detail_estimates_advanced_af_nd_capex_median/assets, bucket(rank(cap), range=""0.1, 1, 0.1"")) + group_rank(ts_av_diff(cash/assets, 75), bucket(rank(cap), range=""0.1, 1, 0.1"")) + group_rank(ts_av_diff(cashflow_op/enterprise_value, 60), bucket(rank(cap), range=""0.1, 1, 0.1"")) + group_rank(-ts_delta(close, 5), bucket(rank(cap), range=""0.1, 1, 0.1"")) + group_rank(volume/ts_mean(volume, 120), bucket(rank(cap), range=""0.1, 1, 0.1""))"
w74_h,rK585G9E,2.65,1.75,4.4,0.2656,0.1163,0.029,1.72,C,,GOOD,TOP3000,SUBINDUSTRY,3,0.08,1,N,"group_rank(anl4_fs_detail_estimate_1qf_v4_nd_sga_median/assets, subindustry) + group_rank(anl4_fs_detail_estimate_1qf_v4_nd_totgw_median/assets, subindustry) + group_rank(ts_av_diff(cash/assets, 45), subindustry) + group_rank(ts_av_diff(cashflow_op/enterprise_value, 45), subindustry) + group_rank(-ts_delta(close, 5), subindustry) + rank(volume/ts_mean(volume, 90))"
w109_c,RRVx896n,2.63,1.76,4.39,0.2393,0.1076,0.0294,2.05,C,,GOOD,TOP3000,SUBINDUSTRY,4,0.08,1,N,"group_rank(fnd6_xintopt/assets, bucket(rank(cap), range=""0.05, 1, 0.05"")) + group_rank(anl4_fs_detail_estimate_1qf_v4_nd_totassets_mean/assets, bucket(rank(cap), range=""0.05, 1, 0.05"")) + group_rank(-anl4_fs_detail_estimates_advanced_af_nd_capex_median/assets, bucket(rank(cap), range=""0.05, 1, 0.05"")) + group_rank(ts_av_diff(cash/assets, 45), bucket(rank(cap), range=""0.05, 1, 0.05"")) + group_rank(ts_av_diff(cashflow_op/enterprise_value, 45), bucket(rank(cap), range=""0.05, 1, 0.05"")) + group_rank(-ts_delta(close, 2), bucket(rank(cap), range=""0.05, 1, 0.05"")) + group_rank(volume/ts_mean(volume, 60), bucket(rank(cap), range=""0.05, 1, 0.05""))"
w62_f,rK5NKRYd,2.78,1.61,4.39,0.4719,0.1579,0.0718,3.79,C,,GOOD,TOP3000,SUBINDUSTRY,2,0.08,1,N,"group_rank(fnd6_dxd2/assets, subindustry) + group_rank(ts_av_diff(cash/assets, 45), subindustry) + group_rank(ts_av_diff(cashflow_op/enterprise_value, 45), subindustry) + group_rank(-ts_delta(close, 2), subindustry) + rank(volume/ts_mean(volume, 60))"
w64_e,883EgXQV,2.81,1.58,4.39,0.4123,0.1309,0.0387,2.74,C,,GOOD,TOP3000,SUBINDUSTRY,2,0.08,1,N,"group_rank(anl4_fs_detail_estimate_1qf_v4_nd_ptpr_mean/assets, subindustry) + group_rank(fnd6_txtubxintis/assets, subindustry) + group_rank(ts_av_diff(cash/assets, 45), subindustry) + group_rank(ts_av_diff(cashflow_op/enterprise_value, 45), subindustry) + group_rank(-ts_delta(close, 2), subindustry) + rank(volume/ts_mean(volume, 60))"
l03_k02_cash,npK7xbrq,2.39,1.99,4.38,0.1271,0.0884,0.0342,2.0,C,,GOOD,TOP3000,SUBINDUSTRY,8,0.08,1,N,"rank(-ts_delta(close, 2)) * rank(volume/ts_mean(volume, 60)) + group_rank(operating_expense/assets, subindustry) + group_rank(ts_av_diff(cash/assets, 30), subindustry)"
y1_d35,d5Ojz1kK,2.36,2.02,4.38,0.0768,0.0916,0.0413,2.33,C,,EXCELLENT,TOP3000,SUBINDUSTRY,35,0.08,1,N,"group_rank(-ts_delta(close, 2), subindustry) + group_rank(fnd6_xopr/assets, subindustry) + rank(volume/ts_mean(volume, 60))"
n03_xopr_int,le8jqgo8,2.39,1.98,4.37,0.1237,0.086,0.0417,2.23,C,,GOOD,TOP3000,SUBINDUSTRY,8,0.08,1,N,"rank(-ts_delta(close, 2)) * rank(volume/ts_mean(volume, 60)) + group_rank(fnd6_xopr/assets, subindustry)"
p2_pw_ind,akL73wMO,2.3,2.07,4.37,0.1127,0.101,0.0378,2.64,C,,EXCELLENT,TOP3000,INDUSTRY,12,0.08,1,N,"group_rank(-ts_mean(abs(returns)/volume, 20), subindustry) + group_rank(operating_expense/assets, subindustry) + rank(-ts_delta(close, 2))"
w2_s8_rev4,gJQjgO1Q,2.31,2.06,4.37,0.1104,0.0995,0.0441,2.05,C,,EXCELLENT,TOP3000,SUBINDUSTRY,20,0.08,1,N,"group_rank(-ts_delta(close, 4), subindustry) + group_rank(fnd6_xopr/assets, subindustry) + rank(volume/ts_mean(volume, 60))"
w40_a,QP3Wz9zg,2.3,2.07,4.37,0.0841,0.1017,0.0402,0.72,C,,EXCELLENT,TOP3000,SUBINDUSTRY,40,0.08,1,N,"group_rank(fnd6_newqv1300_mibtq/assets, subindustry) + group_rank(fnd6_xrent/assets, subindustry) + group_rank(ts_av_diff(cash/assets, 30), subindustry) + group_rank(-ts_delta(close, 2), subindustry) + rank(volume/ts_mean(volume, 60))"
w67_b,d5O31wJw,2.57,1.8,4.37,0.3369,0.1651,0.046,2.41,C,,GOOD,TOP3000,INDUSTRY,2,0.08,1,N,"group_rank(liabilities_curr/assets, industry) + group_rank(-anl4_fs_detail_estimate_1qf_v4_nd_sga_median/assets, industry) + group_rank(-ts_rank(close, 10), industry)"
w111_h,N1QE73Zo,2.6,1.76,4.36,0.2515,0.1147,0.0337,2.22,C,,GOOD,TOP3000,SUBINDUSTRY,4,0.08,1,N,"group_rank(anl4_fs_detail_estimate_1qf_v4_nd_ebitda_median/assets, bucket(rank(cap), range=""0.1, 1, 0.1"")) + group_rank(-anl4_fs_detail_estimate_1qf_v4_nd_fcf_low/assets, bucket(rank(cap), range=""0.1, 1, 0.1"")) + group_rank(ts_av_diff(cash/assets, 45), bucket(rank(cap), range=""0.1, 1, 0.1"")) + group_rank(ts_av_diff(cashflow_op/enterprise_value, 45), bucket(rank(cap), range=""0.1, 1, 0.1"")) + group_rank(-ts_delta(close, 2), bucket(rank(cap), range=""0.1, 1, 0.1"")) + group_rank(volume/ts_mean(volume, 60), bucket(rank(cap), range=""0.1, 1, 0.1""))"
w115_c,xAY7oGrn,2.51,1.85,4.36,0.2524,0.1372,0.0521,1.91,C,,GOOD,TOP3000,SECTOR,4,0.08,1,N,"group_rank(fnd6_intc/assets, bucket(rank(cap), range=""0.1, 1, 0.1"")) + group_rank(fnd6_tfvce/assets, bucket(rank(cap), range=""0.1, 1, 0.1"")) + group_rank(ts_av_diff(cash/assets, 45), bucket(rank(cap), range=""0.1, 1, 0.1"")) + group_rank(ts_av_diff(cashflow_op/enterprise_value, 45), bucket(rank(cap), range=""0.1, 1, 0.1"")) + group_rank(-ts_delta(close, 2), bucket(rank(cap), range=""0.1, 1, 0.1"")) + group_rank(volume/ts_mean(volume, 60), bucket(rank(cap), range=""0.1, 1, 0.1""))"
w120_r,MP1rjMj9,2.53,1.83,4.36,0.2089,0.1097,0.0417,2.08,C,,GOOD,TOP3000,SUBINDUSTRY,4,0.08,1,N,"group_rank(fnd6_tstkc/assets, bucket(rank(ts_rank(cap, 250)), range=""0.1, 1, 0.1"")) + group_rank(fnd6_cicurr/assets, bucket(rank(ts_rank(cap, 250)), range=""0.1, 1, 0.1"")) + group_rank(fnd6_intc/assets, bucket(rank(ts_rank(cap, 250)), range=""0.1, 1, 0.1"")) + group_rank(ts_av_diff(cash/assets, 45), bucket(rank(ts_rank(cap, 250)), range=""0.1, 1, 0.1"")) + group_rank(ts_av_diff(cashflow_op/enterprise_value, 45), bucket(rank(ts_rank(cap, 250)), range=""0.1, 1, 0.1"")) + group_rank(-ts_delta(close, 2), bucket(rank(ts_rank(cap, 250)), range=""0.1, 1, 0.1"")) + group_rank(if_else(rank(ts_regression(rank(returns), rank(vec_avg(anl4_basicdetailrec_ratingvalue)), 120, lag=0, rettype=2))>0.6, -ts_av_diff(vec_avg(anl4_basicdetailrec_ratingvalue), 120), 0), bucket(rank(ts_rank(cap, 250)), range=""0.1, 1, 0.1""))"
w65_d,zqY2QQa8,2.75,1.61,4.36,0.3712,0.128,0.0389,2.33,C,,GOOD,TOP3000,SUBINDUSTRY,2,0.08,1,N,"group_rank(anl4_fs_detail_estimate_1qf_v4_nd_ptpr_mean/assets, subindustry) + group_rank(fnd6_txtubxintis/assets, subindustry) + group_rank(ts_av_diff(cash/assets, 45), subindustry) + group_rank(ts_av_diff(cashflow_op/enterprise_value, 45), subindustry) + group_rank(-ts_delta(close, 3), subindustry) + rank(volume/ts_mean(volume, 60))"
w67_e,XgWvJ9Na,2.48,1.88,4.36,0.2699,0.1549,0.0381,2.47,C,,GOOD,TOP3000,INDUSTRY,3,0.08,1,N,"group_rank(anl4_fs_detail_estimate_1qf_v4_nd_ptpr_mean/assets, industry) + group_rank(ts_av_diff(cashflow_op/enterprise_value, 45), industry) + group_rank(-ts_rank(close, 10), industry)"
w68_a,9qVdGqg1,2.48,1.88,4.36,0.2653,0.1532,0.0385,2.41,C,,GOOD,TOP3000,INDUSTRY,3,0.08,1,N,"group_rank(anl4_fs_detail_estimate_1qf_v4_nd_ptpr_mean/assets, industry) + group_rank(ts_av_diff(cashflow_op/enterprise_value, 60), industry) + group_rank(-ts_rank(close, 10), industry)"
y8_rev1_d30,1YxwPYoX,2.37,1.99,4.36,0.0869,0.0885,0.0398,2.18,C,,GOOD,TOP3000,SUBINDUSTRY,30,0.08,1,N,"group_rank(-ts_delta(close, 1), subindustry) + group_rank(fnd6_xopr/assets, subindustry) + rank(volume/ts_mean(volume, 60))"
w65_a,O0rMq0Wv,2.68,1.67,4.35,0.3194,0.1247,0.037,2.29,C,,GOOD,TOP3000,SUBINDUSTRY,3,0.08,1,N,"group_rank(anl4_fs_detail_estimate_1qf_v4_nd_ptpr_mean/assets, subindustry) + group_rank(fnd6_txtubxintis/assets, subindustry) + group_rank(ts_av_diff(cash/assets, 45), subindustry) + group_rank(ts_av_diff(cashflow_op/enterprise_value, 45), subindustry) + group_rank(-ts_delta(close, 2), subindustry) + rank(volume/ts_mean(volume, 60))"
w96_c,A1081j6E,2.66,1.69,4.35,0.3839,0.1557,0.0525,3.04,C,,AVERAGE,TOP3000,SUBINDUSTRY,1,0.08,0,N,"group_rank(authorized_stock_buyback_amount/assets, subindustry) + group_rank(-annual_intangible_assets_net_carrying_value/assets, subindustry) + group_rank(-ts_delta(close, 120)/assets, subindustry) + group_rank(ts_av_diff(cash/assets, 45), subindustry) + group_rank(ts_av_diff(cashflow_op/enterprise_value, 45), subindustry) + group_rank(-ts_delta(close, 10), subindustry) + rank(volume/ts_mean(volume, 120))"
m09_xopr_vol,883lo1m7,2.5,1.84,4.34,0.196,0.1056,0.0474,2.56,C,,GOOD,TOP3000,SUBINDUSTRY,8,0.08,1,N,"group_rank(fnd6_xopr/assets, subindustry) + rank(-ts_delta(close, 2)) + rank(volume/ts_mean(volume, 60))"
w65_f,vRkpxElz,2.59,1.75,4.34,0.2622,0.1197,0.0381,1.96,C,,GOOD,TOP3000,SUBINDUSTRY,4,0.08,1,N,"group_rank(anl4_fs_detail_estimate_1qf_v4_nd_ptpr_mean/assets, subindustry) + group_rank(fnd6_txtubxintis/assets, subindustry) + group_rank(ts_av_diff(cash/assets, 45), subindustry) + group_rank(ts_av_diff(cashflow_op/enterprise_value, 45), subindustry) + group_rank(-ts_delta(close, 2), subindustry) + rank(volume/ts_mean(volume, 60))"
n02_xopr_vwap,QP37JW0G,2.5,1.83,4.33,0.1965,0.1055,0.047,2.57,C,,GOOD,TOP3000,SUBINDUSTRY,8,0.08,1,N,"group_rank(fnd6_xopr/assets, subindustry) + rank(-ts_delta(vwap, 2)) + rank(volume/ts_mean(volume, 60))"
r3_p5_d14,QP37qxbG,2.35,1.98,4.33,0.0953,0.0888,0.0338,1.82,C,,GOOD,TOP3000,INDUSTRY,14,0.08,1,N,"rank(-ts_delta(close, 2)) * rank(volume/ts_mean(volume, 60)) + group_rank(operating_expense/assets, subindustry) + group_rank(ts_av_diff(cash/assets, 30), subindustry)"
w69_b,3q9kPP1Q,2.58,1.75,4.33,0.3292,0.1522,0.0464,2.66,C,,GOOD,TOP3000,INDUSTRY,3,0.08,1,N,"group_rank(-anl4_fs_detail_estimate_1qf_v4_nd_netdebt_mean/assets, industry) + group_rank(ts_av_diff(cashflow_op/enterprise_value, 45), industry) + group_rank(-ts_delta(close, 5), industry) + rank(volume/ts_mean(volume, 90))"
w74_b,mLgQjWEX,2.55,1.78,4.33,0.2837,0.1377,0.043,1.47,C,,GOOD,TOP3000,INDUSTRY,3,0.08,1,N,"group_rank(anl4_fs_detail_estimate_1qf_v4_nd_sga_median/assets, industry) + group_rank(ts_av_diff(cash/assets, 45), industry) + group_rank(ts_av_diff(cashflow_op/enterprise_value, 45), industry) + group_rank(-ts_delta(close, 5), industry) + rank(volume/ts_mean(volume, 90))"
w74_c,blRARE9K,2.82,1.51,4.33,0.4513,0.1293,0.0423,3.24,C,,GOOD,TOP3000,SUBINDUSTRY,2,0.08,1,N,"group_rank(anl4_fs_detail_estimate_1qf_v4_nd_totgw_median/assets, subindustry) + group_rank(ts_av_diff(cash/assets, 45), subindustry) + group_rank(ts_av_diff(cashflow_op/enterprise_value, 45), subindustry) + group_rank(-ts_delta(close, 2), subindustry) + rank(volume/ts_mean(volume, 60))"
d2_d0_grev5_xo_vol,vRkjb0Vd,2.3,2.02,4.32,0.068,0.0968,0.0461,2.4,C,,GOOD,TOP3000,SUBINDUSTRY,40,0.08,0,N,"group_rank(-ts_delta(close, 5), subindustry) + group_rank(fnd6_xopr/assets, subindustry) + rank(volume/ts_mean(volume, 60))"
s8_grp_xo,P0Z75k3q,2.55,1.77,4.32,0.2303,0.1113,0.0476,2.57,C,,GOOD,TOP3000,SUBINDUSTRY,8,0.08,1,N,"group_rank(-ts_delta(close, 2), subindustry) + group_rank(fnd6_xopr/assets, subindustry) + rank(volume/ts_mean(volume, 60))"
w76_b,P0ZKMapL,2.49,1.83,4.32,0.2119,0.1142,0.0297,1.94,C,,GOOD,TOP3000,SUBINDUSTRY,4,0.08,1,N,"group_rank(anl4_fs_detail_estimate_1qf_v4_nd_cfi_low/assets, subindustry) + group_rank(ts_av_diff(cash/assets, 45), subindustry) + group_rank(ts_av_diff(cashflow_op/enterprise_value, 45), subindustry) + group_rank(-ts_delta(close, 10), subindustry) + rank(volume/ts_mean(volume, 120))"
w76_j,2rOeAzk8,2.77,1.55,4.32,0.3944,0.1237,0.0343,2.84,C,,GOOD,TOP3000,SUBINDUSTRY,2,0.08,1,N,"trade_when(ts_rank(volume, 5) > 0.2, group_rank(anl4_fs_detail_estimate_1qf_v4_nd_totgw_median/assets, subindustry) + group_rank(ts_av_diff(cash/assets, 45), subindustry) + group_rank(ts_av_diff(cashflow_op/enterprise_value, 45), subindustry) + group_rank(-ts_delta(close, 2), subindustry) + rank(volume/ts_mean(volume, 60)), -1)"
w82_d,zqYL9ZJd,2.47,1.85,4.32,0.2023,0.1139,0.0303,1.85,C,,GOOD,TOP3000,SUBINDUSTRY,4,0.08,1,N,"group_rank(anl4_fs_detail_estimate_1qf_v4_nd_cfi_low/assets, subindustry) + group_rank(anl4_fs_detail_estimate_1qf_v4_nd_sga_median/assets, bucket(rank(volume), range=""0,1,0.33"")) + group_rank(ts_av_diff(cash/assets, 45), subindustry) + group_rank(ts_av_diff(cashflow_op/enterprise_value, 45), subindustry) + group_rank(-ts_delta(close, 10), subindustry) + rank(volume/ts_mean(volume, 120))"
w87_h,xAYEYdRq,2.35,1.97,4.32,0.0899,0.0874,0.029,1.43,C,,GOOD,TOP3000,SUBINDUSTRY,6,0.08,1,N,"group_rank(authorized_stock_buyback_amount/assets, subindustry) + group_rank(anl4_fs_detail_estimate_1qf_v4_nd_sga_median/assets, subindustry) + 0.35*group_rank(ts_av_diff(cash/assets, 45), subindustry) + 0.35*group_rank(ts_av_diff(cashflow_op/enterprise_value, 45), subindustry) + 0.35*group_rank(-ts_delta(close, 10), subindustry) + 0.35*rank(volume/ts_mean(volume, 120))"
j09_interact,om6NxxKb,2.32,1.99,4.31,0.1291,0.0948,0.0287,1.39,C,,GOOD,TOP3000,SUBINDUSTRY,8,0.08,1,N,"rank(-ts_delta(close, 2)) * rank(volume/ts_mean(volume, 60)) + group_rank(fnd6_xrent/assets, subindustry)"
w109_a,P0ZL37rq,2.77,1.54,4.31,0.3768,0.1168,0.0275,2.83,C,,GOOD,TOP3000,SUBINDUSTRY,2,0.08,1,N,"group_rank(fnd6_xintopt/assets, bucket(rank(cap), range=""0.1, 1, 0.1"")) + group_rank(anl4_fs_detail_estimate_1qf_v4_nd_totassets_mean/assets, bucket(rank(cap), range=""0.1, 1, 0.1"")) + group_rank(-anl4_fs_detail_estimates_advanced_af_nd_capex_median/assets, bucket(rank(cap), range=""0.1, 1, 0.1"")) + group_rank(ts_av_diff(cash/assets, 45), bucket(rank(cap), range=""0.1, 1, 0.1"")) + group_rank(ts_av_diff(cashflow_op/enterprise_value, 45), bucket(rank(cap), range=""0.1, 1, 0.1"")) + group_rank(-ts_delta(close, 2), bucket(rank(cap), range=""0.1, 1, 0.1"")) + group_rank(volume/ts_mean(volume, 60), bucket(rank(cap), range=""0.1, 1, 0.1""))"
w112_a,KPOAOXEE,2.51,1.8,4.31,0.2437,0.126,0.0381,1.52,C,,GOOD,TOP3000,SUBINDUSTRY,4,0.08,1,N,"group_rank(fnd6_tstkc/assets, bucket(rank(cap), range=""0.1, 1, 0.1"")) + group_rank(anl4_fs_detail_estimate_1qf_v4_nd_ebit_low/assets, bucket(rank(cap), range=""0.1, 1, 0.1"")) + group_rank(ts_av_diff(cash/assets, 45), bucket(rank(cap), range=""0.1, 1, 0.1"")) + group_rank(ts_av_diff(cashflow_op/enterprise_value, 45), bucket(rank(cap), range=""0.1, 1, 0.1"")) + group_rank(-ts_delta(close, 2), bucket(rank(cap), range=""0.1, 1, 0.1"")) + group_rank(volume/ts_mean(volume, 60), bucket(rank(cap), range=""0.1, 1, 0.1""))"
w113_f,XgWZb8Oa,2.32,1.99,4.31,0.1388,0.1025,0.0409,0.75,C,,GOOD,TOP3000,SUBINDUSTRY,4,0.08,1,N,"group_rank(fnd6_tstkc/assets, bucket(rank(cap), range=""0.1, 1, 0.1"")) + group_rank(fnd6_lifr/assets, bucket(rank(cap), range=""0.1, 1, 0.1"")) + group_rank(ts_av_diff(cash/assets, 45), bucket(rank(cap), range=""0.1, 1, 0.1"")) + group_rank(ts_av_diff(cashflow_op/enterprise_value, 45), bucket(rank(cap), range=""0.1, 1, 0.1"")) + 0.5*group_rank(-ts_delta(close, 10), bucket(rank(cap), range=""0.1, 1, 0.1"")) + 0.5*group_rank(volume/ts_mean(volume, 120), bucket(rank(cap), range=""0.1, 1, 0.1""))"
w40_f,zqYAGLvR,2.21,2.1,4.31,0.089,0.113,0.0389,0.94,C,,EXCELLENT,TOP3000,SUBINDUSTRY,40,0.08,1,N,"group_rank(fnd6_newqv1300_mibtq/assets, subindustry) + group_rank(fnd6_xrent/assets, subindustry) + group_rank(ts_av_diff(cashflow_op/enterprise_value, 60), subindustry) + group_rank(-ts_delta(close, 2), subindustry) + rank(volume/ts_mean(volume, 60))"
w68_h,KPO5vmEg,2.4,1.91,4.31,0.2314,0.1473,0.037,2.22,C,,GOOD,TOP3000,INDUSTRY,4,0.08,1,N,"group_rank(anl4_fs_detail_estimate_1qf_v4_nd_ptpr_mean/assets, industry) + group_rank(ts_av_diff(cashflow_op/enterprise_value, 45), industry) + group_rank(-ts_rank(close, 10), industry)"
w118_f,xAYLAgOW,2.54,1.76,4.3,0.2191,0.1047,0.0409,1.77,C,,GOOD,TOP3000,SUBINDUSTRY,4,0.08,1,N,"group_rank(fnd6_lifr/assets, bucket(rank(cash/assets), range=""0.1, 1, 0.1"")) + group_rank(fnd6_newqv1300_txdbq/assets, bucket(rank(cash/assets), range=""0.1, 1, 0.1"")) + group_rank(fnd6_intc/assets, bucket(rank(cash/assets), range=""0.1, 1, 0.1"")) + group_rank(ts_av_diff(cash/assets, 45), bucket(rank(cash/assets), range=""0.1, 1, 0.1"")) + group_rank(ts_av_diff(cashflow_op/enterprise_value, 45), bucket(rank(cash/assets), range=""0.1, 1, 0.1"")) + group_rank(-ts_delta(close, 2), bucket(rank(cash/assets), range=""0.1, 1, 0.1""))"
w35_k,YP5xkNzR,2.42,1.88,4.3,0.2037,0.1225,0.0366,0.92,C,,GOOD,TOP1000,SUBINDUSTRY,8,0.08,1,N,"group_rank(fnd6_xrent/assets, subindustry) + group_rank(ts_av_diff(cash/assets, 30), subindustry) + group_rank(ts_av_diff(cashflow_op/enterprise_value, 60), subindustry) + group_rank(-ts_delta(close, 2), subindustry) + rank(volume/ts_mean(volume, 60))"
w85_h,wpYvaEZp,2.38,1.92,4.3,0.1697,0.1108,0.04,1.77,C,,GOOD,TOP3000,SUBINDUSTRY,6,0.08,1,N,"group_rank(authorized_stock_buyback_amount/assets, subindustry) + group_rank(-annual_intangible_assets_net_carrying_value/assets, subindustry) + group_rank(-ts_delta(close, 10), subindustry) + rank(volume/ts_mean(volume, 120))"
w64_f,le856bwO,2.76,1.53,4.29,0.4169,0.1281,0.0393,2.9,C,,GOOD,TOP3000,SUBINDUSTRY,2,0.08,1,N,"group_rank(-anl4_fs_detail_estimate_1qf_v4_nd_sga_median/assets, subindustry) + group_rank(fnd6_txtubxintis/assets, subindustry) + group_rank(ts_av_diff(cash/assets, 45), subindustry) + group_rank(ts_av_diff(cashflow_op/enterprise_value, 45), subindustry) + group_rank(-ts_delta(close, 2), subindustry) + rank(volume/ts_mean(volume, 60))"
l08_k04_ind,58QlnjpM,2.27,2.01,4.28,0.1485,0.1165,0.0608,2.14,C,,EXCELLENT,TOP3000,INDUSTRY,8,0.08,1,N,"group_rank(fnd6_mfma2_revt/assets, subindustry) + group_rank(-ts_mean(abs(returns)/volume, 20), subindustry) + rank(-ts_delta(close, 2))"
w111_d,1Yx3wgqk,2.54,1.74,4.28,0.2519,0.1181,0.0434,2.41,C,,GOOD,TOP3000,SUBINDUSTRY,4,0.08,1,N,"group_rank(anl4_fs_detail_estimate_1qf_v4_nd_ebitda_median/assets, bucket(rank(ts_mean(volume*close, 20)), range=""0.1, 1, 0.1"")) + group_rank(-anl4_fs_detail_estimate_1qf_v4_nd_fcf_low/assets, bucket(rank(ts_mean(volume*close, 20)), range=""0.1, 1, 0.1"")) + group_rank(ts_av_diff(cash/assets, 45), bucket(rank(ts_mean(volume*close, 20)), range=""0.1, 1, 0.1"")) + group_rank(ts_av_diff(cashflow_op/enterprise_value, 45), bucket(rank(ts_mean(volume*close, 20)), range=""0.1, 1, 0.1"")) + group_rank(-ts_delta(close, 2), bucket(rank(ts_mean(volume*close, 20)), range=""0.1, 1, 0.1"")) + group_rank(volume/ts_mean(volume, 60), bucket(rank(ts_mean(volume*close, 20)), range=""0.1, 1, 0.1""))"
w119_b,akL0jNj1,2.6,1.68,4.28,0.2311,0.0961,0.0316,2.95,C,,GOOD,TOP3000,SUBINDUSTRY,4,0.08,1,N,"group_rank(fnd6_cicurr/assets, bucket(rank(cashflow_op/assets), range=""0.1, 1, 0.1"")) + group_rank(fnd6_newqv1300_xoptq/assets, bucket(rank(cashflow_op/assets), range=""0.1, 1, 0.1"")) + group_rank(fnd6_tfvce/assets, bucket(rank(cashflow_op/assets), range=""0.1, 1, 0.1"")) + group_rank(ts_av_diff(cash/assets, 45), bucket(rank(cashflow_op/assets), range=""0.1, 1, 0.1"")) + group_rank(ts_av_diff(cashflow_op/enterprise_value, 45), bucket(rank(cashflow_op/assets), range=""0.1, 1, 0.1"")) + group_rank(-ts_delta(close, 2), bucket(rank(cashflow_op/assets), range=""0.1, 1, 0.1""))"
w37_f,wpYN38Z1,2.32,1.96,4.28,0.1628,0.1164,0.0362,0.87,C,,GOOD,TOP1000,SUBINDUSTRY,12,0.08,1,N,"group_rank(fnd6_xrent/assets, subindustry) + group_rank(ts_av_diff(cash/assets, 30), subindustry) + group_rank(ts_av_diff(cashflow_op/enterprise_value, 60), subindustry) + group_rank(-ts_delta(close, 2), subindustry) + rank(volume/ts_mean(volume, 60))"
w74_i,akLGLQL9,2.77,1.51,4.28,0.4528,0.1354,0.0418,2.89,C,,GOOD,TOP3000,SUBINDUSTRY,2,0.08,1,N,"group_rank(anl4_fs_actuals_basic_qf_nd_div_value/assets, subindustry) + group_rank(ts_av_diff(cash/assets, 45), subindustry) + group_rank(ts_av_diff(cashflow_op/enterprise_value, 45), subindustry) + group_rank(-ts_delta(close, 2), subindustry) + rank(volume/ts_mean(volume, 60))"
w77_d,d5OvWMlx,2.47,1.81,4.28,0.2135,0.1146,0.0307,1.9,C,,GOOD,TOP3000,SUBINDUSTRY,4,0.08,1,N,"group_rank(anl4_fs_detail_estimate_1qf_v4_nd_cfi_low/assets, subindustry) + group_rank(ts_av_diff(cash/assets, 45), industry) + group_rank(ts_av_diff(cashflow_op/enterprise_value, 45), subindustry) + group_rank(-ts_delta(close, 10), subindustry) + rank(volume/ts_mean(volume, 120))"
a3_g02_d40,om6qZ3Qm,2.27,2.0,4.27,0.0734,0.0966,0.0346,1.42,C,,GOOD,TOP3000,SUBINDUSTRY,40,0.08,1,N,"group_rank(fnd6_xrent/assets, subindustry) + rank(-ts_delta(close, 2)) + rank(volume/ts_mean(volume, 60))"
w83_b,A102woAW,2.47,1.8,4.27,0.217,0.1149,0.0413,1.94,C,,GOOD,TOP3000,SUBINDUSTRY,4,0.08,1,N,"group_rank(authorized_stock_buyback_amount/assets, subindustry) + group_rank(-annual_intangible_assets_net_carrying_value/assets, subindustry) + group_rank(-ts_delta(close, 10), subindustry) + rank(volume/ts_mean(volume, 120))"
w112_g,xAY7YbKp,2.51,1.75,4.26,0.2439,0.1181,0.035,2.11,C,,GOOD,TOP3000,SUBINDUSTRY,4,0.08,1,N,"group_rank(fnd6_cicurr/assets, bucket(rank(ts_mean(volume*close, 20)), range=""0.1, 1, 0.1"")) + group_rank(-anl4_fs_detail_estimate_1qf_v4_nd_fcf_low/assets, bucket(rank(ts_mean(volume*close, 20)), range=""0.1, 1, 0.1"")) + group_rank(ts_av_diff(cash/assets, 45), bucket(rank(ts_mean(volume*close, 20)), range=""0.1, 1, 0.1"")) + group_rank(ts_av_diff(cashflow_op/enterprise_value, 45), bucket(rank(ts_mean(volume*close, 20)), range=""0.1, 1, 0.1"")) + group_rank(-ts_delta(close, 2), bucket(rank(ts_mean(volume*close, 20)), range=""0.1, 1, 0.1"")) + group_rank(volume/ts_mean(volume, 60), bucket(rank(ts_mean(volume*close, 20)), range=""0.1, 1, 0.1""))"
w116_l,KPOAAz2x,2.43,1.83,4.26,0.1912,0.1088,0.0347,1.74,C,,AVERAGE,TOP3000,SUBINDUSTRY,4,0.08,0,N,"group_rank(fnd6_tstkc/assets, bucket(rank(cap), range=""0.1, 1, 0.1"")) + group_rank(fnd6_lifr/assets, bucket(rank(cap), range=""0.1, 1, 0.1"")) + group_rank(fnd6_cicurr/assets, bucket(rank(cap), range=""0.1, 1, 0.1"")) + group_rank(ts_av_diff(cash/assets, 45), bucket(rank(cap), range=""0.1, 1, 0.1"")) + group_rank(ts_av_diff(cashflow_op/enterprise_value, 45), bucket(rank(cap), range=""0.1, 1, 0.1"")) + group_rank(-ts_delta(close, 2), bucket(rank(cap), range=""0.1, 1, 0.1""))"
w32_k,O0rJObeJ,2.25,2.01,4.26,0.1426,0.1136,0.0623,1.77,C,,EXCELLENT,TOP3000,SUBINDUSTRY,8,0.08,1,N,"group_rank(fnd6_mfma2_revt/assets, subindustry) + group_rank(ts_av_diff(cash/assets, 30), subindustry) + group_rank(fnd6_xopr/assets, subindustry) + group_rank(-ts_delta(close, 2), subindustry) + rank(volume/ts_mean(volume, 60))"
w65_h,Vk6mEdg0,2.64,1.62,4.26,0.3237,0.1222,0.0377,2.47,C,,GOOD,TOP3000,SUBINDUSTRY,3,0.08,1,N,"group_rank(-anl4_fs_detail_estimate_1qf_v4_nd_sga_median/assets, subindustry) + group_rank(fnd6_txtubxintis/assets, subindustry) + group_rank(ts_av_diff(cash/assets, 45), subindustry) + group_rank(ts_av_diff(cashflow_op/enterprise_value, 45), subindustry) + group_rank(-ts_delta(close, 2), subindustry) + rank(volume/ts_mean(volume, 60))"
w76_f,mLgQYaVK,2.38,1.88,4.26,0.2149,0.1342,0.0485,1.52,C,,GOOD,TOP3000,INDUSTRY,4,0.08,1,N,"group_rank(anl4_fs_detail_estimate_1qf_v4_nd_netdebt_high/assets, industry) + group_rank(ts_av_diff(cash/assets, 60), industry) + group_rank(ts_av_diff(cashflow_op/enterprise_value, 75), industry) + group_rank(-ts_delta(close, 8), industry) + rank(volume/ts_mean(volume, 120))"
w77_c,rK58Rx8E,2.46,1.8,4.26,0.2092,0.1125,0.031,1.92,C,,GOOD,TOP3000,SUBINDUSTRY,4,0.08,1,N,"group_rank(anl4_fs_detail_estimate_1qf_v4_nd_cfi_low/assets, subindustry) + group_rank(ts_av_diff(cash/assets, 45), subindustry) + group_rank(ts_av_diff(cashflow_op/enterprise_value, 60), subindustry) + group_rank(-ts_delta(close, 10), subindustry) + rank(volume/ts_mean(volume, 120))"
d4_d1_grev_xo_vol120,A10l5PKQ,2.29,1.96,4.25,0.0683,0.0914,0.0438,1.87,C,,GOOD,TOP3000,SUBINDUSTRY,40,0.08,1,N,"group_rank(-ts_delta(close, 2), subindustry) + group_rank(fnd6_xopr/assets, subindustry) + rank(volume/ts_mean(volume, 120))"
w121_i,Jjx9VOze,2.48,1.77,4.25,0.2079,0.1054,0.0384,1.99,C,,GOOD,TOP3000,SUBINDUSTRY,4,0.08,1,N,"group_rank(fnd6_tstkc/assets, bucket(rank(ts_rank(cap, 250)), range=""0.1, 1, 0.1"")) + group_rank(fnd6_cicurr/assets, bucket(rank(ts_rank(cap, 250)), range=""0.1, 1, 0.1"")) + group_rank(fnd6_intc/assets, bucket(rank(ts_rank(cap, 250)), range=""0.1, 1, 0.1"")) + group_rank(ts_av_diff(cash/assets, 45), bucket(rank(ts_rank(cap, 250)), range=""0.1, 1, 0.1"")) + group_rank(ts_av_diff(cashflow_op/enterprise_value, 45), bucket(rank(ts_rank(cap, 250)), range=""0.1, 1, 0.1"")) + group_rank(-ts_delta(close, 2), bucket(rank(ts_rank(cap, 250)), range=""0.1, 1, 0.1"")) + group_rank(if_else(rank(ts_regression(rank(returns), rank(vec_avg(anl4_basicdetailrec_ratingvalue)), 120, lag=0, rettype=3))>0.6, -ts_av_diff(vec_avg(anl4_basicdetailrec_ratingvalue), 120), 0), bucket(rank(ts_rank(cap, 250)), range=""0.1, 1, 0.1""))"
w58_e,883VvlzX,2.66,1.59,4.25,0.3958,0.1406,0.0635,3.6,C,,GOOD,TOP3000,SUBINDUSTRY,3,0.08,1,N,"group_rank(fnd6_newqv1300_cimiiq/assets, subindustry) + group_rank(ts_av_diff(cash/assets, 45), subindustry) + group_rank(ts_av_diff(cashflow_op/enterprise_value, 45), subindustry) + group_rank(-ts_delta(close, 2), subindustry) + rank(volume/ts_mean(volume, 60))"
w77_h,d5Ova1gE,2.36,1.89,4.25,0.2066,0.1327,0.0437,1.49,C,,GOOD,TOP3000,INDUSTRY,4,0.08,1,N,"group_rank(anl4_fs_detail_estimate_1qf_v4_nd_netdebt_high/assets, industry) + group_rank(ts_av_diff(cash/assets, 75), industry) + group_rank(ts_av_diff(cashflow_op/enterprise_value, 60), industry) + group_rank(-ts_delta(close, 10), industry) + rank(volume/ts_mean(volume, 120))"
w87_b,kqVYj9X6,2.33,1.92,4.25,0.101,0.0848,0.028,1.44,C,,GOOD,TOP3000,SUBINDUSTRY,4,0.08,1,N,"group_rank(authorized_stock_buyback_amount/assets, subindustry) + group_rank(anl4_fs_detail_estimate_1qf_v4_nd_sga_median/assets, subindustry) + 0.3*group_rank(ts_av_diff(cash/assets, 45), subindustry) + 0.3*group_rank(ts_av_diff(cashflow_op/enterprise_value, 45), subindustry) + 0.3*group_rank(-ts_delta(close, 10), subindustry) + 0.3*rank(volume/ts_mean(volume, 120))"
w91_f,kqVMGzQ8,2.33,1.92,4.25,0.101,0.0848,0.028,1.44,C,,GOOD,TOP3000,SUBINDUSTRY,4,0.08,1,N,"group_rank(authorized_stock_buyback_amount/assets, subindustry) + group_rank(anl4_fs_detail_estimate_1qf_v4_nd_sga_median/assets, subindustry) + 0.30*group_rank(ts_av_diff(cash/assets, 45), subindustry) + 0.30*group_rank(ts_av_diff(cashflow_op/enterprise_value, 45), subindustry) + 0.30*group_rank(-ts_delta(close, 10), subindustry) + 0.30*rank(volume/ts_mean(volume, 120))"
w110_c,E5vnGJjK,2.76,1.48,4.24,0.3797,0.109,0.0319,2.93,C,,AVERAGE,TOP3000,SUBINDUSTRY,2,0.08,1,N,"group_rank(fnd6_xintopt/assets, bucket(rank(ts_std_dev(returns, 20)), range=""0.1, 1, 0.1"")) + group_rank(anl4_fs_detail_estimate_1qf_v4_nd_totassets_mean/assets, bucket(rank(ts_std_dev(returns, 20)), range=""0.1, 1, 0.1"")) + group_rank(-anl4_fs_detail_estimates_advanced_af_nd_capex_median/assets, bucket(rank(ts_std_dev(returns, 20)), range=""0.1, 1, 0.1"")) + group_rank(ts_av_diff(cash/assets, 45), bucket(rank(ts_std_dev(returns, 20)), range=""0.1, 1, 0.1"")) + group_rank(ts_av_diff(cashflow_op/enterprise_value, 45), bucket(rank(ts_std_dev(returns, 20)), range=""0.1, 1, 0.1"")) + group_rank(-ts_delta(close, 2), bucket(rank(ts_std_dev(returns, 20)), range=""0.1, 1, 0.1"")) + group_rank(volume/ts_mean(volume, 60), bucket(rank(ts_std_dev(returns, 20)), range=""0.1, 1, 0.1""))"
w59_b,le8EAJLO,2.73,1.51,4.24,0.4708,0.1438,0.0501,2.91,C,,GOOD,TOP3000,SUBINDUSTRY,2,0.08,1,N,"group_rank(fnd6_newqv1300_cimiiq/assets, subindustry) + group_rank(ts_av_diff(cash/assets, 45), subindustry) + group_rank(ts_av_diff(cashflow_op/enterprise_value, 45), subindustry) + group_rank(-ts_delta(close, 2), subindustry) + rank(volume/ts_mean(volume, 60)) + group_rank(ts_av_diff(anl4_fs_detail_estimate_1qf_v4_nd_totassets_median/assets, 60), subindustry)"
w67_a,vRkp2VRv,2.48,1.76,4.24,0.3085,0.1558,0.0427,1.89,C,,GOOD,TOP3000,INDUSTRY,2,0.08,1,N,"group_rank(liabilities_curr/assets, industry) + group_rank(anl4_fs_detail_estimate_1qf_v4_nd_ptpr_mean/assets, industry) + group_rank(-ts_rank(close, 10), industry)"
w82_b,KPO2Lz08,2.21,2.03,4.24,0.1065,0.1058,0.0425,1.11,C,,EXCELLENT,TOP3000,SUBINDUSTRY,4,0.08,1,N,"ts_decay_linear(group_rank(anl4_fs_detail_estimate_1qf_v4_nd_rd_exp_high/assets, subindustry) + group_rank(anl4_fs_detail_estimate_1qf_v4_nd_netdebt_high/assets, subindustry) + group_rank(ts_av_diff(cash/assets, 45), subindustry) + group_rank(ts_av_diff(cashflow_op/enterprise_value, 45), subindustry) + group_rank(-ts_delta(close, 10), subindustry) + rank(volume/ts_mean(volume, 120)), 10)"
w87_d,Grd7dq80,2.32,1.92,4.24,0.0934,0.0853,0.0283,1.43,C,,GOOD,TOP3000,SUBINDUSTRY,4,0.08,1,N,"group_rank(authorized_stock_buyback_amount/assets, subindustry) + group_rank(anl4_fs_detail_estimate_1qf_v4_nd_sga_median/assets, subindustry) + 0.4*group_rank(ts_av_diff(cash/assets, 45), subindustry) + 0.4*group_rank(ts_av_diff(cashflow_op/enterprise_value, 45), subindustry) + 0.25*group_rank(-ts_delta(close, 10), subindustry) + 0.25*rank(volume/ts_mean(volume, 120))"
w34_n,GrdgvGOP,2.48,1.75,4.23,0.2183,0.1086,0.0385,0.1,C,,GOOD,TOP1000,SUBINDUSTRY,8,0.08,1,N,"group_rank(fnd6_xrent/assets, subindustry) + group_rank(ts_av_diff(cash/assets, 30), subindustry) + group_rank(-ts_delta(close, 2), subindustry) + rank(volume/ts_mean(volume, 60))"
w58_b,xAYV1mnp,2.74,1.49,4.23,0.4976,0.1463,0.0636,3.83,C,,AVERAGE,TOP3000,SUBINDUSTRY,2,0.08,1,N,"group_rank(fnd6_newqv1300_cimiiq/assets, subindustry) + group_rank(ts_av_diff(cash/assets, 45), subindustry) + group_rank(ts_av_diff(cashflow_op/enterprise_value, 45), subindustry) + group_rank(-ts_delta(close, 2), subindustry) + rank(volume/ts_mean(volume, 60))"
w58_g,vRkZO1qw,2.74,1.49,4.23,0.4975,0.1463,0.0637,3.82,C,,AVERAGE,TOP3000,SUBINDUSTRY,2,0.1,1,N,"group_rank(fnd6_newqv1300_cimiiq/assets, subindustry) + group_rank(ts_av_diff(cash/assets, 45), subindustry) + group_rank(ts_av_diff(cashflow_op/enterprise_value, 45), subindustry) + group_rank(-ts_delta(close, 2), subindustry) + rank(volume/ts_mean(volume, 60))"
w110_h,blR0Q6oZ,2.5,1.72,4.22,0.2094,0.0996,0.0271,1.57,C,,GOOD,TOP3000,SUBINDUSTRY,4,0.08,1,N,"group_rank(fnd6_xintopt/assets, bucket(rank(ts_std_dev(returns, 20)), range=""0.1, 1, 0.1"")) + group_rank(anl4_fs_detail_estimate_1qf_v4_nd_totassets_mean/assets, bucket(rank(ts_std_dev(returns, 20)), range=""0.1, 1, 0.1"")) + group_rank(-anl4_fs_detail_estimates_advanced_af_nd_capex_median/assets, bucket(rank(ts_std_dev(returns, 20)), range=""0.1, 1, 0.1"")) + group_rank(ts_av_diff(cash/assets, 75), bucket(rank(ts_std_dev(returns, 20)), range=""0.1, 1, 0.1"")) + group_rank(ts_av_diff(cashflow_op/enterprise_value, 60), bucket(rank(ts_std_dev(returns, 20)), range=""0.1, 1, 0.1"")) + group_rank(-ts_delta(close, 5), bucket(rank(ts_std_dev(returns, 20)), range=""0.1, 1, 0.1"")) + group_rank(volume/ts_mean(volume, 120), bucket(rank(ts_std_dev(returns, 20)), range=""0.1, 1, 0.1""))"
w37_a,RRVexN1d,2.22,2.0,4.22,0.1257,0.1019,0.0462,1.17,C,,GOOD,TOP3000,SUBINDUSTRY,20,0.08,1,N,"group_rank(fnd6_newqv1300_cimiiq/assets, subindustry) + group_rank(fnd6_newqv1300_mibtq/assets, subindustry) + group_rank(fnd6_xrent/assets, subindustry) + group_rank(ts_av_diff(cash/assets, 30), subindustry) + group_rank(-ts_delta(close, 2), subindustry) + rank(volume/ts_mean(volume, 60))"
w60_c,RRV9Ewa1,2.72,1.5,4.22,0.481,0.146,0.0622,3.39,C,,AVERAGE,TOP3000,SUBINDUSTRY,2,0.08,1,N,"group_rank(fnd6_newqv1300_mibtq/assets, subindustry) + group_rank(ts_av_diff(cash/assets, 45), subindustry) + group_rank(ts_av_diff(cashflow_op/enterprise_value, 45), subindustry) + group_rank(-ts_delta(close, 2), subindustry) + rank(volume/ts_mean(volume, 60))"
w76_g,qMWVEYzP,2.69,1.53,4.22,0.4021,0.1309,0.0402,2.48,C,,GOOD,TOP3000,SUBINDUSTRY,2,0.08,1,N,"trade_when(ts_rank(volume, 5) > 0.2, group_rank(anl4_fs_actuals_basic_qf_nd_div_value/assets, subindustry) + group_rank(ts_av_diff(cash/assets, 45), industry) + group_rank(ts_av_diff(cashflow_op/enterprise_value, 45), subindustry) + group_rank(-ts_delta(close, 2), subindustry) + rank(volume/ts_mean(volume, 60)), -1)"
w77_i,LL93K5JL,2.45,1.77,4.22,0.2213,0.1153,0.0356,1.81,C,,GOOD,TOP3000,SUBINDUSTRY,4,0.08,1,N,"group_rank(anl4_fs_detail_estimates_advanced_af_nd_capex_std/assets, subindustry) + group_rank(ts_av_diff(cash/assets, 45), industry) + group_rank(ts_av_diff(cashflow_op/enterprise_value, 45), subindustry) + group_rank(-ts_delta(close, 10), subindustry) + rank(volume/ts_mean(volume, 120))"
w79_i,xAY57eRn,2.42,1.8,4.22,0.2003,0.1104,0.0402,1.6,C,,GOOD,TOP3000,SUBINDUSTRY,4,0.08,1,N,"group_rank(anl4_fs_detail_estimates_advanced_af_nd_capex_std/assets, subindustry) + group_rank(anl4_fs_actuals_basic_qf_nd_div_value/assets, subindustry) + group_rank(ts_av_diff(cash/assets, 75), subindustry) + group_rank(ts_av_diff(cashflow_op/enterprise_value, 60), subindustry) + group_rank(-ts_delta(close, 8), subindustry) + rank(volume/ts_mean(volume, 150))"
o1_xopr_vwap3,3q9lr9K0,2.42,1.79,4.21,0.1927,0.1055,0.0454,2.3,C,,GOOD,TOP3000,SUBINDUSTRY,8,0.08,1,N,"group_rank(fnd6_xopr/assets, subindustry) + rank(-ts_delta(vwap, 3)) + rank(volume/ts_mean(volume, 60))"
w118_e,3q9Kqr7e,2.53,1.68,4.21,0.2246,0.0995,0.0264,2.18,C,,GOOD,TOP3000,SUBINDUSTRY,4,0.08,1,N,"group_rank(fnd6_intc/assets, bucket(rank(sga_expense/sales), range=""0.1, 1, 0.1"")) + group_rank(fnd6_newqv1300_glcea12/assets, bucket(rank(sga_expense/sales), range=""0.1, 1, 0.1"")) + group_rank(fnd6_tstkc/assets, bucket(rank(sga_expense/sales), range=""0.1, 1, 0.1"")) + group_rank(ts_av_diff(cash/assets, 45), bucket(rank(sga_expense/sales), range=""0.1, 1, 0.1"")) + group_rank(ts_av_diff(cashflow_op/enterprise_value, 45), bucket(rank(sga_expense/sales), range=""0.1, 1, 0.1"")) + group_rank(-ts_delta(close, 2), bucket(rank(sga_expense/sales), range=""0.1, 1, 0.1""))"
w39_d,qMW5YOWE,2.29,1.92,4.21,0.0844,0.0883,0.0363,1.65,C,,GOOD,TOP3000,SUBINDUSTRY,40,0.08,1,N,"group_rank(fnd6_newqv1300_ivstq/assets, subindustry) + group_rank(fnd6_xrent/assets, subindustry) + group_rank(ts_av_diff(cash/assets, 30), subindustry) + group_rank(-ts_delta(close, 2), subindustry) + rank(volume/ts_mean(volume, 40))"
w66_e,A10r3d5d,2.72,1.48,4.2,0.412,0.1228,0.038,2.73,C,,AVERAGE,TOP3000,SUBINDUSTRY,2,0.08,1,N,"group_rank(anl4_fs_detail_estimate_1qf_v4_nd_totgw_median/assets, subindustry) + group_rank(fnd6_txtubxintis/assets, subindustry) + group_rank(ts_av_diff(cash/assets, 45), subindustry) + group_rank(ts_av_diff(cashflow_op/enterprise_value, 45), subindustry) + group_rank(-ts_delta(close, 2), subindustry) + rank(volume/ts_mean(volume, 60))"
f10_mult_strc,Vk6P2G00,2.41,1.78,4.19,0.1904,0.1039,0.0338,1.71,C,,GOOD,TOP3000,SUBINDUSTRY,8,0.08,1,N,"group_rank(liabilities_curr/assets, subindustry) * rank(-ts_delta(close, 2))"
h06_xc_w5,A10P3RLY,2.26,1.93,4.19,0.1488,0.1087,0.035,1.01,C,,GOOD,TOP3000,SUBINDUSTRY,8,0.08,1,N,"group_rank(fnd6_xrent/assets, subindustry) + group_rank(ts_av_diff(cash/assets, 30), subindustry) + rank(-ts_delta(close, 5))"
w32_e,A10Qjn3Q,2.44,1.75,4.19,0.2339,0.1209,0.0386,1.68,C,,GOOD,TOP3000,SUBINDUSTRY,8,0.08,1,N,"group_rank(fnd6_xrent/assets, subindustry) + group_rank(ts_av_diff(cash/assets, 30), subindustry) + group_rank(fnd6_newqv1300_lnoq/assets, subindustry) + group_rank(-ts_delta(close, 2), subindustry) + rank(volume/ts_mean(volume, 60))"
w48_i,A10e7Zag,2.23,1.96,4.19,0.1416,0.1089,0.0392,2.49,C,,GOOD,TOP3000,SUBINDUSTRY,21,0.15,1,N,"group_rank(fnd6_newqv1300_cimiiq/assets, subindustry) + group_rank(ts_av_diff(cash/assets, 30), subindustry) + group_rank(ts_av_diff(cashflow_op/enterprise_value, 60), subindustry) + group_rank(-ts_delta(close, 2), subindustry) + rank(volume/ts_mean(volume, 60))"
w32_h,A10QjL3l,2.39,1.79,4.18,0.2133,0.1191,0.0452,2.15,C,,GOOD,TOP3000,SUBINDUSTRY,8,0.08,1,N,"group_rank(fnd6_xrent/assets, subindustry) + group_rank(ts_av_diff(cash/assets, 30), subindustry) + group_rank(fnd6_newqv1300_lol2q/assets, subindustry) + group_rank(-ts_delta(close, 2), subindustry) + rank(volume/ts_mean(volume, 60))"
w78_g,MP1VdqRk,2.4,1.78,4.18,0.1964,0.1083,0.0366,1.71,C,,GOOD,TOP3000,SUBINDUSTRY,4,0.08,1,N,"group_rank(anl4_fs_detail_estimates_advanced_af_nd_capex_std/assets, subindustry) + group_rank(anl4_fs_detail_estimate_1qf_v4_nd_sga_median/assets, subindustry) + group_rank(ts_av_diff(cash/assets, 45), subindustry) + group_rank(ts_av_diff(cashflow_op/enterprise_value, 75), subindustry) + group_rank(-ts_delta(close, 10), subindustry) + rank(volume/ts_mean(volume, 120))"
a1_o3_d40,P0Z7Kj0x,2.27,1.9,4.17,0.0619,0.0878,0.0408,2.29,C,,GOOD,TOP3000,SUBINDUSTRY,40,0.08,1,N,"group_rank(fnd6_xopr/assets, subindustry) + rank(-ts_delta(vwap, 3)) + rank(volume/ts_mean(volume, 60))"
d6_d0_grev5_xr_vol,MP17nYN8,2.17,2.0,4.17,0.0789,0.1066,0.0367,1.41,C,,GOOD,TOP3000,SUBINDUSTRY,40,0.08,0,N,"group_rank(-ts_delta(close, 5), subindustry) + group_rank(fnd6_xrent/assets, subindustry) + rank(volume/ts_mean(volume, 60))"
r7_n2_d6,YP57mQ6o,2.5,1.67,4.17,0.2441,0.1087,0.0554,2.7,C,,GOOD,TOP3000,SUBINDUSTRY,6,0.08,1,N,"group_rank(fnd6_xopr/assets, subindustry) + rank(-ts_delta(vwap, 2)) + rank(volume/ts_mean(volume, 60))"
w109_b,YP530vzR,2.83,1.34,4.17,0.5337,0.1193,0.0296,3.23,C,,AVERAGE,TOP3000,SUBINDUSTRY,1,0.08,1,N,"group_rank(fnd6_xintopt/assets, bucket(rank(cap), range=""0.1, 1, 0.1"")) + group_rank(anl4_fs_detail_estimate_1qf_v4_nd_totassets_mean/assets, bucket(rank(cap), range=""0.1, 1, 0.1"")) + group_rank(-anl4_fs_detail_estimates_advanced_af_nd_capex_median/assets, bucket(rank(cap), range=""0.1, 1, 0.1"")) + group_rank(ts_av_diff(cash/assets, 45), bucket(rank(cap), range=""0.1, 1, 0.1"")) + group_rank(ts_av_diff(cashflow_op/enterprise_value, 45), bucket(rank(cap), range=""0.1, 1, 0.1"")) + group_rank(-ts_delta(close, 2), bucket(rank(cap), range=""0.1, 1, 0.1"")) + group_rank(volume/ts_mean(volume, 60), bucket(rank(cap), range=""0.1, 1, 0.1""))"
w110_a,E5vne9bR,2.54,1.63,4.17,0.2402,0.0995,0.0293,2.11,C,,GOOD,TOP3000,SUBINDUSTRY,4,0.08,1,N,"group_rank(fnd6_xintopt/assets, bucket(rank(ts_std_dev(returns, 20)), range=""0.1, 1, 0.1"")) + group_rank(anl4_fs_detail_estimate_1qf_v4_nd_totassets_mean/assets, bucket(rank(ts_std_dev(returns, 20)), range=""0.1, 1, 0.1"")) + group_rank(-anl4_fs_detail_estimates_advanced_af_nd_capex_median/assets, bucket(rank(ts_std_dev(returns, 20)), range=""0.1, 1, 0.1"")) + group_rank(ts_av_diff(cash/assets, 45), bucket(rank(ts_std_dev(returns, 20)), range=""0.1, 1, 0.1"")) + group_rank(ts_av_diff(cashflow_op/enterprise_value, 45), bucket(rank(ts_std_dev(returns, 20)), range=""0.1, 1, 0.1"")) + group_rank(-ts_delta(close, 2), bucket(rank(ts_std_dev(returns, 20)), range=""0.1, 1, 0.1"")) + group_rank(volume/ts_mean(volume, 60), bucket(rank(ts_std_dev(returns, 20)), range=""0.1, 1, 0.1""))"
w80_h,gJQ0k0V0,2.41,1.76,4.17,0.2192,0.1168,0.0335,1.7,C,,GOOD,TOP3000,SUBINDUSTRY,4,0.08,1,N,"group_rank((anl4_fs_detail_estimate_1qf_v4_nd_sga_high - anl4_fs_detail_estimate_1qf_v4_nd_sga_low) / abs(anl4_fs_detail_estimate_1qf_v4_nd_sga_mean), subindustry) + group_rank(anl4_fs_detail_estimate_1qf_v4_nd_cfi_low/assets, subindustry) + group_rank(ts_av_diff(cashflow_op/enterprise_value, 60), subindustry) + group_rank(-ts_delta(close, 8), subindustry) + rank(volume/ts_mean(volume, 150))"
w65_g,vRkp90Jw,2.64,1.52,4.16,0.4038,0.1332,0.0447,3.25,C,,GOOD,TOP3000,SUBINDUSTRY,2,0.08,1,N,"group_rank(anl4_fs_detail_estimate_1qf_v4_nd_ptpr_mean/assets, subindustry) + group_rank(fnd6_newqv1300_lol2q/assets, subindustry) + group_rank(ts_av_diff(cash/assets, 45), subindustry) + group_rank(ts_av_diff(cashflow_op/enterprise_value, 45), subindustry) + group_rank(-ts_delta(close, 2), subindustry) + rank(volume/ts_mean(volume, 60))"
w78_d,XgWMNaO5,2.37,1.79,4.16,0.1914,0.1092,0.0349,1.52,C,,GOOD,TOP3000,SUBINDUSTRY,4,0.08,1,N,"group_rank(anl4_fs_actuals_basic_qf_nd_div_value/assets, subindustry) + group_rank(anl4_fs_detail_estimate_1qf_v4_nd_cfi_low/assets, subindustry) + group_rank(ts_av_diff(cash/assets, 60), subindustry) + group_rank(ts_av_diff(cashflow_op/enterprise_value, 45), subindustry) + group_rank(-ts_delta(close, 10), subindustry) + rank(volume/ts_mean(volume, 120))"
w78_f,om6ZPxmk,2.41,1.75,4.16,0.199,0.1051,0.0393,1.46,C,,GOOD,TOP3000,SUBINDUSTRY,4,0.08,1,N,"group_rank(anl4_fs_detail_estimate_1qf_v4_nd_totgw_median/assets, subindustry) + group_rank(anl4_fs_detail_estimate_1qf_v4_nd_sga_median/assets, subindustry) + group_rank(ts_av_diff(cash/assets, 75), subindustry) + group_rank(ts_av_diff(cashflow_op/enterprise_value, 60), subindustry) + group_rank(-ts_delta(close, 8), subindustry) + rank(volume/ts_mean(volume, 120))"
w79_j,XgWMZnla,2.35,1.81,4.16,0.1983,0.1179,0.0442,1.18,C,,GOOD,TOP3000,SUBINDUSTRY,4,0.08,1,N,"group_rank(anl4_fs_detail_estimate_1qf_v4_nd_netdebt_high/assets, subindustry) + group_rank(anl4_fs_actuals_basic_qf_nd_div_value/assets, subindustry) + group_rank(ts_av_diff(cash/assets, 75), subindustry) + group_rank(ts_av_diff(cashflow_op/enterprise_value, 60), subindustry) + group_rank(-ts_delta(close, 8), subindustry) + rank(volume/ts_mean(volume, 150))"
s5_xo06,QP3706eK,2.39,1.76,4.15,0.1655,0.0897,0.0471,2.38,C,,GOOD,TOP3000,SUBINDUSTRY,6,0.08,1,N,"group_rank(fnd6_xopr/assets, subindustry) + 0.6 * rank(-ts_delta(vwap, 2)) + 0.6 * rank(volume/ts_mean(volume, 60))"
w111_j,78ZPZWM5,2.65,1.5,4.15,0.3856,0.124,0.0463,2.92,C,,AVERAGE,TOP3000,SUBINDUSTRY,2,0.08,1,N,"group_rank(anl4_fs_detail_estimate_1qf_v4_nd_cfo_median/assets, bucket(rank(ts_mean(volume*close, 20)), range=""0.1, 1, 0.1"")) + group_rank(-anl4_fs_detail_estimate_1qf_v4_nd_fcf_low/assets, bucket(rank(ts_mean(volume*close, 20)), range=""0.1, 1, 0.1"")) + group_rank(ts_av_diff(cash/assets, 45), bucket(rank(ts_mean(volume*close, 20)), range=""0.1, 1, 0.1"")) + group_rank(ts_av_diff(cashflow_op/enterprise_value, 45), bucket(rank(ts_mean(volume*close, 20)), range=""0.1, 1, 0.1"")) + group_rank(-ts_delta(close, 2), bucket(rank(ts_mean(volume*close, 20)), range=""0.1, 1, 0.1"")) + group_rank(volume/ts_mean(volume, 60), bucket(rank(ts_mean(volume*close, 20)), range=""0.1, 1, 0.1""))"
w114_f,xAY7Ek1m,2.46,1.69,4.15,0.2435,0.1144,0.0427,2.0,C,,GOOD,TOP3000,SUBINDUSTRY,4,0.08,1,N,"group_rank(fnd6_tstkc/assets, bucket(rank(ts_rank(cap, 250)), range=""0.1, 1, 0.1"")) + group_rank(fnd6_cicurr/assets, bucket(rank(ts_rank(cap, 250)), range=""0.1, 1, 0.1"")) + group_rank(ts_av_diff(cash/assets, 45), bucket(rank(ts_rank(cap, 250)), range=""0.1, 1, 0.1"")) + group_rank(ts_av_diff(cashflow_op/enterprise_value, 45), bucket(rank(ts_rank(cap, 250)), range=""0.1, 1, 0.1"")) + group_rank(-ts_delta(close, 2), bucket(rank(ts_rank(cap, 250)), range=""0.1, 1, 0.1"")) + group_rank(volume/ts_mean(volume, 60), bucket(rank(ts_rank(cap, 250)), range=""0.1, 1, 0.1""))"
w118_i,d5OM5QdJ,2.38,1.77,4.15,0.196,0.1082,0.0423,1.48,C,,GOOD,TOP3000,SUBINDUSTRY,4,0.08,1,N,"group_rank(fnd6_tstkc/assets, bucket(rank(ts_rank(cap, 250)), range=""0.1, 1, 0.1"")) + group_rank(fnd6_lifr/assets, bucket(rank(ts_rank(cap, 250)), range=""0.1, 1, 0.1"")) + group_rank(fnd6_intc/assets, bucket(rank(ts_rank(cap, 250)), range=""0.1, 1, 0.1"")) + group_rank(ts_av_diff(cash/assets, 45), bucket(rank(ts_rank(cap, 250)), range=""0.1, 1, 0.1"")) + group_rank(ts_av_diff(cashflow_op/enterprise_value, 45), bucket(rank(ts_rank(cap, 250)), range=""0.1, 1, 0.1"")) + group_rank(-ts_delta(close, 2), bucket(rank(ts_rank(cap, 250)), range=""0.1, 1, 0.1""))"
w106_g,JjxJAWYl,2.5,1.64,4.14,0.2501,0.1072,0.0325,2.33,C,,GOOD,TOP3000,SUBINDUSTRY,4,0.08,1,N,"group_rank(anl4_fs_detail_estimate_1qf_v4_nd_cff_high/assets, subindustry) + group_rank(anl4_fs_detail_estimate_1qf_v4_nd_totgw_mean/assets, subindustry) + group_rank(ts_av_diff(cash/assets, 75), subindustry) + group_rank(ts_av_diff(cashflow_op/enterprise_value, 45), subindustry) + group_rank(-ts_delta(close, 2), subindustry) + rank(volume/ts_mean(volume, 120))"
w110_e,npKGNnbE,2.84,1.3,4.14,0.5378,0.1121,0.0313,3.38,C,,AVERAGE,TOP3000,SUBINDUSTRY,1,0.08,1,N,"group_rank(fnd6_xintopt/assets, bucket(rank(ts_std_dev(returns, 20)), range=""0.1, 1, 0.1"")) + group_rank(anl4_fs_detail_estimate_1qf_v4_nd_totassets_mean/assets, bucket(rank(ts_std_dev(returns, 20)), range=""0.1, 1, 0.1"")) + group_rank(-anl4_fs_detail_estimates_advanced_af_nd_capex_median/assets, bucket(rank(ts_std_dev(returns, 20)), range=""0.1, 1, 0.1"")) + group_rank(ts_av_diff(cash/assets, 45), bucket(rank(ts_std_dev(returns, 20)), range=""0.1, 1, 0.1"")) + group_rank(ts_av_diff(cashflow_op/enterprise_value, 45), bucket(rank(ts_std_dev(returns, 20)), range=""0.1, 1, 0.1"")) + group_rank(-ts_delta(close, 2), bucket(rank(ts_std_dev(returns, 20)), range=""0.1, 1, 0.1"")) + group_rank(volume/ts_mean(volume, 60), bucket(rank(ts_std_dev(returns, 20)), range=""0.1, 1, 0.1""))"
w60_f,A10exRzR,2.65,1.49,4.14,0.4496,0.1428,0.0622,3.39,C,,AVERAGE,TOP3000,SUBINDUSTRY,2,0.08,1,N,"group_rank(fnd6_newqv1300_cimiiq/assets, subindustry) + group_rank(ts_av_diff(cash/assets, 45), subindustry) + group_rank(ts_av_diff(cashflow_op/enterprise_value, 45), subindustry) + group_rank(-ts_delta(close, 3), subindustry) + rank(volume/ts_mean(volume, 60))"
w77_b,LL93MEbe,2.4,1.74,4.14,0.2086,0.1093,0.0325,1.96,C,,GOOD,TOP3000,SUBINDUSTRY,4,0.08,1,N,"group_rank(anl4_fs_detail_estimate_1qf_v4_nd_cfi_low/assets, subindustry) + group_rank(ts_av_diff(cash/assets, 75), subindustry) + group_rank(ts_av_diff(cashflow_op/enterprise_value, 45), subindustry) + group_rank(-ts_delta(close, 10), subindustry) + rank(volume/ts_mean(volume, 120))"
w85_g,npKXNnRM,2.58,1.56,4.14,0.3277,0.12,0.0416,2.31,C,,GOOD,TOP3000,SUBINDUSTRY,2,0.08,1,N,"group_rank(authorized_stock_buyback_amount/assets, subindustry) + group_rank(-annual_intangible_assets_net_carrying_value/assets, subindustry) + group_rank(-ts_delta(close, 10), subindustry) + rank(volume/ts_mean(volume, 120))"
w105_j,KPOMAjvz,2.5,1.63,4.13,0.2553,0.1091,0.0335,2.48,C,,GOOD,TOP3000,SUBINDUSTRY,4,0.08,1,N,"group_rank(anl4_fs_detail_estimate_1qf_v4_nd_cff_high/assets, subindustry) + group_rank(anl4_fs_detail_estimate_1qf_v4_nd_totgw_mean/assets, subindustry) + group_rank(ts_av_diff(cash/assets, 45), subindustry) + group_rank(ts_av_diff(cashflow_op/enterprise_value, 45), subindustry) + group_rank(-ts_delta(close, 2), subindustry) + rank(volume/ts_mean(volume, 60))"
w114_m,om6jX2Xn,2.53,1.6,4.13,0.2563,0.1023,0.042,2.33,C,,GOOD,TOP3000,SUBINDUSTRY,4,0.08,1,N,"group_rank(ts_corr(cap, ts_mean(volume, 20), 60), bucket(rank(ts_mean(volume*close, 20)), range=""0.1, 1, 0.1"")) + group_rank(fnd6_intc/assets, bucket(rank(ts_mean(volume*close, 20)), range=""0.1, 1, 0.1"")) + group_rank(ts_av_diff(cash/assets, 45), bucket(rank(ts_mean(volume*close, 20)), range=""0.1, 1, 0.1"")) + group_rank(ts_av_diff(cashflow_op/enterprise_value, 45), bucket(rank(ts_mean(volume*close, 20)), range=""0.1, 1, 0.1"")) + group_rank(-ts_delta(close, 2), bucket(rank(ts_mean(volume*close, 20)), range=""0.1, 1, 0.1"")) + group_rank(volume/ts_mean(volume, 60), bucket(rank(ts_mean(volume*close, 20)), range=""0.1, 1, 0.1""))"
w121_f,j23759X5,2.4,1.73,4.13,0.194,0.101,0.0355,1.53,C,,GOOD,TOP3000,SUBINDUSTRY,4,0.08,1,N,"group_rank(fnd6_tstkc/assets, bucket(rank(ts_rank(cap, 250)), range=""0.1, 1, 0.1"")) + group_rank(fnd6_cicurr/assets, bucket(rank(ts_rank(cap, 250)), range=""0.1, 1, 0.1"")) + group_rank(fnd6_intc/assets, bucket(rank(ts_rank(cap, 250)), range=""0.1, 1, 0.1"")) + group_rank(ts_av_diff(cash/assets, 45), bucket(rank(ts_rank(cap, 250)), range=""0.1, 1, 0.1"")) + group_rank(ts_av_diff(cashflow_op/enterprise_value, 45), bucket(rank(ts_rank(cap, 250)), range=""0.1, 1, 0.1"")) + group_rank(-ts_delta(close, 2), bucket(rank(ts_rank(cap, 250)), range=""0.1, 1, 0.1"")) + group_rank(if_else(rank(ts_regression(rank(returns), rank(vec_avg(anl4_eaz2lrec_ratingvalue)), 120, lag=0, rettype=2))>0.6, -ts_av_diff(vec_avg(anl4_eaz2lrec_ratingvalue), 120), 0), bucket(rank(ts_rank(cap, 250)), range=""0.1, 1, 0.1""))"
w62_e,zqY2qQqK,2.68,1.45,4.13,0.4804,0.1409,0.0669,3.55,C,,AVERAGE,TOP3000,SUBINDUSTRY,2,0.08,1,N,"group_rank(fnd6_ivch/assets, subindustry) + group_rank(ts_av_diff(cash/assets, 45), subindustry) + group_rank(ts_av_diff(cashflow_op/enterprise_value, 45), subindustry) + group_rank(-ts_delta(close, 2), subindustry) + rank(volume/ts_mean(volume, 60))"
w67_f,KPO5mKO1,2.36,1.77,4.13,0.2746,0.1536,0.0477,2.44,C,,GOOD,TOP3000,INDUSTRY,3,0.08,1,N,"group_rank(-anl4_fs_detail_estimate_1qf_v4_nd_sga_median/assets, industry) + group_rank(ts_av_diff(cashflow_op/enterprise_value, 45), industry) + group_rank(-ts_rank(close, 10), industry)"
w66_b,3q9kzjxN,2.67,1.45,4.12,0.4167,0.1237,0.0398,2.78,C,,AVERAGE,TOP3000,SUBINDUSTRY,2,0.08,1,N,"group_rank(anl4_fs_detail_estimate_1qf_v4_nd_cff_mean/assets, subindustry) + group_rank(fnd6_txtubxintis/assets, subindustry) + group_rank(ts_av_diff(cash/assets, 45), subindustry) + group_rank(ts_av_diff(cashflow_op/enterprise_value, 45), subindustry) + group_rank(-ts_delta(close, 2), subindustry) + rank(volume/ts_mean(volume, 60))"
w79_g,e79EMRYM,2.39,1.73,4.12,0.1993,0.1043,0.0362,1.72,C,,GOOD,TOP3000,SUBINDUSTRY,4,0.08,1,N,"group_rank(anl4_fs_detail_estimates_advanced_af_nd_capex_std/assets, subindustry) + group_rank(anl4_fs_detail_estimate_1qf_v4_nd_totgw_median/assets, subindustry) + group_rank(ts_av_diff(cash/assets, 75), subindustry) + group_rank(ts_av_diff(cashflow_op/enterprise_value, 60), subindustry) + group_rank(-ts_delta(close, 8), subindustry) + rank(volume/ts_mean(volume, 150))"
w109_l,d5OJRQ9g,2.4,1.71,4.11,0.2006,0.1018,0.0407,1.39,C,,GOOD,TOP3000,SUBINDUSTRY,4,0.08,1,N,"group_rank(fnd6_xintopt/assets, bucket(rank(cap), range=""0.1, 1, 0.1"")) + group_rank(anl4_fs_detail_estimate_1qf_v4_nd_totassets_mean/assets, bucket(rank(cap), range=""0.1, 1, 0.1"")) + group_rank(-anl4_fs_detail_estimates_advanced_af_nd_capex_median/assets, bucket(rank(cap), range=""0.1, 1, 0.1"")) + group_rank(ts_av_diff(cash/assets, 45), bucket(rank(cap), range=""0.1, 1, 0.1"")) + group_rank(ts_av_diff(cashflow_op/enterprise_value, 45), bucket(rank(cap), range=""0.1, 1, 0.1"")) + group_rank(-ts_delta(close, 8), bucket(rank(cap), range=""0.1, 1, 0.1"")) + group_rank(volume/ts_mean(volume, 60), bucket(rank(cap), range=""0.1, 1, 0.1""))"
w61_a,P0ZxREMM,2.65,1.46,4.11,0.4722,0.1442,0.0362,0.88,C,,AVERAGE,TOP1000,SUBINDUSTRY,2,0.08,1,N,"group_rank(fnd6_xrent/assets, subindustry) + group_rank(ts_av_diff(cash/assets, 45), subindustry) + group_rank(ts_av_diff(cashflow_op/enterprise_value, 45), subindustry) + group_rank(-ts_delta(close, 2), subindustry) + rank(volume/ts_mean(volume, 60))"
w66_d,zqY2Wqkd,2.71,1.4,4.11,0.4054,0.1079,0.0356,3.08,C,,AVERAGE,TOP3000,SUBINDUSTRY,2,0.08,1,N,"group_rank(anl4_fs_detail_estimate_1qf_v4_nd_sh_equity_median/assets, subindustry) + group_rank(fnd6_txtubxintis/assets, subindustry) + group_rank(ts_av_diff(cash/assets, 45), subindustry) + group_rank(ts_av_diff(cashflow_op/enterprise_value, 45), subindustry) + group_rank(-ts_delta(close, 2), subindustry) + rank(volume/ts_mean(volume, 60))"
w6_s10_d20,A10lrkJl,2.22,1.89,4.11,0.0906,0.091,0.0327,2.65,C,,GOOD,TOP3000,INDUSTRY,20,0.08,1,N,"group_rank(-ts_delta(close, 2), subindustry) + group_rank(-ts_mean(abs(returns)/volume, 20), subindustry) + group_rank(operating_expense/assets, subindustry)"
w79_f,A10EXj1Y,2.36,1.75,4.11,0.2086,0.115,0.053,1.37,C,,GOOD,TOP3000,SUBINDUSTRY,4,0.08,1,N,"group_rank(anl4_fs_detail_estimate_1qf_v4_nd_netdebt_high/assets, subindustry) + group_rank(anl4_fs_detail_estimate_1qf_v4_nd_rd_exp_high/assets, subindustry) + group_rank(ts_av_diff(cash/assets, 75), subindustry) + group_rank(ts_av_diff(cashflow_op/enterprise_value, 60), subindustry) + group_rank(-ts_delta(close, 8), subindustry) + rank(volume/ts_mean(volume, 150))"
w82_a,YP59AEKW,2.36,1.75,4.11,0.2147,0.1178,0.0436,1.25,C,,GOOD,TOP3000,SUBINDUSTRY,4,0.08,1,N,"quantile(group_rank(anl4_fs_detail_estimate_1qf_v4_nd_rd_exp_high/assets, subindustry) + group_rank(anl4_fs_detail_estimate_1qf_v4_nd_netdebt_high/assets, subindustry) + group_rank(ts_av_diff(cash/assets, 45), subindustry) + group_rank(ts_av_diff(cashflow_op/enterprise_value, 45), subindustry) + group_rank(-ts_delta(close, 10), subindustry) + rank(volume/ts_mean(volume, 120)), driver=gaussian)"
w88_f,xAYE3mjg,2.22,1.89,4.11,0.1295,0.0943,0.0408,1.38,C,,GOOD,TOP3000,SUBINDUSTRY,4,0.08,1,N,"group_rank(authorized_stock_repurchase_amount/assets, subindustry) + group_rank(-annual_intangible_assets_net_carrying_value/assets, subindustry) + 0.5*group_rank(-ts_delta(close, 10), subindustry) + 0.5*rank(volume/ts_mean(volume, 120))"
w63_f,gJQgpgGM,2.58,1.52,4.1,0.4283,0.1496,0.0624,3.5,C,,GOOD,TOP3000,SUBINDUSTRY,2,0.08,1,N,"group_rank(fnd6_txtubpospinc/assets, subindustry) + group_rank(ts_av_diff(cash/assets, 45), subindustry) + group_rank(ts_av_diff(cashflow_op/enterprise_value, 45), subindustry) + group_rank(-ts_delta(close, 3), subindustry) + rank(volume/ts_mean(volume, 60))"
a2_o4_d40,2rOleE3x,2.23,1.86,4.09,0.0609,0.0866,0.0425,1.96,C,,GOOD,TOP3000,SUBINDUSTRY,40,0.08,1,N,"group_rank(fnd6_xopr/assets, subindustry) + rank(-ts_delta(vwap, 2)) + rank(volume/ts_mean(volume, 90))"
w108_a,npKGg92d,2.68,1.41,4.09,0.4159,0.1149,0.0436,3.02,C,,AVERAGE,TOP3000,SUBINDUSTRY,1,0.08,1,N,"group_rank(fnd6_xintopt/assets, bucket(rank(cap), range=""0.1, 1, 0.1"")) + group_rank(anl4_fs_detail_estimate_1qf_v4_nd_totassets_mean/assets, bucket(rank(cap), range=""0.1, 1, 0.1"")) + group_rank(-anl4_fs_detail_estimates_advanced_af_nd_capex_median/assets, bucket(rank(cap), range=""0.1, 1, 0.1"")) + group_rank(ts_av_diff(cash/assets, 45), bucket(rank(cap), range=""0.1, 1, 0.1"")) + group_rank(ts_av_diff(cashflow_op/enterprise_value, 45), bucket(rank(cap), range=""0.1, 1, 0.1"")) + group_rank(-ts_delta(close, 2), bucket(rank(cap), range=""0.1, 1, 0.1""))"
w115_f,d5OJrkmY,2.39,1.7,4.09,0.217,0.1098,0.0352,2.14,C,,GOOD,TOP3000,SUBINDUSTRY,4,0.08,1,N,"group_rank(fnd6_cicurr/assets, bucket(rank(ts_mean(volume*close, 20)), range=""0.1, 1, 0.1"")) + group_rank(fnd6_newqv1300_txdbq/assets, bucket(rank(ts_mean(volume*close, 20)), range=""0.1, 1, 0.1"")) + group_rank(fnd6_newqv1300_lnoq/assets, bucket(rank(ts_mean(volume*close, 20)), range=""0.1, 1, 0.1"")) + group_rank(fnd6_newqv1300_fcaq/assets, bucket(rank(ts_mean(volume*close, 20)), range=""0.1, 1, 0.1"")) + group_rank(ts_av_diff(cash/assets, 45), bucket(rank(ts_mean(volume*close, 20)), range=""0.1, 1, 0.1"")) + group_rank(ts_av_diff(cashflow_op/enterprise_value, 45), bucket(rank(ts_mean(volume*close, 20)), range=""0.1, 1, 0.1"")) + group_rank(-ts_delta(close, 2), bucket(rank(ts_mean(volume*close, 20)), range=""0.1, 1, 0.1"")) + group_rank(volume/ts_mean(volume, 60), bucket(rank(ts_mean(volume*close, 20)), range=""0.1, 1, 0.1""))"
w118_n,9qVeq3ld,2.43,1.66,4.09,0.2203,0.1031,0.029,1.77,C,,AVERAGE,TOP3000,SUBINDUSTRY,4,0.08,0,N,"group_rank(fnd6_intc/assets, bucket(rank(debt/assets), range=""0.1, 1, 0.1"")) + group_rank(fnd6_lifr/assets, bucket(rank(debt/assets), range=""0.1, 1, 0.1"")) + group_rank(fnd6_tfvce/assets, bucket(rank(debt/assets), range=""0.1, 1, 0.1"")) + group_rank(ts_av_diff(cash/assets, 45), bucket(rank(debt/assets), range=""0.1, 1, 0.1"")) + group_rank(ts_av_diff(cashflow_op/enterprise_value, 45), bucket(rank(debt/assets), range=""0.1, 1, 0.1"")) + group_rank(-ts_delta(close, 2), bucket(rank(debt/assets), range=""0.1, 1, 0.1""))"
w68_d,Vk6mMEe5,2.34,1.75,4.09,0.2703,0.1518,0.0462,2.43,C,,GOOD,TOP3000,INDUSTRY,3,0.08,1,N,"group_rank(-anl4_fs_detail_estimate_1qf_v4_nd_sga_median/assets, industry) + group_rank(ts_av_diff(cashflow_op/enterprise_value, 60), industry) + group_rank(-ts_rank(close, 10), industry)"
w69_f,om6JrlxJ,2.44,1.65,4.09,0.3178,0.1459,0.0466,2.35,C,,GOOD,TOP3000,INDUSTRY,3,0.08,1,N,"group_rank(anl4_fs_detail_estimate_1qf_v4_nd_cfi_low/assets, industry) + group_rank(ts_av_diff(cashflow_op/enterprise_value, 45), industry) + group_rank(-ts_delta(close, 5), industry) + rank(volume/ts_mean(volume, 90))"
w71_c,e79VZ1rd,2.44,1.65,4.09,0.3328,0.1531,0.0662,1.78,C,,GOOD,TOP3000,INDUSTRY,3,0.08,1,N,"group_rank(-anl4_fs_detail_estimate_1qf_v4_nd_sga_median/assets, industry) + group_rank(liabilities_curr/assets, industry) + group_rank(-ts_delta(close, 5), industry) + rank(volume/ts_mean(volume, 90))"
w79_a,xAY5pxng,2.33,1.76,4.09,0.1945,0.1104,0.0432,1.3,C,,GOOD,TOP3000,SUBINDUSTRY,4,0.08,1,N,"group_rank(anl4_fs_detail_estimate_1qf_v4_nd_totgw_median/assets, subindustry) + group_rank(anl4_fs_detail_estimate_1qf_v4_nd_netdebt_high/assets, subindustry) + group_rank(ts_av_diff(cash/assets, 75), subindustry) + group_rank(ts_av_diff(cashflow_op/enterprise_value, 60), subindustry) + group_rank(-ts_delta(close, 8), subindustry) + rank(volume/ts_mean(volume, 150))"
w80_c,WjPx1mjd,2.39,1.7,4.09,0.2171,0.1092,0.0519,1.46,C,,GOOD,TOP3000,SUBINDUSTRY,4,0.08,1,N,"group_rank((anl4_fs_detail_estimate_1qf_v4_nd_cff_high - anl4_fs_detail_estimate_1qf_v4_nd_cff_low) / abs(anl4_fs_detail_estimate_1qf_v4_nd_cff_mean), subindustry) + group_rank(anl4_fs_detail_estimate_1qf_v4_nd_netdebt_high/assets, subindustry) + group_rank(ts_av_diff(cash/assets, 75), subindustry) + group_rank(-ts_delta(close, 8), subindustry) + rank(volume/ts_mean(volume, 150))"
l02_revt_amb_rev3,xAYjOgRW,2.14,1.94,4.08,0.1322,0.1086,0.0619,1.89,C,,GOOD,TOP3000,SUBINDUSTRY,8,0.08,1,N,"group_rank(fnd6_mfma2_revt/assets, subindustry) + group_rank(-ts_mean(abs(returns)/volume, 20), subindustry) + rank(-ts_delta(close, 3))"
w121_h,j2375g8Z,2.39,1.69,4.08,0.2185,0.1094,0.0458,1.82,C,,GOOD,TOP3000,SUBINDUSTRY,4,0.08,1,N,"group_rank(fnd6_tstkc/assets, bucket(rank(ts_rank(cap, 250)), range=""0.1, 1, 0.1"")) + group_rank(fnd6_cicurr/assets, bucket(rank(ts_rank(cap, 250)), range=""0.1, 1, 0.1"")) + group_rank(fnd6_intc/assets, bucket(rank(ts_rank(cap, 250)), range=""0.1, 1, 0.1"")) + group_rank(ts_av_diff(cash/assets, 45), bucket(rank(ts_rank(cap, 250)), range=""0.1, 1, 0.1"")) + group_rank(ts_av_diff(cashflow_op/enterprise_value, 45), bucket(rank(ts_rank(cap, 250)), range=""0.1, 1, 0.1"")) + group_rank(-ts_delta(close, 2), bucket(rank(ts_rank(cap, 250)), range=""0.1, 1, 0.1"")) + group_rank(if_else(rank(ts_regression(rank(returns), rank(vec_avg(anl4_basicdetailrec_ratingvalue)), 120, lag=0, rettype=0))>0.6, -ts_av_diff(vec_avg(anl4_basicdetailrec_ratingvalue), 120), 0), bucket(rank(ts_rank(cap, 250)), range=""0.1, 1, 0.1""))"
w37_l,P0ZPxpEM,2.12,1.96,4.08,0.1197,0.1072,0.0438,1.49,C,,GOOD,TOP3000,SUBINDUSTRY,40,0.08,1,N,"group_rank(fnd6_newqv1300_lol2q/assets, subindustry) + group_rank(fnd6_xrent/assets, subindustry) + group_rank(ts_av_diff(cash/assets, 30), subindustry) + group_rank(-ts_delta(close, 2), subindustry) + rank(volume/ts_mean(volume, 60))"
w41_d,YP5lJxol,2.12,1.96,4.08,0.107,0.1066,0.0423,1.15,C,,GOOD,TOP3000,SUBINDUSTRY,40,0.08,1,N,"group_rank(fnd6_newqv1300_cimiiq/assets, subindustry) + group_rank(fnd6_newqv1300_mibtq/assets, subindustry) + group_rank(fnd6_xrent/assets, subindustry) + group_rank(ts_av_diff(cashflow_op/enterprise_value, 60), subindustry) + group_rank(-ts_delta(close, 2), subindustry) + rank(volume/ts_mean(volume, 60))"
w86_h,RRVv7mXj,2.19,1.89,4.08,0.1017,0.0927,0.0382,1.57,C,,GOOD,TOP3000,SUBINDUSTRY,6,0.08,1,N,"group_rank(authorized_stock_buyback_amount/assets, subindustry) + group_rank(-annual_intangible_assets_net_carrying_value/assets, subindustry) + 0.5*group_rank(-ts_delta(close, 10), subindustry) + 0.5*rank(volume/ts_mean(volume, 120))"
w27_lnoq_d12,LL9ZwVqe,2.28,1.79,4.07,0.2104,0.13,0.05,3.04,C,,GOOD,TOP3000,SUBINDUSTRY,12,0.08,1,N,"group_rank(fnd6_newqv1300_lnoq/assets, subindustry) + group_rank(ts_av_diff(cashflow_op/enterprise_value, 60), subindustry) + rank(-ts_delta(close, 2)) + rank(volume/ts_mean(volume, 60))"
w47_c,JjxoOVvl,2.18,1.89,4.07,0.1518,0.1143,0.0339,1.2,C,,GOOD,TOP1000,SUBINDUSTRY,21,0.08,1,N,"group_rank(fnd6_newqv1300_cimiiq/assets, subindustry) + group_rank(fnd6_xrent/assets, subindustry) + group_rank(ts_av_diff(cashflow_op/enterprise_value, 60), subindustry) + group_rank(-ts_delta(close, 2), subindustry) + rank(volume/ts_mean(volume, 60))"
w85_f,1Yx2pLpK,2.27,1.8,4.07,0.161,0.1016,0.0403,1.85,C,,GOOD,TOP3000,SUBINDUSTRY,4,0.08,1,N,"trade_when(ts_rank(volume, 5) > 0.5, group_rank(authorized_stock_buyback_amount/assets, subindustry) + group_rank(-annual_intangible_assets_net_carrying_value/assets, subindustry) + group_rank(-ts_delta(close, 10), subindustry) + rank(volume/ts_mean(volume, 120)), -1)"
l10_int_rev5_xrent,qMWj93JV,2.16,1.89,4.05,0.1208,0.0955,0.0413,0.79,C,,GOOD,TOP3000,SUBINDUSTRY,8,0.08,1,N,"rank(-ts_mean(returns, 5)) * rank(volume/ts_mean(volume, 60)) + group_rank(fnd6_xrent/assets, subindustry)"
w121_e,883wm6LV,2.53,1.52,4.05,0.2736,0.0988,0.0302,2.83,C,,GOOD,TOP3000,SUBINDUSTRY,4,0.08,1,N,"group_rank(fnd6_newqv1300_glcea12/assets, bucket(rank(cashflow_op/assets), range=""0.1, 1, 0.1"")) + group_rank(fnd6_newqv1300_xoptq/assets, bucket(rank(cashflow_op/assets), range=""0.1, 1, 0.1"")) + group_rank(fnd6_tstkc/assets, bucket(rank(cashflow_op/assets), range=""0.1, 1, 0.1"")) + group_rank(ts_av_diff(cash/assets, 45), bucket(rank(cashflow_op/assets), range=""0.1, 1, 0.1"")) + group_rank(ts_av_diff(cashflow_op/enterprise_value, 45), bucket(rank(cashflow_op/assets), range=""0.1, 1, 0.1"")) + group_rank(-ts_delta(close, 2), bucket(rank(cashflow_op/assets), range=""0.1, 1, 0.1"")) + group_rank(if_else(rank(ts_regression(rank(returns), rank(vec_avg(anl4_basicdetailrec_ratingvalue)), 120, lag=0, rettype=2))>0.6, -ts_av_diff(vec_avg(anl4_basicdetailrec_ratingvalue), 120), 0), bucket(rank(cashflow_op/assets), range=""0.1, 1, 0.1""))"
w35_e,rK5dLZxj,2.21,1.84,4.05,0.1319,0.0917,0.0402,-0.48,C,,GOOD,TOP1000,SUBINDUSTRY,20,0.08,1,N,"group_rank(fnd6_xrent/assets, subindustry) + group_rank(ts_av_diff(cash/assets, 30), subindustry) + group_rank(-ts_delta(close, 2), subindustry) + rank(volume/ts_mean(volume, 60))"
w76_a,xAY519xl,2.28,1.77,4.05,0.2091,0.1256,0.044,0.99,C,,GOOD,TOP3000,INDUSTRY,4,0.08,1,N,"group_rank(anl4_fs_detail_estimate_1qf_v4_nd_sga_median/assets, industry) + group_rank(ts_av_diff(cash/assets, 45), industry) + group_rank(ts_av_diff(cashflow_op/enterprise_value, 45), industry) + group_rank(-ts_delta(close, 10), industry) + rank(volume/ts_mean(volume, 120))"
w85_e,om6kN2Ym,2.23,1.82,4.05,0.1652,0.1098,0.0488,1.55,C,,GOOD,TOP3000,SUBINDUSTRY,4,0.08,1,N,"group_rank(authorized_stock_buyback_amount/assets, subindustry) + 0.4*group_rank(ts_av_diff(cashflow_op/enterprise_value, 45), subindustry) + 0.4*group_rank(-ts_delta(close, 10), subindustry) + 0.4*rank(volume/ts_mean(volume, 120))"
p3_pw_sec,npK701Q8,2.12,1.92,4.04,0.1189,0.102,0.0477,2.51,C,,GOOD,TOP3000,SECTOR,12,0.08,1,N,"group_rank(-ts_mean(abs(returns)/volume, 20), subindustry) + group_rank(operating_expense/assets, subindustry) + rank(-ts_delta(close, 2))"
s1_np06,XgW7aK6m,2.24,1.8,4.04,0.1178,0.0806,0.0349,1.94,C,,GOOD,TOP3000,INDUSTRY,6,0.08,1,N,"0.6 * rank(-ts_delta(close, 2)) * rank(volume/ts_mean(volume, 60)) + group_rank(operating_expense/assets, subindustry) + group_rank(ts_av_diff(cash/assets, 30), subindustry)"
w116_j,d5OJJb2g,2.36,1.68,4.04,0.1964,0.0995,0.0363,1.69,C,,GOOD,TOP3000,SUBINDUSTRY,4,0.08,1,N,"group_rank(ts_corr(cap, ts_mean(volume, 20), 60), bucket(rank(ts_mean(volume*close, 20)), range=""0.1, 1, 0.1"")) + group_rank(fnd6_intc/assets, bucket(rank(ts_mean(volume*close, 20)), range=""0.1, 1, 0.1"")) + group_rank(fnd6_tstkc/assets, bucket(rank(ts_mean(volume*close, 20)), range=""0.1, 1, 0.1"")) + group_rank(ts_av_diff(cash/assets, 45), bucket(rank(ts_mean(volume*close, 20)), range=""0.1, 1, 0.1"")) + group_rank(ts_av_diff(cashflow_op/enterprise_value, 45), bucket(rank(ts_mean(volume*close, 20)), range=""0.1, 1, 0.1"")) + group_rank(-ts_delta(close, 2), bucket(rank(ts_mean(volume*close, 20)), range=""0.1, 1, 0.1""))"
w119_a,RRVOj2G1,2.41,1.63,4.04,0.2167,0.0995,0.0431,1.93,C,,GOOD,TOP3000,SUBINDUSTRY,4,0.08,1,N,"group_rank(fnd6_tstkc/assets, bucket(rank(capex/assets), range=""0.1, 1, 0.1"")) + group_rank(fnd6_lifr/assets, bucket(rank(capex/assets), range=""0.1, 1, 0.1"")) + group_rank(fnd6_intc/assets, bucket(rank(capex/assets), range=""0.1, 1, 0.1"")) + group_rank(ts_av_diff(cash/assets, 45), bucket(rank(capex/assets), range=""0.1, 1, 0.1"")) + group_rank(ts_av_diff(cashflow_op/enterprise_value, 45), bucket(rank(capex/assets), range=""0.1, 1, 0.1"")) + group_rank(-ts_delta(close, 2), bucket(rank(capex/assets), range=""0.1, 1, 0.1""))"
l01_revt_amb60,Grdl1PeQ,2.13,1.9,4.03,0.1341,0.1066,0.0602,2.27,C,,GOOD,TOP3000,SUBINDUSTRY,8,0.08,1,N,"group_rank(fnd6_mfma2_revt/assets, subindustry) + group_rank(-ts_mean(abs(returns)/volume, 60), subindustry) + rank(-ts_delta(close, 2))"
y5_d0_d4,YP57z3wl,2.21,1.82,4.03,0.1329,0.0897,0.0294,2.21,C,,AVERAGE,TOP3000,SUBINDUSTRY,4,0.08,0,N,"group_rank(ts_av_diff(cashflow_op/enterprise_value,60),subindustry) + group_rank(ts_av_diff(cash/assets,30),subindustry)"
p10_tw02_xopr,LL97eZ6m,2.29,1.73,4.02,0.1631,0.0929,0.0419,2.29,C,,GOOD,TOP3000,SUBINDUSTRY,8,0.08,1,N,"trade_when(ts_rank(volume, 60) > 0.2, group_rank(fnd6_xopr/assets, subindustry) + rank(-ts_delta(close, 2)), -1)"
w77_j,78ZlYlxO,2.32,1.7,4.02,0.2114,0.1131,0.0439,1.29,C,,GOOD,TOP3000,SUBINDUSTRY,4,0.08,1,N,"group_rank(anl4_fs_actuals_basic_qf_nd_div_value/assets, subindustry) + group_rank(ts_av_diff(cash/assets, 75), subindustry) + group_rank(ts_av_diff(cashflow_op/enterprise_value, 45), subindustry) + group_rank(-ts_delta(close, 10), subindustry) + rank(volume/ts_mean(volume, 120))"
w31_cimiiq,YP5xPLNv,2.35,1.66,4.01,0.2467,0.1227,0.0586,3.08,C,,GOOD,TOP3000,SUBINDUSTRY,8,0.08,1,N,"group_rank(fnd6_newqv1300_cimiiq/assets, subindustry) + group_rank(ts_av_diff(cashflow_op/enterprise_value, 60), subindustry) + group_rank(-ts_delta(close, 2), subindustry) + rank(volume/ts_mean(volume, 60))"
w69_a,rK5NGW0d,2.38,1.63,4.01,0.3246,0.1516,0.0584,2.1,C,,GOOD,TOP3000,INDUSTRY,3,0.08,1,N,"group_rank(-anl4_fs_detail_estimate_1qf_v4_nd_sga_median/assets, industry) + group_rank(ts_av_diff(cashflow_op/enterprise_value, 45), industry) + group_rank(-ts_delta(close, 5), industry) + rank(volume/ts_mean(volume, 90))"
w80_b,kqVYEqKg,2.33,1.68,4.01,0.2205,0.1145,0.0425,1.26,C,,GOOD,TOP3000,SUBINDUSTRY,4,0.08,1,N,"group_rank((anl4_fs_detail_estimate_1qf_v4_nd_sga_high - anl4_fs_detail_estimate_1qf_v4_nd_sga_low) / abs(anl4_fs_detail_estimate_1qf_v4_nd_sga_mean), subindustry) + group_rank(anl4_fs_detail_estimate_1qf_v4_nd_totgw_median/assets, subindustry) + group_rank(ts_av_diff(cashflow_op/enterprise_value, 60), subindustry) + group_rank(-ts_delta(close, 8), subindustry) + rank(volume/ts_mean(volume, 150))"
w114_g,mLgnlgo9,2.52,1.48,4.0,0.3235,0.1123,0.0481,2.78,C,,AVERAGE,TOP3000,SUBINDUSTRY,4,0.08,1,N,"group_rank(fnd6_newqv1300_xoptq/assets, bucket(rank(sales/assets), range=""0.1, 1, 0.1"")) + group_rank(fnd6_newqv1300_glcea12/assets, bucket(rank(sales/assets), range=""0.1, 1, 0.1"")) + group_rank(ts_av_diff(cash/assets, 45), bucket(rank(sales/assets), range=""0.1, 1, 0.1"")) + group_rank(ts_av_diff(cashflow_op/enterprise_value, 45), bucket(rank(sales/assets), range=""0.1, 1, 0.1"")) + group_rank(-ts_delta(close, 2), bucket(rank(sales/assets), range=""0.1, 1, 0.1"")) + group_rank(volume/ts_mean(volume, 60), bucket(rank(sales/assets), range=""0.1, 1, 0.1""))"
