cid,id,S,F,SF,T,R,DD,tS,band,fails,grade,universe,neutralization,decay,truncation,delay,submitted,expr
w53_c,wpY3Yxvd,2.99,3.2,6.19,0.1331,0.1527,0.0331,2.49,A,,EXCELLENT,TOP3000,SUBINDUSTRY,16,0.08,0,N,"group_rank(fnd6_xrent/assets, subindustry) + group_rank(ts_av_diff(cash/assets, 45), subindustry) + group_rank(ts_av_diff(cashflow_op/enterprise_value, 45), subindustry) + group_rank(-ts_delta(close, 2), subindustry) + rank(volume/ts_mean(volume, 60))"
w54_d,A10e0LQY,3.02,3.13,6.15,0.1443,0.1551,0.0341,2.53,A,,EXCELLENT,TOP3000,SUBINDUSTRY,14,0.08,0,N,"group_rank(fnd6_xrent/assets, subindustry) + group_rank(ts_av_diff(cash/assets, 45), subindustry) + group_rank(ts_av_diff(cashflow_op/enterprise_value, 40), subindustry) + group_rank(-ts_delta(close, 2), subindustry) + rank(volume/ts_mean(volume, 60))"
w55_h,Vk6Za7Lw,3.01,3.14,6.15,0.1425,0.1547,0.0333,2.54,A,,EXCELLENT,TOP3000,SUBINDUSTRY,14,0.08,0,N,"group_neutralize(group_rank(fnd6_xrent/assets, subindustry) + group_rank(ts_av_diff(cash/assets, 45), subindustry) + group_rank(ts_av_diff(cashflow_op/enterprise_value, 45), subindustry) + group_rank(-ts_delta(close, 2), subindustry) + rank(volume/ts_mean(volume, 60)), industry)"
w52_g,kqVvjjnK,3.01,3.13,6.14,0.1426,0.1543,0.0334,2.53,A,,EXCELLENT,TOP3000,SUBINDUSTRY,14,0.08,0,N,"group_rank(fnd6_xrent/assets, subindustry) + group_rank(ts_av_diff(cash/assets, 45), subindustry) + group_rank(ts_av_diff(cashflow_op/enterprise_value, 45), subindustry) + group_rank(-ts_delta(close, 2), subindustry) + rank(volume/ts_mean(volume, 60))"
w54_h,qMWOWaE1,3.01,3.13,6.14,0.1426,0.1543,0.0334,2.53,A,,EXCELLENT,TOP3000,SUBINDUSTRY,14,0.12,0,N,"group_rank(fnd6_xrent/assets, subindustry) + group_rank(ts_av_diff(cash/assets, 45), subindustry) + group_rank(ts_av_diff(cashflow_op/enterprise_value, 45), subindustry) + group_rank(-ts_delta(close, 2), subindustry) + rank(volume/ts_mean(volume, 60))"
w53_f,Vk6Z6nmw,2.98,3.13,6.11,0.1409,0.1555,0.0339,2.43,A,,EXCELLENT,TOP3000,SUBINDUSTRY,14,0.08,0,N,"group_rank(fnd6_xrent/assets, subindustry) + group_rank(ts_av_diff(cash/assets, 45), subindustry) + group_rank(ts_av_diff(cashflow_op/enterprise_value, 45), subindustry) + group_rank(-ts_delta(close, 3), subindustry) + rank(volume/ts_mean(volume, 60))"
w55_f,RRV9brza,3.0,3.09,6.09,0.144,0.153,0.0337,2.38,A,,EXCELLENT,TOP3000,SUBINDUSTRY,14,0.08,0,N,"group_rank(fnd6_xrent/assets, subindustry) + group_rank(ts_av_diff(cash/assets, 42), subindustry) + group_rank(ts_av_diff(cashflow_op/enterprise_value, 42), subindustry) + group_rank(-ts_delta(close, 2), subindustry) + rank(volume/ts_mean(volume, 60))"
w54_e,zqYgYexo,2.98,3.1,6.08,0.1412,0.1532,0.0327,2.51,A,,EXCELLENT,TOP3000,SUBINDUSTRY,14,0.08,0,N,"group_rank(fnd6_xrent/assets, subindustry) + group_rank(ts_av_diff(cash/assets, 45), subindustry) + group_rank(ts_av_diff(cashflow_op/enterprise_value, 50), subindustry) + group_rank(-ts_delta(close, 2), subindustry) + rank(volume/ts_mean(volume, 60))"
w53_g,78Z3ZgrZ,3.0,3.06,6.06,0.1488,0.1546,0.0355,2.42,A,,EXCELLENT,TOP3000,SUBINDUSTRY,14,0.08,0,N,"group_rank(fnd6_xrent/assets, subindustry) + group_rank(ts_av_diff(cash/assets, 45), subindustry) + group_rank(ts_av_diff(cashflow_op/enterprise_value, 30), subindustry) + group_rank(-ts_delta(close, 2), subindustry) + rank(volume/ts_mean(volume, 60))"
w51_a,KPOvGJRj,2.92,3.13,6.05,0.1299,0.1497,0.031,2.48,A,,EXCELLENT,TOP3000,SUBINDUSTRY,16,0.08,0,N,"group_rank(fnd6_xrent/assets, subindustry) + group_rank(ts_av_diff(cash/assets, 45), subindustry) + group_rank(ts_av_diff(cashflow_op/enterprise_value, 60), subindustry) + group_rank(-ts_delta(close, 2), subindustry) + rank(volume/ts_mean(volume, 60))"
w53_a,MP1d7Nvk,3.02,3.03,6.05,0.1552,0.1558,0.0339,2.57,A,,EXCELLENT,TOP3000,SUBINDUSTRY,12,0.08,0,N,"group_rank(fnd6_xrent/assets, subindustry) + group_rank(ts_av_diff(cash/assets, 45), subindustry) + group_rank(ts_av_diff(cashflow_op/enterprise_value, 45), subindustry) + group_rank(-ts_delta(close, 2), subindustry) + rank(volume/ts_mean(volume, 60))"
w55_a,kqVvoRMP,2.96,3.09,6.05,0.1452,0.1587,0.034,2.58,A,,EXCELLENT,TOP3000,SUBINDUSTRY,14,0.08,0,N,"group_rank(fnd6_xrent/assets, industry) + group_rank(ts_av_diff(cash/assets, 45), industry) + group_rank(ts_av_diff(cashflow_op/enterprise_value, 45), industry) + group_rank(-ts_delta(close, 2), industry) + rank(volume/ts_mean(volume, 60))"
w53_e,78Z3ZAe1,2.97,3.07,6.04,0.1418,0.1518,0.0327,2.59,A,,EXCELLENT,TOP3000,SUBINDUSTRY,14,0.08,0,N,"group_rank(fnd6_xrent/assets, subindustry) + group_rank(ts_av_diff(cash/assets, 50), subindustry) + group_rank(ts_av_diff(cashflow_op/enterprise_value, 45), subindustry) + group_rank(-ts_delta(close, 2), subindustry) + rank(volume/ts_mean(volume, 60))"
w54_g,78Z3Z5m5,2.97,3.07,6.04,0.1421,0.1521,0.0328,2.65,A,,EXCELLENT,TOP3000,SUBINDUSTRY,14,0.08,0,N,"group_rank(fnd6_xrent/assets, subindustry) + group_rank(ts_av_diff(cash/assets, 48), subindustry) + group_rank(ts_av_diff(cashflow_op/enterprise_value, 45), subindustry) + group_rank(-ts_delta(close, 2), subindustry) + rank(volume/ts_mean(volume, 60))"
w53_d,kqVvVxag,2.97,3.06,6.03,0.1432,0.1516,0.0328,2.32,A,,EXCELLENT,TOP3000,SUBINDUSTRY,14,0.08,0,N,"group_rank(fnd6_xrent/assets, subindustry) + group_rank(ts_av_diff(cash/assets, 40), subindustry) + group_rank(ts_av_diff(cashflow_op/enterprise_value, 45), subindustry) + group_rank(-ts_delta(close, 2), subindustry) + rank(volume/ts_mean(volume, 60))"
w55_b,JjxoNKAj,2.99,3.02,6.01,0.1579,0.1608,0.0347,2.64,A,,EXCELLENT,TOP3000,SUBINDUSTRY,12,0.08,0,N,"group_rank(fnd6_xrent/assets, industry) + group_rank(ts_av_diff(cash/assets, 45), industry) + group_rank(ts_av_diff(cashflow_op/enterprise_value, 45), industry) + group_rank(-ts_delta(close, 2), industry) + rank(volume/ts_mean(volume, 60))"
w51_b,vRkZN1gG,2.94,3.06,6.0,0.1393,0.1513,0.0311,2.52,A,,EXCELLENT,TOP3000,SUBINDUSTRY,14,0.08,0,N,"group_rank(fnd6_xrent/assets, subindustry) + group_rank(ts_av_diff(cash/assets, 45), subindustry) + group_rank(ts_av_diff(cashflow_op/enterprise_value, 60), subindustry) + group_rank(-ts_delta(close, 2), subindustry) + rank(volume/ts_mean(volume, 60))"
w52_a,d5OYjqdY,2.91,3.07,5.98,0.1376,0.1527,0.0316,2.42,A,,EXCELLENT,TOP3000,SUBINDUSTRY,14,0.08,0,N,"group_rank(fnd6_xrent/assets, subindustry) + group_rank(ts_av_diff(cash/assets, 45), subindustry) + group_rank(ts_av_diff(cashflow_op/enterprise_value, 60), subindustry) + group_rank(-ts_delta(close, 3), subindustry) + rank(volume/ts_mean(volume, 60))"
w54_a,58QrQzeM,2.96,3.0,5.96,0.1429,0.1468,0.0359,3.11,A,,EXCELLENT,TOP3000,SUBINDUSTRY,14,0.08,0,N,"group_rank(fnd6_xrent/assets, subindustry) + group_rank(ts_av_diff(cash, 45)/assets, subindustry) + group_rank(ts_av_diff(cashflow_op/enterprise_value, 45), subindustry) + group_rank(-ts_delta(close, 2), subindustry) + rank(volume/ts_mean(volume, 60))"
w49_d,j23orrMk,2.86,3.09,5.95,0.1165,0.1459,0.0306,2.4,A,,EXCELLENT,TOP3000,SUBINDUSTRY,20,0.08,0,N,"group_rank(fnd6_xrent/assets, subindustry) + group_rank(ts_av_diff(cash/assets, 45), subindustry) + group_rank(ts_av_diff(cashflow_op/enterprise_value, 60), subindustry) + group_rank(-ts_delta(close, 2), subindustry) + rank(volume/ts_mean(volume, 60))"
w54_f,JjxoxraA,2.94,3.0,5.94,0.1437,0.1494,0.0352,2.46,A,,EXCELLENT,TOP3000,SUBINDUSTRY,14,0.08,0,N,"group_rank(fnd6_xrent/assets, subindustry) + group_rank(ts_av_diff(cash/assets, 45), subindustry) + group_rank(ts_av_diff(cashflow_op/enterprise_value, 45), subindustry) + group_rank(-ts_delta(close, 2), subindustry) + rank(volume/ts_mean(volume, 40))"
w51_c,vRkZNpEb,2.95,2.96,5.91,0.1517,0.153,0.0314,2.56,A,,EXCELLENT,TOP3000,SUBINDUSTRY,12,0.08,0,N,"group_rank(fnd6_xrent/assets, subindustry) + group_rank(ts_av_diff(cash/assets, 45), subindustry) + group_rank(ts_av_diff(cashflow_op/enterprise_value, 60), subindustry) + group_rank(-ts_delta(close, 2), subindustry) + rank(volume/ts_mean(volume, 60))"
w52_c,O0rR7mmR,2.93,2.98,5.91,0.1497,0.1545,0.0318,2.46,A,,EXCELLENT,TOP3000,SUBINDUSTRY,12,0.08,0,N,"group_rank(fnd6_xrent/assets, subindustry) + group_rank(ts_av_diff(cash/assets, 45), subindustry) + group_rank(ts_av_diff(cashflow_op/enterprise_value, 60), subindustry) + group_rank(-ts_delta(close, 3), subindustry) + rank(volume/ts_mean(volume, 60))"
w52_d,78Z3jxx2,2.9,3.01,5.91,0.1385,0.1489,0.0304,2.58,A,,EXCELLENT,TOP3000,SUBINDUSTRY,14,0.08,0,N,"group_rank(fnd6_xrent/assets, subindustry) + group_rank(ts_av_diff(cash/assets, 50), subindustry) + group_rank(ts_av_diff(cashflow_op/enterprise_value, 60), subindustry) + group_rank(-ts_delta(close, 2), subindustry) + rank(volume/ts_mean(volume, 60))"
w53_b,3q91lvxO,3.02,2.89,5.91,0.1724,0.1574,0.0343,2.64,A,,EXCELLENT,TOP3000,SUBINDUSTRY,10,0.08,0,N,"group_rank(fnd6_xrent/assets, subindustry) + group_rank(ts_av_diff(cash/assets, 45), subindustry) + group_rank(ts_av_diff(cashflow_op/enterprise_value, 45), subindustry) + group_rank(-ts_delta(close, 2), subindustry) + rank(volume/ts_mean(volume, 60))"
w94_e,xAYoEXvm,3.01,2.88,5.89,0.1524,0.1393,0.0329,2.53,A,,EXCELLENT,TOP3000,SUBINDUSTRY,6,0.08,0,N,"group_rank(authorized_stock_buyback_amount/assets, subindustry) + group_rank(-annual_intangible_assets_net_carrying_value/assets, subindustry) + group_rank(ts_av_diff(cash/assets, 45), subindustry) + group_rank(ts_av_diff(cashflow_op/enterprise_value, 45), subindustry) + group_rank(-ts_delta(close, 10), subindustry) + rank(volume/ts_mean(volume, 120))"
w97_f,vRkXwvNA,3.07,2.81,5.88,0.1689,0.142,0.033,2.62,A,,EXCELLENT,TOP3000,SUBINDUSTRY,1,0.08,0,N,"ts_decay_linear(group_rank(authorized_stock_buyback_amount/assets, subindustry) + group_rank(-annual_intangible_assets_net_carrying_value/assets, subindustry) + group_rank(ts_av_diff(cash/assets, 45), subindustry) + group_rank(ts_av_diff(cashflow_op/enterprise_value, 45), subindustry) + group_rank(-ts_delta(close, 10), subindustry) + rank(volume/ts_mean(volume, 120)), 5)"
w55_g,gJQXb8bg,2.99,2.88,5.87,0.1753,0.1623,0.0351,2.72,A,,EXCELLENT,TOP3000,SUBINDUSTRY,10,0.08,0,N,"group_rank(fnd6_xrent/assets, industry) + group_rank(ts_av_diff(cash/assets, 45), industry) + group_rank(ts_av_diff(cashflow_op/enterprise_value, 45), industry) + group_rank(-ts_delta(close, 2), industry) + rank(volume/ts_mean(volume, 60))"
w55_e,LL9ENRX2,2.83,3.03,5.86,0.1086,0.1429,0.0332,2.22,A,,EXCELLENT,TOP3000,SUBINDUSTRY,14,0.08,0,N,"ts_decay_linear(group_rank(fnd6_xrent/assets, subindustry) + group_rank(ts_av_diff(cash/assets, 45), subindustry) + group_rank(ts_av_diff(cashflow_op/enterprise_value, 45), subindustry) + group_rank(-ts_delta(close, 2), subindustry) + rank(volume/ts_mean(volume, 60)), 5)"
w48_a,N1QLrPN7,2.83,3.02,5.85,0.1185,0.1422,0.0324,2.12,A,,EXCELLENT,TOP3000,SUBINDUSTRY,20,0.08,0,N,"group_rank(fnd6_xrent/assets, subindustry) + group_rank(ts_av_diff(cash/assets, 30), subindustry) + group_rank(ts_av_diff(cashflow_op/enterprise_value, 60), subindustry) + group_rank(-ts_delta(close, 2), subindustry) + rank(volume/ts_mean(volume, 60))"
w92_d,e79PvPpE,3.13,2.72,5.85,0.1918,0.1452,0.0337,2.75,A,,EXCELLENT,TOP3000,SUBINDUSTRY,4,0.08,0,Y,"group_rank(authorized_stock_buyback_amount/assets, subindustry) + group_rank(-annual_intangible_assets_net_carrying_value/assets, subindustry) + group_rank(ts_av_diff(cash/assets, 45), subindustry) + group_rank(ts_av_diff(cashflow_op/enterprise_value, 45), subindustry) + group_rank(-ts_delta(close, 10), subindustry) + rank(volume/ts_mean(volume, 120))"
w94_j,O0rj2Zw1,3.13,2.72,5.85,0.1918,0.1452,0.0337,2.75,A,,EXCELLENT,TOP3000,SUBINDUSTRY,4,0.05,0,N,"group_rank(authorized_stock_buyback_amount/assets, subindustry) + group_rank(-annual_intangible_assets_net_carrying_value/assets, subindustry) + group_rank(ts_av_diff(cash/assets, 45), subindustry) + group_rank(ts_av_diff(cashflow_op/enterprise_value, 45), subindustry) + group_rank(-ts_delta(close, 10), subindustry) + rank(volume/ts_mean(volume, 120))"
w52_b,ZY0g7q2d,2.84,3.0,5.84,0.1358,0.1512,0.0311,2.3,A,,EXCELLENT,TOP3000,SUBINDUSTRY,14,0.08,0,N,"group_rank(fnd6_xrent/assets, subindustry) + group_rank(ts_av_diff(cash/assets, 45), subindustry) + group_rank(ts_av_diff(cashflow_op/enterprise_value, 60), subindustry) + group_rank(-ts_delta(close, 4), subindustry) + rank(volume/ts_mean(volume, 60))"
w52_h,qMWOjxW1,2.97,2.85,5.82,0.1687,0.1548,0.0315,2.64,A,,EXCELLENT,TOP3000,SUBINDUSTRY,10,0.08,0,N,"group_rank(fnd6_xrent/assets, subindustry) + group_rank(ts_av_diff(cash/assets, 45), subindustry) + group_rank(ts_av_diff(cashflow_op/enterprise_value, 60), subindustry) + group_rank(-ts_delta(close, 2), subindustry) + rank(volume/ts_mean(volume, 60))"
w94_c,N1QG2wgq,3.12,2.7,5.82,0.1937,0.1451,0.0342,2.75,A,,EXCELLENT,TOP3000,SUBINDUSTRY,4,0.08,0,N,"group_rank(authorized_stock_buyback_amount/assets, subindustry) + group_rank(-annual_intangible_assets_net_carrying_value/assets, subindustry) + group_rank(dividend/(sharesout*close), subindustry) + group_rank(ts_av_diff(cash/assets, 45), subindustry) + group_rank(ts_av_diff(cashflow_op/enterprise_value, 45), subindustry) + group_rank(-ts_delta(close, 10), subindustry) + rank(volume/ts_mean(volume, 120))"
w51_d,vRkZNpGw,2.85,2.95,5.8,0.1373,0.1474,0.0294,2.52,A,,EXCELLENT,TOP3000,SUBINDUSTRY,14,0.08,0,N,"group_rank(fnd6_xrent/assets, subindustry) + group_rank(ts_av_diff(cash/assets, 45), subindustry) + group_rank(ts_av_diff(cashflow_op/enterprise_value, 75), subindustry) + group_rank(-ts_delta(close, 2), subindustry) + rank(volume/ts_mean(volume, 60))"
w95_b,WjPRxY7x,3.2,2.6,5.8,0.226,0.1489,0.0341,2.97,A,,GOOD,TOP3000,SUBINDUSTRY,3,0.08,0,N,"group_rank(authorized_stock_buyback_amount/assets, subindustry) + group_rank(-annual_intangible_assets_net_carrying_value/assets, subindustry) + group_rank(ts_av_diff(cash/assets, 45), subindustry) + group_rank(ts_av_diff(cashflow_op/enterprise_value, 45), subindustry) + group_rank(-ts_delta(close, 10), subindustry) + rank(volume/ts_mean(volume, 120))"
w53_h,om6R6zo6,3.04,2.73,5.77,0.1975,0.159,0.0345,2.72,A,,EXCELLENT,TOP3000,SUBINDUSTRY,8,0.08,0,N,"group_rank(fnd6_xrent/assets, subindustry) + group_rank(ts_av_diff(cash/assets, 45), subindustry) + group_rank(ts_av_diff(cashflow_op/enterprise_value, 45), subindustry) + group_rank(-ts_delta(close, 2), subindustry) + rank(volume/ts_mean(volume, 60))"
w52_e,le8Ej0a8,2.82,2.9,5.72,0.1367,0.1449,0.0296,2.42,A,,EXCELLENT,TOP3000,SUBINDUSTRY,14,0.08,0,N,"group_rank(fnd6_xrent/assets, subindustry) + group_rank(ts_av_diff(cash/assets, 60), subindustry) + group_rank(ts_av_diff(cashflow_op/enterprise_value, 60), subindustry) + group_rank(-ts_delta(close, 2), subindustry) + rank(volume/ts_mean(volume, 60))"
w94_d,akL8gY01,3.28,2.41,5.69,0.2838,0.1533,0.035,3.29,A,,GOOD,TOP3000,SUBINDUSTRY,2,0.08,0,N,"group_rank(authorized_stock_buyback_amount/assets, subindustry) + group_rank(-annual_intangible_assets_net_carrying_value/assets, subindustry) + group_rank(ts_av_diff(cash/assets, 45), subindustry) + group_rank(ts_av_diff(cashflow_op/enterprise_value, 45), subindustry) + group_rank(-ts_delta(close, 10), subindustry) + rank(volume/ts_mean(volume, 120))"
w95_c,kqVMYO86,3.28,2.41,5.69,0.2838,0.1533,0.035,3.29,A,,GOOD,TOP3000,SUBINDUSTRY,2,0.03,0,N,"group_rank(authorized_stock_buyback_amount/assets, subindustry) + group_rank(-annual_intangible_assets_net_carrying_value/assets, subindustry) + group_rank(ts_av_diff(cash/assets, 45), subindustry) + group_rank(ts_av_diff(cashflow_op/enterprise_value, 45), subindustry) + group_rank(-ts_delta(close, 10), subindustry) + rank(volume/ts_mean(volume, 120))"
w55_c,le8Evzp8,2.8,2.88,5.68,0.0997,0.1324,0.0305,1.9,A,,EXCELLENT,TOP3000,SUBINDUSTRY,14,0.08,0,N,"quantile(group_rank(fnd6_xrent/assets, subindustry)) + quantile(group_rank(ts_av_diff(cash/assets, 45), subindustry)) + quantile(group_rank(ts_av_diff(cashflow_op/enterprise_value, 45), subindustry)) + group_rank(-ts_delta(close, 2), subindustry) + rank(volume/ts_mean(volume, 60))"
w95_e,d5O6PMAJ,3.28,2.39,5.67,0.2876,0.1531,0.0356,3.31,A,,GOOD,TOP3000,SUBINDUSTRY,2,0.08,0,N,"group_rank(authorized_stock_buyback_amount/assets, subindustry) + group_rank(-annual_intangible_assets_net_carrying_value/assets, subindustry) + group_rank(dividend/(sharesout*close), subindustry) + group_rank(ts_av_diff(cash/assets, 45), subindustry) + group_rank(ts_av_diff(cashflow_op/enterprise_value, 45), subindustry) + group_rank(-ts_delta(close, 10), subindustry) + rank(volume/ts_mean(volume, 120))"
w49_h,blRJdJ6r,2.73,2.89,5.62,0.1135,0.1396,0.0296,2.54,A,,EXCELLENT,TOP3000,SUBINDUSTRY,20,0.08,0,N,"group_rank(fnd6_xrent/assets, subindustry) + group_rank(ts_av_diff(cash/assets, 45), subindustry) + group_rank(ts_av_diff(cashflow_op/enterprise_value, 90), subindustry) + group_rank(-ts_delta(close, 2), subindustry) + rank(volume/ts_mean(volume, 60))"
w52_f,le8Ej3kx,2.82,2.8,5.62,0.1483,0.1461,0.0293,2.69,A,,EXCELLENT,TOP3000,SUBINDUSTRY,12,0.08,0,N,"group_rank(fnd6_xrent/assets, subindustry) + group_rank(ts_av_diff(cash/assets, 45), subindustry) + group_rank(ts_av_diff(cashflow_op/enterprise_value, 90), subindustry) + group_rank(-ts_delta(close, 2), subindustry) + rank(volume/ts_mean(volume, 60))"
w95_a,E5vM2QN1,3.45,2.16,5.61,0.4119,0.1608,0.0313,3.62,A,,GOOD,TOP3000,SUBINDUSTRY,1,0.08,0,N,"group_rank(authorized_stock_buyback_amount/assets, subindustry) + group_rank(-annual_intangible_assets_net_carrying_value/assets, subindustry) + group_rank(ts_av_diff(cash/assets, 45), subindustry) + group_rank(ts_av_diff(cashflow_op/enterprise_value, 45), subindustry) + group_rank(-ts_delta(close, 10), subindustry) + rank(volume/ts_mean(volume, 120))"
w96_a,6XrLnJq5,3.45,2.16,5.61,0.4119,0.1608,0.0312,3.63,A,,GOOD,TOP3000,SUBINDUSTRY,0,0.08,0,N,"group_rank(authorized_stock_buyback_amount/assets, subindustry) + group_rank(-annual_intangible_assets_net_carrying_value/assets, subindustry) + group_rank(ts_av_diff(cash/assets, 45), subindustry) + group_rank(ts_av_diff(cashflow_op/enterprise_value, 45), subindustry) + group_rank(-ts_delta(close, 10), subindustry) + rank(volume/ts_mean(volume, 120))"
w96_i,blR1lQEN,3.45,2.16,5.61,0.4119,0.1608,0.0313,3.62,A,,GOOD,TOP3000,SUBINDUSTRY,1,0.05,0,N,"group_rank(authorized_stock_buyback_amount/assets, subindustry) + group_rank(-annual_intangible_assets_net_carrying_value/assets, subindustry) + group_rank(ts_av_diff(cash/assets, 45), subindustry) + group_rank(ts_av_diff(cashflow_op/enterprise_value, 45), subindustry) + group_rank(-ts_delta(close, 10), subindustry) + rank(volume/ts_mean(volume, 120))"
w97_b,vRkXww9G,3.45,2.16,5.61,0.4119,0.1608,0.0313,3.62,A,,GOOD,TOP3000,SUBINDUSTRY,1,0.08,0,N,"group_neutralize(group_rank(authorized_stock_buyback_amount/assets, subindustry) + group_rank(-annual_intangible_assets_net_carrying_value/assets, subindustry) + group_rank(ts_av_diff(cash/assets, 45), subindustry) + group_rank(ts_av_diff(cashflow_op/enterprise_value, 45), subindustry) + group_rank(-ts_delta(close, 10), subindustry) + rank(volume/ts_mean(volume, 120)), subindustry)"
w97_g,E5vPOze9,3.45,2.16,5.61,0.4119,0.1608,0.0313,3.62,A,,GOOD,TOP3000,SUBINDUSTRY,1,0.08,0,N,"normalize(scale(group_rank(authorized_stock_buyback_amount/assets, subindustry) + group_rank(-annual_intangible_assets_net_carrying_value/assets, subindustry) + group_rank(ts_av_diff(cash/assets, 45), subindustry) + group_rank(ts_av_diff(cashflow_op/enterprise_value, 45), subindustry) + group_rank(-ts_delta(close, 10), subindustry) + rank(volume/ts_mean(volume, 120))))"
w100_g,xAYpXZWq,3.06,2.54,5.6,0.1842,0.1265,0.0233,3.07,A,,GOOD,TOP3000,SUBINDUSTRY,1,0.08,0,N,"trade_when(volume > ts_mean(volume, 60), group_rank(authorized_stock_buyback_amount/assets, subindustry) + group_rank(-annual_intangible_assets_net_carrying_value/assets, subindustry) + group_rank(ts_av_diff(cash/assets, 45), subindustry) + group_rank(ts_av_diff(cashflow_op/enterprise_value, 45), subindustry) + group_rank(-ts_delta(close, 10), subindustry) + rank(volume/ts_mean(volume, 120)), -1)"
w94_f,QP3Aom95,2.98,2.62,5.6,0.1808,0.1398,0.037,2.86,A,,EXCELLENT,TOP3000,SUBINDUSTRY,4,0.08,0,N,"group_rank(authorized_stock_buyback_amount/assets, subindustry) + group_rank(-annual_intangible_assets_net_carrying_value/assets, subindustry) + 1.0*group_rank(ts_av_diff(cash/assets, 60), subindustry) + 1.0*group_rank(ts_av_diff(cashflow_op/enterprise_value, 30), subindustry) + 1.0*group_rank(-ts_delta(close, 15), subindustry) + 1.0*rank(volume/ts_mean(volume, 200))"
w97_c,xAYpO9qn,3.46,2.14,5.6,0.4226,0.1622,0.0303,3.54,A,,GOOD,TOP3000,SUBINDUSTRY,1,0.08,0,N,"quantile(group_rank(authorized_stock_buyback_amount/assets, subindustry) + group_rank(-annual_intangible_assets_net_carrying_value/assets, subindustry) + group_rank(ts_av_diff(cash/assets, 45), subindustry) + group_rank(ts_av_diff(cashflow_op/enterprise_value, 45), subindustry) + group_rank(-ts_delta(close, 10), subindustry) + rank(volume/ts_mean(volume, 120)), driver=""gaussian"")"
w96_b,A108RmPW,3.45,2.14,5.59,0.4186,0.1608,0.0316,3.66,A,,GOOD,TOP3000,SUBINDUSTRY,1,0.08,0,N,"group_rank(authorized_stock_buyback_amount/assets, subindustry) + group_rank(-annual_intangible_assets_net_carrying_value/assets, subindustry) + group_rank(dividend/(sharesout*close), subindustry) + group_rank(ts_av_diff(cash/assets, 45), subindustry) + group_rank(ts_av_diff(cashflow_op/enterprise_value, 45), subindustry) + group_rank(-ts_delta(close, 10), subindustry) + rank(volume/ts_mean(volume, 120))"
w101_f,0mR2K6lr,3.45,2.13,5.58,0.4225,0.1616,0.0309,3.62,A,,GOOD,TOP3000,SUBINDUSTRY,1,0.08,0,Y,"group_rank(authorized_stock_buyback_amount/assets, subindustry) + group_rank(-annual_intangible_assets_net_carrying_value/assets, subindustry) + group_rank(news_short_interest, subindustry) + group_rank(ts_av_diff(cash/assets, 45), subindustry) + group_rank(ts_av_diff(cashflow_op/enterprise_value, 45), subindustry) + group_rank(-ts_delta(close, 10), subindustry) + rank(volume/ts_mean(volume, 120))"
w55_d,2rO9wZvJ,2.74,2.83,5.57,0.1182,0.133,0.0333,1.67,A,,EXCELLENT,TOP3000,SUBINDUSTRY,14,0.08,0,N,"trade_when(volume > ts_mean(volume, 20), group_rank(fnd6_xrent/assets, subindustry) + group_rank(ts_av_diff(cash/assets, 45), subindustry) + group_rank(ts_av_diff(cashflow_op/enterprise_value, 45), subindustry) + group_rank(-ts_delta(close, 2), subindustry) + rank(volume/ts_mean(volume, 60)), -1)"
w56_e,3q91V61Z,3.05,2.52,5.57,0.2372,0.1624,0.0345,2.8,A,,GOOD,TOP3000,SUBINDUSTRY,6,0.08,0,N,"group_rank(fnd6_xrent/assets, subindustry) + group_rank(ts_av_diff(cash/assets, 45), subindustry) + group_rank(ts_av_diff(cashflow_op/enterprise_value, 45), subindustry) + group_rank(-ts_delta(close, 2), subindustry) + rank(volume/ts_mean(volume, 60))"
w101_e,P0ZmX82J,3.51,2.05,5.56,0.4658,0.1589,0.0402,3.71,A,,GOOD,TOP3000,SUBINDUSTRY,1,0.08,0,N,"group_rank(authorized_stock_buyback_amount/assets, subindustry) + group_rank(-annual_intangible_assets_net_carrying_value/assets, subindustry) + group_rank(-news_open_gap/close, subindustry) + group_rank(ts_av_diff(cash/assets, 45), subindustry) + group_rank(ts_av_diff(cashflow_op/enterprise_value, 45), subindustry) + group_rank(-ts_delta(close, 10), subindustry) + rank(volume/ts_mean(volume, 120))"
w102_c,QP3pnmO5,3.51,2.05,5.56,0.4659,0.1589,0.0402,3.72,A,,GOOD,TOP3000,SUBINDUSTRY,0,0.08,0,N,"group_rank(authorized_stock_buyback_amount/assets, subindustry) + group_rank(-annual_intangible_assets_net_carrying_value/assets, subindustry) + group_rank(-news_open_gap/close, subindustry) + group_rank(ts_av_diff(cash/assets, 45), subindustry) + group_rank(ts_av_diff(cashflow_op/enterprise_value, 45), subindustry) + group_rank(-ts_delta(close, 10), subindustry) + rank(volume/ts_mean(volume, 120))"
w102_g,58QdLeKM,3.51,2.05,5.56,0.4658,0.1589,0.0402,3.71,A,,GOOD,TOP3000,SUBINDUSTRY,1,0.05,0,N,"group_rank(authorized_stock_buyback_amount/assets, subindustry) + group_rank(-annual_intangible_assets_net_carrying_value/assets, subindustry) + group_rank(-news_open_gap/close, subindustry) + group_rank(ts_av_diff(cash/assets, 45), subindustry) + group_rank(ts_av_diff(cashflow_op/enterprise_value, 45), subindustry) + group_rank(-ts_delta(close, 10), subindustry) + rank(volume/ts_mean(volume, 120))"
w95_f,rK5wnZ6E,3.18,2.38,5.56,0.2681,0.1498,0.0345,3.38,A,,GOOD,TOP3000,SUBINDUSTRY,2,0.08,0,N,"group_rank(authorized_stock_buyback_amount/assets, subindustry) + group_rank(-annual_intangible_assets_net_carrying_value/assets, subindustry) + group_rank(ts_av_diff(cash/assets, 60), subindustry) + group_rank(ts_av_diff(cashflow_op/enterprise_value, 30), subindustry) + group_rank(-ts_delta(close, 15), subindustry) + rank(volume/ts_mean(volume, 200))"
w97_j,mLgWpLQx,3.42,2.14,5.56,0.417,0.1638,0.0299,3.23,A,,GOOD,TOP3000,SUBINDUSTRY,1,0.08,0,N,"group_rank(ts_delta(authorized_stock_buyback_amount/assets, 66), subindustry) + group_rank(-annual_intangible_assets_net_carrying_value/assets, subindustry) + group_rank(ts_av_diff(cash/assets, 45), subindustry) + group_rank(ts_av_diff(cashflow_op/enterprise_value, 45), subindustry) + group_rank(-ts_delta(close, 10), subindustry) + rank(volume/ts_mean(volume, 120))"
w100_e,LL9YOo8a,3.36,2.19,5.55,0.3648,0.155,0.0324,3.52,A,,GOOD,TOP3000,SUBINDUSTRY,1,0.08,0,N,"trade_when(abs(ts_delta(close, 5)) > 0.3 * ts_std_dev(close, 20), group_rank(authorized_stock_buyback_amount/assets, subindustry) + group_rank(-annual_intangible_assets_net_carrying_value/assets, subindustry) + group_rank(ts_av_diff(cash/assets, 45), subindustry) + group_rank(ts_av_diff(cashflow_op/enterprise_value, 45), subindustry) + group_rank(-ts_delta(close, 10), subindustry) + rank(volume/ts_mean(volume, 120)), -1)"
w102_b,KPOMXQWE,3.51,2.04,5.55,0.4718,0.1589,0.0402,3.75,A,,GOOD,TOP3000,SUBINDUSTRY,1,0.08,0,N,"group_rank(authorized_stock_buyback_amount/assets, subindustry) + group_rank(-annual_intangible_assets_net_carrying_value/assets, subindustry) + group_rank(-news_open_gap/close, subindustry) + group_rank(dividend/(sharesout*close), subindustry) + group_rank(ts_av_diff(cash/assets, 45), subindustry) + group_rank(ts_av_diff(cashflow_op/enterprise_value, 45), subindustry) + group_rank(-ts_delta(close, 10), subindustry) + rank(volume/ts_mean(volume, 120))"
w36_f,MP105pX6,2.82,2.72,5.54,0.1534,0.1432,0.0321,2.04,A,,SPECTACULAR,TOP3000,SUBINDUSTRY,12,0.08,1,N,"group_rank(fnd6_xrent/assets, subindustry) + group_rank(ts_av_diff(cash/assets, 30), subindustry) + group_rank(ts_av_diff(cashflow_op/enterprise_value, 60), subindustry) + group_rank(-ts_delta(close, 2), subindustry) + rank(volume/ts_mean(volume, 60))"
w102_a,A108gEJw,3.5,2.03,5.53,0.4745,0.1592,0.0394,3.71,A,,GOOD,TOP3000,SUBINDUSTRY,1,0.08,0,N,"group_rank(authorized_stock_buyback_amount/assets, subindustry) + group_rank(-annual_intangible_assets_net_carrying_value/assets, subindustry) + group_rank(-news_open_gap/close, subindustry) + group_rank(news_short_interest, subindustry) + group_rank(ts_av_diff(cash/assets, 45), subindustry) + group_rank(ts_av_diff(cashflow_op/enterprise_value, 45), subindustry) + group_rank(-ts_delta(close, 10), subindustry) + rank(volume/ts_mean(volume, 120))"
w102_f,gJQVm9KQ,3.5,2.03,5.53,0.4745,0.1592,0.0393,3.72,A,,GOOD,TOP3000,SUBINDUSTRY,0,0.08,0,N,"group_rank(authorized_stock_buyback_amount/assets, subindustry) + group_rank(-annual_intangible_assets_net_carrying_value/assets, subindustry) + group_rank(-news_open_gap/close, subindustry) + group_rank(news_short_interest, subindustry) + group_rank(ts_av_diff(cash/assets, 45), subindustry) + group_rank(ts_av_diff(cashflow_op/enterprise_value, 45), subindustry) + group_rank(-ts_delta(close, 10), subindustry) + rank(volume/ts_mean(volume, 120))"
w54_b,xAYVY3rw,2.84,2.69,5.53,0.1314,0.1179,0.0297,2.09,A,,EXCELLENT,TOP3000,SUBINDUSTRY,14,0.08,0,N,"group_rank(fnd6_xrent/assets, subindustry) + group_rank(ts_av_diff(cash/assets, 45), subindustry) + group_rank(ts_av_diff(cashflow_op, 45)/enterprise_value, subindustry) + group_rank(-ts_delta(close, 2), subindustry) + rank(volume/ts_mean(volume, 60))"
w102_d,O0rXnEa1,3.5,2.02,5.52,0.4803,0.1593,0.0394,3.75,A,,GOOD,TOP3000,SUBINDUSTRY,1,0.08,0,N,"group_rank(authorized_stock_buyback_amount/assets, subindustry) + group_rank(-annual_intangible_assets_net_carrying_value/assets, subindustry) + group_rank(-news_open_gap/close, subindustry) + group_rank(news_short_interest, subindustry) + group_rank(dividend/(sharesout*close), subindustry) + group_rank(ts_av_diff(cash/assets, 45), subindustry) + group_rank(ts_av_diff(cashflow_op/enterprise_value, 45), subindustry) + group_rank(-ts_delta(close, 10), subindustry) + rank(volume/ts_mean(volume, 120))"
w36_e,1Yxjnnvm,2.69,2.8,5.49,0.1184,0.1354,0.0322,1.71,B,,SPECTACULAR,TOP3000,SUBINDUSTRY,20,0.08,1,N,"group_rank(fnd6_xrent/assets, subindustry) + group_rank(ts_av_diff(cash/assets, 30), subindustry) + group_rank(ts_av_diff(cashflow_op/enterprise_value, 60), subindustry) + group_rank(-ts_delta(close, 2), subindustry) + rank(volume/ts_mean(volume, 60))"
w49_e,78Z3n6lO,2.69,2.79,5.48,0.101,0.1347,0.0309,1.97,B,,EXCELLENT,TOP3000,SUBINDUSTRY,30,0.08,0,N,"group_rank(fnd6_xrent/assets, subindustry) + group_rank(ts_av_diff(cash/assets, 30), subindustry) + group_rank(ts_av_diff(cashflow_op/enterprise_value, 60), subindustry) + group_rank(-ts_delta(close, 2), subindustry) + rank(volume/ts_mean(volume, 60))"
w100_b,A108qgaY,3.3,2.17,5.47,0.3486,0.151,0.0321,3.36,B,,GOOD,TOP3000,SUBINDUSTRY,1,0.08,0,N,"trade_when(abs(ts_zscore(close, 20)) > 0.5, group_rank(authorized_stock_buyback_amount/assets, subindustry) + group_rank(-annual_intangible_assets_net_carrying_value/assets, subindustry) + group_rank(ts_av_diff(cash/assets, 45), subindustry) + group_rank(ts_av_diff(cashflow_op/enterprise_value, 45), subindustry) + group_rank(-ts_delta(close, 10), subindustry) + rank(volume/ts_mean(volume, 120)), -1)"
w100_c,wpYkX9Rx,3.08,2.39,5.47,0.2163,0.1304,0.0276,3.39,B,,GOOD,TOP3000,SUBINDUSTRY,1,0.08,0,N,"trade_when(ts_std_dev(returns, 20) > ts_std_dev(returns, 60), group_rank(authorized_stock_buyback_amount/assets, subindustry) + group_rank(-annual_intangible_assets_net_carrying_value/assets, subindustry) + group_rank(ts_av_diff(cash/assets, 45), subindustry) + group_rank(ts_av_diff(cashflow_op/enterprise_value, 45), subindustry) + group_rank(-ts_delta(close, 10), subindustry) + rank(volume/ts_mean(volume, 120)), -1)"
w56_h,le8EKVK8,3.06,2.41,5.47,0.2669,0.1654,0.0336,2.89,B,,GOOD,TOP3000,SUBINDUSTRY,5,0.08,0,N,"group_rank(fnd6_xrent/assets, subindustry) + group_rank(ts_av_diff(cash/assets, 45), subindustry) + group_rank(ts_av_diff(cashflow_op/enterprise_value, 45), subindustry) + group_rank(-ts_delta(close, 2), subindustry) + rank(volume/ts_mean(volume, 60))"
w95_d,d5O6PPXK,3.11,2.32,5.43,0.2813,0.1571,0.0398,2.89,B,,GOOD,TOP3000,INDUSTRY,2,0.08,0,N,"group_rank(authorized_stock_buyback_amount/assets, subindustry) + group_rank(-annual_intangible_assets_net_carrying_value/assets, subindustry) + group_rank(ts_av_diff(cash/assets, 45), subindustry) + group_rank(ts_av_diff(cashflow_op/enterprise_value, 45), subindustry) + group_rank(-ts_delta(close, 10), subindustry) + rank(volume/ts_mean(volume, 120))"
w48_d,E5vNEL1K,2.61,2.79,5.4,0.1256,0.1436,0.039,1.99,B,,EXCELLENT,TOP3000,SUBINDUSTRY,20,0.08,0,N,"group_rank(fnd6_xrent/assets, subindustry) + group_rank(ts_av_diff(cashflow_op/enterprise_value, 60), subindustry) + group_rank(-ts_delta(close, 2), subindustry) + rank(volume/ts_mean(volume, 60))"
w57_a,E5vNRQpR,3.1,2.3,5.4,0.3084,0.1702,0.0322,3.0,B,,GOOD,TOP3000,SUBINDUSTRY,4,0.08,0,N,"group_rank(fnd6_xrent/assets, subindustry) + group_rank(ts_av_diff(cash/assets, 45), subindustry) + group_rank(ts_av_diff(cashflow_op/enterprise_value, 45), subindustry) + group_rank(-ts_delta(close, 2), subindustry) + rank(volume/ts_mean(volume, 60))"
w57_d,npKmPQO3,3.1,2.3,5.4,0.3084,0.1702,0.0322,3.0,B,,GOOD,TOP3000,SUBINDUSTRY,4,0.06,0,N,"group_rank(fnd6_xrent/assets, subindustry) + group_rank(ts_av_diff(cash/assets, 45), subindustry) + group_rank(ts_av_diff(cashflow_op/enterprise_value, 45), subindustry) + group_rank(-ts_delta(close, 2), subindustry) + rank(volume/ts_mean(volume, 60))"
w97_d,QP3pZlqr,3.32,2.08,5.4,0.4145,0.1633,0.0515,3.52,B,,GOOD,TOP3000,SUBINDUSTRY,1,0.08,0,N,"group_rank(authorized_stock_buyback_amount/assets, market) + group_rank(-annual_intangible_assets_net_carrying_value/assets, sector) + group_rank(ts_av_diff(cash/assets, 45), industry) + group_rank(ts_av_diff(cashflow_op/enterprise_value, 45), sector) + group_rank(-ts_delta(close, 10), market) + rank(volume/ts_mean(volume, 120))"
w102_e,qMWJnAQK,3.38,2.01,5.39,0.4621,0.163,0.0408,3.35,B,,GOOD,TOP3000,INDUSTRY,1,0.08,0,N,"group_rank(authorized_stock_buyback_amount/assets, subindustry) + group_rank(-annual_intangible_assets_net_carrying_value/assets, subindustry) + group_rank(-news_open_gap/close, subindustry) + group_rank(ts_av_diff(cash/assets, 45), subindustry) + group_rank(ts_av_diff(cashflow_op/enterprise_value, 45), subindustry) + group_rank(-ts_delta(close, 10), subindustry) + rank(volume/ts_mean(volume, 120))"
w97_h,mLgWwdEK,3.29,2.1,5.39,0.3681,0.1502,0.0316,3.36,B,,GOOD,TOP3000,SUBINDUSTRY,1,0.08,0,N,"group_rank(authorized_stock_buyback_amount/assets, subindustry) + group_rank(-annual_intangible_assets_net_carrying_value/assets, subindustry) + group_rank(ts_av_diff(cash/assets, 45), subindustry) + group_rank(ts_av_diff(cashflow_op/enterprise_value, 45), subindustry) + group_rank(-ts_delta(close, 20), subindustry) + rank(volume/ts_mean(volume, 250))"
w100_h,e79Z8AkN,3.26,2.11,5.37,0.3591,0.1503,0.0354,3.05,B,,GOOD,TOP3000,SUBINDUSTRY,1,0.08,0,N,"trade_when(rank(abs(returns)) < 0.8, group_rank(authorized_stock_buyback_amount/assets, subindustry) + group_rank(-annual_intangible_assets_net_carrying_value/assets, subindustry) + group_rank(ts_av_diff(cash/assets, 45), subindustry) + group_rank(ts_av_diff(cashflow_op/enterprise_value, 45), subindustry) + group_rank(-ts_delta(close, 10), subindustry) + rank(volume/ts_mean(volume, 120)), -1)"
w32_b,LL95Va2M,2.87,2.49,5.36,0.1951,0.147,0.0317,2.4,B,,EXCELLENT,TOP3000,SUBINDUSTRY,8,0.08,1,N,"group_rank(fnd6_xrent/assets, subindustry) + group_rank(ts_av_diff(cash/assets, 30), subindustry) + group_rank(ts_av_diff(cashflow_op/enterprise_value, 60), subindustry) + group_rank(-ts_delta(close, 2), subindustry) + rank(volume/ts_mean(volume, 60))"
w35_l,LL95Va2M,2.87,2.49,5.36,0.1951,0.147,0.0317,2.4,B,,EXCELLENT,TOP3000,SUBINDUSTRY,8,0.08,1,N,"group_rank(fnd6_xrent/assets, subindustry) + group_rank(ts_av_diff(cash/assets, 30), subindustry) + group_rank(ts_av_diff(cashflow_op/enterprise_value, 60), subindustry) + group_rank(-ts_delta(close, 2), subindustry) + rank(volume/ts_mean(volume, 60))"
w35_m,om6oz6dl,2.87,2.49,5.36,0.1951,0.147,0.0317,2.4,B,,EXCELLENT,TOP3000,SUBINDUSTRY,8,0.04,1,N,"group_rank(fnd6_xrent/assets, subindustry) + group_rank(ts_av_diff(cash/assets, 30), subindustry) + group_rank(ts_av_diff(cashflow_op/enterprise_value, 60), subindustry) + group_rank(-ts_delta(close, 2), subindustry) + rank(volume/ts_mean(volume, 60))"
w96_j,0mR2mjNp,3.28,2.08,5.36,0.4095,0.1645,0.035,3.19,B,,GOOD,TOP3000,INDUSTRY,1,0.08,0,N,"group_rank(authorized_stock_buyback_amount/assets, subindustry) + group_rank(-annual_intangible_assets_net_carrying_value/assets, subindustry) + group_rank(ts_av_diff(cash/assets, 45), subindustry) + group_rank(ts_av_diff(cashflow_op/enterprise_value, 45), subindustry) + group_rank(-ts_delta(close, 10), subindustry) + rank(volume/ts_mean(volume, 120))"
w56_a,YP58Mr5l,2.68,2.65,5.33,0.1459,0.1423,0.0274,1.61,B,,EXCELLENT,TOP2000,SUBINDUSTRY,14,0.08,0,N,"group_rank(fnd6_xrent/assets, subindustry) + group_rank(ts_av_diff(cash/assets, 45), subindustry) + group_rank(ts_av_diff(cashflow_op/enterprise_value, 45), subindustry) + group_rank(-ts_delta(close, 2), subindustry) + rank(volume/ts_mean(volume, 60))"
w94_h,e79PWqMg,2.82,2.51,5.33,0.1797,0.1423,0.0385,2.16,B,,GOOD,TOP3000,SUBINDUSTRY,4,0.08,0,N,"group_rank(authorized_stock_buyback_amount/assets, subindustry) + group_rank(-annual_intangible_assets_net_carrying_value/assets, subindustry) + group_rank(-actual_return_on_pension_plan_assets/assets, subindustry) + group_rank(ts_av_diff(cash/assets, 45), subindustry) + group_rank(ts_av_diff(cashflow_op/enterprise_value, 45), subindustry) + group_rank(-ts_delta(close, 10), subindustry) + rank(volume/ts_mean(volume, 120))"
w103_g,LL9YRO2e,3.55,1.77,5.32,0.6195,0.1544,0.0262,3.66,B,,AVERAGE,TOP3000,SUBINDUSTRY,1,0.08,0,N,"group_rank(authorized_stock_buyback_amount/assets, subindustry) + group_rank(-annual_intangible_assets_net_carrying_value/assets, subindustry) + group_rank(ts_delta(scl12_sentiment, 22), subindustry) + group_rank(ts_av_diff(cash/assets, 45), subindustry) + group_rank(ts_av_diff(cashflow_op/enterprise_value, 45), subindustry) + group_rank(-ts_delta(close, 10), subindustry) + rank(volume/ts_mean(volume, 120))"
w114_o,om6jXVml,3.05,2.27,5.32,0.2471,0.1369,0.0239,2.73,B,,GOOD,TOP3000,SUBINDUSTRY,4,0.08,0,N,"group_rank(fnd6_cicurr/assets, bucket(rank(ts_mean(volume*close, 20)), range=""0.1, 1, 0.1"")) + group_rank(fnd6_intc/assets, bucket(rank(ts_mean(volume*close, 20)), range=""0.1, 1, 0.1"")) + group_rank(ts_av_diff(cash/assets, 45), bucket(rank(ts_mean(volume*close, 20)), range=""0.1, 1, 0.1"")) + group_rank(ts_av_diff(cashflow_op/enterprise_value, 45), bucket(rank(ts_mean(volume*close, 20)), range=""0.1, 1, 0.1"")) + group_rank(-ts_delta(close, 2), bucket(rank(ts_mean(volume*close, 20)), range=""0.1, 1, 0.1"")) + group_rank(volume/ts_mean(volume, 60), bucket(rank(ts_mean(volume*close, 20)), range=""0.1, 1, 0.1""))"
w121_d,3q9NMgk6,3.02,2.28,5.3,0.2034,0.1162,0.0277,2.26,B,,EXCELLENT,TOP3000,SUBINDUSTRY,4,0.08,1,N,"group_rank(fnd6_tstkc/assets, bucket(rank(ts_std_dev(returns, 20)), range=""0.1, 1, 0.1"")) + group_rank(fnd6_cicurr/assets, bucket(rank(ts_std_dev(returns, 20)), range=""0.1, 1, 0.1"")) + group_rank(fnd6_intc/assets, bucket(rank(ts_std_dev(returns, 20)), range=""0.1, 1, 0.1"")) + group_rank(ts_av_diff(cash/assets, 45), bucket(rank(ts_std_dev(returns, 20)), range=""0.1, 1, 0.1"")) + group_rank(ts_av_diff(cashflow_op/enterprise_value, 45), bucket(rank(ts_std_dev(returns, 20)), range=""0.1, 1, 0.1"")) + group_rank(-ts_delta(close, 2), bucket(rank(ts_std_dev(returns, 20)), range=""0.1, 1, 0.1"")) + group_rank(if_else(rank(ts_regression(rank(returns), rank(vec_avg(anl4_fs_detail_rec_v4_nd_estimate)), 120, lag=0, rettype=2))>0.6, -ts_av_diff(vec_avg(anl4_fs_detail_rec_v4_nd_estimate), 120), 0), bucket(rank(ts_std_dev(returns, 20)), range=""0.1, 1, 0.1""))"
w57_h,JjxoPMKl,3.14,2.16,5.3,0.3705,0.1751,0.0329,3.16,B,,GOOD,TOP3000,SUBINDUSTRY,3,0.08,0,N,"group_rank(fnd6_xrent/assets, subindustry) + group_rank(ts_av_diff(cash/assets, 45), subindustry) + group_rank(ts_av_diff(cashflow_op/enterprise_value, 44), subindustry) + group_rank(-ts_delta(close, 2), subindustry) + rank(volume/ts_mean(volume, 60))"
w50_a,ZY0gKO9j,2.66,2.63,5.29,0.1328,0.1295,0.0305,2.98,B,,EXCELLENT,TOP3000,SUBINDUSTRY,18,0.08,0,N,"group_rank(ts_av_diff(cash/assets, 45), subindustry) + group_rank(ts_av_diff(cashflow_op/enterprise_value, 60), subindustry) + group_rank(-ts_delta(close, 2), subindustry) + rank(volume/ts_mean(volume, 60))"
w50_h,j23o69dk,2.66,2.63,5.29,0.1328,0.1295,0.0305,2.98,B,,EXCELLENT,TOP3000,SUBINDUSTRY,18,0.1,0,N,"group_rank(ts_av_diff(cash/assets, 45), subindustry) + group_rank(ts_av_diff(cashflow_op/enterprise_value, 60), subindustry) + group_rank(-ts_delta(close, 2), subindustry) + rank(volume/ts_mean(volume, 60))"
w50_b,YP58geov,2.69,2.59,5.28,0.1416,0.1316,0.0302,3.03,B,,GOOD,TOP3000,SUBINDUSTRY,16,0.08,0,N,"group_rank(ts_av_diff(cash/assets, 45), subindustry) + group_rank(ts_av_diff(cashflow_op/enterprise_value, 60), subindustry) + group_rank(-ts_delta(close, 2), subindustry) + rank(volume/ts_mean(volume, 60))"
w48_b,YP58017J,2.61,2.66,5.27,0.092,0.1303,0.0284,1.88,B,,EXCELLENT,TOP3000,SUBINDUSTRY,40,0.08,0,N,"group_rank(fnd6_xrent/assets, subindustry) + group_rank(ts_av_diff(cash/assets, 30), subindustry) + group_rank(ts_av_diff(cashflow_op/enterprise_value, 60), subindustry) + group_rank(-ts_delta(close, 2), subindustry) + rank(volume/ts_mean(volume, 60))"
w50_c,rK59235m,2.72,2.54,5.26,0.1526,0.1335,0.0298,3.09,B,,GOOD,TOP3000,SUBINDUSTRY,14,0.08,0,Y,"group_rank(ts_av_diff(cash/assets, 45), subindustry) + group_rank(ts_av_diff(cashflow_op/enterprise_value, 60), subindustry) + group_rank(-ts_delta(close, 2), subindustry) + rank(volume/ts_mean(volume, 60))"
w57_b,O0rR8WGv,3.12,2.14,5.26,0.37,0.1744,0.0321,3.15,B,,GOOD,TOP3000,SUBINDUSTRY,3,0.08,0,N,"group_rank(fnd6_xrent/assets, subindustry) + group_rank(ts_av_diff(cash/assets, 45), subindustry) + group_rank(ts_av_diff(cashflow_op/enterprise_value, 45), subindustry) + group_rank(-ts_delta(close, 2), subindustry) + rank(volume/ts_mean(volume, 60))"
w57_g,vRkZOKWd,3.12,2.14,5.26,0.37,0.1744,0.0321,3.15,B,,GOOD,TOP3000,SUBINDUSTRY,3,0.1,0,N,"group_rank(fnd6_xrent/assets, subindustry) + group_rank(ts_av_diff(cash/assets, 45), subindustry) + group_rank(ts_av_diff(cashflow_op/enterprise_value, 45), subindustry) + group_rank(-ts_delta(close, 2), subindustry) + rank(volume/ts_mean(volume, 60))"
w32_m,6XrA7rEG,2.82,2.43,5.25,0.1957,0.1456,0.0328,2.42,B,,EXCELLENT,TOP3000,INDUSTRY,8,0.08,1,N,"group_rank(fnd6_xrent/assets, subindustry) + group_rank(ts_av_diff(cashflow_op/enterprise_value, 60), subindustry) + group_rank(ts_av_diff(cash/assets, 30), subindustry) + group_rank(-ts_delta(close, 2), subindustry) + rank(volume/ts_mean(volume, 60))"
w49_a,om6RgVnE,2.62,2.63,5.25,0.1258,0.1271,0.0315,2.92,B,,EXCELLENT,TOP3000,SUBINDUSTRY,20,0.08,0,N,"group_rank(ts_av_diff(cash/assets, 45), subindustry) + group_rank(ts_av_diff(cashflow_op/enterprise_value, 60), subindustry) + group_rank(-ts_delta(close, 2), subindustry) + rank(volume/ts_mean(volume, 60))"
w51_e,QP3OGAG5,2.72,2.52,5.24,0.1545,0.1321,0.0291,2.77,B,,GOOD,TOP3000,SUBINDUSTRY,14,0.08,0,N,"group_rank(ts_av_diff(cash/assets, 35), subindustry) + group_rank(ts_av_diff(cashflow_op/enterprise_value, 60), subindustry) + group_rank(-ts_delta(close, 2), subindustry) + rank(volume/ts_mean(volume, 60))"
w54_c,blRJRxvl,2.74,2.5,5.24,0.1317,0.11,0.0267,2.6,B,,GOOD,TOP3000,SUBINDUSTRY,14,0.08,0,N,"group_rank(fnd6_xrent/assets, subindustry) + group_rank(ts_av_diff(cash, 45)/assets, subindustry) + group_rank(ts_av_diff(cashflow_op, 45)/enterprise_value, subindustry) + group_rank(-ts_delta(close, 2), subindustry) + rank(volume/ts_mean(volume, 60))"
w96_e,1YxAYVvK,3.22,2.01,5.23,0.4113,0.1606,0.0374,3.18,B,,GOOD,TOP3000,SUBINDUSTRY,1,0.08,0,N,"group_rank(authorized_stock_buyback_amount/assets, subindustry) + group_rank(-common_stock_repurchase_payment/assets, subindustry) + group_rank(ts_av_diff(cash/assets, 45), subindustry) + group_rank(ts_av_diff(cashflow_op/enterprise_value, 45), subindustry) + group_rank(-ts_delta(close, 10), subindustry) + rank(volume/ts_mean(volume, 120))"
w42_a,RRV5P0Yn,2.63,2.58,5.21,0.1387,0.1332,0.0378,1.91,B,,SPECTACULAR,TOP3000,SUBINDUSTRY,20,0.08,1,N,"group_rank(fnd6_newqv1300_cimiiq/assets, subindustry) + group_rank(fnd6_xrent/assets, subindustry) + group_rank(ts_av_diff(cashflow_op/enterprise_value, 60), subindustry) + group_rank(-ts_delta(close, 2), subindustry) + rank(volume/ts_mean(volume, 60))"
w42_d,ZY0XNjnn,2.63,2.58,5.21,0.1387,0.1332,0.0377,1.91,B,,SPECTACULAR,TOP3000,SUBINDUSTRY,20,0.04,1,N,"group_rank(fnd6_newqv1300_cimiiq/assets, subindustry) + group_rank(fnd6_xrent/assets, subindustry) + group_rank(ts_av_diff(cashflow_op/enterprise_value, 60), subindustry) + group_rank(-ts_delta(close, 2), subindustry) + rank(volume/ts_mean(volume, 60))"
w57_e,2rO9mVR5,3.09,2.11,5.2,0.3696,0.1723,0.0337,3.14,B,,GOOD,TOP3000,SUBINDUSTRY,3,0.08,0,N,"group_rank(fnd6_xrent/assets, subindustry) + group_rank(ts_av_diff(cash/assets, 44), subindustry) + group_rank(ts_av_diff(cashflow_op/enterprise_value, 46), subindustry) + group_rank(-ts_delta(close, 2), subindustry) + rank(volume/ts_mean(volume, 60))"
w50_e,0mRxpoEK,2.63,2.56,5.19,0.1339,0.127,0.0328,2.79,B,,GOOD,TOP3000,SUBINDUSTRY,18,0.08,0,N,"group_rank(ts_av_diff(cash/assets, 40), subindustry) + group_rank(ts_av_diff(cashflow_op/enterprise_value, 60), subindustry) + group_rank(-ts_delta(close, 2), subindustry) + rank(volume/ts_mean(volume, 60))"
w56_g,A10ev37X,2.67,2.52,5.19,0.16,0.1422,0.0276,1.5,B,,GOOD,TOP2000,SUBINDUSTRY,12,0.08,0,N,"group_rank(fnd6_xrent/assets, subindustry) + group_rank(ts_av_diff(cash/assets, 45), subindustry) + group_rank(ts_av_diff(cashflow_op/enterprise_value, 40), subindustry) + group_rank(-ts_delta(close, 2), subindustry) + rank(volume/ts_mean(volume, 60))"
w44_g,d5O9POpx,2.61,2.57,5.18,0.1364,0.1322,0.0379,1.89,B,,SPECTACULAR,TOP3000,SUBINDUSTRY,21,0.08,1,N,"group_rank(fnd6_newqv1300_cimiiq/assets, subindustry) + group_rank(fnd6_xrent/assets, subindustry) + group_rank(ts_av_diff(cashflow_op/enterprise_value, 60), subindustry) + group_rank(-ts_delta(close, 2), subindustry) + rank(volume/ts_mean(volume, 60))"
w99_i,YP5oZYxR,3.16,2.02,5.18,0.3755,0.1542,0.0395,3.55,B,,GOOD,TOP3000,SUBINDUSTRY,1,0.08,0,N,"group_rank(authorized_stock_buyback_amount/assets, subindustry) + group_rank(-annual_intangible_assets_net_carrying_value/assets, subindustry) + group_rank((eps - est_epsr)/assets, subindustry) + group_rank(ts_av_diff(cash/assets, 45), subindustry) + group_rank(ts_av_diff(cashflow_op/enterprise_value, 45), subindustry) + group_rank(-ts_delta(close, 10), subindustry) + rank(volume/ts_mean(volume, 120))"
w96_g,rK5MKJoJ,3.17,2.0,5.17,0.3628,0.1449,0.0384,3.45,B,,GOOD,TOP3000,SUBINDUSTRY,1,0.08,0,N,"group_rank(authorized_stock_buyback_amount/assets, subindustry) + group_rank(-annual_intangible_assets_net_carrying_value/assets, subindustry) + group_rank(ts_av_diff(cash/assets, 60), subindustry) + group_rank(ts_av_diff(cashflow_op/enterprise_value, 60), subindustry) + group_rank(-ts_delta(close, 20), subindustry) + rank(volume/ts_mean(volume, 250))"
w43_a,xAYl5pPJ,2.59,2.56,5.15,0.1342,0.1313,0.0381,1.87,B,,SPECTACULAR,TOP3000,SUBINDUSTRY,22,0.08,1,N,"group_rank(fnd6_newqv1300_cimiiq/assets, subindustry) + group_rank(fnd6_xrent/assets, subindustry) + group_rank(ts_av_diff(cashflow_op/enterprise_value, 60), subindustry) + group_rank(-ts_delta(close, 2), subindustry) + rank(volume/ts_mean(volume, 60))"
w50_d,P0ZxGdYK,2.58,2.57,5.15,0.12,0.1243,0.0322,2.9,B,,GOOD,TOP3000,SUBINDUSTRY,22,0.08,0,N,"group_rank(ts_av_diff(cash/assets, 45), subindustry) + group_rank(ts_av_diff(cashflow_op/enterprise_value, 60), subindustry) + group_rank(-ts_delta(close, 2), subindustry) + rank(volume/ts_mean(volume, 60))"
w43_b,9qVGkOLx,2.58,2.56,5.14,0.1323,0.1304,0.0382,1.85,B,,SPECTACULAR,TOP3000,SUBINDUSTRY,23,0.08,1,N,"group_rank(fnd6_newqv1300_cimiiq/assets, subindustry) + group_rank(fnd6_xrent/assets, subindustry) + group_rank(ts_av_diff(cashflow_op/enterprise_value, 60), subindustry) + group_rank(-ts_delta(close, 2), subindustry) + rank(volume/ts_mean(volume, 60))"
w57_f,mLgd6nwX,3.17,1.96,5.13,0.4703,0.1793,0.0345,3.31,B,,GOOD,TOP3000,SUBINDUSTRY,2,0.08,0,Y,"group_rank(fnd6_xrent/assets, subindustry) + group_rank(ts_av_diff(cash/assets, 46), subindustry) + group_rank(ts_av_diff(cashflow_op/enterprise_value, 44), subindustry) + group_rank(-ts_delta(close, 2), subindustry) + rank(volume/ts_mean(volume, 60))"
w32_a,1Yxjkb0K,2.72,2.4,5.12,0.1637,0.1279,0.0414,1.56,B,,EXCELLENT,TOP3000,SUBINDUSTRY,8,0.08,1,N,"group_rank(fnd6_xrent/assets, subindustry) + group_rank(ts_av_diff(cash/assets, 30), subindustry) + group_rank(fnd6_xopr/assets, subindustry) + group_rank(-ts_delta(close, 2), subindustry) + rank(volume/ts_mean(volume, 60))"
w34_o,wpY9V9vY,2.87,2.25,5.12,0.2095,0.1284,0.0286,2.1,B,,EXCELLENT,TOP3000,SUBINDUSTRY,8,0.02,1,N,"group_rank(fnd6_xrent/assets, subindustry) + group_rank(ts_av_diff(cash/assets, 30), subindustry) + group_rank(-ts_delta(close, 2), subindustry) + rank(volume/ts_mean(volume, 60))"
w42_b,vRkYPVZb,2.56,2.56,5.12,0.1289,0.1291,0.0384,1.82,B,,SPECTACULAR,TOP3000,SUBINDUSTRY,25,0.08,1,N,"group_rank(fnd6_newqv1300_cimiiq/assets, subindustry) + group_rank(fnd6_xrent/assets, subindustry) + group_rank(ts_av_diff(cashflow_op/enterprise_value, 60), subindustry) + group_rank(-ts_delta(close, 2), subindustry) + rank(volume/ts_mean(volume, 60))"
w43_d,QP3WoPmp,2.56,2.56,5.12,0.1289,0.1291,0.0384,1.82,B,,SPECTACULAR,TOP3000,SUBINDUSTRY,25,0.1,1,N,"group_rank(fnd6_newqv1300_cimiiq/assets, subindustry) + group_rank(fnd6_xrent/assets, subindustry) + group_rank(ts_av_diff(cashflow_op/enterprise_value, 60), subindustry) + group_rank(-ts_delta(close, 2), subindustry) + rank(volume/ts_mean(volume, 60))"
w43_e,GrdQ7pmP,2.56,2.56,5.12,0.1289,0.1291,0.0384,1.82,B,,SPECTACULAR,TOP3000,SUBINDUSTRY,25,0.12,1,N,"group_rank(fnd6_newqv1300_cimiiq/assets, subindustry) + group_rank(fnd6_xrent/assets, subindustry) + group_rank(ts_av_diff(cashflow_op/enterprise_value, 60), subindustry) + group_rank(-ts_delta(close, 2), subindustry) + rank(volume/ts_mean(volume, 60))"
h07_xc_vol3,O0rZ90n1,2.82,2.29,5.11,0.1871,0.1236,0.0306,2.08,B,,EXCELLENT,TOP3000,SUBINDUSTRY,8,0.08,1,Y,"group_rank(fnd6_xrent/assets, subindustry) + group_rank(ts_av_diff(cash/assets, 30), subindustry) + rank(-ts_delta(close, 2)) + rank(volume/ts_mean(volume, 60))"
w64_h,j23Pl0e5,3.25,1.86,5.11,0.4158,0.1357,0.0373,3.5,B,,GOOD,TOP3000,SUBINDUSTRY,2,0.08,1,Y,"group_rank(anl4_fs_detail_estimate_1qf_v4_nd_grossincome_high/assets, subindustry) + group_rank(fnd6_txtubxintis/assets, subindustry) + group_rank(ts_av_diff(cash/assets, 45), subindustry) + group_rank(ts_av_diff(cashflow_op/enterprise_value, 45), subindustry) + group_rank(-ts_delta(close, 2), subindustry) + rank(volume/ts_mean(volume, 60))"
w35_o,LL95X8OM,2.97,2.13,5.1,0.3048,0.1564,0.0368,2.93,B,,EXCELLENT,TOP3000,SUBINDUSTRY,4,0.08,1,N,"group_rank(fnd6_xrent/assets, subindustry) + group_rank(ts_av_diff(cash/assets, 30), subindustry) + group_rank(ts_av_diff(cashflow_op/enterprise_value, 60), subindustry) + group_rank(-ts_delta(close, 2), subindustry) + rank(volume/ts_mean(volume, 60))"
w43_c,883G25GW,2.54,2.56,5.1,0.1261,0.1281,0.0386,1.8,B,,SPECTACULAR,TOP3000,SUBINDUSTRY,27,0.08,1,N,"group_rank(fnd6_newqv1300_cimiiq/assets, subindustry) + group_rank(fnd6_xrent/assets, subindustry) + group_rank(ts_av_diff(cashflow_op/enterprise_value, 60), subindustry) + group_rank(-ts_delta(close, 2), subindustry) + rank(volume/ts_mean(volume, 60))"
w51_h,LL9EG0bL,2.61,2.48,5.09,0.1475,0.1335,0.034,2.84,B,,GOOD,TOP3000,SUBINDUSTRY,14,0.08,0,N,"group_rank(ts_av_diff(cash/assets, 45), subindustry) + group_rank(ts_av_diff(cashflow_op/enterprise_value, 60), subindustry) + group_rank(-ts_delta(close, 4), subindustry) + rank(volume/ts_mean(volume, 60))"
w57_c,ZY0gAMW8,3.15,1.94,5.09,0.4698,0.1784,0.0316,3.19,B,,AVERAGE,TOP3000,SUBINDUSTRY,2,0.08,0,N,"group_rank(fnd6_xrent/assets, subindustry) + group_rank(ts_av_diff(cash/assets, 45), subindustry) + group_rank(ts_av_diff(cashflow_op/enterprise_value, 45), subindustry) + group_rank(-ts_delta(close, 2), subindustry) + rank(volume/ts_mean(volume, 60))"
w43_g,om6Pkzak,2.53,2.55,5.08,0.1277,0.1296,0.0375,1.48,B,,SPECTACULAR,TOP3000,SUBINDUSTRY,25,0.08,1,N,"group_rank(fnd6_newqv1300_cimiiq/assets, subindustry) + group_rank(fnd6_xrent/assets, subindustry) + group_rank(ts_av_diff(cashflow_op/enterprise_value, 60), subindustry) + group_rank(-ts_delta(close, 2), subindustry) + rank(volume/ts_mean(volume, 90))"
h03_amb_xrent,gJQMxZoJ,2.67,2.4,5.07,0.143,0.1152,0.0293,1.8,B,,EXCELLENT,TOP3000,SUBINDUSTRY,8,0.08,1,Y,"group_rank(-ts_mean(abs(returns)/volume, 20), subindustry) + group_rank(fnd6_xrent/assets, subindustry) + rank(-ts_delta(close, 2))"
w102_h,rK5Mb8Za,3.1,1.96,5.06,0.3473,0.1383,0.0355,3.16,B,,GOOD,TOP3000,SUBINDUSTRY,1,0.08,0,N,"group_rank(authorized_stock_buyback_amount/assets, subindustry) + group_rank(-annual_intangible_assets_net_carrying_value/assets, subindustry) + group_rank(-news_open_gap/close, subindustry) + group_rank(ts_av_diff(cash/assets, 45), subindustry) + group_rank(ts_av_diff(cashflow_op/enterprise_value, 45), subindustry) + group_rank(-ts_delta(close, 10), subindustry)"
w41_a,wpYNPJld,2.52,2.54,5.06,0.1226,0.1266,0.0389,1.78,B,,SPECTACULAR,TOP3000,SUBINDUSTRY,30,0.08,1,N,"group_rank(fnd6_newqv1300_cimiiq/assets, subindustry) + group_rank(fnd6_xrent/assets, subindustry) + group_rank(ts_av_diff(cashflow_op/enterprise_value, 60), subindustry) + group_rank(-ts_delta(close, 2), subindustry) + rank(volume/ts_mean(volume, 60))"
w50_g,xAYVNz8N,2.56,2.5,5.06,0.1306,0.1243,0.0356,3.0,B,,GOOD,TOP3000,SUBINDUSTRY,18,0.08,0,N,"group_rank(ts_av_diff(cash/assets, 45), subindustry) + group_rank(ts_av_diff(cashflow_op/enterprise_value, 75), subindustry) + group_rank(-ts_delta(close, 2), subindustry) + rank(volume/ts_mean(volume, 60))"
w32_d,0mRjO9dv,2.86,2.19,5.05,0.2104,0.1239,0.0391,2.15,B,,EXCELLENT,TOP3000,SUBINDUSTRY,8,0.08,1,N,"group_rank(fnd6_xrent/assets, subindustry) + group_rank(ts_av_diff(cash/assets, 30), subindustry) + group_rank(fnd6_newqv1300_cimiiq/assets, subindustry) + group_rank(-ts_delta(close, 2), subindustry) + rank(volume/ts_mean(volume, 60))"
w56_b,d5OY1Xgv,2.65,2.39,5.04,0.1753,0.1426,0.0271,1.61,B,,GOOD,TOP2000,SUBINDUSTRY,10,0.08,0,N,"group_rank(fnd6_xrent/assets, subindustry) + group_rank(ts_av_diff(cash/assets, 45), subindustry) + group_rank(ts_av_diff(cashflow_op/enterprise_value, 45), subindustry) + group_rank(-ts_delta(close, 2), subindustry) + rank(volume/ts_mean(volume, 60))"
w56_f,O0rR8mjg,2.65,2.39,5.04,0.1753,0.1426,0.0271,1.61,B,,GOOD,TOP2000,SUBINDUSTRY,10,0.1,0,N,"group_rank(fnd6_xrent/assets, subindustry) + group_rank(ts_av_diff(cash/assets, 45), subindustry) + group_rank(ts_av_diff(cashflow_op/enterprise_value, 45), subindustry) + group_rank(-ts_delta(close, 2), subindustry) + rank(volume/ts_mean(volume, 60))"
w100_j,j23KlL3o,2.93,2.1,5.03,0.2689,0.1379,0.0355,2.7,B,,GOOD,TOP3000,SUBINDUSTRY,1,0.08,0,N,"trade_when(returns < 0, group_rank(authorized_stock_buyback_amount/assets, subindustry) + group_rank(-annual_intangible_assets_net_carrying_value/assets, subindustry) + group_rank(ts_av_diff(cash/assets, 45), subindustry) + group_rank(ts_av_diff(cashflow_op/enterprise_value, 45), subindustry) + group_rank(-ts_delta(close, 10), subindustry) + rank(volume/ts_mean(volume, 120)), -1)"
w48_c,pwPxlG7j,2.55,2.48,5.03,0.1286,0.1213,0.0302,2.76,B,,GOOD,TOP3000,SUBINDUSTRY,20,0.08,0,N,"group_rank(ts_av_diff(cash/assets, 30), subindustry) + group_rank(ts_av_diff(cashflow_op/enterprise_value, 60), subindustry) + group_rank(-ts_delta(close, 2), subindustry) + rank(volume/ts_mean(volume, 60))"
w62_h,ZY0dPjv1,3.12,1.9,5.02,0.4758,0.1772,0.0508,3.57,B,,GOOD,TOP3000,SECTOR,2,0.08,1,N,"group_rank(fnd6_xrent/assets, subindustry) + group_rank(ts_av_diff(cash/assets, 45), subindustry) + group_rank(ts_av_diff(cashflow_op/enterprise_value, 45), subindustry) + group_rank(-ts_delta(close, 2), subindustry) + rank(volume/ts_mean(volume, 60))"
w59_h,6XrZdlOK,3.12,1.89,5.01,0.4525,0.1653,0.0461,3.44,B,,GOOD,TOP3000,SUBINDUSTRY,2,0.08,1,N,"group_rank(fnd6_newqv1300_cimiiq/assets, subindustry) + group_rank(fnd6_xrent/assets, subindustry) + group_rank(ts_av_diff(cash/assets, 45), subindustry) + group_rank(ts_av_diff(cashflow_op/enterprise_value, 45), subindustry) + group_rank(-ts_delta(close, 2), subindustry) + rank(volume/ts_mean(volume, 60))"
w49_c,pwPxKKk3,2.52,2.48,5.0,0.1268,0.1226,0.0301,2.65,B,,GOOD,TOP3000,SUBINDUSTRY,20,0.08,0,N,"group_rank(ts_av_diff(cash/assets, 30), subindustry) + group_rank(ts_av_diff(cashflow_op/enterprise_value, 60), subindustry) + group_rank(-ts_delta(close, 3), subindustry) + rank(volume/ts_mean(volume, 60))"
w50_f,Vk6ZGw35,2.54,2.46,5.0,0.1317,0.1235,0.0339,2.94,B,,GOOD,TOP3000,SUBINDUSTRY,18,0.08,0,N,"group_rank(ts_av_diff(cash/assets, 50), subindustry) + group_rank(ts_av_diff(cashflow_op/enterprise_value, 60), subindustry) + group_rank(-ts_delta(close, 2), subindustry) + rank(volume/ts_mean(volume, 60))"
w60_e,LL9EMQv6,3.12,1.88,5.0,0.4691,0.171,0.0456,3.4,B,,GOOD,TOP3000,SUBINDUSTRY,2,0.08,1,N,"group_rank(fnd6_xrent/assets, subindustry) + group_rank(ts_av_diff(cash/assets, 45), subindustry) + group_rank(ts_av_diff(cashflow_op/enterprise_value, 45), subindustry) + group_rank(-ts_delta(close, 2), subindustry) + rank(volume/ts_mean(volume, 60))"
w116_g,RRVxxkoo,2.78,2.21,4.99,0.2033,0.1282,0.0408,2.6,C,,EXCELLENT,TOP3000,SUBINDUSTRY,4,0.08,1,N,"group_rank(fnd6_tstkc/assets, industry) + group_rank(fnd6_lifr/assets, industry) + group_rank(fnd6_cicurr/assets, industry) + group_rank(ts_av_diff(cash/assets, 45), industry) + group_rank(ts_av_diff(cashflow_op/enterprise_value, 45), industry) + group_rank(-ts_delta(close, 2), industry)"
w116_c,P0ZLmLMp,2.79,2.19,4.98,0.1943,0.1196,0.0332,2.34,C,,EXCELLENT,TOP3000,SUBINDUSTRY,4,0.08,1,N,"group_rank(fnd6_intc/assets, bucket(rank(ts_mean(volume, 20)), range=""0.1, 1, 0.1"")) + group_rank(fnd6_lifr/assets, bucket(rank(ts_mean(volume, 20)), range=""0.1, 1, 0.1"")) + group_rank(fnd6_cicurr/assets, bucket(rank(ts_mean(volume, 20)), range=""0.1, 1, 0.1"")) + group_rank(ts_av_diff(cash/assets, 45), bucket(rank(ts_mean(volume, 20)), range=""0.1, 1, 0.1"")) + group_rank(ts_av_diff(cashflow_op/enterprise_value, 45), bucket(rank(ts_mean(volume, 20)), range=""0.1, 1, 0.1"")) + group_rank(-ts_delta(close, 2), bucket(rank(ts_mean(volume, 20)), range=""0.1, 1, 0.1""))"
w42_c,kqV89LJd,2.49,2.49,4.98,0.1183,0.1247,0.039,1.74,C,,EXCELLENT,TOP3000,SUBINDUSTRY,35,0.08,1,N,"group_rank(fnd6_newqv1300_cimiiq/assets, subindustry) + group_rank(fnd6_xrent/assets, subindustry) + group_rank(ts_av_diff(cashflow_op/enterprise_value, 60), subindustry) + group_rank(-ts_delta(close, 2), subindustry) + rank(volume/ts_mean(volume, 60))"
w42_f,N1QK8ezq,2.48,2.5,4.98,0.1215,0.1267,0.038,1.42,C,,EXCELLENT,TOP3000,SUBINDUSTRY,30,0.08,1,N,"group_rank(fnd6_newqv1300_cimiiq/assets, subindustry) + group_rank(fnd6_xrent/assets, subindustry) + group_rank(ts_av_diff(cashflow_op/enterprise_value, 60), subindustry) + group_rank(-ts_delta(close, 2), subindustry) + rank(volume/ts_mean(volume, 90))"
w59_g,j23oY0Mo,3.2,1.78,4.98,0.4599,0.1424,0.041,4.01,C,,GOOD,TOP3000,SUBINDUSTRY,2,0.08,1,N,"group_rank(fnd6_newqv1300_cimiiq/assets, subindustry) + group_rank(ts_av_diff(cash/assets, 45), subindustry) + group_rank(ts_av_diff(cashflow_op/enterprise_value, 45), subindustry) + group_rank(-ts_delta(close, 2), subindustry) + rank(volume/ts_mean(volume, 60))"
w121_b,N1QZX9mq,2.86,2.11,4.97,0.2129,0.116,0.0297,2.73,C,,EXCELLENT,TOP3000,SUBINDUSTRY,4,0.08,1,N,"group_rank(fnd6_intc/assets, bucket(rank(ts_mean(volume*close, 20)), range=""0.1, 1, 0.1"")) + group_rank(fnd6_lifr/assets, bucket(rank(ts_mean(volume*close, 20)), range=""0.1, 1, 0.1"")) + group_rank(fnd6_cicurr/assets, bucket(rank(ts_mean(volume*close, 20)), range=""0.1, 1, 0.1"")) + group_rank(ts_av_diff(cash/assets, 45), bucket(rank(ts_mean(volume*close, 20)), range=""0.1, 1, 0.1"")) + group_rank(ts_av_diff(cashflow_op/enterprise_value, 45), bucket(rank(ts_mean(volume*close, 20)), range=""0.1, 1, 0.1"")) + group_rank(-ts_delta(close, 2), bucket(rank(ts_mean(volume*close, 20)), range=""0.1, 1, 0.1"")) + group_rank(if_else(rank(ts_regression(rank(returns), rank(vec_avg(anl4_basicdetailrec_ratingvalue)), 120, lag=0, rettype=2))>0.6, -ts_av_diff(vec_avg(anl4_basicdetailrec_ratingvalue), 120), 0), bucket(rank(ts_mean(volume*close, 20)), range=""0.1, 1, 0.1""))"
w51_f,58Qrp1q5,2.59,2.38,4.97,0.1502,0.1271,0.0355,3.09,C,,GOOD,TOP3000,SUBINDUSTRY,14,0.08,0,N,"group_rank(ts_av_diff(cash/assets, 55), subindustry) + group_rank(ts_av_diff(cashflow_op/enterprise_value, 60), subindustry) + group_rank(-ts_delta(close, 2), subindustry) + rank(volume/ts_mean(volume, 60))"
w36_d,zqYrJaxX,2.48,2.48,4.96,0.0919,0.125,0.0324,1.42,C,,EXCELLENT,TOP3000,SUBINDUSTRY,40,0.08,1,N,"group_rank(fnd6_xrent/assets, subindustry) + group_rank(ts_av_diff(cash/assets, 30), subindustry) + group_rank(ts_av_diff(cashflow_op/enterprise_value, 60), subindustry) + group_rank(-ts_delta(close, 2), subindustry) + rank(volume/ts_mean(volume, 60))"
w118_g,E5vj5YdL,2.73,2.22,4.95,0.1897,0.1255,0.0403,2.38,C,,EXCELLENT,TOP3000,SUBINDUSTRY,4,0.08,1,N,"group_rank(fnd6_tstkc/assets, bucket(rank(ts_rank(volume, 250)), range=""0.1, 1, 0.1"")) + group_rank(fnd6_cicurr/assets, bucket(rank(ts_rank(volume, 250)), range=""0.1, 1, 0.1"")) + group_rank(fnd6_intc/assets, bucket(rank(ts_rank(volume, 250)), range=""0.1, 1, 0.1"")) + group_rank(ts_av_diff(cash/assets, 45), bucket(rank(ts_rank(volume, 250)), range=""0.1, 1, 0.1"")) + group_rank(ts_av_diff(cashflow_op/enterprise_value, 45), bucket(rank(ts_rank(volume, 250)), range=""0.1, 1, 0.1"")) + group_rank(-ts_delta(close, 2), bucket(rank(ts_rank(volume, 250)), range=""0.1, 1, 0.1""))"
w41_e,le8g9an7,2.49,2.46,4.95,0.1119,0.1223,0.0385,1.73,C,,EXCELLENT,TOP3000,SUBINDUSTRY,40,0.08,1,N,"group_rank(fnd6_newqv1300_cimiiq/assets, subindustry) + group_rank(fnd6_xrent/assets, subindustry) + group_rank(ts_av_diff(cash/assets, 30), subindustry) + group_rank(ts_av_diff(cashflow_op/enterprise_value, 60), subindustry) + group_rank(-ts_delta(close, 2), subindustry) + rank(volume/ts_mean(volume, 60))"
w40_e,78ZGmRV5,2.47,2.45,4.92,0.1152,0.1231,0.0392,1.71,C,,EXCELLENT,TOP3000,SUBINDUSTRY,40,0.08,1,N,"group_rank(fnd6_newqv1300_cimiiq/assets, subindustry) + group_rank(fnd6_xrent/assets, subindustry) + group_rank(ts_av_diff(cashflow_op/enterprise_value, 60), subindustry) + group_rank(-ts_delta(close, 2), subindustry) + rank(volume/ts_mean(volume, 60))"
w41_f,vRkY66xQ,2.47,2.45,4.92,0.1152,0.1231,0.0392,1.71,C,,EXCELLENT,TOP3000,SUBINDUSTRY,40,0.04,1,N,"group_rank(fnd6_newqv1300_cimiiq/assets, subindustry) + group_rank(fnd6_xrent/assets, subindustry) + group_rank(ts_av_diff(cashflow_op/enterprise_value, 60), subindustry) + group_rank(-ts_delta(close, 2), subindustry) + rank(volume/ts_mean(volume, 60))"
w32_j,XgWRG68l,2.85,2.06,4.91,0.2634,0.1375,0.0441,2.09,C,,EXCELLENT,TOP3000,SUBINDUSTRY,4,0.08,1,N,"group_rank(fnd6_xrent/assets, subindustry) + group_rank(fnd6_xopr/assets, subindustry) + group_rank(ts_av_diff(cash/assets, 30), subindustry) + group_rank(-ts_delta(close, 2), subindustry) + rank(volume/ts_mean(volume, 60))"
w83_g,YP5900Qq,2.75,2.16,4.91,0.1958,0.1209,0.0357,1.79,C,,EXCELLENT,TOP3000,SUBINDUSTRY,4,0.08,1,N,"group_rank(authorized_stock_buyback_amount/assets, subindustry) + group_rank(anl4_fs_detail_estimate_1qf_v4_nd_sga_median/assets, subindustry) + group_rank(ts_av_diff(cash/assets, 45), subindustry) + group_rank(ts_av_diff(cashflow_op/enterprise_value, 45), subindustry) + group_rank(-ts_delta(close, 10), subindustry) + rank(volume/ts_mean(volume, 120))"
w106_f,3q9vKRdz,2.93,1.97,4.9,0.2633,0.1192,0.0356,2.39,C,,GOOD,TOP3000,SUBINDUSTRY,4,0.08,1,N,"group_rank(fnd6_xintopt/assets, subindustry) + group_rank(anl4_fs_detail_estimate_1qf_v4_nd_totassets_mean/assets, subindustry) + group_rank(ts_av_diff(cash/assets, 45), industry) + group_rank(ts_av_diff(cashflow_op/enterprise_value, 45), subindustry) + group_rank(-ts_delta(close, 2), industry) + rank(volume/ts_mean(volume, 60))"
w114_d,xAY7E9EJ,2.91,1.99,4.9,0.2428,0.1136,0.0319,2.7,C,,GOOD,TOP3000,SUBINDUSTRY,4,0.08,1,N,"group_rank(fnd6_tstkc/assets, bucket(rank(ts_std_dev(returns, 20)), range=""0.1, 1, 0.1"")) + group_rank(fnd6_cicurr/assets, bucket(rank(ts_std_dev(returns, 20)), range=""0.1, 1, 0.1"")) + group_rank(ts_av_diff(cash/assets, 45), bucket(rank(ts_std_dev(returns, 20)), range=""0.1, 1, 0.1"")) + group_rank(ts_av_diff(cashflow_op/enterprise_value, 45), bucket(rank(ts_std_dev(returns, 20)), range=""0.1, 1, 0.1"")) + group_rank(-ts_delta(close, 2), bucket(rank(ts_std_dev(returns, 20)), range=""0.1, 1, 0.1"")) + group_rank(volume/ts_mean(volume, 60), bucket(rank(ts_std_dev(returns, 20)), range=""0.1, 1, 0.1""))"
w114_h,MP1v2gGn,2.86,2.04,4.9,0.2606,0.1324,0.0346,2.4,C,,EXCELLENT,TOP3000,SUBINDUSTRY,4,0.08,1,N,"group_rank(fnd6_intc/assets, sector) + group_rank(fnd6_tfvce/assets, sector) + group_rank(ts_av_diff(cash/assets, 45), sector) + group_rank(ts_av_diff(cashflow_op/enterprise_value, 45), sector) + group_rank(-ts_delta(close, 2), sector) + group_rank(volume/ts_mean(volume, 60), sector)"
w64_g,xAY2ww1n,3.15,1.75,4.9,0.4233,0.1311,0.0331,3.68,C,,GOOD,TOP3000,SUBINDUSTRY,2,0.08,1,N,"group_rank(-anl4_fs_detail_estimate_1qf_v4_nd_netdebt_mean/assets, subindustry) + group_rank(fnd6_txtubxintis/assets, subindustry) + group_rank(ts_av_diff(cash/assets, 45), subindustry) + group_rank(ts_av_diff(cashflow_op/enterprise_value, 45), subindustry) + group_rank(-ts_delta(close, 2), subindustry) + rank(volume/ts_mean(volume, 60))"
w119_f,blRmGJ9r,2.86,2.02,4.88,0.2487,0.1235,0.0288,2.69,C,,EXCELLENT,TOP3000,SUBINDUSTRY,4,0.08,1,N,"group_rank(fnd6_newqv1300_glcea12/assets, bucket(rank(assets_curr/assets), range=""0.1, 1, 0.1"")) + group_rank(fnd6_intc/assets, bucket(rank(assets_curr/assets), range=""0.1, 1, 0.1"")) + group_rank(fnd6_newqv1300_xoptq/assets, bucket(rank(assets_curr/assets), range=""0.1, 1, 0.1"")) + group_rank(ts_av_diff(cash/assets, 45), bucket(rank(assets_curr/assets), range=""0.1, 1, 0.1"")) + group_rank(ts_av_diff(cashflow_op/enterprise_value, 45), bucket(rank(assets_curr/assets), range=""0.1, 1, 0.1"")) + group_rank(-ts_delta(close, 2), bucket(rank(assets_curr/assets), range=""0.1, 1, 0.1""))"
w48_e,2rO9LxgJ,2.45,2.43,4.88,0.0831,0.1229,0.0297,1.74,C,,GOOD,TOP3000,SUBINDUSTRY,60,0.08,0,N,"group_rank(fnd6_xrent/assets, subindustry) + group_rank(ts_av_diff(cash/assets, 30), subindustry) + group_rank(ts_av_diff(cashflow_op/enterprise_value, 60), subindustry) + group_rank(-ts_delta(close, 2), subindustry) + rank(volume/ts_mean(volume, 60))"
w116_f,j23kkmdW,2.75,2.12,4.87,0.2076,0.1235,0.0323,2.15,C,,EXCELLENT,TOP3000,SUBINDUSTRY,4,0.08,1,N,"group_rank(fnd6_intc/assets, sector) + group_rank(fnd6_tfvce/assets, sector) + group_rank(fnd6_lifr/assets, sector) + group_rank(ts_av_diff(cash/assets, 45), sector) + group_rank(ts_av_diff(cashflow_op/enterprise_value, 45), sector) + group_rank(-ts_delta(close, 2), sector)"
w116_i,xAY77jLb,2.79,2.08,4.87,0.2094,0.1161,0.0315,2.07,C,,EXCELLENT,TOP3000,SUBINDUSTRY,4,0.08,1,N,"group_rank(ts_zscore(fnd6_tfvce/assets, 120), bucket(rank(ts_mean(volume*close, 20)), range=""0.1, 1, 0.1"")) + group_rank(ts_zscore(fnd6_cicurr/assets, 120), bucket(rank(ts_mean(volume*close, 20)), range=""0.1, 1, 0.1"")) + group_rank(fnd6_intc/assets, bucket(rank(ts_mean(volume*close, 20)), range=""0.1, 1, 0.1"")) + group_rank(ts_av_diff(cash/assets, 45), bucket(rank(ts_mean(volume*close, 20)), range=""0.1, 1, 0.1"")) + group_rank(ts_av_diff(cashflow_op/enterprise_value, 45), bucket(rank(ts_mean(volume*close, 20)), range=""0.1, 1, 0.1"")) + group_rank(-ts_delta(close, 2), bucket(rank(ts_mean(volume*close, 20)), range=""0.1, 1, 0.1""))"
w43_f,j23VMQlj,2.47,2.4,4.87,0.1302,0.1225,0.0386,1.73,C,,EXCELLENT,TOP3000,SUBINDUSTRY,25,0.08,1,N,"group_rank(fnd6_newqv1300_cimiiq/assets, subindustry) + group_rank(fnd6_xrent/assets, subindustry) + group_rank(ts_av_diff(cashflow_op/enterprise_value, 60), subindustry) + group_rank(-ts_delta(close, 2), subindustry) + rank(volume/ts_mean(volume, 40))"
w56_c,GrdXOVGP,2.64,2.23,4.87,0.2,0.1423,0.028,1.63,C,,GOOD,TOP2000,SUBINDUSTRY,8,0.08,0,N,"group_rank(fnd6_xrent/assets, subindustry) + group_rank(ts_av_diff(cash/assets, 45), subindustry) + group_rank(ts_av_diff(cashflow_op/enterprise_value, 45), subindustry) + group_rank(-ts_delta(close, 2), subindustry) + rank(volume/ts_mean(volume, 60))"
w105_k,vRkX7z83,2.94,1.92,4.86,0.2819,0.1199,0.0349,2.45,C,,GOOD,TOP3000,SUBINDUSTRY,4,0.08,1,N,"group_rank(fnd6_xintopt/assets, subindustry) + group_rank(anl4_fs_detail_estimate_1qf_v4_nd_totassets_mean/assets, subindustry) + group_rank(ts_av_diff(cash/assets, 45), subindustry) + group_rank(ts_av_diff(cashflow_op/enterprise_value, 45), subindustry) + group_rank(-ts_delta(close, 2), subindustry) + rank(volume/ts_mean(volume, 60))"
w37_k,blRxJWpR,2.55,2.31,4.86,0.1103,0.1024,0.0352,1.86,C,,EXCELLENT,TOP3000,SUBINDUSTRY,20,0.08,1,N,"group_rank(fnd6_newqv1300_ivstq/assets, subindustry) + group_rank(fnd6_xrent/assets, subindustry) + group_rank(ts_av_diff(cash/assets, 30), subindustry) + group_rank(-ts_delta(close, 2), subindustry) + rank(volume/ts_mean(volume, 60))"
w112_h,mLgnglzE,2.88,1.97,4.85,0.2568,0.1207,0.0366,2.19,C,,GOOD,TOP3000,SUBINDUSTRY,4,0.08,1,N,"group_rank(fnd6_intc/assets, bucket(rank(cap), range=""0.1, 1, 0.1"")) + group_rank(fnd6_tfvce/assets, bucket(rank(cap), range=""0.1, 1, 0.1"")) + group_rank(ts_av_diff(cash/assets, 45), bucket(rank(cap), range=""0.1, 1, 0.1"")) + group_rank(ts_av_diff(cashflow_op/enterprise_value, 45), bucket(rank(cap), range=""0.1, 1, 0.1"")) + group_rank(-ts_delta(close, 2), bucket(rank(cap), range=""0.1, 1, 0.1"")) + group_rank(volume/ts_mean(volume, 60), bucket(rank(cap), range=""0.1, 1, 0.1""))"
w37_g,RRV59RAd,2.43,2.42,4.85,0.1224,0.1237,0.0278,1.24,C,,EXCELLENT,TOP2000,SUBINDUSTRY,20,0.08,1,N,"group_rank(fnd6_xrent/assets, subindustry) + group_rank(ts_av_diff(cash/assets, 30), subindustry) + group_rank(ts_av_diff(cashflow_op/enterprise_value, 60), subindustry) + group_rank(-ts_delta(close, 2), subindustry) + rank(volume/ts_mean(volume, 60))"
w39_h,RRV5zJX0,2.52,2.33,4.85,0.114,0.1072,0.0505,1.35,C,,EXCELLENT,TOP3000,SUBINDUSTRY,40,0.08,1,N,"group_rank(fnd6_newqv1300_cimiiq/assets, subindustry) + group_rank(fnd6_xrent/assets, subindustry) + group_rank(ts_av_diff(cash/assets, 30), subindustry) + group_rank(-ts_delta(close, 2), subindustry) + rank(volume/ts_mean(volume, 60))"
w105_i,xAYp7Ojn,2.87,1.97,4.84,0.2498,0.118,0.029,2.57,C,,GOOD,TOP3000,SUBINDUSTRY,4,0.08,1,N,"group_rank(anl4_fs_detail_estimate_1qf_v4_nd_totassets_mean/assets, subindustry) + group_rank(-anl4_fs_detail_estimates_advanced_af_nd_capex_median/assets, subindustry) + group_rank(ts_av_diff(cash/assets, 45), subindustry) + group_rank(ts_av_diff(cashflow_op/enterprise_value, 45), subindustry) + group_rank(-ts_delta(close, 2), subindustry) + rank(volume/ts_mean(volume, 60))"
w118_b,KPOoKzqk,2.83,2.01,4.84,0.2129,0.1078,0.0224,2.4,C,,EXCELLENT,TOP3000,SUBINDUSTRY,4,0.08,1,N,"group_rank(fnd6_intc/assets, bucket(rank(ts_std_dev(returns, 60)), range=""0.1, 1, 0.1"")) + group_rank(fnd6_cicurr/assets, bucket(rank(ts_std_dev(returns, 60)), range=""0.1, 1, 0.1"")) + group_rank(fnd6_newqv1300_glcea12/assets, bucket(rank(ts_std_dev(returns, 60)), range=""0.1, 1, 0.1"")) + group_rank(ts_av_diff(cash/assets, 45), bucket(rank(ts_std_dev(returns, 60)), range=""0.1, 1, 0.1"")) + group_rank(ts_av_diff(cashflow_op/enterprise_value, 45), bucket(rank(ts_std_dev(returns, 60)), range=""0.1, 1, 0.1"")) + group_rank(-ts_delta(close, 2), bucket(rank(ts_std_dev(returns, 60)), range=""0.1, 1, 0.1""))"
w41_b,883GYlNo,2.44,2.4,4.84,0.1111,0.1205,0.0394,1.68,C,,EXCELLENT,TOP3000,SUBINDUSTRY,50,0.08,1,N,"group_rank(fnd6_newqv1300_cimiiq/assets, subindustry) + group_rank(fnd6_xrent/assets, subindustry) + group_rank(ts_av_diff(cashflow_op/enterprise_value, 60), subindustry) + group_rank(-ts_delta(close, 2), subindustry) + rank(volume/ts_mean(volume, 60))"
w106_d,xAYpLX0b,2.85,1.98,4.83,0.2298,0.1104,0.0363,2.61,C,,GOOD,TOP3000,SUBINDUSTRY,4,0.08,1,N,"group_rank(fnd6_xintopt/assets, subindustry) + group_rank(anl4_fs_detail_estimate_1qf_v4_nd_totassets_mean/assets, subindustry) + group_rank(-anl4_fs_detail_estimates_advanced_af_nd_capex_median/assets, subindustry) + group_rank(ts_av_diff(cash/assets, 45), subindustry) + group_rank(ts_av_diff(cashflow_op/enterprise_value, 45), subindustry) + group_rank(-ts_delta(close, 2), subindustry)"
w49_b,ZY0gKrlj,2.45,2.38,4.83,0.1221,0.1177,0.0394,3.08,C,,GOOD,TOP3000,SUBINDUSTRY,20,0.08,0,N,"group_rank(ts_av_diff(cash/assets, 45), subindustry) + group_rank(ts_av_diff(cashflow_op/enterprise_value, 90), subindustry) + group_rank(-ts_delta(close, 2), subindustry) + rank(volume/ts_mean(volume, 60))"
w92_b,RRVoK5ea,2.74,2.08,4.82,0.2399,0.1382,0.0381,2.38,C,,GOOD,TOP3000,SUBINDUSTRY,4,0.08,0,N,"group_rank(ts_av_diff(cash/assets, 45), subindustry) + group_rank(ts_av_diff(cashflow_op/enterprise_value, 45), subindustry) + group_rank(-ts_delta(close, 10), subindustry) + rank(volume/ts_mean(volume, 120))"
w94_g,Vk6LRYAY,2.52,2.3,4.82,0.1804,0.1497,0.0602,2.26,C,,GOOD,TOP3000,SUBINDUSTRY,4,0.08,0,N,"group_rank(authorized_stock_buyback_amount/assets, subindustry) + group_rank(-annual_intangible_assets_net_carrying_value/assets, subindustry) + group_rank(-ts_delta(close, 120), subindustry) + group_rank(ts_av_diff(cash/assets, 45), subindustry) + group_rank(ts_av_diff(cashflow_op/enterprise_value, 45), subindustry) + group_rank(-ts_delta(close, 10), subindustry) + rank(volume/ts_mean(volume, 120))"
w114_c,78ZP2gj1,2.91,1.9,4.81,0.2592,0.1101,0.0355,2.46,C,,GOOD,TOP3000,SUBINDUSTRY,4,0.08,1,N,"group_rank(fnd6_intc/assets, bucket(rank(ts_std_dev(returns, 20)), range=""0.1, 1, 0.1"")) + group_rank(fnd6_tfvce/assets, bucket(rank(ts_std_dev(returns, 20)), range=""0.1, 1, 0.1"")) + group_rank(ts_av_diff(cash/assets, 45), bucket(rank(ts_std_dev(returns, 20)), range=""0.1, 1, 0.1"")) + group_rank(ts_av_diff(cashflow_op/enterprise_value, 45), bucket(rank(ts_std_dev(returns, 20)), range=""0.1, 1, 0.1"")) + group_rank(-ts_delta(close, 2), bucket(rank(ts_std_dev(returns, 20)), range=""0.1, 1, 0.1"")) + group_rank(volume/ts_mean(volume, 60), bucket(rank(ts_std_dev(returns, 20)), range=""0.1, 1, 0.1""))"
w32_i,ZY0mP96Y,2.92,1.89,4.81,0.333,0.1392,0.0312,2.74,C,,GOOD,TOP3000,SUBINDUSTRY,4,0.08,1,N,"group_rank(fnd6_xrent/assets, subindustry) + group_rank(ts_av_diff(cash/assets, 30), subindustry) + group_rank(-ts_delta(close, 2), subindustry) + rank(volume/ts_mean(volume, 60))"
w42_e,6XrGNe8L,2.43,2.38,4.81,0.1238,0.12,0.0391,1.7,C,,EXCELLENT,TOP3000,SUBINDUSTRY,30,0.08,1,N,"group_rank(fnd6_newqv1300_cimiiq/assets, subindustry) + group_rank(fnd6_xrent/assets, subindustry) + group_rank(ts_av_diff(cashflow_op/enterprise_value, 60), subindustry) + group_rank(-ts_delta(close, 2), subindustry) + rank(volume/ts_mean(volume, 40))"
z6_cfevxoca,ZY07MXgd,2.46,2.35,4.81,0.1115,0.1136,0.037,2.08,C,,GOOD,TOP3000,SUBINDUSTRY,4,0.08,0,Y,"group_rank(ts_av_diff(cashflow_op/enterprise_value,60),subindustry) + group_rank(fnd6_xopr/assets,subindustry) + group_rank(ts_av_diff(cash/assets,30),subindustry)"
w107_f,vRk7mlzb,3.13,1.66,4.79,0.4583,0.1282,0.0387,3.74,C,,GOOD,TOP3000,SUBINDUSTRY,1,0.08,1,N,"group_rank(fnd6_xintopt/assets, subindustry) + group_rank(anl4_fs_detail_estimate_1qf_v4_nd_totassets_mean/assets, subindustry) + group_rank(-anl4_fs_detail_estimates_advanced_af_nd_capex_median/assets, subindustry) + group_rank(ts_av_diff(cash/assets, 45), subindustry) + group_rank(ts_av_diff(cashflow_op/enterprise_value, 45), subindustry) + group_rank(-ts_delta(close, 2), subindustry)"
w87_g,1Yx2xnZJ,2.6,2.19,4.79,0.1433,0.1016,0.0312,1.64,C,,EXCELLENT,TOP3000,SUBINDUSTRY,4,0.08,1,N,"group_rank(authorized_stock_buyback_amount/assets, subindustry) + group_rank(anl4_fs_detail_estimate_1qf_v4_nd_sga_median/assets, subindustry) + 0.45*group_rank(ts_av_diff(cash/assets, 45), subindustry) + 0.45*group_rank(ts_av_diff(cashflow_op/enterprise_value, 45), subindustry) + 0.5*group_rank(-ts_delta(close, 10), subindustry) + 0.5*rank(volume/ts_mean(volume, 120))"
z8_d4_xo_mix,wpYjPko6,2.44,2.35,4.79,0.1256,0.1166,0.032,2.09,C,,GOOD,TOP3000,SUBINDUSTRY,4,0.08,0,N,"0.5*group_rank(ts_av_diff(cashflow_op/enterprise_value,60),subindustry) + 0.25*group_rank(ts_av_diff(cash/assets,30),subindustry) + 0.25*group_rank(fnd6_xopr/assets,subindustry)"
w114_j,0mRZLbvr,2.81,1.97,4.78,0.2435,0.1202,0.0314,2.26,C,,GOOD,TOP3000,SUBINDUSTRY,4,0.08,1,N,"group_rank(ts_delta(fnd6_tstkc/assets, 60), bucket(rank(cap), range=""0.1, 1, 0.1"")) + group_rank(ts_delta(fnd6_intc/assets, 60), bucket(rank(cap), range=""0.1, 1, 0.1"")) + group_rank(ts_av_diff(cash/assets, 45), bucket(rank(cap), range=""0.1, 1, 0.1"")) + group_rank(ts_av_diff(cashflow_op/enterprise_value, 45), bucket(rank(cap), range=""0.1, 1, 0.1"")) + group_rank(-ts_delta(close, 2), bucket(rank(cap), range=""0.1, 1, 0.1"")) + group_rank(volume/ts_mean(volume, 60), bucket(rank(cap), range=""0.1, 1, 0.1""))"
w106_b,blR10el6,2.89,1.88,4.77,0.2777,0.1179,0.0317,2.28,C,,GOOD,TOP3000,SUBINDUSTRY,4,0.08,1,N,"group_rank(fnd6_xintopt/assets, subindustry) + group_rank(anl4_fs_detail_estimate_1qf_v4_nd_totassets_mean/assets, subindustry) + group_rank(ts_av_diff(cash/assets, 75), subindustry) + group_rank(ts_av_diff(cashflow_op/enterprise_value, 45), subindustry) + group_rank(-ts_delta(close, 2), subindustry) + rank(volume/ts_mean(volume, 90))"
h11_xc_decay12,npK2W2Jq,2.48,2.28,4.76,0.1271,0.107,0.0315,1.04,C,,EXCELLENT,TOP3000,SUBINDUSTRY,12,0.08,1,N,"group_rank(fnd6_xrent/assets, subindustry) + group_rank(ts_av_diff(cash/assets, 30), subindustry) + rank(-ts_delta(close, 2))"
w106_h,0mR2VNQ8,2.85,1.91,4.76,0.2621,0.1172,0.0312,1.77,C,,GOOD,TOP3000,SUBINDUSTRY,4,0.08,1,N,"group_rank(fnd6_xintopt/assets, subindustry) + group_rank(anl4_fs_detail_estimate_1qf_v4_nd_totassets_mean/assets, subindustry) + group_rank(ts_av_diff(cash/assets, 60), subindustry) + group_rank(ts_av_diff(cashflow_op/enterprise_value, 60), subindustry) + group_rank(-ts_delta(close, 3), subindustry) + rank(volume/ts_mean(volume, 150))"
w114_e,zqY7L5No,2.8,1.96,4.76,0.257,0.1265,0.031,2.3,C,,GOOD,TOP3000,SUBINDUSTRY,4,0.08,1,N,"group_rank(fnd6_intc/assets, bucket(rank(ts_mean(volume, 20)), range=""0.1, 1, 0.1"")) + group_rank(fnd6_lifr/assets, bucket(rank(ts_mean(volume, 20)), range=""0.1, 1, 0.1"")) + group_rank(ts_av_diff(cash/assets, 45), bucket(rank(ts_mean(volume, 20)), range=""0.1, 1, 0.1"")) + group_rank(ts_av_diff(cashflow_op/enterprise_value, 45), bucket(rank(ts_mean(volume, 20)), range=""0.1, 1, 0.1"")) + group_rank(-ts_delta(close, 2), bucket(rank(ts_mean(volume, 20)), range=""0.1, 1, 0.1"")) + group_rank(volume/ts_mean(volume, 60), bucket(rank(ts_mean(volume, 20)), range=""0.1, 1, 0.1""))"
w115_l,Grdj5G8o,3.21,1.55,4.76,0.5389,0.1249,0.034,4.02,C,,GOOD,TOP3000,SUBINDUSTRY,1,0.08,1,N,"group_rank(fnd6_tstkc/assets, bucket(rank(ts_std_dev(returns, 20)), range=""0.1, 1, 0.1"")) + group_rank(fnd6_cicurr/assets, bucket(rank(ts_std_dev(returns, 20)), range=""0.1, 1, 0.1"")) + group_rank(ts_av_diff(cash/assets, 45), bucket(rank(ts_std_dev(returns, 20)), range=""0.1, 1, 0.1"")) + group_rank(ts_av_diff(cashflow_op/enterprise_value, 45), bucket(rank(ts_std_dev(returns, 20)), range=""0.1, 1, 0.1"")) + group_rank(-ts_delta(close, 2), bucket(rank(ts_std_dev(returns, 20)), range=""0.1, 1, 0.1"")) + group_rank(volume/ts_mean(volume, 60), bucket(rank(ts_std_dev(returns, 20)), range=""0.1, 1, 0.1""))"
w119_l,npKj9Orw,2.68,2.07,4.75,0.2058,0.1227,0.0351,2.4,C,,EXCELLENT,TOP3000,SUBINDUSTRY,4,0.08,1,N,"group_rank(fnd6_newq_xoptepsqp/assets, bucket(rank(ts_mean(volume*close, 20)), range=""0.1, 1, 0.1"")) + group_rank(fnd6_cicurr/assets, bucket(rank(ts_mean(volume*close, 20)), range=""0.1, 1, 0.1"")) + group_rank(fnd6_tstkc/assets, bucket(rank(ts_mean(volume*close, 20)), range=""0.1, 1, 0.1"")) + group_rank(ts_av_diff(cash/assets, 45), bucket(rank(ts_mean(volume*close, 20)), range=""0.1, 1, 0.1"")) + group_rank(ts_av_diff(cashflow_op/enterprise_value, 45), bucket(rank(ts_mean(volume*close, 20)), range=""0.1, 1, 0.1"")) + group_rank(-ts_delta(close, 2), bucket(rank(ts_mean(volume*close, 20)), range=""0.1, 1, 0.1""))"
w32_c,pwPvYJAX,2.66,2.09,4.75,0.1919,0.1184,0.0298,1.83,C,,EXCELLENT,TOP3000,SUBINDUSTRY,8,0.08,1,N,"group_rank(fnd6_xrent/assets, subindustry) + group_rank(ts_av_diff(cash/assets, 30), subindustry) + group_rank(fnd6_newqv1300_mibtq/assets, subindustry) + group_rank(-ts_delta(close, 2), subindustry) + rank(volume/ts_mean(volume, 60))"
w97_e,KPOMlEbE,3.02,1.73,4.75,0.4065,0.1329,0.0318,3.07,C,,AVERAGE,TOP3000,SUBINDUSTRY,1,0.08,0,N,"group_rank(authorized_stock_buyback_amount/assets, subindustry) + group_rank(-annual_intangible_assets_net_carrying_value/assets, subindustry) + group_rank(ts_av_diff(cash/assets, 45), subindustry) + group_rank(ts_av_diff(cashflow_op/enterprise_value, 45), subindustry) + group_rank(-ts_corr(close, volume, 10), subindustry) + rank(volume/ts_mean(volume, 120))"
w119_d,ZY08P0nQ,2.68,2.06,4.74,0.2019,0.1192,0.0321,2.12,C,,EXCELLENT,TOP3000,SUBINDUSTRY,4,0.08,1,N,"group_rank(fnd6_intc/assets, bucket(rank(ts_std_dev(volume, 20)), range=""0.1, 1, 0.1"")) + group_rank(fnd6_tfvce/assets, bucket(rank(ts_std_dev(volume, 20)), range=""0.1, 1, 0.1"")) + group_rank(fnd6_lifr/assets, bucket(rank(ts_std_dev(volume, 20)), range=""0.1, 1, 0.1"")) + group_rank(ts_av_diff(cash/assets, 45), bucket(rank(ts_std_dev(volume, 20)), range=""0.1, 1, 0.1"")) + group_rank(ts_av_diff(cashflow_op/enterprise_value, 45), bucket(rank(ts_std_dev(volume, 20)), range=""0.1, 1, 0.1"")) + group_rank(-ts_delta(close, 2), bucket(rank(ts_std_dev(volume, 20)), range=""0.1, 1, 0.1""))"
w38_g,3q9GkrAO,2.49,2.25,4.74,0.0766,0.1021,0.0411,2.16,C,,EXCELLENT,TOP3000,MARKET,40,0.08,1,N,"group_rank(fnd6_newqv1300_ivstq/assets, subindustry) + group_rank(fnd6_xrent/assets, subindustry) + group_rank(ts_av_diff(cash/assets, 30), subindustry) + group_rank(-ts_delta(close, 2), subindustry) + rank(volume/ts_mean(volume, 60))"
w39_c,RRV5l5Go,2.39,2.35,4.74,0.1122,0.1209,0.0305,1.2,C,,EXCELLENT,TOP2000,SUBINDUSTRY,25,0.08,1,Y,"group_rank(fnd6_xrent/assets, subindustry) + group_rank(ts_av_diff(cash/assets, 30), subindustry) + group_rank(ts_av_diff(cashflow_op/enterprise_value, 60), subindustry) + group_rank(-ts_delta(close, 2), subindustry) + rank(volume/ts_mean(volume, 60))"
w41_c,O0r6VZzJ,2.38,2.34,4.72,0.122,0.1211,0.0339,1.99,C,,EXCELLENT,TOP2000,SUBINDUSTRY,40,0.08,1,N,"group_rank(fnd6_newqv1300_cimiiq/assets, subindustry) + group_rank(fnd6_xrent/assets, subindustry) + group_rank(ts_av_diff(cashflow_op/enterprise_value, 60), subindustry) + group_rank(-ts_delta(close, 2), subindustry) + rank(volume/ts_mean(volume, 60))"
w58_d,vRkZOLP3,2.91,1.81,4.72,0.4122,0.1601,0.0524,3.78,C,,AVERAGE,TOP3000,SUBINDUSTRY,3,0.08,0,N,"group_rank(ts_av_diff(cash/assets, 45), subindustry) + group_rank(ts_av_diff(cashflow_op/enterprise_value, 45), subindustry) + group_rank(-ts_delta(close, 2), subindustry) + rank(volume/ts_mean(volume, 60))"
w5_s8_ind,zqYk25AG,2.47,2.25,4.72,0.115,0.1034,0.0499,2.55,C,,EXCELLENT,TOP3000,INDUSTRY,20,0.08,1,N,"group_rank(-ts_delta(close, 2), subindustry) + group_rank(fnd6_xopr/assets, subindustry) + rank(volume/ts_mean(volume, 60))"
w68_f,MP1egvq6,2.7,2.02,4.72,0.3135,0.1753,0.0419,1.83,C,,EXCELLENT,TOP3000,INDUSTRY,2,0.08,1,N,"group_rank(fnd6_xrent/assets, industry) + group_rank(ts_av_diff(cashflow_op/enterprise_value, 45), industry) + group_rank(-ts_rank(close, 10), industry)"
w116_k,9qV558ae,2.72,1.99,4.71,0.2073,0.1111,0.0277,1.92,C,,GOOD,TOP3000,SUBINDUSTRY,4,0.08,1,N,"group_rank(fnd6_newqv1300_fcaq/assets, bucket(rank(ts_mean(volume*close, 20)), range=""0.1, 1, 0.1"")) + group_rank(fnd6_newqv1300_tfvceq/assets, bucket(rank(ts_mean(volume*close, 20)), range=""0.1, 1, 0.1"")) + group_rank(fnd6_intc/assets, bucket(rank(ts_mean(volume*close, 20)), range=""0.1, 1, 0.1"")) + group_rank(ts_av_diff(cash/assets, 45), bucket(rank(ts_mean(volume*close, 20)), range=""0.1, 1, 0.1"")) + group_rank(ts_av_diff(cashflow_op/enterprise_value, 45), bucket(rank(ts_mean(volume*close, 20)), range=""0.1, 1, 0.1"")) + group_rank(-ts_delta(close, 2), bucket(rank(ts_mean(volume*close, 20)), range=""0.1, 1, 0.1""))"
z1_cfevcashxo,vRkj6JqA,2.42,2.29,4.71,0.0987,0.1118,0.0369,1.96,C,,GOOD,TOP3000,SUBINDUSTRY,6,0.08,0,N,"group_rank(ts_av_diff(cashflow_op/enterprise_value,60),subindustry) + group_rank(ts_av_diff(cash/assets,30),subindustry) + group_rank(fnd6_xopr/assets,subindustry)"
w119_j,O0rLOajJ,2.77,1.93,4.7,0.2388,0.1164,0.0268,2.06,C,,GOOD,TOP3000,SUBINDUSTRY,4,0.08,1,N,"group_rank(fnd6_tstkc/assets, bucket(rank(ts_std_dev(returns, 250)), range=""0.1, 1, 0.1"")) + group_rank(fnd6_newqv1300_glcea12/assets, bucket(rank(ts_std_dev(returns, 250)), range=""0.1, 1, 0.1"")) + group_rank(fnd6_newqv1300_xoptq/assets, bucket(rank(ts_std_dev(returns, 250)), range=""0.1, 1, 0.1"")) + group_rank(ts_av_diff(cash/assets, 45), bucket(rank(ts_std_dev(returns, 250)), range=""0.1, 1, 0.1"")) + group_rank(ts_av_diff(cashflow_op/enterprise_value, 45), bucket(rank(ts_std_dev(returns, 250)), range=""0.1, 1, 0.1"")) + group_rank(-ts_delta(close, 2), bucket(rank(ts_std_dev(returns, 250)), range=""0.1, 1, 0.1""))"
w85_d,mLgl5Rkx,2.51,2.19,4.7,0.124,0.0949,0.0294,1.57,C,,EXCELLENT,TOP3000,SUBINDUSTRY,4,0.08,1,N,"group_rank(authorized_stock_buyback_amount/assets, subindustry) + group_rank(anl4_fs_detail_estimate_1qf_v4_nd_sga_median/assets, subindustry) + 0.4*group_rank(ts_av_diff(cash/assets, 45), subindustry) + 0.4*group_rank(ts_av_diff(cashflow_op/enterprise_value, 45), subindustry) + 0.4*group_rank(-ts_delta(close, 10), subindustry) + 0.4*rank(volume/ts_mean(volume, 120))"
w114_i,ZY0V1zqY,2.72,1.96,4.68,0.2596,0.1348,0.042,2.29,C,,GOOD,TOP3000,SUBINDUSTRY,4,0.08,1,N,"group_rank(fnd6_tstkc/assets, industry) + group_rank(fnd6_lifr/assets, industry) + group_rank(ts_av_diff(cash/assets, 45), industry) + group_rank(ts_av_diff(cashflow_op/enterprise_value, 45), industry) + group_rank(-ts_delta(close, 2), industry) + group_rank(volume/ts_mean(volume, 60), industry)"
w34_l,E5vVAoJK,2.61,2.07,4.68,0.2106,0.1329,0.044,2.61,C,,EXCELLENT,TOP3000,MARKET,8,0.08,1,N,"group_rank(fnd6_xrent/assets, subindustry) + group_rank(ts_av_diff(cash/assets, 30), subindustry) + group_rank(-ts_delta(close, 2), subindustry) + rank(volume/ts_mean(volume, 60))"
w114_k,kqVpMxKl,2.78,1.89,4.67,0.2679,0.1232,0.0421,2.31,C,,GOOD,TOP3000,SUBINDUSTRY,4,0.08,1,N,"group_rank(ts_zscore(fnd6_tfvce/assets, 120), bucket(rank(ts_mean(volume*close, 20)), range=""0.1, 1, 0.1"")) + group_rank(ts_zscore(fnd6_cicurr/assets, 120), bucket(rank(ts_mean(volume*close, 20)), range=""0.1, 1, 0.1"")) + group_rank(ts_av_diff(cash/assets, 45), bucket(rank(ts_mean(volume*close, 20)), range=""0.1, 1, 0.1"")) + group_rank(ts_av_diff(cashflow_op/enterprise_value, 45), bucket(rank(ts_mean(volume*close, 20)), range=""0.1, 1, 0.1"")) + group_rank(-ts_delta(close, 2), bucket(rank(ts_mean(volume*close, 20)), range=""0.1, 1, 0.1"")) + group_rank(volume/ts_mean(volume, 60), bucket(rank(ts_mean(volume*close, 20)), range=""0.1, 1, 0.1""))"
w36_b,9qVEA1ZV,2.46,2.21,4.67,0.1331,0.1073,0.0354,2.08,C,,EXCELLENT,TOP3000,SUBINDUSTRY,20,0.08,1,Y,"group_rank(fnd6_newqv1300_ivstq/assets, subindustry) + group_rank(fnd6_newqv1300_lol2q/assets, subindustry) + group_rank(fnd6_xrent/assets, subindustry) + group_rank(ts_av_diff(cash/assets, 30), subindustry) + group_rank(-ts_delta(close, 2), subindustry) + rank(volume/ts_mean(volume, 60))"
w38_e,xAYl2K6b,2.48,2.19,4.67,0.0925,0.0972,0.0367,1.77,C,,EXCELLENT,TOP3000,SUBINDUSTRY,30,0.08,1,N,"group_rank(fnd6_newqv1300_ivstq/assets, subindustry) + group_rank(fnd6_xrent/assets, subindustry) + group_rank(ts_av_diff(cash/assets, 30), subindustry) + group_rank(-ts_delta(close, 2), subindustry) + rank(volume/ts_mean(volume, 60))"
w51_g,blRJQeGm,2.46,2.21,4.67,0.1478,0.1195,0.0395,3.06,C,,GOOD,TOP3000,SUBINDUSTRY,14,0.08,0,N,"group_rank(ts_av_diff(cash/assets, 45), subindustry) + group_rank(ts_av_diff(cashflow_op/enterprise_value, 105), subindustry) + group_rank(-ts_delta(close, 2), subindustry) + rank(volume/ts_mean(volume, 60))"
w108_f,9qV5wdOx,2.9,1.76,4.66,0.3249,0.12,0.0287,2.52,C,,GOOD,TOP3000,SUBINDUSTRY,1,0.08,1,N,"group_rank(fnd6_xintopt/assets, subindustry) + group_rank(anl4_fs_detail_estimate_1qf_v4_nd_totassets_mean/assets, subindustry) + group_rank(-anl4_fs_detail_estimates_advanced_af_nd_capex_median/assets, subindustry) + group_rank(ts_av_diff(cash/assets, 45), subindustry) + group_rank(ts_av_diff(cashflow_op/enterprise_value, 45), subindustry) + group_rank(-ts_delta(close, 5), subindustry)"
w116_m,j23kkkKj,2.64,2.02,4.66,0.1952,0.1148,0.0266,2.1,C,,GOOD,TOP3000,SUBINDUSTRY,4,0.08,0,N,"group_rank(fnd6_cicurr/assets, bucket(rank(ts_mean(volume*close, 20)), range=""0.1, 1, 0.1"")) + group_rank(fnd6_intc/assets, bucket(rank(ts_mean(volume*close, 20)), range=""0.1, 1, 0.1"")) + group_rank(fnd6_lifr/assets, bucket(rank(ts_mean(volume*close, 20)), range=""0.1, 1, 0.1"")) + group_rank(ts_av_diff(cash/assets, 45), bucket(rank(ts_mean(volume*close, 20)), range=""0.1, 1, 0.1"")) + group_rank(ts_av_diff(cashflow_op/enterprise_value, 45), bucket(rank(ts_mean(volume*close, 20)), range=""0.1, 1, 0.1"")) + group_rank(-ts_delta(close, 2), bucket(rank(ts_mean(volume*close, 20)), range=""0.1, 1, 0.1""))"
w119_k,Grd2PVd0,2.71,1.95,4.66,0.2224,0.115,0.0354,2.16,C,,GOOD,TOP3000,SUBINDUSTRY,4,0.08,1,N,"group_rank(fnd6_pncepsq/assets, bucket(rank(ts_mean(volume*close, 20)), range=""0.1, 1, 0.1"")) + group_rank(fnd6_lifr/assets, bucket(rank(ts_mean(volume*close, 20)), range=""0.1, 1, 0.1"")) + group_rank(fnd6_intc/assets, bucket(rank(ts_mean(volume*close, 20)), range=""0.1, 1, 0.1"")) + group_rank(ts_av_diff(cash/assets, 45), bucket(rank(ts_mean(volume*close, 20)), range=""0.1, 1, 0.1"")) + group_rank(ts_av_diff(cashflow_op/enterprise_value, 45), bucket(rank(ts_mean(volume*close, 20)), range=""0.1, 1, 0.1"")) + group_rank(-ts_delta(close, 2), bucket(rank(ts_mean(volume*close, 20)), range=""0.1, 1, 0.1""))"
u8_dec20,YP5789eR,2.46,2.19,4.65,0.1143,0.099,0.0423,2.3,C,,EXCELLENT,TOP3000,SUBINDUSTRY,20,0.08,1,N,"group_rank(-ts_delta(close, 2), subindustry) + group_rank(fnd6_xopr/assets, subindustry) + rank(volume/ts_mean(volume, 60))"
w4_s8_t005,akL7QMQ1,2.46,2.19,4.65,0.1143,0.099,0.0423,2.3,C,,EXCELLENT,TOP3000,SUBINDUSTRY,20,0.05,1,N,"group_rank(-ts_delta(close, 2), subindustry) + group_rank(fnd6_xopr/assets, subindustry) + rank(volume/ts_mean(volume, 60))"
w56_d,npKmP0Pd,2.62,2.03,4.65,0.2393,0.1437,0.0309,1.66,C,,GOOD,TOP2000,SUBINDUSTRY,6,0.08,0,N,"group_rank(fnd6_xrent/assets, subindustry) + group_rank(ts_av_diff(cash/assets, 45), subindustry) + group_rank(ts_av_diff(cashflow_op/enterprise_value, 45), subindustry) + group_rank(-ts_delta(close, 2), subindustry) + rank(volume/ts_mean(volume, 60))"
w78_b,KPOZV9Gz,2.62,2.03,4.65,0.1975,0.1183,0.0357,1.45,C,,EXCELLENT,TOP3000,SUBINDUSTRY,4,0.08,1,N,"group_rank(anl4_fs_detail_estimate_1qf_v4_nd_netdebt_high/assets, subindustry) + group_rank(anl4_fs_detail_estimate_1qf_v4_nd_sga_median/assets, subindustry) + group_rank(ts_av_diff(cash/assets, 45), subindustry) + group_rank(ts_av_diff(cashflow_op/enterprise_value, 60), subindustry) + group_rank(-ts_delta(close, 10), subindustry) + rank(volume/ts_mean(volume, 120))"
w121_c,58QXZ7eX,2.74,1.9,4.64,0.2182,0.1048,0.0244,2.46,C,,GOOD,TOP3000,SUBINDUSTRY,4,0.08,1,N,"group_rank(fnd6_tstkc/assets, bucket(rank(sales/assets), range=""0.1, 1, 0.1"")) + group_rank(fnd6_cicurr/assets, bucket(rank(sales/assets), range=""0.1, 1, 0.1"")) + group_rank(fnd6_intc/assets, bucket(rank(sales/assets), range=""0.1, 1, 0.1"")) + group_rank(ts_av_diff(cash/assets, 45), bucket(rank(sales/assets), range=""0.1, 1, 0.1"")) + group_rank(ts_av_diff(cashflow_op/enterprise_value, 45), bucket(rank(sales/assets), range=""0.1, 1, 0.1"")) + group_rank(-ts_delta(close, 2), bucket(rank(sales/assets), range=""0.1, 1, 0.1"")) + group_rank(if_else(rank(ts_regression(rank(returns), rank(vec_avg(anl4_basicdetailrec_ratingvalue)), 120, lag=0, rettype=2))>0.6, -ts_av_diff(vec_avg(anl4_basicdetailrec_ratingvalue), 120), 0), bucket(rank(sales/assets), range=""0.1, 1, 0.1""))"
w39_a,vRkYpk1a,2.35,2.29,4.64,0.1054,0.1186,0.0317,1.17,C,,EXCELLENT,TOP2000,SUBINDUSTRY,30,0.08,1,N,"group_rank(fnd6_xrent/assets, subindustry) + group_rank(ts_av_diff(cash/assets, 30), subindustry) + group_rank(ts_av_diff(cashflow_op/enterprise_value, 60), subindustry) + group_rank(-ts_delta(close, 2), subindustry) + rank(volume/ts_mean(volume, 60))"
w63_c,3q9kLnGN,2.73,1.91,4.64,0.3217,0.1582,0.0331,2.24,C,,GOOD,TOP3000,SUBINDUSTRY,2,0.08,1,N,"group_rank(fnd6_xrent/assets, subindustry) + group_rank(ts_av_diff(cash/assets, 45), subindustry) + group_rank(ts_av_diff(cashflow_op/enterprise_value, 45), subindustry) + group_rank(-ts_rank(close, 10), subindustry)"
w116_b,KPOAM5xk,2.64,1.99,4.63,0.1956,0.1112,0.0327,2.02,C,,GOOD,TOP3000,SUBINDUSTRY,4,0.08,1,N,"group_rank(fnd6_intc/assets, bucket(rank(ts_std_dev(returns, 20)), range=""0.1, 1, 0.1"")) + group_rank(fnd6_tfvce/assets, bucket(rank(ts_std_dev(returns, 20)), range=""0.1, 1, 0.1"")) + group_rank(fnd6_tstkc/assets, bucket(rank(ts_std_dev(returns, 20)), range=""0.1, 1, 0.1"")) + group_rank(ts_av_diff(cash/assets, 45), bucket(rank(ts_std_dev(returns, 20)), range=""0.1, 1, 0.1"")) + group_rank(ts_av_diff(cashflow_op/enterprise_value, 45), bucket(rank(ts_std_dev(returns, 20)), range=""0.1, 1, 0.1"")) + group_rank(-ts_delta(close, 2), bucket(rank(ts_std_dev(returns, 20)), range=""0.1, 1, 0.1""))"
w116_h,MP1vv5Ea,2.59,2.04,4.63,0.1907,0.1188,0.0327,1.85,C,,EXCELLENT,TOP3000,SUBINDUSTRY,4,0.08,1,N,"group_rank(ts_delta(fnd6_tstkc/assets, 60), bucket(rank(cap), range=""0.1, 1, 0.1"")) + group_rank(ts_delta(fnd6_intc/assets, 60), bucket(rank(cap), range=""0.1, 1, 0.1"")) + group_rank(fnd6_tstkc/assets, bucket(rank(cap), range=""0.1, 1, 0.1"")) + group_rank(ts_av_diff(cash/assets, 45), bucket(rank(cap), range=""0.1, 1, 0.1"")) + group_rank(ts_av_diff(cashflow_op/enterprise_value, 45), bucket(rank(cap), range=""0.1, 1, 0.1"")) + group_rank(-ts_delta(close, 2), bucket(rank(cap), range=""0.1, 1, 0.1""))"
w27_lnoq_xrent,j238M38O,2.53,2.1,4.63,0.2161,0.1491,0.0348,2.28,C,,EXCELLENT,TOP3000,SUBINDUSTRY,8,0.08,1,N,"group_rank(fnd6_newqv1300_lnoq/assets, subindustry) + group_rank(fnd6_xrent/assets, subindustry) + group_rank(ts_av_diff(cashflow_op/enterprise_value, 60), subindustry) + rank(-ts_delta(close, 2)) + rank(volume/ts_mean(volume, 60))"
w39_i,om6PG5Pv,2.49,2.14,4.63,0.1059,0.092,0.0423,2.04,C,,EXCELLENT,TOP3000,SUBINDUSTRY,40,0.08,1,N,"group_rank(fnd6_newqv1300_ivstq/assets, subindustry) + group_rank(fnd6_newqv1300_cimiiq/assets, subindustry) + group_rank(fnd6_xrent/assets, subindustry) + group_rank(ts_av_diff(cash/assets, 30), subindustry) + group_rank(-ts_delta(close, 2), subindustry) + rank(volume/ts_mean(volume, 60))"
w96_d,WjP2jMrd,3.1,1.53,4.63,0.6701,0.1634,0.0431,2.27,C,,AVERAGE,TOP3000,SUBINDUSTRY,1,0.08,0,N,"group_rank(authorized_stock_buyback_amount/assets, subindustry) + group_rank(-annual_intangible_assets_net_carrying_value/assets, subindustry) + group_rank(-(close/vwap), subindustry) + group_rank(ts_av_diff(cash/assets, 45), subindustry) + group_rank(ts_av_diff(cashflow_op/enterprise_value, 45), subindustry) + group_rank(-ts_delta(close, 10), subindustry) + rank(volume/ts_mean(volume, 120))"
w114_n,O0rdjnrv,2.72,1.9,4.62,0.2514,0.1233,0.0431,2.0,C,,AVERAGE,TOP3000,SUBINDUSTRY,4,0.08,0,N,"group_rank(fnd6_tstkc/assets, bucket(rank(cap), range=""0.1, 1, 0.1"")) + group_rank(fnd6_lifr/assets, bucket(rank(cap), range=""0.1, 1, 0.1"")) + group_rank(ts_av_diff(cash/assets, 45), bucket(rank(cap), range=""0.1, 1, 0.1"")) + group_rank(ts_av_diff(cashflow_op/enterprise_value, 45), bucket(rank(cap), range=""0.1, 1, 0.1"")) + group_rank(-ts_delta(close, 2), bucket(rank(cap), range=""0.1, 1, 0.1"")) + group_rank(volume/ts_mean(volume, 60), bucket(rank(cap), range=""0.1, 1, 0.1""))"
g02_xrent_cash,npK2nONd,2.52,2.09,4.61,0.1619,0.111,0.0315,1.36,C,,EXCELLENT,TOP3000,SUBINDUSTRY,8,0.08,1,N,"group_rank(fnd6_xrent/assets, subindustry) + group_rank(ts_av_diff(cash/assets, 30), subindustry) + rank(-ts_delta(close, 2))"
w114_b,P0ZLAN9J,2.76,1.85,4.61,0.2621,0.1172,0.044,2.21,C,,GOOD,TOP3000,SUBINDUSTRY,4,0.08,1,N,"group_rank(fnd6_newqv1300_fcaq/assets, bucket(rank(ts_mean(volume*close, 20)), range=""0.1, 1, 0.1"")) + group_rank(fnd6_newqv1300_tfvceq/assets, bucket(rank(ts_mean(volume*close, 20)), range=""0.1, 1, 0.1"")) + group_rank(ts_av_diff(cash/assets, 45), bucket(rank(ts_mean(volume*close, 20)), range=""0.1, 1, 0.1"")) + group_rank(ts_av_diff(cashflow_op/enterprise_value, 45), bucket(rank(ts_mean(volume*close, 20)), range=""0.1, 1, 0.1"")) + group_rank(-ts_delta(close, 2), bucket(rank(ts_mean(volume*close, 20)), range=""0.1, 1, 0.1"")) + group_rank(volume/ts_mean(volume, 60), bucket(rank(ts_mean(volume*close, 20)), range=""0.1, 1, 0.1""))"
w27_ivstq_xrent,d5O1Pz5j,2.48,2.13,4.61,0.1732,0.128,0.0341,2.35,C,,EXCELLENT,TOP3000,SUBINDUSTRY,8,0.08,1,N,"group_rank(fnd6_newqv1300_ivstq/assets, subindustry) + group_rank(fnd6_xrent/assets, subindustry) + group_rank(ts_av_diff(cashflow_op/enterprise_value, 60), subindustry) + rank(-ts_delta(close, 2)) + rank(volume/ts_mean(volume, 60))"
w58_a,E5vNVa2L,2.95,1.66,4.61,0.5208,0.1647,0.0527,3.88,C,,AVERAGE,TOP3000,SUBINDUSTRY,2,0.08,0,N,"group_rank(ts_av_diff(cash/assets, 45), subindustry) + group_rank(ts_av_diff(cashflow_op/enterprise_value, 45), subindustry) + group_rank(-ts_delta(close, 2), subindustry) + rank(volume/ts_mean(volume, 60))"
w92_a,akL8wRoR,2.45,2.16,4.61,0.1316,0.1025,0.0346,2.14,C,,GOOD,TOP3000,SUBINDUSTRY,4,0.08,0,N,"group_rank(authorized_stock_buyback_amount/assets, subindustry) + group_rank(-annual_intangible_assets_net_carrying_value/assets, subindustry) + 0.5*group_rank(-ts_delta(close, 10), subindustry) + 0.5*rank(volume/ts_mean(volume, 120))"
o3_xopr_vwap_d14,blRjZzxM,2.45,2.15,4.6,0.1285,0.0987,0.0429,2.43,C,,EXCELLENT,TOP3000,SUBINDUSTRY,14,0.08,1,N,"group_rank(fnd6_xopr/assets, subindustry) + rank(-ts_delta(vwap, 2)) + rank(volume/ts_mean(volume, 60))"
w71_d,E5v8P8AJ,2.75,1.85,4.6,0.3229,0.1469,0.0392,2.42,C,,GOOD,TOP3000,INDUSTRY,3,0.08,1,N,"group_rank(-anl4_fs_detail_estimate_1qf_v4_nd_netdebt_mean/assets, industry) + group_rank(liabilities_curr/assets, industry) + group_rank(-ts_delta(close, 5), industry) + rank(volume/ts_mean(volume, 90))"
w38_a,LL98E87L,2.45,2.14,4.59,0.0835,0.095,0.0374,1.7,C,,EXCELLENT,TOP3000,SUBINDUSTRY,40,0.08,1,Y,"group_rank(fnd6_newqv1300_ivstq/assets, subindustry) + group_rank(fnd6_xrent/assets, subindustry) + group_rank(ts_av_diff(cash/assets, 30), subindustry) + group_rank(-ts_delta(close, 2), subindustry) + rank(volume/ts_mean(volume, 60))"
f11_vol_surge,QP3V2bVG,2.58,2.0,4.58,0.1986,0.1195,0.0578,2.33,C,,GOOD,TOP3000,SUBINDUSTRY,8,0.08,1,Y,"group_rank(liabilities_curr/assets, subindustry) + rank(-ts_delta(close, 2)) + rank(volume/ts_mean(volume, 60))"
w112_j,akLmLgGx,2.69,1.89,4.58,0.2492,0.1228,0.0388,1.9,C,,GOOD,TOP3000,SUBINDUSTRY,4,0.08,1,N,"group_rank(fnd6_tstkc/assets, bucket(rank(cap), range=""0.1, 1, 0.1"")) + group_rank(fnd6_lifr/assets, bucket(rank(cap), range=""0.1, 1, 0.1"")) + group_rank(ts_av_diff(cash/assets, 45), bucket(rank(cap), range=""0.1, 1, 0.1"")) + group_rank(ts_av_diff(cashflow_op/enterprise_value, 45), bucket(rank(cap), range=""0.1, 1, 0.1"")) + group_rank(-ts_delta(close, 2), bucket(rank(cap), range=""0.1, 1, 0.1"")) + group_rank(volume/ts_mean(volume, 60), bucket(rank(cap), range=""0.1, 1, 0.1""))"
w118_k,pwP2wkkV,2.68,1.9,4.58,0.2307,0.1165,0.0308,2.19,C,,GOOD,TOP3000,SUBINDUSTRY,4,0.08,1,N,"group_rank(fnd6_lifr/assets, bucket(rank(ts_mean(volume*close, 20)), range=""0.1, 1, 0.1"")) + group_rank(fnd6_newqv1300_xoptq/assets, bucket(rank(ts_mean(volume*close, 20)), range=""0.1, 1, 0.1"")) + group_rank(fnd6_newqv1300_tfvceq/assets, bucket(rank(ts_mean(volume*close, 20)), range=""0.1, 1, 0.1"")) + group_rank(ts_av_diff(cash/assets, 45), bucket(rank(ts_mean(volume*close, 20)), range=""0.1, 1, 0.1"")) + group_rank(ts_av_diff(cashflow_op/enterprise_value, 45), bucket(rank(ts_mean(volume*close, 20)), range=""0.1, 1, 0.1"")) + group_rank(-ts_delta(close, 2), bucket(rank(ts_mean(volume*close, 20)), range=""0.1, 1, 0.1""))"
w66_f,LL9mR9LM,2.84,1.74,4.58,0.3183,0.1194,0.0317,2.94,C,,GOOD,TOP3000,SUBINDUSTRY,3,0.08,1,N,"group_rank(anl4_fs_detail_estimate_1qf_v4_nd_cfi_low/assets, subindustry) + group_rank(fnd6_txtubxintis/assets, subindustry) + group_rank(ts_av_diff(cash/assets, 45), subindustry) + group_rank(ts_av_diff(cashflow_op/enterprise_value, 45), subindustry) + group_rank(-ts_delta(close, 2), subindustry) + rank(volume/ts_mean(volume, 60))"
w106_e,vRkXEl9d,2.59,1.98,4.57,0.1885,0.1107,0.0293,1.77,C,,GOOD,TOP3000,SUBINDUSTRY,4,0.08,1,N,"group_rank(anl4_fs_detail_estimate_1qf_v4_nd_totassets_mean/assets, subindustry) + group_rank(-anl4_fs_detail_estimates_advanced_af_nd_capex_median/assets, subindustry) + group_rank(ts_av_diff(cash/assets, 60), subindustry) + group_rank(ts_av_diff(cashflow_op/enterprise_value, 45), subindustry) + group_rank(-ts_delta(close, 10), subindustry) + rank(volume/ts_mean(volume, 90))"
w39_e,mLgK0NVp,2.44,2.13,4.57,0.0828,0.0957,0.036,1.41,C,,EXCELLENT,TOP3000,SUBINDUSTRY,40,0.08,1,N,"group_rank(fnd6_newqv1300_ivstq/assets, subindustry) + group_rank(fnd6_xrent/assets, subindustry) + group_rank(ts_av_diff(cash/assets, 30), subindustry) + group_rank(-ts_delta(close, 2), subindustry) + rank(volume/ts_mean(volume, 90))"
w66_a,RRVldAAe,2.94,1.63,4.57,0.4102,0.1255,0.0341,3.35,C,,GOOD,TOP3000,SUBINDUSTRY,2,0.08,1,N,"group_rank(anl4_fs_detail_estimate_1qf_v4_nd_cfi_low/assets, subindustry) + group_rank(fnd6_txtubxintis/assets, subindustry) + group_rank(ts_av_diff(cash/assets, 45), subindustry) + group_rank(ts_av_diff(cashflow_op/enterprise_value, 45), subindustry) + group_rank(-ts_delta(close, 2), subindustry) + rank(volume/ts_mean(volume, 60))"
w74_d,mLgQg35X,2.66,1.91,4.57,0.2871,0.1482,0.049,1.93,C,,GOOD,TOP3000,INDUSTRY,3,0.08,1,N,"group_rank(anl4_fs_detail_estimate_1qf_v4_nd_netdebt_high/assets, industry) + group_rank(ts_av_diff(cash/assets, 45), industry) + group_rank(ts_av_diff(cashflow_op/enterprise_value, 45), industry) + group_rank(-ts_delta(close, 5), industry) + rank(volume/ts_mean(volume, 90))"
w78_h,1Yx0O5rJ,2.6,1.96,4.56,0.1998,0.1136,0.0398,1.35,C,,GOOD,TOP3000,SUBINDUSTRY,4,0.08,1,N,"group_rank(anl4_fs_actuals_basic_qf_nd_div_value/assets, subindustry) + group_rank(anl4_fs_detail_estimate_1qf_v4_nd_sga_median/assets, subindustry) + group_rank(ts_av_diff(cash/assets, 60), subindustry) + group_rank(ts_av_diff(cashflow_op/enterprise_value, 60), subindustry) + group_rank(-ts_delta(close, 8), subindustry) + rank(volume/ts_mean(volume, 150))"
w79_b,E5vxPwjL,2.6,1.96,4.56,0.2037,0.1156,0.0339,1.78,C,,GOOD,TOP3000,SUBINDUSTRY,4,0.08,1,N,"group_rank(anl4_fs_detail_estimates_advanced_af_nd_capex_std/assets, subindustry) + group_rank(anl4_fs_detail_estimate_1qf_v4_nd_netdebt_high/assets, subindustry) + group_rank(ts_av_diff(cash/assets, 75), subindustry) + group_rank(ts_av_diff(cashflow_op/enterprise_value, 60), subindustry) + group_rank(-ts_delta(close, 8), subindustry) + rank(volume/ts_mean(volume, 150))"
d1_d0_grev_xo_vol,xAYjommJ,2.44,2.11,4.55,0.0704,0.0932,0.0437,2.49,C,,GOOD,TOP3000,SUBINDUSTRY,40,0.08,0,N,"group_rank(-ts_delta(close, 2), subindustry) + group_rank(fnd6_xopr/assets, subindustry) + rank(volume/ts_mean(volume, 60))"
w106_c,78ZR5Vpb,2.64,1.91,4.55,0.211,0.1105,0.029,1.7,C,,GOOD,TOP3000,SUBINDUSTRY,4,0.08,1,N,"group_rank(anl4_fs_detail_estimate_1qf_v4_nd_totassets_mean/assets, subindustry) + group_rank(-anl4_fs_detail_estimates_advanced_af_nd_capex_median/assets, subindustry) + group_rank(ts_av_diff(cash/assets, 75), subindustry) + group_rank(ts_av_diff(cashflow_op/enterprise_value, 60), subindustry) + group_rank(-ts_delta(close, 5), subindustry) + rank(volume/ts_mean(volume, 120))"
w74_e,883X3K2X,2.95,1.6,4.55,0.4487,0.1319,0.0409,3.79,C,,GOOD,TOP3000,SUBINDUSTRY,2,0.08,1,N,"group_rank(anl4_fs_detail_estimate_1qf_v4_nd_cfi_low/assets, subindustry) + group_rank(ts_av_diff(cash/assets, 45), subindustry) + group_rank(ts_av_diff(cashflow_op/enterprise_value, 45), subindustry) + group_rank(-ts_delta(close, 2), subindustry) + rank(volume/ts_mean(volume, 60))"
w74_g,e79E997g,2.96,1.59,4.55,0.4644,0.1337,0.0419,3.72,C,,GOOD,TOP3000,SUBINDUSTRY,2,0.08,1,N,"group_rank(anl4_fs_detail_estimates_advanced_af_nd_capex_std/assets, subindustry) + group_rank(ts_av_diff(cash/assets, 45), subindustry) + group_rank(ts_av_diff(cashflow_op/enterprise_value, 45), subindustry) + group_rank(-ts_delta(close, 2), subindustry) + rank(volume/ts_mean(volume, 60))"
w79_c,xAY5plkN,2.63,1.92,4.55,0.2053,0.1097,0.0429,1.52,C,,GOOD,TOP3000,SUBINDUSTRY,4,0.08,1,N,"group_rank(anl4_fs_actuals_basic_qf_nd_div_value/assets, subindustry) + group_rank(anl4_fs_detail_estimate_1qf_v4_nd_rd_exp_high/assets, subindustry) + group_rank(ts_av_diff(cash/assets, 75), subindustry) + group_rank(ts_av_diff(cashflow_op/enterprise_value, 60), subindustry) + group_rank(-ts_delta(close, 8), subindustry) + rank(volume/ts_mean(volume, 150))"
h05_xc_vwap,om6lVrZn,2.49,2.05,4.54,0.1612,0.1097,0.0309,1.23,C,,EXCELLENT,TOP3000,SUBINDUSTRY,8,0.08,1,N,"group_rank(fnd6_xrent/assets, subindustry) + group_rank(ts_av_diff(cash/assets, 30), subindustry) + rank(-ts_delta(vwap, 2))"
w119_i,j23pv2ej,2.61,1.93,4.54,0.2055,0.1121,0.0338,2.47,C,,GOOD,TOP3000,SUBINDUSTRY,4,0.08,1,N,"group_rank(fnd6_intc/assets, bucket(rank(ts_corr(close, volume, 60)), range=""0.1, 1, 0.1"")) + group_rank(fnd6_newqv1300_lnoq/assets, bucket(rank(ts_corr(close, volume, 60)), range=""0.1, 1, 0.1"")) + group_rank(fnd6_tfvce/assets, bucket(rank(ts_corr(close, volume, 60)), range=""0.1, 1, 0.1"")) + group_rank(ts_av_diff(cash/assets, 45), bucket(rank(ts_corr(close, volume, 60)), range=""0.1, 1, 0.1"")) + group_rank(ts_av_diff(cashflow_op/enterprise_value, 45), bucket(rank(ts_corr(close, volume, 60)), range=""0.1, 1, 0.1"")) + group_rank(-ts_delta(close, 2), bucket(rank(ts_corr(close, volume, 60)), range=""0.1, 1, 0.1""))"
w39_b,d5O93jvJ,2.31,2.23,4.54,0.1005,0.1169,0.0323,1.18,C,,EXCELLENT,TOP2000,SUBINDUSTRY,35,0.08,1,N,"group_rank(fnd6_xrent/assets, subindustry) + group_rank(ts_av_diff(cash/assets, 30), subindustry) + group_rank(ts_av_diff(cashflow_op/enterprise_value, 60), subindustry) + group_rank(-ts_delta(close, 2), subindustry) + rank(volume/ts_mean(volume, 60))"
w91_d,qMWpGw3Z,2.42,2.12,4.54,0.1404,0.1079,0.0358,1.36,C,,EXCELLENT,TOP3000,INDUSTRY,4,0.08,1,N,"group_rank(authorized_stock_buyback_amount/assets, subindustry) + group_rank(anl4_fs_detail_estimate_1qf_v4_nd_sga_median/assets, subindustry) + 0.45*group_rank(ts_av_diff(cash/assets, 45), subindustry) + 0.45*group_rank(ts_av_diff(cashflow_op/enterprise_value, 45), subindustry) + 0.5*group_rank(-ts_delta(close, 10), subindustry) + 0.5*rank(volume/ts_mean(volume, 120))"
o2_xopr_vwap_vol90,RRV7QVQn,2.58,1.95,4.53,0.1933,0.1103,0.0428,2.35,C,,GOOD,TOP3000,SUBINDUSTRY,8,0.08,1,N,"group_rank(fnd6_xopr/assets, subindustry) + rank(-ts_delta(vwap, 2)) + rank(volume/ts_mean(volume, 90))"
r6_p5_sec,akL7l22v,2.42,2.11,4.53,0.1047,0.0953,0.036,2.06,C,,EXCELLENT,TOP3000,SECTOR,12,0.08,1,N,"rank(-ts_delta(close, 2)) * rank(volume/ts_mean(volume, 60)) + group_rank(operating_expense/assets, subindustry) + group_rank(ts_av_diff(cash/assets, 30), subindustry)"
w35_n,WjPLXObd,2.58,1.95,4.53,0.1991,0.1139,0.0355,2.5,C,,GOOD,TOP3000,SUBINDUSTRY,8,0.08,1,N,"group_rank(fnd6_newqv1300_ivstq/assets, subindustry) + group_rank(fnd6_newqv1300_lol2q/assets, subindustry) + group_rank(fnd6_xrent/assets, subindustry) + group_rank(ts_av_diff(cash/assets, 30), subindustry) + group_rank(-ts_delta(close, 2), subindustry) + rank(volume/ts_mean(volume, 60))"
p5_np_ind,gJQjvq2J,2.45,2.07,4.52,0.1318,0.094,0.0346,2.15,C,,EXCELLENT,TOP3000,INDUSTRY,8,0.08,1,N,"rank(-ts_delta(close, 2)) * rank(volume/ts_mean(volume, 60)) + group_rank(operating_expense/assets, subindustry) + group_rank(ts_av_diff(cash/assets, 30), subindustry)"
w3_s8_d25,3q9lk3vP,2.41,2.11,4.52,0.0971,0.0955,0.042,2.29,C,,EXCELLENT,TOP3000,SUBINDUSTRY,25,0.08,1,N,"group_rank(-ts_delta(close, 2), subindustry) + group_rank(fnd6_xopr/assets, subindustry) + rank(volume/ts_mean(volume, 60))"
w58_h,Vk6ZdNVG,3.03,1.49,4.52,0.701,0.1695,0.0484,3.85,D,HIGH_TURNOVER,AVERAGE,TOP3000,SUBINDUSTRY,1,0.08,0,N,"group_rank(ts_av_diff(cash/assets, 45), subindustry) + group_rank(ts_av_diff(cashflow_op/enterprise_value, 45), subindustry) + group_rank(-ts_delta(close, 2), subindustry) + rank(volume/ts_mean(volume, 60))"
w78_c,YP5YllvM,2.59,1.93,4.52,0.2051,0.1137,0.0282,2.1,C,,GOOD,TOP3000,SUBINDUSTRY,4,0.08,1,N,"group_rank(anl4_fs_detail_estimates_advanced_af_nd_capex_std/assets, subindustry) + group_rank(anl4_fs_detail_estimate_1qf_v4_nd_cfi_low/assets, subindustry) + group_rank(ts_av_diff(cash/assets, 45), subindustry) + group_rank(ts_av_diff(cashflow_op/enterprise_value, 45), subindustry) + group_rank(-ts_delta(close, 8), subindustry) + rank(volume/ts_mean(volume, 150))"
w115_e,d5OJrkww,2.56,1.95,4.51,0.2091,0.1213,0.0358,1.69,C,,GOOD,TOP3000,SUBINDUSTRY,4,0.08,1,N,"group_rank(fnd6_tstkc/assets, bucket(rank(cap), range=""0.1, 1, 0.1"")) + group_rank(fnd6_lifr/assets, bucket(rank(cap), range=""0.1, 1, 0.1"")) + group_rank(fnd6_intc/assets, bucket(rank(cap), range=""0.1, 1, 0.1"")) + group_rank(fnd6_tfvce/assets, bucket(rank(cap), range=""0.1, 1, 0.1"")) + group_rank(ts_av_diff(cash/assets, 45), bucket(rank(cap), range=""0.1, 1, 0.1"")) + group_rank(ts_av_diff(cashflow_op/enterprise_value, 45), bucket(rank(cap), range=""0.1, 1, 0.1"")) + group_rank(-ts_delta(close, 2), bucket(rank(cap), range=""0.1, 1, 0.1"")) + group_rank(volume/ts_mean(volume, 60), bucket(rank(cap), range=""0.1, 1, 0.1""))"
w36_a,N1Qe50Mp,2.37,2.14,4.51,0.113,0.1016,0.037,1.98,C,,EXCELLENT,TOP3000,SUBINDUSTRY,40,0.08,1,N,"group_rank(fnd6_newqv1300_ivstq/assets, subindustry) + group_rank(fnd6_newqv1300_lol2q/assets, subindustry) + group_rank(fnd6_xrent/assets, subindustry) + group_rank(ts_av_diff(cash/assets, 30), subindustry) + group_rank(-ts_delta(close, 2), subindustry) + rank(volume/ts_mean(volume, 60))"
w67_d,O0rM8nNY,2.66,1.85,4.51,0.3225,0.1554,0.0301,3.13,C,,GOOD,TOP3000,INDUSTRY,2,0.08,1,N,"group_rank(liabilities_curr/assets, industry) + group_rank(-anl4_fs_detail_estimate_1qf_v4_nd_netdebt_mean/assets, industry) + group_rank(-ts_rank(close, 10), industry)"
w109_h,LL9odxav,2.74,1.76,4.5,0.2691,0.1109,0.0324,2.01,C,,GOOD,TOP3000,SUBINDUSTRY,4,0.08,1,N,"group_rank(fnd6_xintopt/assets, bucket(rank(cap), range=""0.1, 1, 0.1"")) + group_rank(anl4_fs_detail_estimate_1qf_v4_nd_totassets_mean/assets, bucket(rank(cap), range=""0.1, 1, 0.1"")) + group_rank(ts_av_diff(cash/assets, 45), bucket(rank(cap), range=""0.1, 1, 0.1"")) + group_rank(ts_av_diff(cashflow_op/enterprise_value, 45), bucket(rank(cap), range=""0.1, 1, 0.1"")) + group_rank(-ts_delta(close, 2), bucket(rank(cap), range=""0.1, 1, 0.1"")) + group_rank(volume/ts_mean(volume, 60), bucket(rank(cap), range=""0.1, 1, 0.1""))"
w110_b,58QKkXKo,2.66,1.84,4.5,0.2385,0.1137,0.029,2.34,C,,GOOD,TOP3000,SUBINDUSTRY,4,0.08,1,N,"group_rank(fnd6_xintopt/assets, bucket(rank(ts_mean(volume*close, 20)), range=""0.1, 1, 0.1"")) + group_rank(anl4_fs_detail_estimate_1qf_v4_nd_totassets_mean/assets, bucket(rank(ts_mean(volume*close, 20)), range=""0.1, 1, 0.1"")) + group_rank(-anl4_fs_detail_estimates_advanced_af_nd_capex_median/assets, bucket(rank(ts_mean(volume*close, 20)), range=""0.1, 1, 0.1"")) + group_rank(ts_av_diff(cash/assets, 45), bucket(rank(ts_mean(volume*close, 20)), range=""0.1, 1, 0.1"")) + group_rank(ts_av_diff(cashflow_op/enterprise_value, 45), bucket(rank(ts_mean(volume*close, 20)), range=""0.1, 1, 0.1"")) + group_rank(-ts_delta(close, 2), bucket(rank(ts_mean(volume*close, 20)), range=""0.1, 1, 0.1"")) + group_rank(volume/ts_mean(volume, 60), bucket(rank(ts_mean(volume*close, 20)), range=""0.1, 1, 0.1""))"
w111_f,le8wjM3n,2.67,1.83,4.5,0.2376,0.1119,0.0332,1.73,C,,GOOD,TOP3000,SUBINDUSTRY,4,0.08,1,N,"group_rank(anl4_fs_detail_estimate_1qf_v4_nd_ebit_low/assets, bucket(rank(cap), range=""0.05, 1, 0.05"")) + group_rank(anl4_fs_detail_estimate_1qf_v4_nd_totassets_median/assets, bucket(rank(cap), range=""0.05, 1, 0.05"")) + group_rank(ts_av_diff(cash/assets, 45), bucket(rank(cap), range=""0.05, 1, 0.05"")) + group_rank(ts_av_diff(cashflow_op/enterprise_value, 45), bucket(rank(cap), range=""0.05, 1, 0.05"")) + group_rank(-ts_delta(close, 2), bucket(rank(cap), range=""0.05, 1, 0.05"")) + group_rank(volume/ts_mean(volume, 60), bucket(rank(cap), range=""0.05, 1, 0.05""))"
w1_s8_rev3,blRjrZoq,2.38,2.12,4.5,0.1124,0.0991,0.0433,2.14,C,,EXCELLENT,TOP3000,SUBINDUSTRY,20,0.08,1,N,"group_rank(-ts_delta(close, 3), subindustry) + group_rank(fnd6_xopr/assets, subindustry) + rank(volume/ts_mean(volume, 60))"
w39_f,58QGA2QJ,2.4,2.1,4.5,0.0825,0.0953,0.0373,1.64,C,,EXCELLENT,TOP3000,SUBINDUSTRY,40,0.08,1,N,"group_rank(fnd6_newqv1300_ivstq/assets, subindustry) + group_rank(fnd6_xrent/assets, subindustry) + group_rank(ts_av_diff(cash/assets, 30), subindustry) + group_rank(-ts_delta(close, 3), subindustry) + rank(volume/ts_mean(volume, 60))"
f09_sector_grp,le8lQ3n7,2.53,1.96,4.49,0.2211,0.1324,0.0448,1.87,C,,GOOD,TOP3000,SUBINDUSTRY,8,0.08,1,N,"group_rank(liabilities_curr/assets, sector) + rank(-ts_delta(close, 2))"
w100_a,ZY0vk2wx,2.39,2.1,4.49,0.0797,0.0966,0.0294,1.93,C,,GOOD,TOP3000,SUBINDUSTRY,1,0.08,0,N,"trade_when(volume > adv20, group_rank(authorized_stock_buyback_amount/assets, subindustry) + group_rank(-annual_intangible_assets_net_carrying_value/assets, subindustry) + group_rank(ts_av_diff(cash/assets, 45), subindustry) + group_rank(ts_av_diff(cashflow_op/enterprise_value, 45), subindustry) + group_rank(-ts_delta(close, 10), subindustry) + rank(volume/ts_mean(volume, 120)), -1)"
w77_e,A10ExKrd,2.59,1.9,4.49,0.2195,0.1181,0.0317,1.96,C,,GOOD,TOP3000,SUBINDUSTRY,4,0.08,1,N,"group_rank(anl4_fs_detail_estimate_1qf_v4_nd_cfi_low/assets, subindustry) + group_rank(ts_av_diff(cash/assets, 45), subindustry) + group_rank(ts_av_diff(cashflow_op/enterprise_value, 45), subindustry) + group_rank(-ts_delta(close, 8), subindustry) + rank(volume/ts_mean(volume, 150))"
w87_a,Jjx27rMn,2.43,2.06,4.49,0.113,0.0901,0.0285,1.51,C,,EXCELLENT,TOP3000,SUBINDUSTRY,4,0.08,1,N,"group_rank(authorized_stock_buyback_amount/assets, subindustry) + group_rank(anl4_fs_detail_estimate_1qf_v4_nd_sga_median/assets, subindustry) + 0.35*group_rank(ts_av_diff(cash/assets, 45), subindustry) + 0.35*group_rank(ts_av_diff(cashflow_op/enterprise_value, 45), subindustry) + 0.35*group_rank(-ts_delta(close, 10), subindustry) + 0.35*rank(volume/ts_mean(volume, 120))"
w91_g,mLgN7EYp,2.43,2.06,4.49,0.113,0.0901,0.0285,1.51,C,,EXCELLENT,TOP3000,SUBINDUSTRY,4,0.03,1,N,"group_rank(authorized_stock_buyback_amount/assets, subindustry) + group_rank(anl4_fs_detail_estimate_1qf_v4_nd_sga_median/assets, subindustry) + 0.35*group_rank(ts_av_diff(cash/assets, 45), subindustry) + 0.35*group_rank(ts_av_diff(cashflow_op/enterprise_value, 45), subindustry) + 0.35*group_rank(-ts_delta(close, 10), subindustry) + 0.35*rank(volume/ts_mean(volume, 120))"
e04_liab_rev,78Z1qvnv,2.5,1.98,4.48,0.168,0.1056,0.035,1.94,C,,GOOD,TOP3000,SUBINDUSTRY,8,0.08,1,N,"group_rank(liabilities_curr / assets, subindustry) + rank(-ts_delta(close, 2))"
w101_g,MP1NKOXM,3.07,1.41,4.48,0.6581,0.1379,0.0421,2.63,C,,AVERAGE,TOP3000,SUBINDUSTRY,1,0.08,0,N,"group_rank(news_prev_day_ret, subindustry) + group_rank(ts_av_diff(cash/assets, 45), subindustry) + group_rank(ts_av_diff(cashflow_op/enterprise_value, 45), subindustry) + group_rank(-ts_delta(close, 10), subindustry) + rank(volume/ts_mean(volume, 120))"
w110_i,kqVpP8Yd,2.59,1.89,4.48,0.2079,0.1111,0.0268,1.64,C,,GOOD,TOP3000,SUBINDUSTRY,4,0.08,1,N,"group_rank(fnd6_xintopt/assets, bucket(rank(ts_mean(volume*close, 20)), range=""0.1, 1, 0.1"")) + group_rank(anl4_fs_detail_estimate_1qf_v4_nd_totassets_mean/assets, bucket(rank(ts_mean(volume*close, 20)), range=""0.1, 1, 0.1"")) + group_rank(-anl4_fs_detail_estimates_advanced_af_nd_capex_median/assets, bucket(rank(ts_mean(volume*close, 20)), range=""0.1, 1, 0.1"")) + group_rank(ts_av_diff(cash/assets, 75), bucket(rank(ts_mean(volume*close, 20)), range=""0.1, 1, 0.1"")) + group_rank(ts_av_diff(cashflow_op/enterprise_value, 60), bucket(rank(ts_mean(volume*close, 20)), range=""0.1, 1, 0.1"")) + group_rank(-ts_delta(close, 5), bucket(rank(ts_mean(volume*close, 20)), range=""0.1, 1, 0.1"")) + group_rank(volume/ts_mean(volume, 120), bucket(rank(ts_mean(volume*close, 20)), range=""0.1, 1, 0.1""))"
w118_j,gJQlJjbg,2.62,1.86,4.48,0.2165,0.1086,0.0321,2.49,C,,GOOD,TOP3000,SUBINDUSTRY,4,0.08,1,N,"group_rank(fnd6_cicurr/assets, bucket(rank(cap), range=""0.1, 1, 0.1"")) + group_rank(fnd6_newqv1300_lnoq/assets, bucket(rank(cap), range=""0.1, 1, 0.1"")) + group_rank(fnd6_newqv1300_glcea12/assets, bucket(rank(cap), range=""0.1, 1, 0.1"")) + group_rank(ts_av_diff(cash/assets, 45), bucket(rank(cap), range=""0.1, 1, 0.1"")) + group_rank(ts_av_diff(cashflow_op/enterprise_value, 45), bucket(rank(cap), range=""0.1, 1, 0.1"")) + group_rank(-ts_delta(close, 2), bucket(rank(cap), range=""0.1, 1, 0.1""))"
w76_h,78ZloP9L,2.69,1.79,4.48,0.2814,0.1252,0.0319,1.89,C,,GOOD,TOP3000,SUBINDUSTRY,3,0.08,1,N,"group_rank(anl4_fs_detail_estimate_1qf_v4_nd_sga_median/assets, subindustry) + group_rank(ts_av_diff(cash/assets, 45), industry) + group_rank(ts_av_diff(cashflow_op/enterprise_value, 45), subindustry) + group_rank(-ts_delta(close, 5), industry) + rank(volume/ts_mean(volume, 90))"
d3_d0_grev_xr_vol,3q9lO6rO,2.34,2.13,4.47,0.0821,0.1034,0.0321,1.52,C,,GOOD,TOP3000,SUBINDUSTRY,40,0.08,0,N,"group_rank(-ts_delta(close, 2), subindustry) + group_rank(fnd6_xrent/assets, subindustry) + rank(volume/ts_mean(volume, 60))"
r2_p5_d10,78Zj035x,2.41,2.06,4.47,0.1152,0.0917,0.0331,2.02,C,,EXCELLENT,TOP3000,INDUSTRY,10,0.08,1,N,"rank(-ts_delta(close, 2)) * rank(volume/ts_mean(volume, 60)) + group_rank(operating_expense/assets, subindustry) + group_rank(ts_av_diff(cash/assets, 30), subindustry)"
w110_d,xAY7Ngjm,2.84,1.63,4.47,0.377,0.1236,0.0316,3.09,C,,GOOD,TOP3000,SUBINDUSTRY,2,0.08,1,N,"group_rank(fnd6_xintopt/assets, bucket(rank(ts_mean(volume*close, 20)), range=""0.1, 1, 0.1"")) + group_rank(anl4_fs_detail_estimate_1qf_v4_nd_totassets_mean/assets, bucket(rank(ts_mean(volume*close, 20)), range=""0.1, 1, 0.1"")) + group_rank(-anl4_fs_detail_estimates_advanced_af_nd_capex_median/assets, bucket(rank(ts_mean(volume*close, 20)), range=""0.1, 1, 0.1"")) + group_rank(ts_av_diff(cash/assets, 45), bucket(rank(ts_mean(volume*close, 20)), range=""0.1, 1, 0.1"")) + group_rank(ts_av_diff(cashflow_op/enterprise_value, 45), bucket(rank(ts_mean(volume*close, 20)), range=""0.1, 1, 0.1"")) + group_rank(-ts_delta(close, 2), bucket(rank(ts_mean(volume*close, 20)), range=""0.1, 1, 0.1"")) + group_rank(volume/ts_mean(volume, 60), bucket(rank(ts_mean(volume*close, 20)), range=""0.1, 1, 0.1""))"
w115_k,XgWZApl8,3.03,1.44,4.47,0.5785,0.1312,0.048,3.42,C,,AVERAGE,TOP3000,SUBINDUSTRY,1,0.08,1,N,"group_rank(fnd6_newqv1300_fcaq/assets, bucket(rank(ts_mean(volume*close, 20)), range=""0.1, 1, 0.1"")) + group_rank(fnd6_newqv1300_tfvceq/assets, bucket(rank(ts_mean(volume*close, 20)), range=""0.1, 1, 0.1"")) + group_rank(ts_av_diff(cash/assets, 45), bucket(rank(ts_mean(volume*close, 20)), range=""0.1, 1, 0.1"")) + group_rank(ts_av_diff(cashflow_op/enterprise_value, 45), bucket(rank(ts_mean(volume*close, 20)), range=""0.1, 1, 0.1"")) + group_rank(-ts_delta(close, 2), bucket(rank(ts_mean(volume*close, 20)), range=""0.1, 1, 0.1"")) + group_rank(volume/ts_mean(volume, 60), bucket(rank(ts_mean(volume*close, 20)), range=""0.1, 1, 0.1""))"
w38_d,MP1gdNGz,2.28,2.19,4.47,0.0968,0.1153,0.0329,1.2,C,,EXCELLENT,TOP2000,SUBINDUSTRY,40,0.08,1,N,"group_rank(fnd6_xrent/assets, subindustry) + group_rank(ts_av_diff(cash/assets, 30), subindustry) + group_rank(ts_av_diff(cashflow_op/enterprise_value, 60), subindustry) + group_rank(-ts_delta(close, 2), subindustry) + rank(volume/ts_mean(volume, 60))"
t1_d0_grp_xo,1YxwGxER,2.61,1.85,4.46,0.2309,0.1163,0.0512,2.68,C,,AVERAGE,TOP3000,SUBINDUSTRY,8,0.08,0,N,"group_rank(-ts_delta(close, 2), subindustry) + group_rank(fnd6_xopr/assets, subindustry) + rank(volume/ts_mean(volume, 60))"
w76_i,e79E6jjl,2.49,1.97,4.46,0.2098,0.1313,0.0404,1.92,C,,GOOD,TOP3000,INDUSTRY,4,0.08,1,N,"group_rank(anl4_fs_detail_estimate_1qf_v4_nd_cfi_low/assets, industry) + group_rank(anl4_fs_detail_estimate_1qf_v4_nd_netdebt_high/assets, industry) + group_rank(ts_av_diff(cash/assets, 60), industry) + group_rank(ts_av_diff(cashflow_op/enterprise_value, 60), industry) + group_rank(-ts_delta(close, 5), industry) + rank(volume/ts_mean(volume, 120))"
y3_t010,6Xrl0ZlL,2.39,2.07,4.46,0.0853,0.0934,0.0416,2.32,C,,EXCELLENT,TOP3000,SUBINDUSTRY,30,0.1,1,N,"group_rank(-ts_delta(close, 2), subindustry) + group_rank(fnd6_xopr/assets, subindustry) + rank(volume/ts_mean(volume, 60))"
y4_t006,E5vlzNPJ,2.39,2.07,4.46,0.0853,0.0934,0.0416,2.32,C,,EXCELLENT,TOP3000,SUBINDUSTRY,30,0.06,1,N,"group_rank(-ts_delta(close, 2), subindustry) + group_rank(fnd6_xopr/assets, subindustry) + rank(volume/ts_mean(volume, 60))"
o4_xopr_vwap_d10,d5OjVGxx,2.49,1.96,4.45,0.1657,0.103,0.0446,2.5,C,,GOOD,TOP3000,SUBINDUSTRY,10,0.08,1,N,"group_rank(fnd6_xopr/assets, subindustry) + rank(-ts_delta(vwap, 2)) + rank(volume/ts_mean(volume, 60))"
w37_j,YP5l8n7A,2.31,2.14,4.45,0.1216,0.107,0.0343,2.55,C,,EXCELLENT,TOP3000,MARKET,20,0.08,1,N,"group_rank(fnd6_newqv1300_ivstq/assets, subindustry) + group_rank(fnd6_newqv1300_lol2q/assets, subindustry) + group_rank(fnd6_xrent/assets, subindustry) + group_rank(ts_av_diff(cash/assets, 30), subindustry) + group_rank(-ts_delta(close, 2), subindustry) + rank(volume/ts_mean(volume, 60))"
w39_g,d5O9z2qx,2.37,2.08,4.45,0.0815,0.0962,0.0377,1.59,C,,EXCELLENT,TOP3000,SUBINDUSTRY,40,0.08,1,N,"group_rank(fnd6_newqv1300_ivstq/assets, subindustry) + group_rank(fnd6_xrent/assets, subindustry) + group_rank(ts_av_diff(cash/assets, 30), subindustry) + group_rank(-ts_delta(close, 4), subindustry) + rank(volume/ts_mean(volume, 60))"
x7_s8_d30,Jjx7z0w2,2.39,2.06,4.45,0.0853,0.0933,0.0416,2.32,C,,EXCELLENT,TOP3000,SUBINDUSTRY,30,0.08,1,N,"group_rank(-ts_delta(close, 2), subindustry) + group_rank(fnd6_xopr/assets, subindustry) + rank(volume/ts_mean(volume, 60))"
r1_p5_d6,E5vlYzQL,2.49,1.95,4.44,0.158,0.0971,0.0347,2.35,C,,GOOD,TOP3000,INDUSTRY,6,0.08,1,N,"rank(-ts_delta(close, 2)) * rank(volume/ts_mean(volume, 60)) + group_rank(operating_expense/assets, subindustry) + group_rank(ts_av_diff(cash/assets, 30), subindustry)"
w112_f,WjPrPL0G,2.63,1.81,4.44,0.2469,0.1164,0.0361,2.42,C,,GOOD,TOP3000,SUBINDUSTRY,4,0.08,1,N,"group_rank(fnd6_tstkc/assets, bucket(rank(ts_std_dev(returns, 20)), range=""0.1, 1, 0.1"")) + group_rank(anl4_fs_detail_estimate_1qf_v4_nd_ebit_low/assets, bucket(rank(ts_std_dev(returns, 20)), range=""0.1, 1, 0.1"")) + group_rank(ts_av_diff(cash/assets, 45), bucket(rank(ts_std_dev(returns, 20)), range=""0.1, 1, 0.1"")) + group_rank(ts_av_diff(cashflow_op/enterprise_value, 45), bucket(rank(ts_std_dev(returns, 20)), range=""0.1, 1, 0.1"")) + group_rank(-ts_delta(close, 2), bucket(rank(ts_std_dev(returns, 20)), range=""0.1, 1, 0.1"")) + group_rank(volume/ts_mean(volume, 60), bucket(rank(ts_std_dev(returns, 20)), range=""0.1, 1, 0.1""))"
w119_c,WjPZ1PpP,2.69,1.75,4.44,0.2526,0.1066,0.0402,2.63,C,,GOOD,TOP3000,SUBINDUSTRY,4,0.08,1,N,"group_rank(fnd6_newqv1300_lnoq/assets, bucket(rank(ebitda/enterprise_value), range=""0.1, 1, 0.1"")) + group_rank(fnd6_newqv1300_glcea12/assets, bucket(rank(ebitda/enterprise_value), range=""0.1, 1, 0.1"")) + group_rank(fnd6_tstkc/assets, bucket(rank(ebitda/enterprise_value), range=""0.1, 1, 0.1"")) + group_rank(ts_av_diff(cash/assets, 45), bucket(rank(ebitda/enterprise_value), range=""0.1, 1, 0.1"")) + group_rank(ts_av_diff(cashflow_op/enterprise_value, 45), bucket(rank(ebitda/enterprise_value), range=""0.1, 1, 0.1"")) + group_rank(-ts_delta(close, 2), bucket(rank(ebitda/enterprise_value), range=""0.1, 1, 0.1""))"
w60_g,rK597g61,2.71,1.73,4.44,0.3715,0.1519,0.0446,3.06,C,,GOOD,TOP3000,SUBINDUSTRY,3,0.08,1,N,"group_rank(fnd6_newqv1300_ivstq/assets, subindustry) + group_rank(fnd6_xrent/assets, subindustry) + group_rank(ts_av_diff(cashflow_op/enterprise_value, 45), subindustry) + group_rank(-ts_delta(close, 2), subindustry) + rank(volume/ts_mean(volume, 60))"
s10_grp_pw,2rOlGd9Z,2.38,2.05,4.43,0.1344,0.0998,0.0312,2.75,C,,EXCELLENT,TOP3000,INDUSTRY,12,0.08,1,N,"group_rank(-ts_delta(close, 2), subindustry) + group_rank(-ts_mean(abs(returns)/volume, 20), subindustry) + group_rank(operating_expense/assets, subindustry)"
w109_d,58QKOAgJ,2.64,1.79,4.43,0.2375,0.1096,0.0296,2.07,C,,GOOD,TOP3000,SUBINDUSTRY,4,0.08,1,N,"group_rank(fnd6_xintopt/assets, bucket(rank(cap), range=""0.2, 1, 0.2"")) + group_rank(anl4_fs_detail_estimate_1qf_v4_nd_totassets_mean/assets, bucket(rank(cap), range=""0.2, 1, 0.2"")) + group_rank(-anl4_fs_detail_estimates_advanced_af_nd_capex_median/assets, bucket(rank(cap), range=""0.2, 1, 0.2"")) + group_rank(ts_av_diff(cash/assets, 45), bucket(rank(cap), range=""0.2, 1, 0.2"")) + group_rank(ts_av_diff(cashflow_op/enterprise_value, 45), bucket(rank(cap), range=""0.2, 1, 0.2"")) + group_rank(-ts_delta(close, 2), bucket(rank(cap), range=""0.2, 1, 0.2"")) + group_rank(volume/ts_mean(volume, 60), bucket(rank(cap), range=""0.2, 1, 0.2""))"
w121_g,3q9NME20,2.53,1.9,4.43,0.1966,0.1112,0.042,1.99,C,,GOOD,TOP3000,SUBINDUSTRY,4,0.08,1,N,"group_rank(fnd6_tstkc/assets, bucket(rank(ts_rank(cap, 250)), range=""0.1, 1, 0.1"")) + group_rank(fnd6_cicurr/assets, bucket(rank(ts_rank(cap, 250)), range=""0.1, 1, 0.1"")) + group_rank(fnd6_intc/assets, bucket(rank(ts_rank(cap, 250)), range=""0.1, 1, 0.1"")) + group_rank(ts_av_diff(cash/assets, 45), bucket(rank(ts_rank(cap, 250)), range=""0.1, 1, 0.1"")) + group_rank(ts_av_diff(cashflow_op/enterprise_value, 45), bucket(rank(ts_rank(cap, 250)), range=""0.1, 1, 0.1"")) + group_rank(-ts_delta(close, 2), bucket(rank(ts_rank(cap, 250)), range=""0.1, 1, 0.1"")) + 0.5*group_rank(if_else(rank(ts_regression(rank(returns), rank(vec_avg(anl4_basicdetailrec_ratingvalue)), 120, lag=0, rettype=2))>0.6, -ts_av_diff(vec_avg(anl4_basicdetailrec_ratingvalue), 120), 0), bucket(rank(ts_rank(cap, 250)), range=""0.1, 1, 0.1""))"
w77_f,akLGaMox,2.64,1.79,4.43,0.2537,0.1162,0.0295,1.79,C,,GOOD,TOP3000,SUBINDUSTRY,3,0.08,1,N,"group_rank(anl4_fs_detail_estimate_1qf_v4_nd_sga_median/assets, subindustry) + group_rank(anl4_fs_detail_estimate_1qf_v4_nd_totgw_median/assets, subindustry) + group_rank(ts_av_diff(cash/assets, 45), industry) + group_rank(ts_av_diff(cashflow_op/enterprise_value, 45), subindustry) + group_rank(-ts_delta(close, 5), industry) + rank(volume/ts_mean(volume, 90))"
f12_vwap_rev,1YxdalNW,2.47,1.95,4.42,0.1678,0.1047,0.0362,1.83,C,,GOOD,TOP3000,SUBINDUSTRY,8,0.08,1,N,"group_rank(liabilities_curr/assets, subindustry) + rank(-ts_delta(vwap, 2))"
i05_amb_opex,pwPlK163,2.4,2.02,4.42,0.1426,0.1014,0.0343,3.09,C,,EXCELLENT,TOP3000,SUBINDUSTRY,8,0.08,1,N,"group_rank(-ts_mean(abs(returns)/volume, 20), subindustry) + group_rank(operating_expense/assets, subindustry) + rank(-ts_delta(close, 2))"
r4_p5_t006,QP37jPO5,2.39,2.03,4.42,0.1037,0.0906,0.0323,1.88,C,,EXCELLENT,TOP3000,INDUSTRY,12,0.06,1,N,"rank(-ts_delta(close, 2)) * rank(volume/ts_mean(volume, 60)) + group_rank(operating_expense/assets, subindustry) + group_rank(ts_av_diff(cash/assets, 30), subindustry)"
r5_p5_t010,E5vlbAo0,2.39,2.03,4.42,0.1037,0.0905,0.0323,1.88,C,,EXCELLENT,TOP3000,INDUSTRY,12,0.1,1,N,"rank(-ts_delta(close, 2)) * rank(volume/ts_mean(volume, 60)) + group_rank(operating_expense/assets, subindustry) + group_rank(ts_av_diff(cash/assets, 30), subindustry)"
w106_a,Vk6bQrQ8,2.62,1.8,4.42,0.2357,0.1112,0.0326,1.42,C,,GOOD,TOP3000,SUBINDUSTRY,4,0.08,1,N,"group_rank(fnd6_xintopt/assets, subindustry) + group_rank(anl4_fs_detail_estimate_1qf_v4_nd_totassets_mean/assets, subindustry) + group_rank(ts_av_diff(cash/assets, 75), subindustry) + group_rank(ts_av_diff(cashflow_op/enterprise_value, 60), subindustry) + group_rank(-ts_delta(close, 5), subindustry) + rank(volume/ts_mean(volume, 120))"
w116_d,kqVp6wnO,2.51,1.91,4.42,0.1904,0.1104,0.0414,1.87,C,,GOOD,TOP3000,SUBINDUSTRY,4,0.08,1,Y,"group_rank(fnd6_tstkc/assets, bucket(rank(ts_rank(cap, 250)), range=""0.1, 1, 0.1"")) + group_rank(fnd6_cicurr/assets, bucket(rank(ts_rank(cap, 250)), range=""0.1, 1, 0.1"")) + group_rank(fnd6_intc/assets, bucket(rank(ts_rank(cap, 250)), range=""0.1, 1, 0.1"")) + group_rank(ts_av_diff(cash/assets, 45), bucket(rank(ts_rank(cap, 250)), range=""0.1, 1, 0.1"")) + group_rank(ts_av_diff(cashflow_op/enterprise_value, 45), bucket(rank(ts_rank(cap, 250)), range=""0.1, 1, 0.1"")) + group_rank(-ts_delta(close, 2), bucket(rank(ts_rank(cap, 250)), range=""0.1, 1, 0.1""))"
w65_c,P0ZYqrqE,2.83,1.59,4.42,0.4143,0.1303,0.0396,2.99,C,,GOOD,TOP3000,SUBINDUSTRY,2,0.08,1,N,"group_rank(anl4_fs_detail_estimate_1qf_v4_nd_ptpr_mean/assets, subindustry) + group_rank(fnd6_txtubxintis/assets, subindustry) + group_rank(ts_av_diff(cash/assets, 30), subindustry) + group_rank(ts_av_diff(cashflow_op/enterprise_value, 45), subindustry) + group_rank(-ts_delta(close, 2), subindustry) + rank(volume/ts_mean(volume, 60))"
w118_a,d5OM2KXE,2.58,1.83,4.41,0.2252,0.1134,0.0337,2.06,C,,GOOD,TOP3000,SUBINDUSTRY,4,0.08,1,N,"group_rank(fnd6_lifr/assets, bucket(rank(ts_mean(volume*close, 60)), range=""0.1, 1, 0.1"")) + group_rank(fnd6_tfvce/assets, bucket(rank(ts_mean(volume*close, 60)), range=""0.1, 1, 0.1"")) + group_rank(fnd6_newqv1300_xoptq/assets, bucket(rank(ts_mean(volume*close, 60)), range=""0.1, 1, 0.1"")) + group_rank(ts_av_diff(cash/assets, 45), bucket(rank(ts_mean(volume*close, 60)), range=""0.1, 1, 0.1"")) + group_rank(ts_av_diff(cashflow_op/enterprise_value, 45), bucket(rank(ts_mean(volume*close, 60)), range=""0.1, 1, 0.1"")) + group_rank(-ts_delta(close, 2), bucket(rank(ts_mean(volume*close, 60)), range=""0.1, 1, 0.1""))"
w118_d,YP5VjRzJ,2.64,1.77,4.41,0.2325,0.1049,0.0366,2.21,C,,GOOD,TOP3000,SUBINDUSTRY,4,0.08,1,N,"group_rank(fnd6_cicurr/assets, bucket(rank(inventory/assets), range=""0.1, 1, 0.1"")) + group_rank(fnd6_newqv1300_xoptq/assets, bucket(rank(inventory/assets), range=""0.1, 1, 0.1"")) + group_rank(fnd6_newqv1300_fcaq/assets, bucket(rank(inventory/assets), range=""0.1, 1, 0.1"")) + group_rank(ts_av_diff(cash/assets, 45), bucket(rank(inventory/assets), range=""0.1, 1, 0.1"")) + group_rank(ts_av_diff(cashflow_op/enterprise_value, 45), bucket(rank(inventory/assets), range=""0.1, 1, 0.1"")) + group_rank(-ts_delta(close, 2), bucket(rank(inventory/assets), range=""0.1, 1, 0.1""))"
w58_f,le8EMjoN,2.79,1.62,4.41,0.4725,0.1584,0.0457,3.28,C,,GOOD,TOP3000,SUBINDUSTRY,2,0.08,1,Y,"group_rank(fnd6_newqv1300_ivstq/assets, subindustry) + group_rank(fnd6_xrent/assets, subindustry) + group_rank(ts_av_diff(cashflow_op/enterprise_value, 45), subindustry) + group_rank(-ts_delta(close, 2), subindustry) + rank(volume/ts_mean(volume, 60))"
w65_b,rK5NEp6j,2.82,1.59,4.41,0.4123,0.131,0.0387,2.75,C,,GOOD,TOP3000,SUBINDUSTRY,2,0.08,1,N,"group_rank(anl4_fs_detail_estimate_1qf_v4_nd_ptpr_median/assets, subindustry) + group_rank(fnd6_txtubxintis/assets, subindustry) + group_rank(ts_av_diff(cash/assets, 45), subindustry) + group_rank(ts_av_diff(cashflow_op/enterprise_value, 45), subindustry) + group_rank(-ts_delta(close, 2), subindustry) + rank(volume/ts_mean(volume, 60))"
w65_e,gJQgwb7v,2.82,1.59,4.41,0.4125,0.1314,0.039,2.77,C,,GOOD,TOP3000,SUBINDUSTRY,2,0.08,1,N,"group_rank(anl4_fs_detail_estimate_1qf_v4_nd_ptpr_high/assets, subindustry) + group_rank(fnd6_txtubxintis/assets, subindustry) + group_rank(ts_av_diff(cash/assets, 45), subindustry) + group_rank(ts_av_diff(cashflow_op/enterprise_value, 45), subindustry) + group_rank(-ts_delta(close, 2), subindustry) + rank(volume/ts_mean(volume, 60))"
w78_i,kqV9v3dP,2.51,1.9,4.41,0.1985,0.1139,0.0325,1.81,C,,GOOD,TOP3000,SUBINDUSTRY,4,0.08,1,N,"group_rank(anl4_fs_detail_estimate_1qf_v4_nd_netdebt_high/assets, subindustry) + group_rank(anl4_fs_detail_estimate_1qf_v4_nd_cfi_low/assets, subindustry) + group_rank(ts_av_diff(cash/assets, 75), subindustry) + group_rank(ts_av_diff(cashflow_op/enterprise_value, 45), subindustry) + group_rank(-ts_delta(close, 8), subindustry) + rank(volume/ts_mean(volume, 120))"
w83_e,blRKqE26,2.54,1.87,4.41,0.2398,0.1297,0.0471,1.89,C,,GOOD,TOP3000,SUBINDUSTRY,4,0.08,1,N,"group_rank(authorized_stock_buyback_amount/assets, subindustry) + group_rank(ts_av_diff(cashflow_op/enterprise_value, 45), subindustry) + group_rank(-ts_delta(close, 10), subindustry) + rank(volume/ts_mean(volume, 120))"
p4_np_mkt,Vk67nkXY,2.34,2.06,4.4,0.1356,0.1054,0.0547,2.67,C,,EXCELLENT,TOP3000,MARKET,8,0.08,1,N,"rank(-ts_delta(close, 2)) * rank(volume/ts_mean(volume, 60)) + group_rank(operating_expense/assets, subindustry) + group_rank(ts_av_diff(cash/assets, 30), subindustry)"
w109_g,GrdjepNP,2.56,1.84,4.4,0.2071,0.1065,0.0259,1.41,C,,GOOD,TOP3000,SUBINDUSTRY,4,0.08,1,N,"group_rank(fnd6_xintopt/assets, bucket(rank(cap), range=""0.1, 1, 0.1"")) + group_rank(anl4_fs_detail_estimate_1qf_v4_nd_totassets_mean/assets, bucket(rank(cap), range=""0.1, 1, 0.1"")) + group_rank(-anl4_fs_detail_estimates_advanced_af_nd_capex_median/assets, bucket(rank(cap), range=""0.1, 1, 0.1"")) + group_rank(ts_av_diff(cash/assets, 75), bucket(rank(cap), range=""0.1, 1, 0.1"")) + group_rank(ts_av_diff(cashflow_op/enterprise_value, 60), bucket(rank(cap), range=""0.1, 1, 0.1"")) + group_rank(-ts_delta(close, 5), bucket(rank(cap), range=""0.1, 1, 0.1"")) + group_rank(volume/ts_mean(volume, 120), bucket(rank(cap), range=""0.1, 1, 0.1""))"
w74_h,rK585G9E,2.65,1.75,4.4,0.2656,0.1163,0.029,1.72,C,,GOOD,TOP3000,SUBINDUSTRY,3,0.08,1,N,"group_rank(anl4_fs_detail_estimate_1qf_v4_nd_sga_median/assets, subindustry) + group_rank(anl4_fs_detail_estimate_1qf_v4_nd_totgw_median/assets, subindustry) + group_rank(ts_av_diff(cash/assets, 45), subindustry) + group_rank(ts_av_diff(cashflow_op/enterprise_value, 45), subindustry) + group_rank(-ts_delta(close, 5), subindustry) + rank(volume/ts_mean(volume, 90))"
w109_c,RRVx896n,2.63,1.76,4.39,0.2393,0.1076,0.0294,2.05,C,,GOOD,TOP3000,SUBINDUSTRY,4,0.08,1,N,"group_rank(fnd6_xintopt/assets, bucket(rank(cap), range=""0.05, 1, 0.05"")) + group_rank(anl4_fs_detail_estimate_1qf_v4_nd_totassets_mean/assets, bucket(rank(cap), range=""0.05, 1, 0.05"")) + group_rank(-anl4_fs_detail_estimates_advanced_af_nd_capex_median/assets, bucket(rank(cap), range=""0.05, 1, 0.05"")) + group_rank(ts_av_diff(cash/assets, 45), bucket(rank(cap), range=""0.05, 1, 0.05"")) + group_rank(ts_av_diff(cashflow_op/enterprise_value, 45), bucket(rank(cap), range=""0.05, 1, 0.05"")) + group_rank(-ts_delta(close, 2), bucket(rank(cap), range=""0.05, 1, 0.05"")) + group_rank(volume/ts_mean(volume, 60), bucket(rank(cap), range=""0.05, 1, 0.05""))"
w62_f,rK5NKRYd,2.78,1.61,4.39,0.4719,0.1579,0.0718,3.79,C,,GOOD,TOP3000,SUBINDUSTRY,2,0.08,1,N,"group_rank(fnd6_dxd2/assets, subindustry) + group_rank(ts_av_diff(cash/assets, 45), subindustry) + group_rank(ts_av_diff(cashflow_op/enterprise_value, 45), subindustry) + group_rank(-ts_delta(close, 2), subindustry) + rank(volume/ts_mean(volume, 60))"
w64_e,883EgXQV,2.81,1.58,4.39,0.4123,0.1309,0.0387,2.74,C,,GOOD,TOP3000,SUBINDUSTRY,2,0.08,1,N,"group_rank(anl4_fs_detail_estimate_1qf_v4_nd_ptpr_mean/assets, subindustry) + group_rank(fnd6_txtubxintis/assets, subindustry) + group_rank(ts_av_diff(cash/assets, 45), subindustry) + group_rank(ts_av_diff(cashflow_op/enterprise_value, 45), subindustry) + group_rank(-ts_delta(close, 2), subindustry) + rank(volume/ts_mean(volume, 60))"
l03_k02_cash,npK7xbrq,2.39,1.99,4.38,0.1271,0.0884,0.0342,2.0,C,,GOOD,TOP3000,SUBINDUSTRY,8,0.08,1,N,"rank(-ts_delta(close, 2)) * rank(volume/ts_mean(volume, 60)) + group_rank(operating_expense/assets, subindustry) + group_rank(ts_av_diff(cash/assets, 30), subindustry)"
y1_d35,d5Ojz1kK,2.36,2.02,4.38,0.0768,0.0916,0.0413,2.33,C,,EXCELLENT,TOP3000,SUBINDUSTRY,35,0.08,1,N,"group_rank(-ts_delta(close, 2), subindustry) + group_rank(fnd6_xopr/assets, subindustry) + rank(volume/ts_mean(volume, 60))"
n03_xopr_int,le8jqgo8,2.39,1.98,4.37,0.1237,0.086,0.0417,2.23,C,,GOOD,TOP3000,SUBINDUSTRY,8,0.08,1,N,"rank(-ts_delta(close, 2)) * rank(volume/ts_mean(volume, 60)) + group_rank(fnd6_xopr/assets, subindustry)"
p2_pw_ind,akL73wMO,2.3,2.07,4.37,0.1127,0.101,0.0378,2.64,C,,EXCELLENT,TOP3000,INDUSTRY,12,0.08,1,N,"group_rank(-ts_mean(abs(returns)/volume, 20), subindustry) + group_rank(operating_expense/assets, subindustry) + rank(-ts_delta(close, 2))"
w2_s8_rev4,gJQjgO1Q,2.31,2.06,4.37,0.1104,0.0995,0.0441,2.05,C,,EXCELLENT,TOP3000,SUBINDUSTRY,20,0.08,1,N,"group_rank(-ts_delta(close, 4), subindustry) + group_rank(fnd6_xopr/assets, subindustry) + rank(volume/ts_mean(volume, 60))"
w40_a,QP3Wz9zg,2.3,2.07,4.37,0.0841,0.1017,0.0402,0.72,C,,EXCELLENT,TOP3000,SUBINDUSTRY,40,0.08,1,N,"group_rank(fnd6_newqv1300_mibtq/assets, subindustry) + group_rank(fnd6_xrent/assets, subindustry) + group_rank(ts_av_diff(cash/assets, 30), subindustry) + group_rank(-ts_delta(close, 2), subindustry) + rank(volume/ts_mean(volume, 60))"
w67_b,d5O31wJw,2.57,1.8,4.37,0.3369,0.1651,0.046,2.41,C,,GOOD,TOP3000,INDUSTRY,2,0.08,1,N,"group_rank(liabilities_curr/assets, industry) + group_rank(-anl4_fs_detail_estimate_1qf_v4_nd_sga_median/assets, industry) + group_rank(-ts_rank(close, 10), industry)"
w111_h,N1QE73Zo,2.6,1.76,4.36,0.2515,0.1147,0.0337,2.22,C,,GOOD,TOP3000,SUBINDUSTRY,4,0.08,1,N,"group_rank(anl4_fs_detail_estimate_1qf_v4_nd_ebitda_median/assets, bucket(rank(cap), range=""0.1, 1, 0.1"")) + group_rank(-anl4_fs_detail_estimate_1qf_v4_nd_fcf_low/assets, bucket(rank(cap), range=""0.1, 1, 0.1"")) + group_rank(ts_av_diff(cash/assets, 45), bucket(rank(cap), range=""0.1, 1, 0.1"")) + group_rank(ts_av_diff(cashflow_op/enterprise_value, 45), bucket(rank(cap), range=""0.1, 1, 0.1"")) + group_rank(-ts_delta(close, 2), bucket(rank(cap), range=""0.1, 1, 0.1"")) + group_rank(volume/ts_mean(volume, 60), bucket(rank(cap), range=""0.1, 1, 0.1""))"
w115_c,xAY7oGrn,2.51,1.85,4.36,0.2524,0.1372,0.0521,1.91,C,,GOOD,TOP3000,SECTOR,4,0.08,1,N,"group_rank(fnd6_intc/assets, bucket(rank(cap), range=""0.1, 1, 0.1"")) + group_rank(fnd6_tfvce/assets, bucket(rank(cap), range=""0.1, 1, 0.1"")) + group_rank(ts_av_diff(cash/assets, 45), bucket(rank(cap), range=""0.1, 1, 0.1"")) + group_rank(ts_av_diff(cashflow_op/enterprise_value, 45), bucket(rank(cap), range=""0.1, 1, 0.1"")) + group_rank(-ts_delta(close, 2), bucket(rank(cap), range=""0.1, 1, 0.1"")) + group_rank(volume/ts_mean(volume, 60), bucket(rank(cap), range=""0.1, 1, 0.1""))"
w120_r,MP1rjMj9,2.53,1.83,4.36,0.2089,0.1097,0.0417,2.08,C,,GOOD,TOP3000,SUBINDUSTRY,4,0.08,1,N,"group_rank(fnd6_tstkc/assets, bucket(rank(ts_rank(cap, 250)), range=""0.1, 1, 0.1"")) + group_rank(fnd6_cicurr/assets, bucket(rank(ts_rank(cap, 250)), range=""0.1, 1, 0.1"")) + group_rank(fnd6_intc/assets, bucket(rank(ts_rank(cap, 250)), range=""0.1, 1, 0.1"")) + group_rank(ts_av_diff(cash/assets, 45), bucket(rank(ts_rank(cap, 250)), range=""0.1, 1, 0.1"")) + group_rank(ts_av_diff(cashflow_op/enterprise_value, 45), bucket(rank(ts_rank(cap, 250)), range=""0.1, 1, 0.1"")) + group_rank(-ts_delta(close, 2), bucket(rank(ts_rank(cap, 250)), range=""0.1, 1, 0.1"")) + group_rank(if_else(rank(ts_regression(rank(returns), rank(vec_avg(anl4_basicdetailrec_ratingvalue)), 120, lag=0, rettype=2))>0.6, -ts_av_diff(vec_avg(anl4_basicdetailrec_ratingvalue), 120), 0), bucket(rank(ts_rank(cap, 250)), range=""0.1, 1, 0.1""))"
w65_d,zqY2QQa8,2.75,1.61,4.36,0.3712,0.128,0.0389,2.33,C,,GOOD,TOP3000,SUBINDUSTRY,2,0.08,1,N,"group_rank(anl4_fs_detail_estimate_1qf_v4_nd_ptpr_mean/assets, subindustry) + group_rank(fnd6_txtubxintis/assets, subindustry) + group_rank(ts_av_diff(cash/assets, 45), subindustry) + group_rank(ts_av_diff(cashflow_op/enterprise_value, 45), subindustry) + group_rank(-ts_delta(close, 3), subindustry) + rank(volume/ts_mean(volume, 60))"
w67_e,XgWvJ9Na,2.48,1.88,4.36,0.2699,0.1549,0.0381,2.47,C,,GOOD,TOP3000,INDUSTRY,3,0.08,1,N,"group_rank(anl4_fs_detail_estimate_1qf_v4_nd_ptpr_mean/assets, industry) + group_rank(ts_av_diff(cashflow_op/enterprise_value, 45), industry) + group_rank(-ts_rank(close, 10), industry)"
w68_a,9qVdGqg1,2.48,1.88,4.36,0.2653,0.1532,0.0385,2.41,C,,GOOD,TOP3000,INDUSTRY,3,0.08,1,N,"group_rank(anl4_fs_detail_estimate_1qf_v4_nd_ptpr_mean/assets, industry) + group_rank(ts_av_diff(cashflow_op/enterprise_value, 60), industry) + group_rank(-ts_rank(close, 10), industry)"
y8_rev1_d30,1YxwPYoX,2.37,1.99,4.36,0.0869,0.0885,0.0398,2.18,C,,GOOD,TOP3000,SUBINDUSTRY,30,0.08,1,N,"group_rank(-ts_delta(close, 1), subindustry) + group_rank(fnd6_xopr/assets, subindustry) + rank(volume/ts_mean(volume, 60))"
w65_a,O0rMq0Wv,2.68,1.67,4.35,0.3194,0.1247,0.037,2.29,C,,GOOD,TOP3000,SUBINDUSTRY,3,0.08,1,N,"group_rank(anl4_fs_detail_estimate_1qf_v4_nd_ptpr_mean/assets, subindustry) + group_rank(fnd6_txtubxintis/assets, subindustry) + group_rank(ts_av_diff(cash/assets, 45), subindustry) + group_rank(ts_av_diff(cashflow_op/enterprise_value, 45), subindustry) + group_rank(-ts_delta(close, 2), subindustry) + rank(volume/ts_mean(volume, 60))"
w96_c,A1081j6E,2.66,1.69,4.35,0.3839,0.1557,0.0525,3.04,C,,AVERAGE,TOP3000,SUBINDUSTRY,1,0.08,0,N,"group_rank(authorized_stock_buyback_amount/assets, subindustry) + group_rank(-annual_intangible_assets_net_carrying_value/assets, subindustry) + group_rank(-ts_delta(close, 120)/assets, subindustry) + group_rank(ts_av_diff(cash/assets, 45), subindustry) + group_rank(ts_av_diff(cashflow_op/enterprise_value, 45), subindustry) + group_rank(-ts_delta(close, 10), subindustry) + rank(volume/ts_mean(volume, 120))"
y2_d40,0mRwgR6k,2.35,2.0,4.35,0.0704,0.0903,0.0412,2.33,C,,GOOD,TOP3000,SUBINDUSTRY,40,0.08,1,Y,"group_rank(-ts_delta(close, 2), subindustry) + group_rank(fnd6_xopr/assets, subindustry) + rank(volume/ts_mean(volume, 60))"
m09_xopr_vol,883lo1m7,2.5,1.84,4.34,0.196,0.1056,0.0474,2.56,C,,GOOD,TOP3000,SUBINDUSTRY,8,0.08,1,N,"group_rank(fnd6_xopr/assets, subindustry) + rank(-ts_delta(close, 2)) + rank(volume/ts_mean(volume, 60))"
w65_f,vRkpxElz,2.59,1.75,4.34,0.2622,0.1197,0.0381,1.96,C,,GOOD,TOP3000,SUBINDUSTRY,4,0.08,1,N,"group_rank(anl4_fs_detail_estimate_1qf_v4_nd_ptpr_mean/assets, subindustry) + group_rank(fnd6_txtubxintis/assets, subindustry) + group_rank(ts_av_diff(cash/assets, 45), subindustry) + group_rank(ts_av_diff(cashflow_op/enterprise_value, 45), subindustry) + group_rank(-ts_delta(close, 2), subindustry) + rank(volume/ts_mean(volume, 60))"
n02_xopr_vwap,QP37JW0G,2.5,1.83,4.33,0.1965,0.1055,0.047,2.57,C,,GOOD,TOP3000,SUBINDUSTRY,8,0.08,1,N,"group_rank(fnd6_xopr/assets, subindustry) + rank(-ts_delta(vwap, 2)) + rank(volume/ts_mean(volume, 60))"
r3_p5_d14,QP37qxbG,2.35,1.98,4.33,0.0953,0.0888,0.0338,1.82,C,,GOOD,TOP3000,INDUSTRY,14,0.08,1,N,"rank(-ts_delta(close, 2)) * rank(volume/ts_mean(volume, 60)) + group_rank(operating_expense/assets, subindustry) + group_rank(ts_av_diff(cash/assets, 30), subindustry)"
w35_d,kqVJXpAl,2.43,1.9,4.33,0.2231,0.1361,0.0345,1.46,C,,GOOD,TOP1000,SUBINDUSTRY,8,0.08,1,Y,"group_rank(fnd6_xrent/assets, subindustry) + group_rank(ts_av_diff(cashflow_op/enterprise_value, 60), subindustry) + group_rank(-ts_delta(close, 2), subindustry) + rank(volume/ts_mean(volume, 60))"
w69_b,3q9kPP1Q,2.58,1.75,4.33,0.3292,0.1522,0.0464,2.66,C,,GOOD,TOP3000,INDUSTRY,3,0.08,1,N,"group_rank(-anl4_fs_detail_estimate_1qf_v4_nd_netdebt_mean/assets, industry) + group_rank(ts_av_diff(cashflow_op/enterprise_value, 45), industry) + group_rank(-ts_delta(close, 5), industry) + rank(volume/ts_mean(volume, 90))"
w74_b,mLgQjWEX,2.55,1.78,4.33,0.2837,0.1377,0.043,1.47,C,,GOOD,TOP3000,INDUSTRY,3,0.08,1,N,"group_rank(anl4_fs_detail_estimate_1qf_v4_nd_sga_median/assets, industry) + group_rank(ts_av_diff(cash/assets, 45), industry) + group_rank(ts_av_diff(cashflow_op/enterprise_value, 45), industry) + group_rank(-ts_delta(close, 5), industry) + rank(volume/ts_mean(volume, 90))"
w74_c,blRARE9K,2.82,1.51,4.33,0.4513,0.1293,0.0423,3.24,C,,GOOD,TOP3000,SUBINDUSTRY,2,0.08,1,N,"group_rank(anl4_fs_detail_estimate_1qf_v4_nd_totgw_median/assets, subindustry) + group_rank(ts_av_diff(cash/assets, 45), subindustry) + group_rank(ts_av_diff(cashflow_op/enterprise_value, 45), subindustry) + group_rank(-ts_delta(close, 2), subindustry) + rank(volume/ts_mean(volume, 60))"
d2_d0_grev5_xo_vol,vRkjb0Vd,2.3,2.02,4.32,0.068,0.0968,0.0461,2.4,C,,GOOD,TOP3000,SUBINDUSTRY,40,0.08,0,N,"group_rank(-ts_delta(close, 5), subindustry) + group_rank(fnd6_xopr/assets, subindustry) + rank(volume/ts_mean(volume, 60))"
s8_grp_xo,P0Z75k3q,2.55,1.77,4.32,0.2303,0.1113,0.0476,2.57,C,,GOOD,TOP3000,SUBINDUSTRY,8,0.08,1,N,"group_rank(-ts_delta(close, 2), subindustry) + group_rank(fnd6_xopr/assets, subindustry) + rank(volume/ts_mean(volume, 60))"
w76_b,P0ZKMapL,2.49,1.83,4.32,0.2119,0.1142,0.0297,1.94,C,,GOOD,TOP3000,SUBINDUSTRY,4,0.08,1,N,"group_rank(anl4_fs_detail_estimate_1qf_v4_nd_cfi_low/assets, subindustry) + group_rank(ts_av_diff(cash/assets, 45), subindustry) + group_rank(ts_av_diff(cashflow_op/enterprise_value, 45), subindustry) + group_rank(-ts_delta(close, 10), subindustry) + rank(volume/ts_mean(volume, 120))"
w76_j,2rOeAzk8,2.77,1.55,4.32,0.3944,0.1237,0.0343,2.84,C,,GOOD,TOP3000,SUBINDUSTRY,2,0.08,1,N,"trade_when(ts_rank(volume, 5) > 0.2, group_rank(anl4_fs_detail_estimate_1qf_v4_nd_totgw_median/assets, subindustry) + group_rank(ts_av_diff(cash/assets, 45), subindustry) + group_rank(ts_av_diff(cashflow_op/enterprise_value, 45), subindustry) + group_rank(-ts_delta(close, 2), subindustry) + rank(volume/ts_mean(volume, 60)), -1)"
w82_d,zqYL9ZJd,2.47,1.85,4.32,0.2023,0.1139,0.0303,1.85,C,,GOOD,TOP3000,SUBINDUSTRY,4,0.08,1,N,"group_rank(anl4_fs_detail_estimate_1qf_v4_nd_cfi_low/assets, subindustry) + group_rank(anl4_fs_detail_estimate_1qf_v4_nd_sga_median/assets, bucket(rank(volume), range=""0,1,0.33"")) + group_rank(ts_av_diff(cash/assets, 45), subindustry) + group_rank(ts_av_diff(cashflow_op/enterprise_value, 45), subindustry) + group_rank(-ts_delta(close, 10), subindustry) + rank(volume/ts_mean(volume, 120))"
w87_h,xAYEYdRq,2.35,1.97,4.32,0.0899,0.0874,0.029,1.43,C,,GOOD,TOP3000,SUBINDUSTRY,6,0.08,1,N,"group_rank(authorized_stock_buyback_amount/assets, subindustry) + group_rank(anl4_fs_detail_estimate_1qf_v4_nd_sga_median/assets, subindustry) + 0.35*group_rank(ts_av_diff(cash/assets, 45), subindustry) + 0.35*group_rank(ts_av_diff(cashflow_op/enterprise_value, 45), subindustry) + 0.35*group_rank(-ts_delta(close, 10), subindustry) + 0.35*rank(volume/ts_mean(volume, 120))"
j09_interact,om6NxxKb,2.32,1.99,4.31,0.1291,0.0948,0.0287,1.39,C,,GOOD,TOP3000,SUBINDUSTRY,8,0.08,1,N,"rank(-ts_delta(close, 2)) * rank(volume/ts_mean(volume, 60)) + group_rank(fnd6_xrent/assets, subindustry)"
w109_a,P0ZL37rq,2.77,1.54,4.31,0.3768,0.1168,0.0275,2.83,C,,GOOD,TOP3000,SUBINDUSTRY,2,0.08,1,N,"group_rank(fnd6_xintopt/assets, bucket(rank(cap), range=""0.1, 1, 0.1"")) + group_rank(anl4_fs_detail_estimate_1qf_v4_nd_totassets_mean/assets, bucket(rank(cap), range=""0.1, 1, 0.1"")) + group_rank(-anl4_fs_detail_estimates_advanced_af_nd_capex_median/assets, bucket(rank(cap), range=""0.1, 1, 0.1"")) + group_rank(ts_av_diff(cash/assets, 45), bucket(rank(cap), range=""0.1, 1, 0.1"")) + group_rank(ts_av_diff(cashflow_op/enterprise_value, 45), bucket(rank(cap), range=""0.1, 1, 0.1"")) + group_rank(-ts_delta(close, 2), bucket(rank(cap), range=""0.1, 1, 0.1"")) + group_rank(volume/ts_mean(volume, 60), bucket(rank(cap), range=""0.1, 1, 0.1""))"
w112_a,KPOAOXEE,2.51,1.8,4.31,0.2437,0.126,0.0381,1.52,C,,GOOD,TOP3000,SUBINDUSTRY,4,0.08,1,N,"group_rank(fnd6_tstkc/assets, bucket(rank(cap), range=""0.1, 1, 0.1"")) + group_rank(anl4_fs_detail_estimate_1qf_v4_nd_ebit_low/assets, bucket(rank(cap), range=""0.1, 1, 0.1"")) + group_rank(ts_av_diff(cash/assets, 45), bucket(rank(cap), range=""0.1, 1, 0.1"")) + group_rank(ts_av_diff(cashflow_op/enterprise_value, 45), bucket(rank(cap), range=""0.1, 1, 0.1"")) + group_rank(-ts_delta(close, 2), bucket(rank(cap), range=""0.1, 1, 0.1"")) + group_rank(volume/ts_mean(volume, 60), bucket(rank(cap), range=""0.1, 1, 0.1""))"
w113_f,XgWZb8Oa,2.32,1.99,4.31,0.1388,0.1025,0.0409,0.75,C,,GOOD,TOP3000,SUBINDUSTRY,4,0.08,1,N,"group_rank(fnd6_tstkc/assets, bucket(rank(cap), range=""0.1, 1, 0.1"")) + group_rank(fnd6_lifr/assets, bucket(rank(cap), range=""0.1, 1, 0.1"")) + group_rank(ts_av_diff(cash/assets, 45), bucket(rank(cap), range=""0.1, 1, 0.1"")) + group_rank(ts_av_diff(cashflow_op/enterprise_value, 45), bucket(rank(cap), range=""0.1, 1, 0.1"")) + 0.5*group_rank(-ts_delta(close, 10), bucket(rank(cap), range=""0.1, 1, 0.1"")) + 0.5*group_rank(volume/ts_mean(volume, 120), bucket(rank(cap), range=""0.1, 1, 0.1""))"
w40_f,zqYAGLvR,2.21,2.1,4.31,0.089,0.113,0.0389,0.94,C,,EXCELLENT,TOP3000,SUBINDUSTRY,40,0.08,1,N,"group_rank(fnd6_newqv1300_mibtq/assets, subindustry) + group_rank(fnd6_xrent/assets, subindustry) + group_rank(ts_av_diff(cashflow_op/enterprise_value, 60), subindustry) + group_rank(-ts_delta(close, 2), subindustry) + rank(volume/ts_mean(volume, 60))"
w68_h,KPO5vmEg,2.4,1.91,4.31,0.2314,0.1473,0.037,2.22,C,,GOOD,TOP3000,INDUSTRY,4,0.08,1,N,"group_rank(anl4_fs_detail_estimate_1qf_v4_nd_ptpr_mean/assets, industry) + group_rank(ts_av_diff(cashflow_op/enterprise_value, 45), industry) + group_rank(-ts_rank(close, 10), industry)"
w118_f,xAYLAgOW,2.54,1.76,4.3,0.2191,0.1047,0.0409,1.77,C,,GOOD,TOP3000,SUBINDUSTRY,4,0.08,1,N,"group_rank(fnd6_lifr/assets, bucket(rank(cash/assets), range=""0.1, 1, 0.1"")) + group_rank(fnd6_newqv1300_txdbq/assets, bucket(rank(cash/assets), range=""0.1, 1, 0.1"")) + group_rank(fnd6_intc/assets, bucket(rank(cash/assets), range=""0.1, 1, 0.1"")) + group_rank(ts_av_diff(cash/assets, 45), bucket(rank(cash/assets), range=""0.1, 1, 0.1"")) + group_rank(ts_av_diff(cashflow_op/enterprise_value, 45), bucket(rank(cash/assets), range=""0.1, 1, 0.1"")) + group_rank(-ts_delta(close, 2), bucket(rank(cash/assets), range=""0.1, 1, 0.1""))"
w35_k,YP5xkNzR,2.42,1.88,4.3,0.2037,0.1225,0.0366,0.92,C,,GOOD,TOP1000,SUBINDUSTRY,8,0.08,1,N,"group_rank(fnd6_xrent/assets, subindustry) + group_rank(ts_av_diff(cash/assets, 30), subindustry) + group_rank(ts_av_diff(cashflow_op/enterprise_value, 60), subindustry) + group_rank(-ts_delta(close, 2), subindustry) + rank(volume/ts_mean(volume, 60))"
w77_a,E5vx6NJP,2.45,1.85,4.3,0.1954,0.1116,0.0303,1.78,C,,GOOD,TOP3000,SUBINDUSTRY,4,0.08,1,Y,"group_rank(anl4_fs_detail_estimate_1qf_v4_nd_cfi_low/assets, subindustry) + group_rank(anl4_fs_detail_estimate_1qf_v4_nd_sga_median/assets, subindustry) + group_rank(ts_av_diff(cash/assets, 45), subindustry) + group_rank(ts_av_diff(cashflow_op/enterprise_value, 45), subindustry) + group_rank(-ts_delta(close, 10), subindustry) + rank(volume/ts_mean(volume, 120))"
w85_h,wpYvaEZp,2.38,1.92,4.3,0.1697,0.1108,0.04,1.77,C,,GOOD,TOP3000,SUBINDUSTRY,6,0.08,1,N,"group_rank(authorized_stock_buyback_amount/assets, subindustry) + group_rank(-annual_intangible_assets_net_carrying_value/assets, subindustry) + group_rank(-ts_delta(close, 10), subindustry) + rank(volume/ts_mean(volume, 120))"
w64_f,le856bwO,2.76,1.53,4.29,0.4169,0.1281,0.0393,2.9,C,,GOOD,TOP3000,SUBINDUSTRY,2,0.08,1,N,"group_rank(-anl4_fs_detail_estimate_1qf_v4_nd_sga_median/assets, subindustry) + group_rank(fnd6_txtubxintis/assets, subindustry) + group_rank(ts_av_diff(cash/assets, 45), subindustry) + group_rank(ts_av_diff(cashflow_op/enterprise_value, 45), subindustry) + group_rank(-ts_delta(close, 2), subindustry) + rank(volume/ts_mean(volume, 60))"
g01_xrent_vol,XgWnklXa,2.44,1.84,4.28,0.2014,0.1149,0.0411,2.04,C,,GOOD,TOP3000,SUBINDUSTRY,8,0.08,1,Y,"group_rank(fnd6_xrent/assets, subindustry) + rank(-ts_delta(close, 2)) + rank(volume/ts_mean(volume, 60))"
l08_k04_ind,58QlnjpM,2.27,2.01,4.28,0.1485,0.1165,0.0608,2.14,C,,EXCELLENT,TOP3000,INDUSTRY,8,0.08,1,N,"group_rank(fnd6_mfma2_revt/assets, subindustry) + group_rank(-ts_mean(abs(returns)/volume, 20), subindustry) + rank(-ts_delta(close, 2))"
w111_d,1Yx3wgqk,2.54,1.74,4.28,0.2519,0.1181,0.0434,2.41,C,,GOOD,TOP3000,SUBINDUSTRY,4,0.08,1,N,"group_rank(anl4_fs_detail_estimate_1qf_v4_nd_ebitda_median/assets, bucket(rank(ts_mean(volume*close, 20)), range=""0.1, 1, 0.1"")) + group_rank(-anl4_fs_detail_estimate_1qf_v4_nd_fcf_low/assets, bucket(rank(ts_mean(volume*close, 20)), range=""0.1, 1, 0.1"")) + group_rank(ts_av_diff(cash/assets, 45), bucket(rank(ts_mean(volume*close, 20)), range=""0.1, 1, 0.1"")) + group_rank(ts_av_diff(cashflow_op/enterprise_value, 45), bucket(rank(ts_mean(volume*close, 20)), range=""0.1, 1, 0.1"")) + group_rank(-ts_delta(close, 2), bucket(rank(ts_mean(volume*close, 20)), range=""0.1, 1, 0.1"")) + group_rank(volume/ts_mean(volume, 60), bucket(rank(ts_mean(volume*close, 20)), range=""0.1, 1, 0.1""))"
w119_b,akL0jNj1,2.6,1.68,4.28,0.2311,0.0961,0.0316,2.95,C,,GOOD,TOP3000,SUBINDUSTRY,4,0.08,1,N,"group_rank(fnd6_cicurr/assets, bucket(rank(cashflow_op/assets), range=""0.1, 1, 0.1"")) + group_rank(fnd6_newqv1300_xoptq/assets, bucket(rank(cashflow_op/assets), range=""0.1, 1, 0.1"")) + group_rank(fnd6_tfvce/assets, bucket(rank(cashflow_op/assets), range=""0.1, 1, 0.1"")) + group_rank(ts_av_diff(cash/assets, 45), bucket(rank(cashflow_op/assets), range=""0.1, 1, 0.1"")) + group_rank(ts_av_diff(cashflow_op/enterprise_value, 45), bucket(rank(cashflow_op/assets), range=""0.1, 1, 0.1"")) + group_rank(-ts_delta(close, 2), bucket(rank(cashflow_op/assets), range=""0.1, 1, 0.1""))"
w37_f,wpYN38Z1,2.32,1.96,4.28,0.1628,0.1164,0.0362,0.87,C,,GOOD,TOP1000,SUBINDUSTRY,12,0.08,1,N,"group_rank(fnd6_xrent/assets, subindustry) + group_rank(ts_av_diff(cash/assets, 30), subindustry) + group_rank(ts_av_diff(cashflow_op/enterprise_value, 60), subindustry) + group_rank(-ts_delta(close, 2), subindustry) + rank(volume/ts_mean(volume, 60))"
w74_i,akLGLQL9,2.77,1.51,4.28,0.4528,0.1354,0.0418,2.89,C,,GOOD,TOP3000,SUBINDUSTRY,2,0.08,1,N,"group_rank(anl4_fs_actuals_basic_qf_nd_div_value/assets, subindustry) + group_rank(ts_av_diff(cash/assets, 45), subindustry) + group_rank(ts_av_diff(cashflow_op/enterprise_value, 45), subindustry) + group_rank(-ts_delta(close, 2), subindustry) + rank(volume/ts_mean(volume, 60))"
w77_d,d5OvWMlx,2.47,1.81,4.28,0.2135,0.1146,0.0307,1.9,C,,GOOD,TOP3000,SUBINDUSTRY,4,0.08,1,N,"group_rank(anl4_fs_detail_estimate_1qf_v4_nd_cfi_low/assets, subindustry) + group_rank(ts_av_diff(cash/assets, 45), industry) + group_rank(ts_av_diff(cashflow_op/enterprise_value, 45), subindustry) + group_rank(-ts_delta(close, 10), subindustry) + rank(volume/ts_mean(volume, 120))"
a3_g02_d40,om6qZ3Qm,2.27,2.0,4.27,0.0734,0.0966,0.0346,1.42,C,,GOOD,TOP3000,SUBINDUSTRY,40,0.08,1,N,"group_rank(fnd6_xrent/assets, subindustry) + rank(-ts_delta(close, 2)) + rank(volume/ts_mean(volume, 60))"
w83_b,A102woAW,2.47,1.8,4.27,0.217,0.1149,0.0413,1.94,C,,GOOD,TOP3000,SUBINDUSTRY,4,0.08,1,N,"group_rank(authorized_stock_buyback_amount/assets, subindustry) + group_rank(-annual_intangible_assets_net_carrying_value/assets, subindustry) + group_rank(-ts_delta(close, 10), subindustry) + rank(volume/ts_mean(volume, 120))"
w112_g,xAY7YbKp,2.51,1.75,4.26,0.2439,0.1181,0.035,2.11,C,,GOOD,TOP3000,SUBINDUSTRY,4,0.08,1,N,"group_rank(fnd6_cicurr/assets, bucket(rank(ts_mean(volume*close, 20)), range=""0.1, 1, 0.1"")) + group_rank(-anl4_fs_detail_estimate_1qf_v4_nd_fcf_low/assets, bucket(rank(ts_mean(volume*close, 20)), range=""0.1, 1, 0.1"")) + group_rank(ts_av_diff(cash/assets, 45), bucket(rank(ts_mean(volume*close, 20)), range=""0.1, 1, 0.1"")) + group_rank(ts_av_diff(cashflow_op/enterprise_value, 45), bucket(rank(ts_mean(volume*close, 20)), range=""0.1, 1, 0.1"")) + group_rank(-ts_delta(close, 2), bucket(rank(ts_mean(volume*close, 20)), range=""0.1, 1, 0.1"")) + group_rank(volume/ts_mean(volume, 60), bucket(rank(ts_mean(volume*close, 20)), range=""0.1, 1, 0.1""))"
w116_l,KPOAAz2x,2.43,1.83,4.26,0.1912,0.1088,0.0347,1.74,C,,AVERAGE,TOP3000,SUBINDUSTRY,4,0.08,0,N,"group_rank(fnd6_tstkc/assets, bucket(rank(cap), range=""0.1, 1, 0.1"")) + group_rank(fnd6_lifr/assets, bucket(rank(cap), range=""0.1, 1, 0.1"")) + group_rank(fnd6_cicurr/assets, bucket(rank(cap), range=""0.1, 1, 0.1"")) + group_rank(ts_av_diff(cash/assets, 45), bucket(rank(cap), range=""0.1, 1, 0.1"")) + group_rank(ts_av_diff(cashflow_op/enterprise_value, 45), bucket(rank(cap), range=""0.1, 1, 0.1"")) + group_rank(-ts_delta(close, 2), bucket(rank(cap), range=""0.1, 1, 0.1""))"
w32_k,O0rJObeJ,2.25,2.01,4.26,0.1426,0.1136,0.0623,1.77,C,,EXCELLENT,TOP3000,SUBINDUSTRY,8,0.08,1,N,"group_rank(fnd6_mfma2_revt/assets, subindustry) + group_rank(ts_av_diff(cash/assets, 30), subindustry) + group_rank(fnd6_xopr/assets, subindustry) + group_rank(-ts_delta(close, 2), subindustry) + rank(volume/ts_mean(volume, 60))"
w65_h,Vk6mEdg0,2.64,1.62,4.26,0.3237,0.1222,0.0377,2.47,C,,GOOD,TOP3000,SUBINDUSTRY,3,0.08,1,N,"group_rank(-anl4_fs_detail_estimate_1qf_v4_nd_sga_median/assets, subindustry) + group_rank(fnd6_txtubxintis/assets, subindustry) + group_rank(ts_av_diff(cash/assets, 45), subindustry) + group_rank(ts_av_diff(cashflow_op/enterprise_value, 45), subindustry) + group_rank(-ts_delta(close, 2), subindustry) + rank(volume/ts_mean(volume, 60))"
w76_f,mLgQYaVK,2.38,1.88,4.26,0.2149,0.1342,0.0485,1.52,C,,GOOD,TOP3000,INDUSTRY,4,0.08,1,N,"group_rank(anl4_fs_detail_estimate_1qf_v4_nd_netdebt_high/assets, industry) + group_rank(ts_av_diff(cash/assets, 60), industry) + group_rank(ts_av_diff(cashflow_op/enterprise_value, 75), industry) + group_rank(-ts_delta(close, 8), industry) + rank(volume/ts_mean(volume, 120))"
w77_c,rK58Rx8E,2.46,1.8,4.26,0.2092,0.1125,0.031,1.92,C,,GOOD,TOP3000,SUBINDUSTRY,4,0.08,1,N,"group_rank(anl4_fs_detail_estimate_1qf_v4_nd_cfi_low/assets, subindustry) + group_rank(ts_av_diff(cash/assets, 45), subindustry) + group_rank(ts_av_diff(cashflow_op/enterprise_value, 60), subindustry) + group_rank(-ts_delta(close, 10), subindustry) + rank(volume/ts_mean(volume, 120))"
d4_d1_grev_xo_vol120,A10l5PKQ,2.29,1.96,4.25,0.0683,0.0914,0.0438,1.87,C,,GOOD,TOP3000,SUBINDUSTRY,40,0.08,1,N,"group_rank(-ts_delta(close, 2), subindustry) + group_rank(fnd6_xopr/assets, subindustry) + rank(volume/ts_mean(volume, 120))"
w121_i,Jjx9VOze,2.48,1.77,4.25,0.2079,0.1054,0.0384,1.99,C,,GOOD,TOP3000,SUBINDUSTRY,4,0.08,1,N,"group_rank(fnd6_tstkc/assets, bucket(rank(ts_rank(cap, 250)), range=""0.1, 1, 0.1"")) + group_rank(fnd6_cicurr/assets, bucket(rank(ts_rank(cap, 250)), range=""0.1, 1, 0.1"")) + group_rank(fnd6_intc/assets, bucket(rank(ts_rank(cap, 250)), range=""0.1, 1, 0.1"")) + group_rank(ts_av_diff(cash/assets, 45), bucket(rank(ts_rank(cap, 250)), range=""0.1, 1, 0.1"")) + group_rank(ts_av_diff(cashflow_op/enterprise_value, 45), bucket(rank(ts_rank(cap, 250)), range=""0.1, 1, 0.1"")) + group_rank(-ts_delta(close, 2), bucket(rank(ts_rank(cap, 250)), range=""0.1, 1, 0.1"")) + group_rank(if_else(rank(ts_regression(rank(returns), rank(vec_avg(anl4_basicdetailrec_ratingvalue)), 120, lag=0, rettype=3))>0.6, -ts_av_diff(vec_avg(anl4_basicdetailrec_ratingvalue), 120), 0), bucket(rank(ts_rank(cap, 250)), range=""0.1, 1, 0.1""))"
w58_e,883VvlzX,2.66,1.59,4.25,0.3958,0.1406,0.0635,3.6,C,,GOOD,TOP3000,SUBINDUSTRY,3,0.08,1,N,"group_rank(fnd6_newqv1300_cimiiq/assets, subindustry) + group_rank(ts_av_diff(cash/assets, 45), subindustry) + group_rank(ts_av_diff(cashflow_op/enterprise_value, 45), subindustry) + group_rank(-ts_delta(close, 2), subindustry) + rank(volume/ts_mean(volume, 60))"
w77_h,d5Ova1gE,2.36,1.89,4.25,0.2066,0.1327,0.0437,1.49,C,,GOOD,TOP3000,INDUSTRY,4,0.08,1,N,"group_rank(anl4_fs_detail_estimate_1qf_v4_nd_netdebt_high/assets, industry) + group_rank(ts_av_diff(cash/assets, 75), industry) + group_rank(ts_av_diff(cashflow_op/enterprise_value, 60), industry) + group_rank(-ts_delta(close, 10), industry) + rank(volume/ts_mean(volume, 120))"
w87_b,kqVYj9X6,2.33,1.92,4.25,0.101,0.0848,0.028,1.44,C,,GOOD,TOP3000,SUBINDUSTRY,4,0.08,1,N,"group_rank(authorized_stock_buyback_amount/assets, subindustry) + group_rank(anl4_fs_detail_estimate_1qf_v4_nd_sga_median/assets, subindustry) + 0.3*group_rank(ts_av_diff(cash/assets, 45), subindustry) + 0.3*group_rank(ts_av_diff(cashflow_op/enterprise_value, 45), subindustry) + 0.3*group_rank(-ts_delta(close, 10), subindustry) + 0.3*rank(volume/ts_mean(volume, 120))"
w91_f,kqVMGzQ8,2.33,1.92,4.25,0.101,0.0848,0.028,1.44,C,,GOOD,TOP3000,SUBINDUSTRY,4,0.08,1,N,"group_rank(authorized_stock_buyback_amount/assets, subindustry) + group_rank(anl4_fs_detail_estimate_1qf_v4_nd_sga_median/assets, subindustry) + 0.30*group_rank(ts_av_diff(cash/assets, 45), subindustry) + 0.30*group_rank(ts_av_diff(cashflow_op/enterprise_value, 45), subindustry) + 0.30*group_rank(-ts_delta(close, 10), subindustry) + 0.30*rank(volume/ts_mean(volume, 120))"
w110_c,E5vnGJjK,2.76,1.48,4.24,0.3797,0.109,0.0319,2.93,C,,AVERAGE,TOP3000,SUBINDUSTRY,2,0.08,1,N,"group_rank(fnd6_xintopt/assets, bucket(rank(ts_std_dev(returns, 20)), range=""0.1, 1, 0.1"")) + group_rank(anl4_fs_detail_estimate_1qf_v4_nd_totassets_mean/assets, bucket(rank(ts_std_dev(returns, 20)), range=""0.1, 1, 0.1"")) + group_rank(-anl4_fs_detail_estimates_advanced_af_nd_capex_median/assets, bucket(rank(ts_std_dev(returns, 20)), range=""0.1, 1, 0.1"")) + group_rank(ts_av_diff(cash/assets, 45), bucket(rank(ts_std_dev(returns, 20)), range=""0.1, 1, 0.1"")) + group_rank(ts_av_diff(cashflow_op/enterprise_value, 45), bucket(rank(ts_std_dev(returns, 20)), range=""0.1, 1, 0.1"")) + group_rank(-ts_delta(close, 2), bucket(rank(ts_std_dev(returns, 20)), range=""0.1, 1, 0.1"")) + group_rank(volume/ts_mean(volume, 60), bucket(rank(ts_std_dev(returns, 20)), range=""0.1, 1, 0.1""))"
w59_b,le8EAJLO,2.73,1.51,4.24,0.4708,0.1438,0.0501,2.91,C,,GOOD,TOP3000,SUBINDUSTRY,2,0.08,1,N,"group_rank(fnd6_newqv1300_cimiiq/assets, subindustry) + group_rank(ts_av_diff(cash/assets, 45), subindustry) + group_rank(ts_av_diff(cashflow_op/enterprise_value, 45), subindustry) + group_rank(-ts_delta(close, 2), subindustry) + rank(volume/ts_mean(volume, 60)) + group_rank(ts_av_diff(anl4_fs_detail_estimate_1qf_v4_nd_totassets_median/assets, 60), subindustry)"
w67_a,vRkp2VRv,2.48,1.76,4.24,0.3085,0.1558,0.0427,1.89,C,,GOOD,TOP3000,INDUSTRY,2,0.08,1,N,"group_rank(liabilities_curr/assets, industry) + group_rank(anl4_fs_detail_estimate_1qf_v4_nd_ptpr_mean/assets, industry) + group_rank(-ts_rank(close, 10), industry)"
w82_b,KPO2Lz08,2.21,2.03,4.24,0.1065,0.1058,0.0425,1.11,C,,EXCELLENT,TOP3000,SUBINDUSTRY,4,0.08,1,N,"ts_decay_linear(group_rank(anl4_fs_detail_estimate_1qf_v4_nd_rd_exp_high/assets, subindustry) + group_rank(anl4_fs_detail_estimate_1qf_v4_nd_netdebt_high/assets, subindustry) + group_rank(ts_av_diff(cash/assets, 45), subindustry) + group_rank(ts_av_diff(cashflow_op/enterprise_value, 45), subindustry) + group_rank(-ts_delta(close, 10), subindustry) + rank(volume/ts_mean(volume, 120)), 10)"
w87_d,Grd7dq80,2.32,1.92,4.24,0.0934,0.0853,0.0283,1.43,C,,GOOD,TOP3000,SUBINDUSTRY,4,0.08,1,N,"group_rank(authorized_stock_buyback_amount/assets, subindustry) + group_rank(anl4_fs_detail_estimate_1qf_v4_nd_sga_median/assets, subindustry) + 0.4*group_rank(ts_av_diff(cash/assets, 45), subindustry) + 0.4*group_rank(ts_av_diff(cashflow_op/enterprise_value, 45), subindustry) + 0.25*group_rank(-ts_delta(close, 10), subindustry) + 0.25*rank(volume/ts_mean(volume, 120))"
w34_n,GrdgvGOP,2.48,1.75,4.23,0.2183,0.1086,0.0385,0.1,C,,GOOD,TOP1000,SUBINDUSTRY,8,0.08,1,N,"group_rank(fnd6_xrent/assets, subindustry) + group_rank(ts_av_diff(cash/assets, 30), subindustry) + group_rank(-ts_delta(close, 2), subindustry) + rank(volume/ts_mean(volume, 60))"
w58_b,xAYV1mnp,2.74,1.49,4.23,0.4976,0.1463,0.0636,3.83,C,,AVERAGE,TOP3000,SUBINDUSTRY,2,0.08,1,N,"group_rank(fnd6_newqv1300_cimiiq/assets, subindustry) + group_rank(ts_av_diff(cash/assets, 45), subindustry) + group_rank(ts_av_diff(cashflow_op/enterprise_value, 45), subindustry) + group_rank(-ts_delta(close, 2), subindustry) + rank(volume/ts_mean(volume, 60))"
w58_g,vRkZO1qw,2.74,1.49,4.23,0.4975,0.1463,0.0637,3.82,C,,AVERAGE,TOP3000,SUBINDUSTRY,2,0.1,1,N,"group_rank(fnd6_newqv1300_cimiiq/assets, subindustry) + group_rank(ts_av_diff(cash/assets, 45), subindustry) + group_rank(ts_av_diff(cashflow_op/enterprise_value, 45), subindustry) + group_rank(-ts_delta(close, 2), subindustry) + rank(volume/ts_mean(volume, 60))"
w110_h,blR0Q6oZ,2.5,1.72,4.22,0.2094,0.0996,0.0271,1.57,C,,GOOD,TOP3000,SUBINDUSTRY,4,0.08,1,N,"group_rank(fnd6_xintopt/assets, bucket(rank(ts_std_dev(returns, 20)), range=""0.1, 1, 0.1"")) + group_rank(anl4_fs_detail_estimate_1qf_v4_nd_totassets_mean/assets, bucket(rank(ts_std_dev(returns, 20)), range=""0.1, 1, 0.1"")) + group_rank(-anl4_fs_detail_estimates_advanced_af_nd_capex_median/assets, bucket(rank(ts_std_dev(returns, 20)), range=""0.1, 1, 0.1"")) + group_rank(ts_av_diff(cash/assets, 75), bucket(rank(ts_std_dev(returns, 20)), range=""0.1, 1, 0.1"")) + group_rank(ts_av_diff(cashflow_op/enterprise_value, 60), bucket(rank(ts_std_dev(returns, 20)), range=""0.1, 1, 0.1"")) + group_rank(-ts_delta(close, 5), bucket(rank(ts_std_dev(returns, 20)), range=""0.1, 1, 0.1"")) + group_rank(volume/ts_mean(volume, 120), bucket(rank(ts_std_dev(returns, 20)), range=""0.1, 1, 0.1""))"
w37_a,RRVexN1d,2.22,2.0,4.22,0.1257,0.1019,0.0462,1.17,C,,GOOD,TOP3000,SUBINDUSTRY,20,0.08,1,N,"group_rank(fnd6_newqv1300_cimiiq/assets, subindustry) + group_rank(fnd6_newqv1300_mibtq/assets, subindustry) + group_rank(fnd6_xrent/assets, subindustry) + group_rank(ts_av_diff(cash/assets, 30), subindustry) + group_rank(-ts_delta(close, 2), subindustry) + rank(volume/ts_mean(volume, 60))"
w60_c,RRV9Ewa1,2.72,1.5,4.22,0.481,0.146,0.0622,3.39,C,,AVERAGE,TOP3000,SUBINDUSTRY,2,0.08,1,N,"group_rank(fnd6_newqv1300_mibtq/assets, subindustry) + group_rank(ts_av_diff(cash/assets, 45), subindustry) + group_rank(ts_av_diff(cashflow_op/enterprise_value, 45), subindustry) + group_rank(-ts_delta(close, 2), subindustry) + rank(volume/ts_mean(volume, 60))"
w76_g,qMWVEYzP,2.69,1.53,4.22,0.4021,0.1309,0.0402,2.48,C,,GOOD,TOP3000,SUBINDUSTRY,2,0.08,1,N,"trade_when(ts_rank(volume, 5) > 0.2, group_rank(anl4_fs_actuals_basic_qf_nd_div_value/assets, subindustry) + group_rank(ts_av_diff(cash/assets, 45), industry) + group_rank(ts_av_diff(cashflow_op/enterprise_value, 45), subindustry) + group_rank(-ts_delta(close, 2), subindustry) + rank(volume/ts_mean(volume, 60)), -1)"
w77_i,LL93K5JL,2.45,1.77,4.22,0.2213,0.1153,0.0356,1.81,C,,GOOD,TOP3000,SUBINDUSTRY,4,0.08,1,N,"group_rank(anl4_fs_detail_estimates_advanced_af_nd_capex_std/assets, subindustry) + group_rank(ts_av_diff(cash/assets, 45), industry) + group_rank(ts_av_diff(cashflow_op/enterprise_value, 45), subindustry) + group_rank(-ts_delta(close, 10), subindustry) + rank(volume/ts_mean(volume, 120))"
w79_i,xAY57eRn,2.42,1.8,4.22,0.2003,0.1104,0.0402,1.6,C,,GOOD,TOP3000,SUBINDUSTRY,4,0.08,1,N,"group_rank(anl4_fs_detail_estimates_advanced_af_nd_capex_std/assets, subindustry) + group_rank(anl4_fs_actuals_basic_qf_nd_div_value/assets, subindustry) + group_rank(ts_av_diff(cash/assets, 75), subindustry) + group_rank(ts_av_diff(cashflow_op/enterprise_value, 60), subindustry) + group_rank(-ts_delta(close, 8), subindustry) + rank(volume/ts_mean(volume, 150))"
o1_xopr_vwap3,3q9lr9K0,2.42,1.79,4.21,0.1927,0.1055,0.0454,2.3,C,,GOOD,TOP3000,SUBINDUSTRY,8,0.08,1,N,"group_rank(fnd6_xopr/assets, subindustry) + rank(-ts_delta(vwap, 3)) + rank(volume/ts_mean(volume, 60))"
w118_e,3q9Kqr7e,2.53,1.68,4.21,0.2246,0.0995,0.0264,2.18,C,,GOOD,TOP3000,SUBINDUSTRY,4,0.08,1,N,"group_rank(fnd6_intc/assets, bucket(rank(sga_expense/sales), range=""0.1, 1, 0.1"")) + group_rank(fnd6_newqv1300_glcea12/assets, bucket(rank(sga_expense/sales), range=""0.1, 1, 0.1"")) + group_rank(fnd6_tstkc/assets, bucket(rank(sga_expense/sales), range=""0.1, 1, 0.1"")) + group_rank(ts_av_diff(cash/assets, 45), bucket(rank(sga_expense/sales), range=""0.1, 1, 0.1"")) + group_rank(ts_av_diff(cashflow_op/enterprise_value, 45), bucket(rank(sga_expense/sales), range=""0.1, 1, 0.1"")) + group_rank(-ts_delta(close, 2), bucket(rank(sga_expense/sales), range=""0.1, 1, 0.1""))"
w39_d,qMW5YOWE,2.29,1.92,4.21,0.0844,0.0883,0.0363,1.65,C,,GOOD,TOP3000,SUBINDUSTRY,40,0.08,1,N,"group_rank(fnd6_newqv1300_ivstq/assets, subindustry) + group_rank(fnd6_xrent/assets, subindustry) + group_rank(ts_av_diff(cash/assets, 30), subindustry) + group_rank(-ts_delta(close, 2), subindustry) + rank(volume/ts_mean(volume, 40))"
w85_a,6Xr2eQaJ,2.27,1.94,4.21,0.1307,0.0958,0.0383,1.7,C,,GOOD,TOP3000,SUBINDUSTRY,4,0.08,1,Y,"group_rank(authorized_stock_buyback_amount/assets, subindustry) + group_rank(-annual_intangible_assets_net_carrying_value/assets, subindustry) + 0.5*group_rank(-ts_delta(close, 10), subindustry) + 0.5*rank(volume/ts_mean(volume, 120))"
w66_e,A10r3d5d,2.72,1.48,4.2,0.412,0.1228,0.038,2.73,C,,AVERAGE,TOP3000,SUBINDUSTRY,2,0.08,1,N,"group_rank(anl4_fs_detail_estimate_1qf_v4_nd_totgw_median/assets, subindustry) + group_rank(fnd6_txtubxintis/assets, subindustry) + group_rank(ts_av_diff(cash/assets, 45), subindustry) + group_rank(ts_av_diff(cashflow_op/enterprise_value, 45), subindustry) + group_rank(-ts_delta(close, 2), subindustry) + rank(volume/ts_mean(volume, 60))"
f10_mult_strc,Vk6P2G00,2.41,1.78,4.19,0.1904,0.1039,0.0338,1.71,C,,GOOD,TOP3000,SUBINDUSTRY,8,0.08,1,N,"group_rank(liabilities_curr/assets, subindustry) * rank(-ts_delta(close, 2))"
h06_xc_w5,A10P3RLY,2.26,1.93,4.19,0.1488,0.1087,0.035,1.01,C,,GOOD,TOP3000,SUBINDUSTRY,8,0.08,1,N,"group_rank(fnd6_xrent/assets, subindustry) + group_rank(ts_av_diff(cash/assets, 30), subindustry) + rank(-ts_delta(close, 5))"
w32_e,A10Qjn3Q,2.44,1.75,4.19,0.2339,0.1209,0.0386,1.68,C,,GOOD,TOP3000,SUBINDUSTRY,8,0.08,1,N,"group_rank(fnd6_xrent/assets, subindustry) + group_rank(ts_av_diff(cash/assets, 30), subindustry) + group_rank(fnd6_newqv1300_lnoq/assets, subindustry) + group_rank(-ts_delta(close, 2), subindustry) + rank(volume/ts_mean(volume, 60))"
w48_i,A10e7Zag,2.23,1.96,4.19,0.1416,0.1089,0.0392,2.49,C,,GOOD,TOP3000,SUBINDUSTRY,21,0.15,1,N,"group_rank(fnd6_newqv1300_cimiiq/assets, subindustry) + group_rank(ts_av_diff(cash/assets, 30), subindustry) + group_rank(ts_av_diff(cashflow_op/enterprise_value, 60), subindustry) + group_rank(-ts_delta(close, 2), subindustry) + rank(volume/ts_mean(volume, 60))"
w32_h,A10QjL3l,2.39,1.79,4.18,0.2133,0.1191,0.0452,2.15,C,,GOOD,TOP3000,SUBINDUSTRY,8,0.08,1,N,"group_rank(fnd6_xrent/assets, subindustry) + group_rank(ts_av_diff(cash/assets, 30), subindustry) + group_rank(fnd6_newqv1300_lol2q/assets, subindustry) + group_rank(-ts_delta(close, 2), subindustry) + rank(volume/ts_mean(volume, 60))"
w78_g,MP1VdqRk,2.4,1.78,4.18,0.1964,0.1083,0.0366,1.71,C,,GOOD,TOP3000,SUBINDUSTRY,4,0.08,1,N,"group_rank(anl4_fs_detail_estimates_advanced_af_nd_capex_std/assets, subindustry) + group_rank(anl4_fs_detail_estimate_1qf_v4_nd_sga_median/assets, subindustry) + group_rank(ts_av_diff(cash/assets, 45), subindustry) + group_rank(ts_av_diff(cashflow_op/enterprise_value, 75), subindustry) + group_rank(-ts_delta(close, 10), subindustry) + rank(volume/ts_mean(volume, 120))"
a1_o3_d40,P0Z7Kj0x,2.27,1.9,4.17,0.0619,0.0878,0.0408,2.29,C,,GOOD,TOP3000,SUBINDUSTRY,40,0.08,1,N,"group_rank(fnd6_xopr/assets, subindustry) + rank(-ts_delta(vwap, 3)) + rank(volume/ts_mean(volume, 60))"
d6_d0_grev5_xr_vol,MP17nYN8,2.17,2.0,4.17,0.0789,0.1066,0.0367,1.41,C,,GOOD,TOP3000,SUBINDUSTRY,40,0.08,0,N,"group_rank(-ts_delta(close, 5), subindustry) + group_rank(fnd6_xrent/assets, subindustry) + rank(volume/ts_mean(volume, 60))"
r7_n2_d6,YP57mQ6o,2.5,1.67,4.17,0.2441,0.1087,0.0554,2.7,C,,GOOD,TOP3000,SUBINDUSTRY,6,0.08,1,N,"group_rank(fnd6_xopr/assets, subindustry) + rank(-ts_delta(vwap, 2)) + rank(volume/ts_mean(volume, 60))"
w109_b,YP530vzR,2.83,1.34,4.17,0.5337,0.1193,0.0296,3.23,C,,AVERAGE,TOP3000,SUBINDUSTRY,1,0.08,1,N,"group_rank(fnd6_xintopt/assets, bucket(rank(cap), range=""0.1, 1, 0.1"")) + group_rank(anl4_fs_detail_estimate_1qf_v4_nd_totassets_mean/assets, bucket(rank(cap), range=""0.1, 1, 0.1"")) + group_rank(-anl4_fs_detail_estimates_advanced_af_nd_capex_median/assets, bucket(rank(cap), range=""0.1, 1, 0.1"")) + group_rank(ts_av_diff(cash/assets, 45), bucket(rank(cap), range=""0.1, 1, 0.1"")) + group_rank(ts_av_diff(cashflow_op/enterprise_value, 45), bucket(rank(cap), range=""0.1, 1, 0.1"")) + group_rank(-ts_delta(close, 2), bucket(rank(cap), range=""0.1, 1, 0.1"")) + group_rank(volume/ts_mean(volume, 60), bucket(rank(cap), range=""0.1, 1, 0.1""))"
w110_a,E5vne9bR,2.54,1.63,4.17,0.2402,0.0995,0.0293,2.11,C,,GOOD,TOP3000,SUBINDUSTRY,4,0.08,1,N,"group_rank(fnd6_xintopt/assets, bucket(rank(ts_std_dev(returns, 20)), range=""0.1, 1, 0.1"")) + group_rank(anl4_fs_detail_estimate_1qf_v4_nd_totassets_mean/assets, bucket(rank(ts_std_dev(returns, 20)), range=""0.1, 1, 0.1"")) + group_rank(-anl4_fs_detail_estimates_advanced_af_nd_capex_median/assets, bucket(rank(ts_std_dev(returns, 20)), range=""0.1, 1, 0.1"")) + group_rank(ts_av_diff(cash/assets, 45), bucket(rank(ts_std_dev(returns, 20)), range=""0.1, 1, 0.1"")) + group_rank(ts_av_diff(cashflow_op/enterprise_value, 45), bucket(rank(ts_std_dev(returns, 20)), range=""0.1, 1, 0.1"")) + group_rank(-ts_delta(close, 2), bucket(rank(ts_std_dev(returns, 20)), range=""0.1, 1, 0.1"")) + group_rank(volume/ts_mean(volume, 60), bucket(rank(ts_std_dev(returns, 20)), range=""0.1, 1, 0.1""))"
w68_b,N1QJPJE8,2.47,1.7,4.17,0.3206,0.1522,0.0561,2.02,C,,GOOD,TOP3000,INDUSTRY,3,0.08,1,Y,"group_rank(anl4_fs_detail_estimate_1qf_v4_nd_ptpr_mean/assets, industry) + group_rank(ts_av_diff(cashflow_op/enterprise_value, 45), industry) + group_rank(-ts_delta(close, 5), industry) + rank(volume/ts_mean(volume, 90))"
w80_h,gJQ0k0V0,2.41,1.76,4.17,0.2192,0.1168,0.0335,1.7,C,,GOOD,TOP3000,SUBINDUSTRY,4,0.08,1,N,"group_rank((anl4_fs_detail_estimate_1qf_v4_nd_sga_high - anl4_fs_detail_estimate_1qf_v4_nd_sga_low) / abs(anl4_fs_detail_estimate_1qf_v4_nd_sga_mean), subindustry) + group_rank(anl4_fs_detail_estimate_1qf_v4_nd_cfi_low/assets, subindustry) + group_rank(ts_av_diff(cashflow_op/enterprise_value, 60), subindustry) + group_rank(-ts_delta(close, 8), subindustry) + rank(volume/ts_mean(volume, 150))"
w65_g,vRkp90Jw,2.64,1.52,4.16,0.4038,0.1332,0.0447,3.25,C,,GOOD,TOP3000,SUBINDUSTRY,2,0.08,1,N,"group_rank(anl4_fs_detail_estimate_1qf_v4_nd_ptpr_mean/assets, subindustry) + group_rank(fnd6_newqv1300_lol2q/assets, subindustry) + group_rank(ts_av_diff(cash/assets, 45), subindustry) + group_rank(ts_av_diff(cashflow_op/enterprise_value, 45), subindustry) + group_rank(-ts_delta(close, 2), subindustry) + rank(volume/ts_mean(volume, 60))"
w78_d,XgWMNaO5,2.37,1.79,4.16,0.1914,0.1092,0.0349,1.52,C,,GOOD,TOP3000,SUBINDUSTRY,4,0.08,1,N,"group_rank(anl4_fs_actuals_basic_qf_nd_div_value/assets, subindustry) + group_rank(anl4_fs_detail_estimate_1qf_v4_nd_cfi_low/assets, subindustry) + group_rank(ts_av_diff(cash/assets, 60), subindustry) + group_rank(ts_av_diff(cashflow_op/enterprise_value, 45), subindustry) + group_rank(-ts_delta(close, 10), subindustry) + rank(volume/ts_mean(volume, 120))"
w78_f,om6ZPxmk,2.41,1.75,4.16,0.199,0.1051,0.0393,1.46,C,,GOOD,TOP3000,SUBINDUSTRY,4,0.08,1,N,"group_rank(anl4_fs_detail_estimate_1qf_v4_nd_totgw_median/assets, subindustry) + group_rank(anl4_fs_detail_estimate_1qf_v4_nd_sga_median/assets, subindustry) + group_rank(ts_av_diff(cash/assets, 75), subindustry) + group_rank(ts_av_diff(cashflow_op/enterprise_value, 60), subindustry) + group_rank(-ts_delta(close, 8), subindustry) + rank(volume/ts_mean(volume, 120))"
w79_j,XgWMZnla,2.35,1.81,4.16,0.1983,0.1179,0.0442,1.18,C,,GOOD,TOP3000,SUBINDUSTRY,4,0.08,1,N,"group_rank(anl4_fs_detail_estimate_1qf_v4_nd_netdebt_high/assets, subindustry) + group_rank(anl4_fs_actuals_basic_qf_nd_div_value/assets, subindustry) + group_rank(ts_av_diff(cash/assets, 75), subindustry) + group_rank(ts_av_diff(cashflow_op/enterprise_value, 60), subindustry) + group_rank(-ts_delta(close, 8), subindustry) + rank(volume/ts_mean(volume, 150))"
s5_xo06,QP3706eK,2.39,1.76,4.15,0.1655,0.0897,0.0471,2.38,C,,GOOD,TOP3000,SUBINDUSTRY,6,0.08,1,N,"group_rank(fnd6_xopr/assets, subindustry) + 0.6 * rank(-ts_delta(vwap, 2)) + 0.6 * rank(volume/ts_mean(volume, 60))"
w111_j,78ZPZWM5,2.65,1.5,4.15,0.3856,0.124,0.0463,2.92,C,,AVERAGE,TOP3000,SUBINDUSTRY,2,0.08,1,N,"group_rank(anl4_fs_detail_estimate_1qf_v4_nd_cfo_median/assets, bucket(rank(ts_mean(volume*close, 20)), range=""0.1, 1, 0.1"")) + group_rank(-anl4_fs_detail_estimate_1qf_v4_nd_fcf_low/assets, bucket(rank(ts_mean(volume*close, 20)), range=""0.1, 1, 0.1"")) + group_rank(ts_av_diff(cash/assets, 45), bucket(rank(ts_mean(volume*close, 20)), range=""0.1, 1, 0.1"")) + group_rank(ts_av_diff(cashflow_op/enterprise_value, 45), bucket(rank(ts_mean(volume*close, 20)), range=""0.1, 1, 0.1"")) + group_rank(-ts_delta(close, 2), bucket(rank(ts_mean(volume*close, 20)), range=""0.1, 1, 0.1"")) + group_rank(volume/ts_mean(volume, 60), bucket(rank(ts_mean(volume*close, 20)), range=""0.1, 1, 0.1""))"
w114_f,xAY7Ek1m,2.46,1.69,4.15,0.2435,0.1144,0.0427,2.0,C,,GOOD,TOP3000,SUBINDUSTRY,4,0.08,1,N,"group_rank(fnd6_tstkc/assets, bucket(rank(ts_rank(cap, 250)), range=""0.1, 1, 0.1"")) + group_rank(fnd6_cicurr/assets, bucket(rank(ts_rank(cap, 250)), range=""0.1, 1, 0.1"")) + group_rank(ts_av_diff(cash/assets, 45), bucket(rank(ts_rank(cap, 250)), range=""0.1, 1, 0.1"")) + group_rank(ts_av_diff(cashflow_op/enterprise_value, 45), bucket(rank(ts_rank(cap, 250)), range=""0.1, 1, 0.1"")) + group_rank(-ts_delta(close, 2), bucket(rank(ts_rank(cap, 250)), range=""0.1, 1, 0.1"")) + group_rank(volume/ts_mean(volume, 60), bucket(rank(ts_rank(cap, 250)), range=""0.1, 1, 0.1""))"
w118_i,d5OM5QdJ,2.38,1.77,4.15,0.196,0.1082,0.0423,1.48,C,,GOOD,TOP3000,SUBINDUSTRY,4,0.08,1,N,"group_rank(fnd6_tstkc/assets, bucket(rank(ts_rank(cap, 250)), range=""0.1, 1, 0.1"")) + group_rank(fnd6_lifr/assets, bucket(rank(ts_rank(cap, 250)), range=""0.1, 1, 0.1"")) + group_rank(fnd6_intc/assets, bucket(rank(ts_rank(cap, 250)), range=""0.1, 1, 0.1"")) + group_rank(ts_av_diff(cash/assets, 45), bucket(rank(ts_rank(cap, 250)), range=""0.1, 1, 0.1"")) + group_rank(ts_av_diff(cashflow_op/enterprise_value, 45), bucket(rank(ts_rank(cap, 250)), range=""0.1, 1, 0.1"")) + group_rank(-ts_delta(close, 2), bucket(rank(ts_rank(cap, 250)), range=""0.1, 1, 0.1""))"
w106_g,JjxJAWYl,2.5,1.64,4.14,0.2501,0.1072,0.0325,2.33,C,,GOOD,TOP3000,SUBINDUSTRY,4,0.08,1,N,"group_rank(anl4_fs_detail_estimate_1qf_v4_nd_cff_high/assets, subindustry) + group_rank(anl4_fs_detail_estimate_1qf_v4_nd_totgw_mean/assets, subindustry) + group_rank(ts_av_diff(cash/assets, 75), subindustry) + group_rank(ts_av_diff(cashflow_op/enterprise_value, 45), subindustry) + group_rank(-ts_delta(close, 2), subindustry) + rank(volume/ts_mean(volume, 120))"
w110_e,npKGNnbE,2.84,1.3,4.14,0.5378,0.1121,0.0313,3.38,C,,AVERAGE,TOP3000,SUBINDUSTRY,1,0.08,1,N,"group_rank(fnd6_xintopt/assets, bucket(rank(ts_std_dev(returns, 20)), range=""0.1, 1, 0.1"")) + group_rank(anl4_fs_detail_estimate_1qf_v4_nd_totassets_mean/assets, bucket(rank(ts_std_dev(returns, 20)), range=""0.1, 1, 0.1"")) + group_rank(-anl4_fs_detail_estimates_advanced_af_nd_capex_median/assets, bucket(rank(ts_std_dev(returns, 20)), range=""0.1, 1, 0.1"")) + group_rank(ts_av_diff(cash/assets, 45), bucket(rank(ts_std_dev(returns, 20)), range=""0.1, 1, 0.1"")) + group_rank(ts_av_diff(cashflow_op/enterprise_value, 45), bucket(rank(ts_std_dev(returns, 20)), range=""0.1, 1, 0.1"")) + group_rank(-ts_delta(close, 2), bucket(rank(ts_std_dev(returns, 20)), range=""0.1, 1, 0.1"")) + group_rank(volume/ts_mean(volume, 60), bucket(rank(ts_std_dev(returns, 20)), range=""0.1, 1, 0.1""))"
w60_f,A10exRzR,2.65,1.49,4.14,0.4496,0.1428,0.0622,3.39,C,,AVERAGE,TOP3000,SUBINDUSTRY,2,0.08,1,N,"group_rank(fnd6_newqv1300_cimiiq/assets, subindustry) + group_rank(ts_av_diff(cash/assets, 45), subindustry) + group_rank(ts_av_diff(cashflow_op/enterprise_value, 45), subindustry) + group_rank(-ts_delta(close, 3), subindustry) + rank(volume/ts_mean(volume, 60))"
w77_b,LL93MEbe,2.4,1.74,4.14,0.2086,0.1093,0.0325,1.96,C,,GOOD,TOP3000,SUBINDUSTRY,4,0.08,1,N,"group_rank(anl4_fs_detail_estimate_1qf_v4_nd_cfi_low/assets, subindustry) + group_rank(ts_av_diff(cash/assets, 75), subindustry) + group_rank(ts_av_diff(cashflow_op/enterprise_value, 45), subindustry) + group_rank(-ts_delta(close, 10), subindustry) + rank(volume/ts_mean(volume, 120))"
w85_g,npKXNnRM,2.58,1.56,4.14,0.3277,0.12,0.0416,2.31,C,,GOOD,TOP3000,SUBINDUSTRY,2,0.08,1,N,"group_rank(authorized_stock_buyback_amount/assets, subindustry) + group_rank(-annual_intangible_assets_net_carrying_value/assets, subindustry) + group_rank(-ts_delta(close, 10), subindustry) + rank(volume/ts_mean(volume, 120))"
w105_j,KPOMAjvz,2.5,1.63,4.13,0.2553,0.1091,0.0335,2.48,C,,GOOD,TOP3000,SUBINDUSTRY,4,0.08,1,N,"group_rank(anl4_fs_detail_estimate_1qf_v4_nd_cff_high/assets, subindustry) + group_rank(anl4_fs_detail_estimate_1qf_v4_nd_totgw_mean/assets, subindustry) + group_rank(ts_av_diff(cash/assets, 45), subindustry) + group_rank(ts_av_diff(cashflow_op/enterprise_value, 45), subindustry) + group_rank(-ts_delta(close, 2), subindustry) + rank(volume/ts_mean(volume, 60))"
w114_m,om6jX2Xn,2.53,1.6,4.13,0.2563,0.1023,0.042,2.33,C,,GOOD,TOP3000,SUBINDUSTRY,4,0.08,1,N,"group_rank(ts_corr(cap, ts_mean(volume, 20), 60), bucket(rank(ts_mean(volume*close, 20)), range=""0.1, 1, 0.1"")) + group_rank(fnd6_intc/assets, bucket(rank(ts_mean(volume*close, 20)), range=""0.1, 1, 0.1"")) + group_rank(ts_av_diff(cash/assets, 45), bucket(rank(ts_mean(volume*close, 20)), range=""0.1, 1, 0.1"")) + group_rank(ts_av_diff(cashflow_op/enterprise_value, 45), bucket(rank(ts_mean(volume*close, 20)), range=""0.1, 1, 0.1"")) + group_rank(-ts_delta(close, 2), bucket(rank(ts_mean(volume*close, 20)), range=""0.1, 1, 0.1"")) + group_rank(volume/ts_mean(volume, 60), bucket(rank(ts_mean(volume*close, 20)), range=""0.1, 1, 0.1""))"
w121_f,j23759X5,2.4,1.73,4.13,0.194,0.101,0.0355,1.53,C,,GOOD,TOP3000,SUBINDUSTRY,4,0.08,1,N,"group_rank(fnd6_tstkc/assets, bucket(rank(ts_rank(cap, 250)), range=""0.1, 1, 0.1"")) + group_rank(fnd6_cicurr/assets, bucket(rank(ts_rank(cap, 250)), range=""0.1, 1, 0.1"")) + group_rank(fnd6_intc/assets, bucket(rank(ts_rank(cap, 250)), range=""0.1, 1, 0.1"")) + group_rank(ts_av_diff(cash/assets, 45), bucket(rank(ts_rank(cap, 250)), range=""0.1, 1, 0.1"")) + group_rank(ts_av_diff(cashflow_op/enterprise_value, 45), bucket(rank(ts_rank(cap, 250)), range=""0.1, 1, 0.1"")) + group_rank(-ts_delta(close, 2), bucket(rank(ts_rank(cap, 250)), range=""0.1, 1, 0.1"")) + group_rank(if_else(rank(ts_regression(rank(returns), rank(vec_avg(anl4_eaz2lrec_ratingvalue)), 120, lag=0, rettype=2))>0.6, -ts_av_diff(vec_avg(anl4_eaz2lrec_ratingvalue), 120), 0), bucket(rank(ts_rank(cap, 250)), range=""0.1, 1, 0.1""))"
w62_e,zqY2qQqK,2.68,1.45,4.13,0.4804,0.1409,0.0669,3.55,C,,AVERAGE,TOP3000,SUBINDUSTRY,2,0.08,1,N,"group_rank(fnd6_ivch/assets, subindustry) + group_rank(ts_av_diff(cash/assets, 45), subindustry) + group_rank(ts_av_diff(cashflow_op/enterprise_value, 45), subindustry) + group_rank(-ts_delta(close, 2), subindustry) + rank(volume/ts_mean(volume, 60))"
w67_f,KPO5mKO1,2.36,1.77,4.13,0.2746,0.1536,0.0477,2.44,C,,GOOD,TOP3000,INDUSTRY,3,0.08,1,N,"group_rank(-anl4_fs_detail_estimate_1qf_v4_nd_sga_median/assets, industry) + group_rank(ts_av_diff(cashflow_op/enterprise_value, 45), industry) + group_rank(-ts_rank(close, 10), industry)"
w108_e,npKGgKLw,2.42,1.7,4.12,0.2025,0.0995,0.0402,1.8,C,,GOOD,TOP3000,SUBINDUSTRY,4,0.08,1,Y,"group_rank(fnd6_xintopt/assets, bucket(rank(cap), range=""0.1, 1, 0.1"")) + group_rank(anl4_fs_detail_estimate_1qf_v4_nd_totassets_mean/assets, bucket(rank(cap), range=""0.1, 1, 0.1"")) + group_rank(-anl4_fs_detail_estimates_advanced_af_nd_capex_median/assets, bucket(rank(cap), range=""0.1, 1, 0.1"")) + group_rank(ts_av_diff(cash/assets, 45), bucket(rank(cap), range=""0.1, 1, 0.1"")) + group_rank(ts_av_diff(cashflow_op/enterprise_value, 45), bucket(rank(cap), range=""0.1, 1, 0.1"")) + group_rank(-ts_delta(close, 2), bucket(rank(cap), range=""0.1, 1, 0.1""))"
w66_b,3q9kzjxN,2.67,1.45,4.12,0.4167,0.1237,0.0398,2.78,C,,AVERAGE,TOP3000,SUBINDUSTRY,2,0.08,1,N,"group_rank(anl4_fs_detail_estimate_1qf_v4_nd_cff_mean/assets, subindustry) + group_rank(fnd6_txtubxintis/assets, subindustry) + group_rank(ts_av_diff(cash/assets, 45), subindustry) + group_rank(ts_av_diff(cashflow_op/enterprise_value, 45), subindustry) + group_rank(-ts_delta(close, 2), subindustry) + rank(volume/ts_mean(volume, 60))"
w79_g,e79EMRYM,2.39,1.73,4.12,0.1993,0.1043,0.0362,1.72,C,,GOOD,TOP3000,SUBINDUSTRY,4,0.08,1,N,"group_rank(anl4_fs_detail_estimates_advanced_af_nd_capex_std/assets, subindustry) + group_rank(anl4_fs_detail_estimate_1qf_v4_nd_totgw_median/assets, subindustry) + group_rank(ts_av_diff(cash/assets, 75), subindustry) + group_rank(ts_av_diff(cashflow_op/enterprise_value, 60), subindustry) + group_rank(-ts_delta(close, 8), subindustry) + rank(volume/ts_mean(volume, 150))"
w109_l,d5OJRQ9g,2.4,1.71,4.11,0.2006,0.1018,0.0407,1.39,C,,GOOD,TOP3000,SUBINDUSTRY,4,0.08,1,N,"group_rank(fnd6_xintopt/assets, bucket(rank(cap), range=""0.1, 1, 0.1"")) + group_rank(anl4_fs_detail_estimate_1qf_v4_nd_totassets_mean/assets, bucket(rank(cap), range=""0.1, 1, 0.1"")) + group_rank(-anl4_fs_detail_estimates_advanced_af_nd_capex_median/assets, bucket(rank(cap), range=""0.1, 1, 0.1"")) + group_rank(ts_av_diff(cash/assets, 45), bucket(rank(cap), range=""0.1, 1, 0.1"")) + group_rank(ts_av_diff(cashflow_op/enterprise_value, 45), bucket(rank(cap), range=""0.1, 1, 0.1"")) + group_rank(-ts_delta(close, 8), bucket(rank(cap), range=""0.1, 1, 0.1"")) + group_rank(volume/ts_mean(volume, 60), bucket(rank(cap), range=""0.1, 1, 0.1""))"
w116_e,akLmmvPW,2.48,1.63,4.11,0.2478,0.1076,0.032,1.93,C,,GOOD,TOP3000,SUBINDUSTRY,4,0.08,1,Y,"group_rank(fnd6_newqv1300_xoptq/assets, bucket(rank(sales/assets), range=""0.1, 1, 0.1"")) + group_rank(fnd6_newqv1300_glcea12/assets, bucket(rank(sales/assets), range=""0.1, 1, 0.1"")) + group_rank(fnd6_tstkc/assets, bucket(rank(sales/assets), range=""0.1, 1, 0.1"")) + group_rank(ts_av_diff(cash/assets, 45), bucket(rank(sales/assets), range=""0.1, 1, 0.1"")) + group_rank(ts_av_diff(cashflow_op/enterprise_value, 45), bucket(rank(sales/assets), range=""0.1, 1, 0.1"")) + group_rank(-ts_delta(close, 2), bucket(rank(sales/assets), range=""0.1, 1, 0.1""))"
w27_ivstq_lol2,WjPexbLZ,2.32,1.79,4.11,0.2015,0.1198,0.0524,3.48,C,,GOOD,TOP3000,SUBINDUSTRY,8,0.08,1,Y,"group_rank(fnd6_newqv1300_ivstq/assets, subindustry) + group_rank(fnd6_newqv1300_lol2q/assets, subindustry) + group_rank(ts_av_diff(cashflow_op/enterprise_value, 60), subindustry) + rank(-ts_delta(close, 2)) + rank(volume/ts_mean(volume, 60))"
w61_a,P0ZxREMM,2.65,1.46,4.11,0.4722,0.1442,0.0362,0.88,C,,AVERAGE,TOP1000,SUBINDUSTRY,2,0.08,1,N,"group_rank(fnd6_xrent/assets, subindustry) + group_rank(ts_av_diff(cash/assets, 45), subindustry) + group_rank(ts_av_diff(cashflow_op/enterprise_value, 45), subindustry) + group_rank(-ts_delta(close, 2), subindustry) + rank(volume/ts_mean(volume, 60))"
w66_d,zqY2Wqkd,2.71,1.4,4.11,0.4054,0.1079,0.0356,3.08,C,,AVERAGE,TOP3000,SUBINDUSTRY,2,0.08,1,N,"group_rank(anl4_fs_detail_estimate_1qf_v4_nd_sh_equity_median/assets, subindustry) + group_rank(fnd6_txtubxintis/assets, subindustry) + group_rank(ts_av_diff(cash/assets, 45), subindustry) + group_rank(ts_av_diff(cashflow_op/enterprise_value, 45), subindustry) + group_rank(-ts_delta(close, 2), subindustry) + rank(volume/ts_mean(volume, 60))"
w6_s10_d20,A10lrkJl,2.22,1.89,4.11,0.0906,0.091,0.0327,2.65,C,,GOOD,TOP3000,INDUSTRY,20,0.08,1,N,"group_rank(-ts_delta(close, 2), subindustry) + group_rank(-ts_mean(abs(returns)/volume, 20), subindustry) + group_rank(operating_expense/assets, subindustry)"
w79_f,A10EXj1Y,2.36,1.75,4.11,0.2086,0.115,0.053,1.37,C,,GOOD,TOP3000,SUBINDUSTRY,4,0.08,1,N,"group_rank(anl4_fs_detail_estimate_1qf_v4_nd_netdebt_high/assets, subindustry) + group_rank(anl4_fs_detail_estimate_1qf_v4_nd_rd_exp_high/assets, subindustry) + group_rank(ts_av_diff(cash/assets, 75), subindustry) + group_rank(ts_av_diff(cashflow_op/enterprise_value, 60), subindustry) + group_rank(-ts_delta(close, 8), subindustry) + rank(volume/ts_mean(volume, 150))"
w82_a,YP59AEKW,2.36,1.75,4.11,0.2147,0.1178,0.0436,1.25,C,,GOOD,TOP3000,SUBINDUSTRY,4,0.08,1,N,"quantile(group_rank(anl4_fs_detail_estimate_1qf_v4_nd_rd_exp_high/assets, subindustry) + group_rank(anl4_fs_detail_estimate_1qf_v4_nd_netdebt_high/assets, subindustry) + group_rank(ts_av_diff(cash/assets, 45), subindustry) + group_rank(ts_av_diff(cashflow_op/enterprise_value, 45), subindustry) + group_rank(-ts_delta(close, 10), subindustry) + rank(volume/ts_mean(volume, 120)), driver=gaussian)"
w88_f,xAYE3mjg,2.22,1.89,4.11,0.1295,0.0943,0.0408,1.38,C,,GOOD,TOP3000,SUBINDUSTRY,4,0.08,1,N,"group_rank(authorized_stock_repurchase_amount/assets, subindustry) + group_rank(-annual_intangible_assets_net_carrying_value/assets, subindustry) + 0.5*group_rank(-ts_delta(close, 10), subindustry) + 0.5*rank(volume/ts_mean(volume, 120))"
w63_f,gJQgpgGM,2.58,1.52,4.1,0.4283,0.1496,0.0624,3.5,C,,GOOD,TOP3000,SUBINDUSTRY,2,0.08,1,N,"group_rank(fnd6_txtubpospinc/assets, subindustry) + group_rank(ts_av_diff(cash/assets, 45), subindustry) + group_rank(ts_av_diff(cashflow_op/enterprise_value, 45), subindustry) + group_rank(-ts_delta(close, 3), subindustry) + rank(volume/ts_mean(volume, 60))"
a2_o4_d40,2rOleE3x,2.23,1.86,4.09,0.0609,0.0866,0.0425,1.96,C,,GOOD,TOP3000,SUBINDUSTRY,40,0.08,1,N,"group_rank(fnd6_xopr/assets, subindustry) + rank(-ts_delta(vwap, 2)) + rank(volume/ts_mean(volume, 90))"
w108_a,npKGg92d,2.68,1.41,4.09,0.4159,0.1149,0.0436,3.02,C,,AVERAGE,TOP3000,SUBINDUSTRY,1,0.08,1,N,"group_rank(fnd6_xintopt/assets, bucket(rank(cap), range=""0.1, 1, 0.1"")) + group_rank(anl4_fs_detail_estimate_1qf_v4_nd_totassets_mean/assets, bucket(rank(cap), range=""0.1, 1, 0.1"")) + group_rank(-anl4_fs_detail_estimates_advanced_af_nd_capex_median/assets, bucket(rank(cap), range=""0.1, 1, 0.1"")) + group_rank(ts_av_diff(cash/assets, 45), bucket(rank(cap), range=""0.1, 1, 0.1"")) + group_rank(ts_av_diff(cashflow_op/enterprise_value, 45), bucket(rank(cap), range=""0.1, 1, 0.1"")) + group_rank(-ts_delta(close, 2), bucket(rank(cap), range=""0.1, 1, 0.1""))"
w115_f,d5OJrkmY,2.39,1.7,4.09,0.217,0.1098,0.0352,2.14,C,,GOOD,TOP3000,SUBINDUSTRY,4,0.08,1,N,"group_rank(fnd6_cicurr/assets, bucket(rank(ts_mean(volume*close, 20)), range=""0.1, 1, 0.1"")) + group_rank(fnd6_newqv1300_txdbq/assets, bucket(rank(ts_mean(volume*close, 20)), range=""0.1, 1, 0.1"")) + group_rank(fnd6_newqv1300_lnoq/assets, bucket(rank(ts_mean(volume*close, 20)), range=""0.1, 1, 0.1"")) + group_rank(fnd6_newqv1300_fcaq/assets, bucket(rank(ts_mean(volume*close, 20)), range=""0.1, 1, 0.1"")) + group_rank(ts_av_diff(cash/assets, 45), bucket(rank(ts_mean(volume*close, 20)), range=""0.1, 1, 0.1"")) + group_rank(ts_av_diff(cashflow_op/enterprise_value, 45), bucket(rank(ts_mean(volume*close, 20)), range=""0.1, 1, 0.1"")) + group_rank(-ts_delta(close, 2), bucket(rank(ts_mean(volume*close, 20)), range=""0.1, 1, 0.1"")) + group_rank(volume/ts_mean(volume, 60), bucket(rank(ts_mean(volume*close, 20)), range=""0.1, 1, 0.1""))"
w118_n,9qVeq3ld,2.43,1.66,4.09,0.2203,0.1031,0.029,1.77,C,,AVERAGE,TOP3000,SUBINDUSTRY,4,0.08,0,N,"group_rank(fnd6_intc/assets, bucket(rank(debt/assets), range=""0.1, 1, 0.1"")) + group_rank(fnd6_lifr/assets, bucket(rank(debt/assets), range=""0.1, 1, 0.1"")) + group_rank(fnd6_tfvce/assets, bucket(rank(debt/assets), range=""0.1, 1, 0.1"")) + group_rank(ts_av_diff(cash/assets, 45), bucket(rank(debt/assets), range=""0.1, 1, 0.1"")) + group_rank(ts_av_diff(cashflow_op/enterprise_value, 45), bucket(rank(debt/assets), range=""0.1, 1, 0.1"")) + group_rank(-ts_delta(close, 2), bucket(rank(debt/assets), range=""0.1, 1, 0.1""))"
w68_d,Vk6mMEe5,2.34,1.75,4.09,0.2703,0.1518,0.0462,2.43,C,,GOOD,TOP3000,INDUSTRY,3,0.08,1,N,"group_rank(-anl4_fs_detail_estimate_1qf_v4_nd_sga_median/assets, industry) + group_rank(ts_av_diff(cashflow_op/enterprise_value, 60), industry) + group_rank(-ts_rank(close, 10), industry)"
w69_f,om6JrlxJ,2.44,1.65,4.09,0.3178,0.1459,0.0466,2.35,C,,GOOD,TOP3000,INDUSTRY,3,0.08,1,N,"group_rank(anl4_fs_detail_estimate_1qf_v4_nd_cfi_low/assets, industry) + group_rank(ts_av_diff(cashflow_op/enterprise_value, 45), industry) + group_rank(-ts_delta(close, 5), industry) + rank(volume/ts_mean(volume, 90))"
w71_c,e79VZ1rd,2.44,1.65,4.09,0.3328,0.1531,0.0662,1.78,C,,GOOD,TOP3000,INDUSTRY,3,0.08,1,N,"group_rank(-anl4_fs_detail_estimate_1qf_v4_nd_sga_median/assets, industry) + group_rank(liabilities_curr/assets, industry) + group_rank(-ts_delta(close, 5), industry) + rank(volume/ts_mean(volume, 90))"
w79_a,xAY5pxng,2.33,1.76,4.09,0.1945,0.1104,0.0432,1.3,C,,GOOD,TOP3000,SUBINDUSTRY,4,0.08,1,N,"group_rank(anl4_fs_detail_estimate_1qf_v4_nd_totgw_median/assets, subindustry) + group_rank(anl4_fs_detail_estimate_1qf_v4_nd_netdebt_high/assets, subindustry) + group_rank(ts_av_diff(cash/assets, 75), subindustry) + group_rank(ts_av_diff(cashflow_op/enterprise_value, 60), subindustry) + group_rank(-ts_delta(close, 8), subindustry) + rank(volume/ts_mean(volume, 150))"
w80_c,WjPx1mjd,2.39,1.7,4.09,0.2171,0.1092,0.0519,1.46,C,,GOOD,TOP3000,SUBINDUSTRY,4,0.08,1,N,"group_rank((anl4_fs_detail_estimate_1qf_v4_nd_cff_high - anl4_fs_detail_estimate_1qf_v4_nd_cff_low) / abs(anl4_fs_detail_estimate_1qf_v4_nd_cff_mean), subindustry) + group_rank(anl4_fs_detail_estimate_1qf_v4_nd_netdebt_high/assets, subindustry) + group_rank(ts_av_diff(cash/assets, 75), subindustry) + group_rank(-ts_delta(close, 8), subindustry) + rank(volume/ts_mean(volume, 150))"
l02_revt_amb_rev3,xAYjOgRW,2.14,1.94,4.08,0.1322,0.1086,0.0619,1.89,C,,GOOD,TOP3000,SUBINDUSTRY,8,0.08,1,N,"group_rank(fnd6_mfma2_revt/assets, subindustry) + group_rank(-ts_mean(abs(returns)/volume, 20), subindustry) + rank(-ts_delta(close, 3))"
w121_h,j2375g8Z,2.39,1.69,4.08,0.2185,0.1094,0.0458,1.82,C,,GOOD,TOP3000,SUBINDUSTRY,4,0.08,1,N,"group_rank(fnd6_tstkc/assets, bucket(rank(ts_rank(cap, 250)), range=""0.1, 1, 0.1"")) + group_rank(fnd6_cicurr/assets, bucket(rank(ts_rank(cap, 250)), range=""0.1, 1, 0.1"")) + group_rank(fnd6_intc/assets, bucket(rank(ts_rank(cap, 250)), range=""0.1, 1, 0.1"")) + group_rank(ts_av_diff(cash/assets, 45), bucket(rank(ts_rank(cap, 250)), range=""0.1, 1, 0.1"")) + group_rank(ts_av_diff(cashflow_op/enterprise_value, 45), bucket(rank(ts_rank(cap, 250)), range=""0.1, 1, 0.1"")) + group_rank(-ts_delta(close, 2), bucket(rank(ts_rank(cap, 250)), range=""0.1, 1, 0.1"")) + group_rank(if_else(rank(ts_regression(rank(returns), rank(vec_avg(anl4_basicdetailrec_ratingvalue)), 120, lag=0, rettype=0))>0.6, -ts_av_diff(vec_avg(anl4_basicdetailrec_ratingvalue), 120), 0), bucket(rank(ts_rank(cap, 250)), range=""0.1, 1, 0.1""))"
w37_l,P0ZPxpEM,2.12,1.96,4.08,0.1197,0.1072,0.0438,1.49,C,,GOOD,TOP3000,SUBINDUSTRY,40,0.08,1,N,"group_rank(fnd6_newqv1300_lol2q/assets, subindustry) + group_rank(fnd6_xrent/assets, subindustry) + group_rank(ts_av_diff(cash/assets, 30), subindustry) + group_rank(-ts_delta(close, 2), subindustry) + rank(volume/ts_mean(volume, 60))"
w41_d,YP5lJxol,2.12,1.96,4.08,0.107,0.1066,0.0423,1.15,C,,GOOD,TOP3000,SUBINDUSTRY,40,0.08,1,N,"group_rank(fnd6_newqv1300_cimiiq/assets, subindustry) + group_rank(fnd6_newqv1300_mibtq/assets, subindustry) + group_rank(fnd6_xrent/assets, subindustry) + group_rank(ts_av_diff(cashflow_op/enterprise_value, 60), subindustry) + group_rank(-ts_delta(close, 2), subindustry) + rank(volume/ts_mean(volume, 60))"
w86_h,RRVv7mXj,2.19,1.89,4.08,0.1017,0.0927,0.0382,1.57,C,,GOOD,TOP3000,SUBINDUSTRY,6,0.08,1,N,"group_rank(authorized_stock_buyback_amount/assets, subindustry) + group_rank(-annual_intangible_assets_net_carrying_value/assets, subindustry) + 0.5*group_rank(-ts_delta(close, 10), subindustry) + 0.5*rank(volume/ts_mean(volume, 120))"
w27_lnoq_d12,LL9ZwVqe,2.28,1.79,4.07,0.2104,0.13,0.05,3.04,C,,GOOD,TOP3000,SUBINDUSTRY,12,0.08,1,N,"group_rank(fnd6_newqv1300_lnoq/assets, subindustry) + group_rank(ts_av_diff(cashflow_op/enterprise_value, 60), subindustry) + rank(-ts_delta(close, 2)) + rank(volume/ts_mean(volume, 60))"
w44_a,e791WzbO,2.16,1.91,4.07,0.1341,0.1053,0.0405,2.41,C,,GOOD,TOP3000,SUBINDUSTRY,25,0.08,1,Y,"group_rank(fnd6_newqv1300_cimiiq/assets, subindustry) + group_rank(ts_av_diff(cash/assets, 30), subindustry) + group_rank(ts_av_diff(cashflow_op/enterprise_value, 60), subindustry) + group_rank(-ts_delta(close, 2), subindustry) + rank(volume/ts_mean(volume, 60))"
w47_c,JjxoOVvl,2.18,1.89,4.07,0.1518,0.1143,0.0339,1.2,C,,GOOD,TOP1000,SUBINDUSTRY,21,0.08,1,N,"group_rank(fnd6_newqv1300_cimiiq/assets, subindustry) + group_rank(fnd6_xrent/assets, subindustry) + group_rank(ts_av_diff(cashflow_op/enterprise_value, 60), subindustry) + group_rank(-ts_delta(close, 2), subindustry) + rank(volume/ts_mean(volume, 60))"
w85_f,1Yx2pLpK,2.27,1.8,4.07,0.161,0.1016,0.0403,1.85,C,,GOOD,TOP3000,SUBINDUSTRY,4,0.08,1,N,"trade_when(ts_rank(volume, 5) > 0.5, group_rank(authorized_stock_buyback_amount/assets, subindustry) + group_rank(-annual_intangible_assets_net_carrying_value/assets, subindustry) + group_rank(-ts_delta(close, 10), subindustry) + rank(volume/ts_mean(volume, 120)), -1)"
h04_opex_cash,9qVrJkYe,2.29,1.77,4.06,0.1555,0.0927,0.0324,2.1,C,,GOOD,TOP3000,SUBINDUSTRY,8,0.08,1,Y,"group_rank(operating_expense/assets, subindustry) + group_rank(ts_av_diff(cash/assets, 30), subindustry) + rank(-ts_delta(close, 2))"
i01_amb_d12,zqYmRz0E,2.16,1.9,4.06,0.1394,0.1077,0.0443,1.59,C,,GOOD,TOP3000,SUBINDUSTRY,12,0.08,1,Y,"group_rank(-ts_mean(abs(returns)/volume, 20), subindustry) + rank(-ts_delta(close, 2)) + rank(volume/ts_mean(volume, 60))"
k04_revt_amb,YP57jVzo,2.14,1.91,4.05,0.1363,0.109,0.0645,2.1,C,,GOOD,TOP3000,SUBINDUSTRY,8,0.08,1,Y,"group_rank(fnd6_mfma2_revt/assets, subindustry) + group_rank(-ts_mean(abs(returns)/volume, 20), subindustry) + rank(-ts_delta(close, 2))"
l10_int_rev5_xrent,qMWj93JV,2.16,1.89,4.05,0.1208,0.0955,0.0413,0.79,C,,GOOD,TOP3000,SUBINDUSTRY,8,0.08,1,N,"rank(-ts_mean(returns, 5)) * rank(volume/ts_mean(volume, 60)) + group_rank(fnd6_xrent/assets, subindustry)"
w121_e,883wm6LV,2.53,1.52,4.05,0.2736,0.0988,0.0302,2.83,C,,GOOD,TOP3000,SUBINDUSTRY,4,0.08,1,N,"group_rank(fnd6_newqv1300_glcea12/assets, bucket(rank(cashflow_op/assets), range=""0.1, 1, 0.1"")) + group_rank(fnd6_newqv1300_xoptq/assets, bucket(rank(cashflow_op/assets), range=""0.1, 1, 0.1"")) + group_rank(fnd6_tstkc/assets, bucket(rank(cashflow_op/assets), range=""0.1, 1, 0.1"")) + group_rank(ts_av_diff(cash/assets, 45), bucket(rank(cashflow_op/assets), range=""0.1, 1, 0.1"")) + group_rank(ts_av_diff(cashflow_op/enterprise_value, 45), bucket(rank(cashflow_op/assets), range=""0.1, 1, 0.1"")) + group_rank(-ts_delta(close, 2), bucket(rank(cashflow_op/assets), range=""0.1, 1, 0.1"")) + group_rank(if_else(rank(ts_regression(rank(returns), rank(vec_avg(anl4_basicdetailrec_ratingvalue)), 120, lag=0, rettype=2))>0.6, -ts_av_diff(vec_avg(anl4_basicdetailrec_ratingvalue), 120), 0), bucket(rank(cashflow_op/assets), range=""0.1, 1, 0.1""))"
w35_e,rK5dLZxj,2.21,1.84,4.05,0.1319,0.0917,0.0402,-0.48,C,,GOOD,TOP1000,SUBINDUSTRY,20,0.08,1,N,"group_rank(fnd6_xrent/assets, subindustry) + group_rank(ts_av_diff(cash/assets, 30), subindustry) + group_rank(-ts_delta(close, 2), subindustry) + rank(volume/ts_mean(volume, 60))"
w76_a,xAY519xl,2.28,1.77,4.05,0.2091,0.1256,0.044,0.99,C,,GOOD,TOP3000,INDUSTRY,4,0.08,1,N,"group_rank(anl4_fs_detail_estimate_1qf_v4_nd_sga_median/assets, industry) + group_rank(ts_av_diff(cash/assets, 45), industry) + group_rank(ts_av_diff(cashflow_op/enterprise_value, 45), industry) + group_rank(-ts_delta(close, 10), industry) + rank(volume/ts_mean(volume, 120))"
w85_e,om6kN2Ym,2.23,1.82,4.05,0.1652,0.1098,0.0488,1.55,C,,GOOD,TOP3000,SUBINDUSTRY,4,0.08,1,N,"group_rank(authorized_stock_buyback_amount/assets, subindustry) + 0.4*group_rank(ts_av_diff(cashflow_op/enterprise_value, 45), subindustry) + 0.4*group_rank(-ts_delta(close, 10), subindustry) + 0.4*rank(volume/ts_mean(volume, 120))"
p3_pw_sec,npK701Q8,2.12,1.92,4.04,0.1189,0.102,0.0477,2.51,C,,GOOD,TOP3000,SECTOR,12,0.08,1,N,"group_rank(-ts_mean(abs(returns)/volume, 20), subindustry) + group_rank(operating_expense/assets, subindustry) + rank(-ts_delta(close, 2))"
s1_np06,XgW7aK6m,2.24,1.8,4.04,0.1178,0.0806,0.0349,1.94,C,,GOOD,TOP3000,INDUSTRY,6,0.08,1,N,"0.6 * rank(-ts_delta(close, 2)) * rank(volume/ts_mean(volume, 60)) + group_rank(operating_expense/assets, subindustry) + group_rank(ts_av_diff(cash/assets, 30), subindustry)"
w116_j,d5OJJb2g,2.36,1.68,4.04,0.1964,0.0995,0.0363,1.69,C,,GOOD,TOP3000,SUBINDUSTRY,4,0.08,1,N,"group_rank(ts_corr(cap, ts_mean(volume, 20), 60), bucket(rank(ts_mean(volume*close, 20)), range=""0.1, 1, 0.1"")) + group_rank(fnd6_intc/assets, bucket(rank(ts_mean(volume*close, 20)), range=""0.1, 1, 0.1"")) + group_rank(fnd6_tstkc/assets, bucket(rank(ts_mean(volume*close, 20)), range=""0.1, 1, 0.1"")) + group_rank(ts_av_diff(cash/assets, 45), bucket(rank(ts_mean(volume*close, 20)), range=""0.1, 1, 0.1"")) + group_rank(ts_av_diff(cashflow_op/enterprise_value, 45), bucket(rank(ts_mean(volume*close, 20)), range=""0.1, 1, 0.1"")) + group_rank(-ts_delta(close, 2), bucket(rank(ts_mean(volume*close, 20)), range=""0.1, 1, 0.1""))"
w119_a,RRVOj2G1,2.41,1.63,4.04,0.2167,0.0995,0.0431,1.93,C,,GOOD,TOP3000,SUBINDUSTRY,4,0.08,1,N,"group_rank(fnd6_tstkc/assets, bucket(rank(capex/assets), range=""0.1, 1, 0.1"")) + group_rank(fnd6_lifr/assets, bucket(rank(capex/assets), range=""0.1, 1, 0.1"")) + group_rank(fnd6_intc/assets, bucket(rank(capex/assets), range=""0.1, 1, 0.1"")) + group_rank(ts_av_diff(cash/assets, 45), bucket(rank(capex/assets), range=""0.1, 1, 0.1"")) + group_rank(ts_av_diff(cashflow_op/enterprise_value, 45), bucket(rank(capex/assets), range=""0.1, 1, 0.1"")) + group_rank(-ts_delta(close, 2), bucket(rank(capex/assets), range=""0.1, 1, 0.1""))"
l01_revt_amb60,Grdl1PeQ,2.13,1.9,4.03,0.1341,0.1066,0.0602,2.27,C,,GOOD,TOP3000,SUBINDUSTRY,8,0.08,1,N,"group_rank(fnd6_mfma2_revt/assets, subindustry) + group_rank(-ts_mean(abs(returns)/volume, 60), subindustry) + rank(-ts_delta(close, 2))"
y5_d0_d4,YP57z3wl,2.21,1.82,4.03,0.1329,0.0897,0.0294,2.21,C,,AVERAGE,TOP3000,SUBINDUSTRY,4,0.08,0,N,"group_rank(ts_av_diff(cashflow_op/enterprise_value,60),subindustry) + group_rank(ts_av_diff(cash/assets,30),subindustry)"
p10_tw02_xopr,LL97eZ6m,2.29,1.73,4.02,0.1631,0.0929,0.0419,2.29,C,,GOOD,TOP3000,SUBINDUSTRY,8,0.08,1,N,"trade_when(ts_rank(volume, 60) > 0.2, group_rank(fnd6_xopr/assets, subindustry) + rank(-ts_delta(close, 2)), -1)"
w120_b,O0rLlAb1,2.17,1.85,4.02,0.1297,0.0947,0.038,1.04,D,LOW_SUB_UNIVERSE_SHARPE,GOOD,TOP3000,SUBINDUSTRY,4,0.08,1,N,"group_rank(fnd6_tstkc/assets, bucket(rank(ts_rank(cap, 250)), range=""0.1, 1, 0.1"")) + group_rank(fnd6_cicurr/assets, bucket(rank(ts_rank(cap, 250)), range=""0.1, 1, 0.1"")) + group_rank(fnd6_intc/assets, bucket(rank(ts_rank(cap, 250)), range=""0.1, 1, 0.1"")) + group_rank(ts_av_diff(cash/assets, 45), bucket(rank(ts_rank(cap, 250)), range=""0.1, 1, 0.1"")) + group_rank(ts_av_diff(cashflow_op/enterprise_value, 45), bucket(rank(ts_rank(cap, 250)), range=""0.1, 1, 0.1"")) + group_rank(-ts_av_diff(vec_avg(anl4_fs_detail_rec_v4_nd_estimate), 120), bucket(rank(ts_rank(cap, 250)), range=""0.1, 1, 0.1""))"
w77_j,78ZlYlxO,2.32,1.7,4.02,0.2114,0.1131,0.0439,1.29,C,,GOOD,TOP3000,SUBINDUSTRY,4,0.08,1,N,"group_rank(anl4_fs_actuals_basic_qf_nd_div_value/assets, subindustry) + group_rank(ts_av_diff(cash/assets, 75), subindustry) + group_rank(ts_av_diff(cashflow_op/enterprise_value, 45), subindustry) + group_rank(-ts_delta(close, 10), subindustry) + rank(volume/ts_mean(volume, 120))"
w31_cimiiq,YP5xPLNv,2.35,1.66,4.01,0.2467,0.1227,0.0586,3.08,C,,GOOD,TOP3000,SUBINDUSTRY,8,0.08,1,N,"group_rank(fnd6_newqv1300_cimiiq/assets, subindustry) + group_rank(ts_av_diff(cashflow_op/enterprise_value, 60), subindustry) + group_rank(-ts_delta(close, 2), subindustry) + rank(volume/ts_mean(volume, 60))"
w69_a,rK5NGW0d,2.38,1.63,4.01,0.3246,0.1516,0.0584,2.1,C,,GOOD,TOP3000,INDUSTRY,3,0.08,1,N,"group_rank(-anl4_fs_detail_estimate_1qf_v4_nd_sga_median/assets, industry) + group_rank(ts_av_diff(cashflow_op/enterprise_value, 45), industry) + group_rank(-ts_delta(close, 5), industry) + rank(volume/ts_mean(volume, 90))"
w80_b,kqVYEqKg,2.33,1.68,4.01,0.2205,0.1145,0.0425,1.26,C,,GOOD,TOP3000,SUBINDUSTRY,4,0.08,1,N,"group_rank((anl4_fs_detail_estimate_1qf_v4_nd_sga_high - anl4_fs_detail_estimate_1qf_v4_nd_sga_low) / abs(anl4_fs_detail_estimate_1qf_v4_nd_sga_mean), subindustry) + group_rank(anl4_fs_detail_estimate_1qf_v4_nd_totgw_median/assets, subindustry) + group_rank(ts_av_diff(cashflow_op/enterprise_value, 60), subindustry) + group_rank(-ts_delta(close, 8), subindustry) + rank(volume/ts_mean(volume, 150))"
w114_g,mLgnlgo9,2.52,1.48,4.0,0.3235,0.1123,0.0481,2.78,C,,AVERAGE,TOP3000,SUBINDUSTRY,4,0.08,1,N,"group_rank(fnd6_newqv1300_xoptq/assets, bucket(rank(sales/assets), range=""0.1, 1, 0.1"")) + group_rank(fnd6_newqv1300_glcea12/assets, bucket(rank(sales/assets), range=""0.1, 1, 0.1"")) + group_rank(ts_av_diff(cash/assets, 45), bucket(rank(sales/assets), range=""0.1, 1, 0.1"")) + group_rank(ts_av_diff(cashflow_op/enterprise_value, 45), bucket(rank(sales/assets), range=""0.1, 1, 0.1"")) + group_rank(-ts_delta(close, 2), bucket(rank(sales/assets), range=""0.1, 1, 0.1"")) + group_rank(volume/ts_mean(volume, 60), bucket(rank(sales/assets), range=""0.1, 1, 0.1""))"
e6_volpow,pwPjeEEq,2.19,1.8,3.99,0.0715,0.0849,0.0446,2.2,D,,GOOD,TOP3000,SUBINDUSTRY,40,0.08,1,N,"group_rank(-ts_delta(close, 2), subindustry) + group_rank(fnd6_xopr/assets, subindustry) + signed_power(rank(volume/ts_mean(volume, 60)), 2)"
w120_h,9qVeNOXd,2.14,1.85,3.99,0.1075,0.0931,0.0363,0.87,D,LOW_SUB_UNIVERSE_SHARPE,GOOD,TOP3000,SUBINDUSTRY,4,0.08,1,N,"group_rank(fnd6_tstkc/assets, bucket(rank(ts_rank(cap, 250)), range=""0.1, 1, 0.1"")) + group_rank(fnd6_cicurr/assets, bucket(rank(ts_rank(cap, 250)), range=""0.1, 1, 0.1"")) + group_rank(fnd6_intc/assets, bucket(rank(ts_rank(cap, 250)), range=""0.1, 1, 0.1"")) + group_rank(ts_av_diff(cash/assets, 45), bucket(rank(ts_rank(cap, 250)), range=""0.1, 1, 0.1"")) + group_rank(ts_av_diff(cashflow_op/enterprise_value, 45), bucket(rank(ts_rank(cap, 250)), range=""0.1, 1, 0.1"")) + group_rank(-ts_av_diff(ts_mean(vec_avg(anl4_basicdetailrec_ratingvalue), 20), 120), bucket(rank(ts_rank(cap, 250)), range=""0.1, 1, 0.1""))"
w66_h,MP1epox8,2.55,1.44,3.99,0.3109,0.0988,0.0349,2.61,D,,AVERAGE,TOP3000,SUBINDUSTRY,3,0.08,1,N,"group_rank(anl4_fs_detail_estimate_1qf_v4_nd_sh_equity_median/assets, subindustry) + group_rank(fnd6_txtubxintis/assets, subindustry) + group_rank(ts_av_diff(cash/assets, 45), subindustry) + group_rank(ts_av_diff(cashflow_op/enterprise_value, 60), subindustry) + group_rank(-ts_delta(close, 2), subindustry) + rank(volume/ts_mean(volume, 60))"
w87_f,Grd7d6k0,2.26,1.73,3.99,0.1721,0.1009,0.0391,1.95,D,,GOOD,TOP3000,SUBINDUSTRY,4,0.08,1,N,"group_rank(authorized_stock_buyback_amount/assets, subindustry) + group_rank(accumulated_oci_net_of_tax_value/assets, subindustry) + 0.7*group_rank(-ts_delta(close, 10), subindustry) + 0.7*rank(volume/ts_mean(volume, 120))"
w100_d,ZY0vkmbn,2.34,1.64,3.98,0.1722,0.0845,0.0308,2.56,D,,AVERAGE,TOP3000,SUBINDUSTRY,1,0.08,0,N,"trade_when(days_from_last_change(eps) < 20, group_rank(authorized_stock_buyback_amount/assets, subindustry) + group_rank(-annual_intangible_assets_net_carrying_value/assets, subindustry) + group_rank(ts_av_diff(cash/assets, 45), subindustry) + group_rank(ts_av_diff(cashflow_op/enterprise_value, 45), subindustry) + group_rank(-ts_delta(close, 10), subindustry) + rank(volume/ts_mean(volume, 120)), -1)"
w59_f,E5vN6Kv9,2.41,1.57,3.98,0.369,0.157,0.0511,2.87,D,,AVERAGE,TOP3000,SUBINDUSTRY,3,0.08,0,N,"group_rank(fnd6_txtubxintis/assets, subindustry) + group_rank(ts_av_diff(cash/assets, 45), subindustry) + group_rank(ts_av_diff(cashflow_op/enterprise_value, 45), subindustry) + group_rank(-ts_delta(close, 2), subindustry) + rank(volume/ts_mean(volume, 60))"
w119_e,1Yx8kOZ6,2.36,1.61,3.97,0.2055,0.0957,0.0305,2.21,D,,GOOD,TOP3000,SUBINDUSTRY,4,0.08,1,N,"group_rank(fnd6_tstkc/assets, bucket(rank(debt_lt/assets), range=""0.1, 1, 0.1"")) + group_rank(fnd6_cicurr/assets, bucket(rank(debt_lt/assets), range=""0.1, 1, 0.1"")) + group_rank(fnd6_newqv1300_lnoq/assets, bucket(rank(debt_lt/assets), range=""0.1, 1, 0.1"")) + group_rank(ts_av_diff(cash/assets, 45), bucket(rank(debt_lt/assets), range=""0.1, 1, 0.1"")) + group_rank(ts_av_diff(cashflow_op/enterprise_value, 45), bucket(rank(debt_lt/assets), range=""0.1, 1, 0.1"")) + group_rank(-ts_delta(close, 2), bucket(rank(debt_lt/assets), range=""0.1, 1, 0.1""))"
w87_c,RRVv7GVz,2.21,1.76,3.97,0.088,0.0789,0.028,1.35,D,,GOOD,TOP3000,SUBINDUSTRY,4,0.08,1,N,"group_rank(authorized_stock_buyback_amount/assets, subindustry) + group_rank(anl4_fs_detail_estimate_1qf_v4_nd_sga_median/assets, subindustry) + 0.25*group_rank(ts_av_diff(cash/assets, 45), subindustry) + 0.25*group_rank(ts_av_diff(cashflow_op/enterprise_value, 45), subindustry) + 0.25*group_rank(-ts_delta(close, 10), subindustry) + 0.25*rank(volume/ts_mean(volume, 120))"
w63_a,1YxlE55k,2.37,1.59,3.96,0.3248,0.1463,0.043,1.83,D,,GOOD,TOP3000,SUBINDUSTRY,2,0.08,1,N,"group_rank(fnd6_txtubxintis/assets, subindustry) + group_rank(ts_av_diff(cash/assets, 45), subindustry) + group_rank(ts_av_diff(cashflow_op/enterprise_value, 45), subindustry) + group_rank(-ts_rank(close, 10), subindustry)"
w68_e,A10rL02e,2.44,1.52,3.96,0.3871,0.151,0.0589,1.62,D,,GOOD,TOP3000,INDUSTRY,2,0.08,1,N,"group_rank(liabilities_curr/assets, industry) + group_rank(anl4_fs_detail_estimate_1qf_v4_nd_ptpr_mean/assets, industry) + group_rank(-ts_delta(close, 5), industry) + rank(volume/ts_mean(volume, 90))"
s3_pw06,3q9l0lM6,2.15,1.8,3.95,0.0758,0.0874,0.0347,2.4,D,,GOOD,TOP3000,INDUSTRY,12,0.08,1,N,"0.6 * rank(-ts_delta(close, 2)) + group_rank(-ts_mean(abs(returns)/volume, 20), subindustry) + group_rank(operating_expense/assets, subindustry)"
w116_a,j23kKP5Z,2.28,1.67,3.95,0.1982,0.1057,0.0409,2.09,D,,GOOD,TOP3000,SUBINDUSTRY,4,0.08,1,N,"group_rank(fnd6_newqv1300_txdbq/assets, bucket(rank(ts_mean(volume*close, 20)), range=""0.1, 1, 0.1"")) + group_rank(fnd6_newqv1300_lnoq/assets, bucket(rank(ts_mean(volume*close, 20)), range=""0.1, 1, 0.1"")) + group_rank(fnd6_cicurr/assets, bucket(rank(ts_mean(volume*close, 20)), range=""0.1, 1, 0.1"")) + group_rank(ts_av_diff(cash/assets, 45), bucket(rank(ts_mean(volume*close, 20)), range=""0.1, 1, 0.1"")) + group_rank(ts_av_diff(cashflow_op/enterprise_value, 45), bucket(rank(ts_mean(volume*close, 20)), range=""0.1, 1, 0.1"")) + group_rank(-ts_delta(close, 2), bucket(rank(ts_mean(volume*close, 20)), range=""0.1, 1, 0.1""))"
w26_lnoq,d5O1vvaE,2.3,1.65,3.95,0.2576,0.1332,0.0493,3.23,D,,GOOD,TOP3000,SUBINDUSTRY,8,0.08,1,N,"group_rank(fnd6_newqv1300_lnoq/assets, subindustry) + group_rank(ts_av_diff(cashflow_op/enterprise_value, 60), subindustry) + rank(-ts_delta(close, 2)) + rank(volume/ts_mean(volume, 60))"
w79_e,XgWMA3El,2.31,1.64,3.95,0.2053,0.104,0.0503,1.41,D,,GOOD,TOP3000,SUBINDUSTRY,4,0.08,1,N,"group_rank(anl4_fs_detail_estimate_1qf_v4_nd_totgw_median/assets, subindustry) + group_rank(anl4_fs_detail_estimate_1qf_v4_nd_rd_exp_high/assets, subindustry) + group_rank(ts_av_diff(cash/assets, 75), subindustry) + group_rank(ts_av_diff(cashflow_op/enterprise_value, 60), subindustry) + group_rank(-ts_delta(close, 8), subindustry) + rank(volume/ts_mean(volume, 150))"
w83_c,1Yx2dvkX,2.35,1.6,3.95,0.2383,0.111,0.0655,1.5,D,,GOOD,TOP3000,SUBINDUSTRY,4,0.08,1,N,"group_rank(authorized_stock_buyback_amount/assets, subindustry) + group_rank(ts_av_diff(cash/assets, 45), subindustry) + group_rank(-ts_delta(close, 10), subindustry) + rank(volume/ts_mean(volume, 120))"
x5_d0_cfevcash,Jjx7zR3e,2.15,1.8,3.95,0.1174,0.0872,0.028,2.03,D,,AVERAGE,TOP3000,SUBINDUSTRY,6,0.08,0,N,"group_rank(ts_av_diff(cashflow_op/enterprise_value,60),subindustry) + group_rank(ts_av_diff(cash/assets,30),subindustry)"
y6_d0_t010,LL97zo61,2.15,1.8,3.95,0.1174,0.0872,0.028,2.03,D,,AVERAGE,TOP3000,SUBINDUSTRY,6,0.1,0,N,"group_rank(ts_av_diff(cashflow_op/enterprise_value,60),subindustry) + group_rank(ts_av_diff(cash/assets,30),subindustry)"
h08_xc_sec,om6lYQwJ,2.24,1.7,3.94,0.1897,0.1087,0.0371,1.13,D,,GOOD,TOP3000,SUBINDUSTRY,8,0.08,1,N,"group_rank(fnd6_xrent/assets, sector) + group_rank(ts_av_diff(cash/assets, 30), sector) + rank(-ts_delta(close, 2))"
s6_xo04,P0Z75POJ,2.21,1.73,3.94,0.1175,0.0768,0.0476,2.1,D,,GOOD,TOP3000,SUBINDUSTRY,6,0.08,1,N,"group_rank(fnd6_xopr/assets, subindustry) + 0.4 * rank(-ts_delta(vwap, 2)) + 0.4 * rank(volume/ts_mean(volume, 60))"
w119_m,Vk6rV8pJ,2.36,1.58,3.94,0.2147,0.096,0.0395,1.93,D,,GOOD,TOP3000,SUBINDUSTRY,4,0.08,1,N,"group_rank(fnd6_newqv1300_tfvceq/assets, bucket(rank(capex/assets), range=""0.1, 1, 0.1"")) + group_rank(fnd6_newqv1300_glcea12/assets, bucket(rank(capex/assets), range=""0.1, 1, 0.1"")) + group_rank(fnd6_tfvce/assets, bucket(rank(capex/assets), range=""0.1, 1, 0.1"")) + group_rank(ts_av_diff(cash/assets, 45), bucket(rank(capex/assets), range=""0.1, 1, 0.1"")) + group_rank(ts_av_diff(cashflow_op/enterprise_value, 45), bucket(rank(capex/assets), range=""0.1, 1, 0.1"")) + group_rank(-ts_delta(close, 2), bucket(rank(capex/assets), range=""0.1, 1, 0.1""))"
w119_n,8830beVa,2.45,1.49,3.94,0.2675,0.0988,0.0392,2.71,D,,AVERAGE,TOP3000,SUBINDUSTRY,4,0.08,1,N,"group_rank(fnd6_newqv1300_lnoq/assets, bucket(rank(ebitda/enterprise_value), range=""0.1, 1, 0.1"")) + group_rank(fnd6_newqv1300_xoptq/assets, bucket(rank(ebitda/enterprise_value), range=""0.1, 1, 0.1"")) + group_rank(fnd6_lifr/assets, bucket(rank(ebitda/enterprise_value), range=""0.1, 1, 0.1"")) + group_rank(ts_av_diff(cash/assets, 45), bucket(rank(ebitda/enterprise_value), range=""0.1, 1, 0.1"")) + group_rank(ts_av_diff(cashflow_op/enterprise_value, 45), bucket(rank(ebitda/enterprise_value), range=""0.1, 1, 0.1"")) + group_rank(-ts_delta(close, 2), bucket(rank(ebitda/enterprise_value), range=""0.1, 1, 0.1""))"
w38_f,Jjx3WMqn,2.06,1.88,3.94,0.1134,0.1043,0.0464,1.47,D,,GOOD,TOP3000,SUBINDUSTRY,60,0.08,1,N,"group_rank(fnd6_newqv1300_lol2q/assets, subindustry) + group_rank(fnd6_xrent/assets, subindustry) + group_rank(ts_av_diff(cash/assets, 30), subindustry) + group_rank(-ts_delta(close, 2), subindustry) + rank(volume/ts_mean(volume, 60))"
w47_h,rK59lLnj,2.07,1.87,3.94,0.119,0.1021,0.0354,0.48,D,,GOOD,TOP1000,SUBINDUSTRY,25,0.08,1,N,"group_rank(fnd6_xrent/assets, subindustry) + group_rank(ts_av_diff(cash/assets, 30), subindustry) + group_rank(ts_av_diff(cashflow_op/enterprise_value, 60), subindustry) + group_rank(-ts_delta(close, 2), subindustry) + rank(volume/ts_mean(volume, 60))"
i08_amb_rev3,WjPGVVxP,2.21,1.72,3.93,0.1879,0.1133,0.0507,1.66,D,,GOOD,TOP3000,SUBINDUSTRY,8,0.08,1,N,"group_rank(-ts_mean(abs(returns)/volume, 20), subindustry) + rank(-ts_delta(close, 3)) + rank(volume/ts_mean(volume, 60))"
h01_amb_vol,78Z1J6q8,2.22,1.7,3.92,0.191,0.1125,0.0533,1.81,D,,GOOD,TOP3000,SUBINDUSTRY,8,0.08,1,N,"group_rank(-ts_mean(abs(returns)/volume, 20), subindustry) + rank(-ts_delta(close, 2)) + rank(volume/ts_mean(volume, 60))"
w111_c,xAY7jROq,2.4,1.52,3.92,0.2517,0.1009,0.0357,2.42,D,,GOOD,TOP3000,SUBINDUSTRY,4,0.08,1,N,"group_rank(anl4_fs_detail_estimate_1qf_v4_nd_ebitda_median/assets, bucket(rank(ts_std_dev(returns, 20)), range=""0.1, 1, 0.1"")) + group_rank(-anl4_fs_detail_estimate_1qf_v4_nd_fcf_low/assets, bucket(rank(ts_std_dev(returns, 20)), range=""0.1, 1, 0.1"")) + group_rank(ts_av_diff(cash/assets, 45), bucket(rank(ts_std_dev(returns, 20)), range=""0.1, 1, 0.1"")) + group_rank(ts_av_diff(cashflow_op/enterprise_value, 45), bucket(rank(ts_std_dev(returns, 20)), range=""0.1, 1, 0.1"")) + group_rank(-ts_delta(close, 2), bucket(rank(ts_std_dev(returns, 20)), range=""0.1, 1, 0.1"")) + group_rank(volume/ts_mean(volume, 60), bucket(rank(ts_std_dev(returns, 20)), range=""0.1, 1, 0.1""))"
w76_c,58QYj6d1,2.33,1.59,3.92,0.2743,0.1271,0.0452,1.66,D,,GOOD,TOP3000,INDUSTRY,3,0.08,1,N,"group_rank(anl4_fs_detail_estimate_1qf_v4_nd_totgw_median/assets, industry) + group_rank(ts_av_diff(cash/assets, 60), industry) + group_rank(ts_av_diff(cashflow_op/enterprise_value, 60), industry) + group_rank(-ts_delta(close, 5), industry) + rank(volume/ts_mean(volume, 90))"
w91_j,YP5OJqjl,2.18,1.74,3.92,0.1437,0.0911,0.0387,1.41,D,,GOOD,TOP3000,SUBINDUSTRY,4,0.08,1,N,"group_rank(anl4_fs_detail_estimate_1qf_v4_nd_ptpr_median/assets, subindustry) + group_rank(anl4_fs_detail_estimate_1qf_v4_nd_rd_exp_median/assets, subindustry) + 0.45*group_rank(ts_av_diff(cash/assets, 45), subindustry) + 0.45*group_rank(ts_av_diff(cashflow_op/enterprise_value, 45), subindustry) + 0.45*group_rank(-ts_delta(close, 10), subindustry) + 0.45*rank(volume/ts_mean(volume, 120))"
s7_grp_rev,akL7a8p5,2.35,1.56,3.91,0.231,0.1015,0.0346,2.33,D,,GOOD,TOP3000,INDUSTRY,6,0.08,1,N,"group_rank(-ts_delta(close, 2), subindustry) + group_rank(operating_expense/assets, subindustry) + group_rank(ts_av_diff(cash/assets, 30), subindustry)"
w114_l,78ZPrVWv,2.43,1.48,3.91,0.2669,0.0992,0.0497,1.97,D,,AVERAGE,TOP3000,SUBINDUSTRY,4,0.08,1,N,"group_rank(ts_corr(close, volume, 20), bucket(rank(cap), range=""0.1, 1, 0.1"")) + group_rank(fnd6_tstkc/assets, bucket(rank(cap), range=""0.1, 1, 0.1"")) + group_rank(ts_av_diff(cash/assets, 45), bucket(rank(cap), range=""0.1, 1, 0.1"")) + group_rank(ts_av_diff(cashflow_op/enterprise_value, 45), bucket(rank(cap), range=""0.1, 1, 0.1"")) + group_rank(-ts_delta(close, 2), bucket(rank(cap), range=""0.1, 1, 0.1"")) + group_rank(volume/ts_mean(volume, 60), bucket(rank(cap), range=""0.1, 1, 0.1""))"
w121_a,vRkQKgdz,2.28,1.63,3.91,0.2118,0.1079,0.0456,1.76,D,,GOOD,TOP3000,SUBINDUSTRY,4,0.08,1,N,"group_rank(fnd6_tstkc/assets, bucket(rank(ts_rank(cap, 250)), range=""0.1, 1, 0.1"")) + group_rank(fnd6_cicurr/assets, bucket(rank(ts_rank(cap, 250)), range=""0.1, 1, 0.1"")) + group_rank(fnd6_tfvce/assets, bucket(rank(ts_rank(cap, 250)), range=""0.1, 1, 0.1"")) + group_rank(ts_av_diff(cash/assets, 45), bucket(rank(ts_rank(cap, 250)), range=""0.1, 1, 0.1"")) + group_rank(ts_av_diff(cashflow_op/enterprise_value, 45), bucket(rank(ts_rank(cap, 250)), range=""0.1, 1, 0.1"")) + group_rank(-ts_delta(close, 2), bucket(rank(ts_rank(cap, 250)), range=""0.1, 1, 0.1"")) + group_rank(if_else(rank(ts_regression(rank(returns), rank(vec_avg(anl4_basicdetailrec_ratingvalue)), 120, lag=0, rettype=2))>0.6, -ts_av_diff(vec_avg(anl4_basicdetailrec_ratingvalue), 120), 0), bucket(rank(ts_rank(cap, 250)), range=""0.1, 1, 0.1""))"
w33_d,9qVE1bl2,2.07,1.84,3.91,0.1528,0.1203,0.0576,0.98,D,,GOOD,TOP3000,SUBINDUSTRY,12,0.08,1,N,"group_rank(fnd6_newqv1300_txdbq/assets, subindustry) + group_rank(fnd6_xrent/assets, subindustry) + group_rank(ts_av_diff(cash/assets, 30), subindustry) + group_rank(-ts_delta(close, 2), subindustry) + rank(volume/ts_mean(volume, 60))"
w78_a,QP36WV5G,2.25,1.66,3.91,0.1834,0.0993,0.0301,1.7,D,,GOOD,TOP3000,SUBINDUSTRY,4,0.08,1,N,"group_rank(anl4_fs_detail_estimate_1qf_v4_nd_totgw_median/assets, subindustry) + group_rank(anl4_fs_detail_estimate_1qf_v4_nd_cfi_low/assets, subindustry) + group_rank(ts_av_diff(cash/assets, 75), subindustry) + group_rank(ts_av_diff(cashflow_op/enterprise_value, 45), subindustry) + group_rank(-ts_delta(close, 10), subindustry) + rank(volume/ts_mean(volume, 120))"
w92_f,d5O6oNdw,2.13,1.78,3.91,0.0854,0.0873,0.0362,1.76,D,,AVERAGE,TOP3000,SUBINDUSTRY,4,0.08,0,N,"group_rank(authorized_stock_buyback_amount/assets, subindustry) + group_rank(-annual_intangible_assets_net_carrying_value/assets, subindustry) + 0.3*group_rank(-ts_delta(close, 10), subindustry) + 0.3*rank(volume/ts_mean(volume, 120))"
w111_e,WjPr7eAP,2.38,1.52,3.9,0.2451,0.0998,0.0303,2.3,D,,GOOD,TOP3000,SUBINDUSTRY,4,0.08,1,N,"group_rank(anl4_fs_detail_estimate_1qf_v4_nd_cfo_median/assets, bucket(rank(ts_std_dev(returns, 20)), range=""0.1, 1, 0.1"")) + group_rank(-anl4_fs_detail_estimate_1qf_v4_nd_fcf_low/assets, bucket(rank(ts_std_dev(returns, 20)), range=""0.1, 1, 0.1"")) + group_rank(ts_av_diff(cash/assets, 45), bucket(rank(ts_std_dev(returns, 20)), range=""0.1, 1, 0.1"")) + group_rank(ts_av_diff(cashflow_op/enterprise_value, 45), bucket(rank(ts_std_dev(returns, 20)), range=""0.1, 1, 0.1"")) + group_rank(-ts_delta(close, 2), bucket(rank(ts_std_dev(returns, 20)), range=""0.1, 1, 0.1"")) + group_rank(volume/ts_mean(volume, 60), bucket(rank(ts_std_dev(returns, 20)), range=""0.1, 1, 0.1""))"
w119_g,QP3xZA8G,2.32,1.58,3.9,0.1988,0.0925,0.0331,1.87,D,,GOOD,TOP3000,SUBINDUSTRY,4,0.08,1,N,"group_rank(fnd6_tfvce/assets, bucket(rank(sales_growth), range=""0.1, 1, 0.1"")) + group_rank(fnd6_tstkc/assets, bucket(rank(sales_growth), range=""0.1, 1, 0.1"")) + group_rank(fnd6_cicurr/assets, bucket(rank(sales_growth), range=""0.1, 1, 0.1"")) + group_rank(ts_av_diff(cash/assets, 45), bucket(rank(sales_growth), range=""0.1, 1, 0.1"")) + group_rank(ts_av_diff(cashflow_op/enterprise_value, 45), bucket(rank(sales_growth), range=""0.1, 1, 0.1"")) + group_rank(-ts_delta(close, 2), bucket(rank(sales_growth), range=""0.1, 1, 0.1""))"
w47_i,RRV98qze,2.06,1.84,3.9,0.1294,0.1037,0.0444,2.3,D,,GOOD,TOP3000,INDUSTRY,25,0.08,1,N,"group_rank(fnd6_newqv1300_cimiiq/assets, subindustry) + group_rank(ts_av_diff(cash/assets, 30), subindustry) + group_rank(ts_av_diff(cashflow_op/enterprise_value, 60), subindustry) + group_rank(-ts_delta(close, 2), subindustry) + rank(volume/ts_mean(volume, 60))"
w80_e,e79WkdOE,2.33,1.57,3.9,0.2505,0.1143,0.049,1.5,D,,GOOD,TOP3000,SUBINDUSTRY,4,0.08,1,N,"group_rank((anl4_fs_detail_estimate_1qf_v4_nd_ptpr_high - anl4_fs_detail_estimate_1qf_v4_nd_ptpr_low) / abs(anl4_fs_detail_estimate_1qf_v4_nd_ptpr_mean), subindustry) + group_rank((anl4_fs_detail_estimate_1qf_v4_nd_sga_high - anl4_fs_detail_estimate_1qf_v4_nd_sga_low) / abs(anl4_fs_detail_estimate_1qf_v4_nd_sga_mean), subindustry) + group_rank(-ts_delta(close, 8), subindustry) + rank(volume/ts_mean(volume, 150))"
n04_tw_xopr,E5vl7nG9,2.23,1.66,3.89,0.1611,0.0888,0.0419,2.02,D,,GOOD,TOP3000,SUBINDUSTRY,8,0.08,1,N,"trade_when(ts_rank(volume, 60) > 0.3, group_rank(fnd6_xopr/assets, subindustry) + rank(-ts_delta(close, 2)), -1)"
i02_amb_vwap,1YxdzQ56,2.2,1.68,3.88,0.1922,0.1117,0.0547,1.83,D,,GOOD,TOP3000,SUBINDUSTRY,8,0.08,1,N,"group_rank(-ts_mean(abs(returns)/volume, 20), subindustry) + rank(-ts_delta(vwap, 2)) + rank(volume/ts_mean(volume, 60))"
w62_a,om6J1Jjn,2.45,1.43,3.88,0.4676,0.159,0.0648,3.45,D,,AVERAGE,TOP3000,SUBINDUSTRY,2,0.08,1,N,"group_rank(fnd6_txtubxintis/assets, subindustry) + group_rank(ts_av_diff(cash/assets, 45), subindustry) + group_rank(ts_av_diff(cashflow_op/enterprise_value, 45), subindustry) + group_rank(-ts_delta(close, 2), subindustry) + rank(volume/ts_mean(volume, 60))"
w67_c,JjxWQgPx,2.3,1.58,3.88,0.3022,0.1418,0.0482,1.72,D,,GOOD,TOP3000,INDUSTRY,2,0.08,1,N,"group_rank(debt_st/assets, industry) + group_rank(anl4_fs_detail_estimate_1qf_v4_nd_ptpr_mean/assets, industry) + group_rank(-ts_rank(close, 10), industry)"
w86_c,kqVYj2ZP,2.12,1.76,3.88,0.1325,0.0911,0.0344,1.87,D,,GOOD,TOP3000,SUBINDUSTRY,4,0.08,1,N,"group_rank(authorized_stock_buyback_amount/assets, subindustry) + group_rank(accumulated_oci_net_of_tax_value/assets, subindustry) + 0.5*group_rank(-ts_delta(close, 10), subindustry) + 0.5*rank(volume/ts_mean(volume, 120))"
w58_c,blRJ8LlK,2.44,1.43,3.87,0.468,0.1598,0.0545,2.85,D,,AVERAGE,TOP3000,SUBINDUSTRY,2,0.08,0,N,"group_rank(fnd6_txtubxintis/assets, subindustry) + group_rank(ts_av_diff(cash/assets, 45), subindustry) + group_rank(ts_av_diff(cashflow_op/enterprise_value, 45), subindustry) + group_rank(-ts_delta(close, 2), subindustry) + rank(volume/ts_mean(volume, 60))"
g03_cash_vol,gJQMmKre,2.33,1.53,3.86,0.2237,0.0969,0.0382,2.97,D,,GOOD,TOP3000,SUBINDUSTRY,8,0.08,1,N,"group_rank(ts_av_diff(cash/assets, 30), subindustry) + rank(-ts_delta(close, 2)) + rank(volume/ts_mean(volume, 60))"
w27_lnoq_ind,rK5ewQej,2.24,1.62,3.86,0.2615,0.1375,0.0579,3.07,D,,GOOD,TOP3000,INDUSTRY,8,0.08,1,N,"group_rank(fnd6_newqv1300_lnoq/assets, subindustry) + group_rank(ts_av_diff(cashflow_op/enterprise_value, 60), subindustry) + rank(-ts_delta(close, 2)) + rank(volume/ts_mean(volume, 60))"
w32_g,58QjnkY5,2.15,1.71,3.86,0.1942,0.123,0.0618,1.19,D,,GOOD,TOP3000,SUBINDUSTRY,8,0.08,1,N,"group_rank(fnd6_xrent/assets, subindustry) + group_rank(ts_av_diff(cash/assets, 30), subindustry) + group_rank(fnd6_newqv1300_txdbq/assets, subindustry) + group_rank(-ts_delta(close, 2), subindustry) + rank(volume/ts_mean(volume, 60))"
i04_amb60_vol,883Qermv,2.18,1.67,3.85,0.1911,0.1115,0.0498,1.94,D,,GOOD,TOP3000,SUBINDUSTRY,8,0.08,1,N,"group_rank(-ts_mean(abs(returns)/volume, 60), subindustry) + rank(-ts_delta(close, 2)) + rank(volume/ts_mean(volume, 60))"
i06_amb_cash,pwPlK8w6,2.17,1.68,3.85,0.157,0.0938,0.0323,1.77,D,,GOOD,TOP3000,SUBINDUSTRY,8,0.08,1,N,"group_rank(-ts_mean(abs(returns)/volume, 20), subindustry) + group_rank(ts_av_diff(cash/assets, 30), subindustry) + rank(-ts_delta(close, 2))"
w76_d,P0ZKMpRx,2.26,1.59,3.85,0.2105,0.1041,0.0451,1.89,D,,GOOD,TOP3000,SUBINDUSTRY,4,0.08,1,N,"group_rank(anl4_fs_detail_estimates_advanced_af_nd_capex_std/assets, subindustry) + group_rank(ts_av_diff(cash/assets, 75), subindustry) + group_rank(ts_av_diff(cashflow_op/enterprise_value, 90), subindustry) + group_rank(-ts_delta(close, 10), subindustry) + rank(volume/ts_mean(volume, 120))"
z5_ind,A10lmQ7Y,2.11,1.74,3.85,0.1162,0.0851,0.0281,1.88,D,,AVERAGE,TOP3000,INDUSTRY,6,0.08,0,N,"group_rank(ts_av_diff(cashflow_op/enterprise_value,60),subindustry) + group_rank(ts_av_diff(cash/assets,30),subindustry)"
w91_c,WjPRzReQ,1.97,1.87,3.84,0.1197,0.1127,0.0435,0.89,D,,GOOD,TOP3000,MARKET,4,0.08,1,N,"group_rank(authorized_stock_buyback_amount/assets, subindustry) + group_rank(anl4_fs_detail_estimate_1qf_v4_nd_sga_median/assets, subindustry) + 0.45*group_rank(ts_av_diff(cash/assets, 45), subindustry) + 0.45*group_rank(ts_av_diff(cashflow_op/enterprise_value, 45), subindustry) + 0.5*group_rank(-ts_delta(close, 10), subindustry) + 0.5*rank(volume/ts_mean(volume, 120))"
z7_sector,gJQjd0Jl,2.1,1.73,3.83,0.1151,0.0847,0.0283,1.89,D,,AVERAGE,TOP3000,SECTOR,6,0.08,0,N,"group_rank(ts_av_diff(cashflow_op/enterprise_value,60),subindustry) + group_rank(ts_av_diff(cash/assets,30),subindustry)"
b6_d0_ebitda_xrent,P0Z7Ar3x,1.99,1.83,3.82,0.0961,0.1057,0.0448,0.4,D,LOW_SHARPE,AVERAGE,TOP3000,SUBINDUSTRY,6,0.08,0,N,"group_rank(ts_av_diff(ebitda/enterprise_value,60),subindustry) + group_rank(fnd6_xrent/assets,subindustry)"
p1_pw_mkt,qMWjZ3VZ,1.98,1.84,3.82,0.1238,0.1078,0.0617,2.36,D,,GOOD,TOP3000,MARKET,12,0.08,1,N,"group_rank(-ts_mean(abs(returns)/volume, 20), subindustry) + group_rank(operating_expense/assets, subindustry) + rank(-ts_delta(close, 2))"
w63_h,1Yxl5VRK,2.3,1.52,3.82,0.3006,0.1319,0.0385,2.65,D,,GOOD,TOP3000,SUBINDUSTRY,3,0.08,1,N,"group_rank(fnd6_txdbcl/assets, subindustry) + group_rank(ts_av_diff(cash/assets, 45), subindustry) + group_rank(ts_av_diff(cashflow_op/enterprise_value, 45), subindustry) + group_rank(-ts_rank(close, 10), subindustry)"
w74_a,blRAj1vM,2.5,1.32,3.82,0.4741,0.1318,0.0438,2.84,D,,AVERAGE,TOP3000,SUBINDUSTRY,2,0.08,1,N,"group_rank(anl4_fs_detail_estimate_1qf_v4_nd_rd_exp_high/assets, subindustry) + group_rank(ts_av_diff(cash/assets, 45), subindustry) + group_rank(ts_av_diff(cashflow_op/enterprise_value, 45), subindustry) + group_rank(-ts_delta(close, 2), subindustry) + rank(volume/ts_mean(volume, 60))"
w77_g,Jjxr8naO,2.24,1.58,3.82,0.1755,0.0871,0.0271,2.28,D,,GOOD,TOP3000,SUBINDUSTRY,4,0.08,1,N,"trade_when(ts_rank(ts_std_dev(returns, 20), 120) < 0.7, group_rank(anl4_fs_detail_estimate_1qf_v4_nd_cfi_low/assets, subindustry) + group_rank(ts_av_diff(cash/assets, 45), subindustry) + group_rank(ts_av_diff(cashflow_op/enterprise_value, 45), subindustry) + group_rank(-ts_delta(close, 10), subindustry) + rank(volume/ts_mean(volume, 120)), -1)"
a4_d0_xre_xo_eb,kqVj91Mz,1.98,1.83,3.81,0.0972,0.1065,0.0473,0.68,D,LOW_SHARPE,AVERAGE,TOP3000,SUBINDUSTRY,6,0.08,0,N,"group_rank(fnd6_xrent/assets,subindustry) + group_rank(fnd6_xopr/assets,subindustry) + group_rank(ts_av_diff(ebit/enterprise_value,30),subindustry)"
s9_np05,mLgjKw3K,2.14,1.67,3.81,0.1079,0.0762,0.0349,1.81,D,,GOOD,TOP3000,INDUSTRY,6,0.08,1,N,"0.5 * rank(-ts_delta(close, 2)) * rank(volume/ts_mean(volume, 60)) + group_rank(operating_expense/assets, subindustry) + group_rank(ts_av_diff(cash/assets, 30), subindustry)"
w110_g,d5OJZjLX,2.3,1.51,3.81,0.2386,0.1026,0.0337,2.28,D,,GOOD,TOP3000,SUBINDUSTRY,4,0.08,1,N,"group_rank(anl4_fs_detail_estimate_1qf_v4_nd_cff_high/assets, bucket(rank(ts_mean(volume*close, 20)), range=""0.1, 1, 0.1"")) + group_rank(anl4_fs_detail_estimate_1qf_v4_nd_totgw_mean/assets, bucket(rank(ts_mean(volume*close, 20)), range=""0.1, 1, 0.1"")) + group_rank(ts_av_diff(cash/assets, 45), bucket(rank(ts_mean(volume*close, 20)), range=""0.1, 1, 0.1"")) + group_rank(ts_av_diff(cashflow_op/enterprise_value, 45), bucket(rank(ts_mean(volume*close, 20)), range=""0.1, 1, 0.1"")) + group_rank(-ts_delta(close, 2), bucket(rank(ts_mean(volume*close, 20)), range=""0.1, 1, 0.1"")) + group_rank(volume/ts_mean(volume, 60), bucket(rank(ts_mean(volume*close, 20)), range=""0.1, 1, 0.1""))"
w74_f,RRVPV70z,2.25,1.56,3.81,0.2809,0.1344,0.0445,1.78,D,,GOOD,TOP3000,INDUSTRY,3,0.08,1,N,"group_rank(anl4_fs_detail_estimate_1qf_v4_nd_cff_high/assets, industry) + group_rank(ts_av_diff(cash/assets, 45), industry) + group_rank(ts_av_diff(cashflow_op/enterprise_value, 45), industry) + group_rank(-ts_delta(close, 5), industry) + rank(volume/ts_mean(volume, 90))"
w48_g,rK59PYKd,1.99,1.81,3.8,0.1256,0.1044,0.0469,2.37,D,,GOOD,TOP3000,SECTOR,25,0.08,1,N,"group_rank(fnd6_newqv1300_cimiiq/assets, subindustry) + group_rank(ts_av_diff(cash/assets, 30), subindustry) + group_rank(ts_av_diff(cashflow_op/enterprise_value, 60), subindustry) + group_rank(-ts_delta(close, 2), subindustry) + rank(volume/ts_mean(volume, 60))"
w63_b,E5v8J07K,2.25,1.55,3.8,0.3073,0.1466,0.0809,2.05,D,,GOOD,TOP3000,SUBINDUSTRY,3,0.08,1,N,"group_rank(fnd6_txtubxintis/assets, subindustry) + group_rank(ts_av_diff(cash/assets, 45), subindustry) + group_rank(ts_av_diff(cashflow_op/enterprise_value, 45), subindustry) + group_rank(-ts_delta(close, 5), subindustry) + rank(volume/ts_mean(volume, 120))"
w70_b,A10rEp9e,2.36,1.44,3.8,0.3261,0.1222,0.0401,2.59,D,,AVERAGE,TOP3000,INDUSTRY,3,0.08,1,N,"group_rank(-anl4_fs_detail_estimate_1qf_v4_nd_netdebt_mean/assets, industry) + group_rank(ts_av_diff(cash/assets, 60), industry) + group_rank(-ts_delta(close, 5), industry) + rank(volume/ts_mean(volume, 90))"
w80_a,E5v25jYJ,2.24,1.56,3.8,0.2041,0.0987,0.0366,1.99,D,,GOOD,TOP3000,SUBINDUSTRY,4,0.08,1,N,"group_rank((anl4_fs_detail_estimate_1qf_v4_nd_ptpr_high - anl4_fs_detail_estimate_1qf_v4_nd_ptpr_low) / abs(anl4_fs_detail_estimate_1qf_v4_nd_ptpr_mean), subindustry) + group_rank(anl4_fs_detail_estimate_1qf_v4_nd_cfi_low/assets, subindustry) + group_rank(ts_av_diff(cash/assets, 75), subindustry) + group_rank(-ts_delta(close, 10), subindustry) + rank(volume/ts_mean(volume, 120))"
w115_j,A10X8gPQ,2.58,1.21,3.79,0.5538,0.1219,0.0413,3.09,D,,AVERAGE,TOP3000,SUBINDUSTRY,1,0.08,1,N,"group_rank(fnd6_newqv1300_txdbq/assets, bucket(rank(ts_mean(volume*close, 20)), range=""0.1, 1, 0.1"")) + group_rank(fnd6_newqv1300_lnoq/assets, bucket(rank(ts_mean(volume*close, 20)), range=""0.1, 1, 0.1"")) + group_rank(ts_av_diff(cash/assets, 45), bucket(rank(ts_mean(volume*close, 20)), range=""0.1, 1, 0.1"")) + group_rank(ts_av_diff(cashflow_op/enterprise_value, 45), bucket(rank(ts_mean(volume*close, 20)), range=""0.1, 1, 0.1"")) + group_rank(-ts_delta(close, 2), bucket(rank(ts_mean(volume*close, 20)), range=""0.1, 1, 0.1"")) + group_rank(volume/ts_mean(volume, 60), bucket(rank(ts_mean(volume*close, 20)), range=""0.1, 1, 0.1""))"
w27_ivstq_ind,le8KY21N,2.14,1.65,3.79,0.2011,0.1191,0.0542,3.13,D,,GOOD,TOP3000,INDUSTRY,8,0.08,1,Y,"group_rank(fnd6_newqv1300_ivstq/assets, subindustry) + group_rank(ts_av_diff(cashflow_op/enterprise_value, 60), subindustry) + rank(-ts_delta(close, 2)) + rank(volume/ts_mean(volume, 60))"
w44_b,P0ZPAoVx,2.01,1.78,3.79,0.1202,0.0977,0.0431,2.29,D,,GOOD,TOP3000,SUBINDUSTRY,40,0.08,1,N,"group_rank(fnd6_newqv1300_cimiiq/assets, subindustry) + group_rank(ts_av_diff(cash/assets, 30), subindustry) + group_rank(ts_av_diff(cashflow_op/enterprise_value, 60), subindustry) + group_rank(-ts_delta(close, 2), subindustry) + rank(volume/ts_mean(volume, 60))"
i03_amb_w5,le8l3d17,2.12,1.66,3.78,0.1811,0.1115,0.0512,1.56,D,,GOOD,TOP3000,SUBINDUSTRY,8,0.08,1,N,"group_rank(-ts_mean(abs(returns)/volume, 20), subindustry) + rank(-ts_delta(close, 5)) + rank(volume/ts_mean(volume, 60))"
w120_f,8830MYX7,2.04,1.74,3.78,0.1071,0.0907,0.0387,0.82,D,,GOOD,TOP3000,SUBINDUSTRY,4,0.08,1,N,"group_rank(fnd6_tstkc/assets, bucket(rank(ts_rank(cap, 250)), range=""0.1, 1, 0.1"")) + group_rank(fnd6_cicurr/assets, bucket(rank(ts_rank(cap, 250)), range=""0.1, 1, 0.1"")) + group_rank(fnd6_intc/assets, bucket(rank(ts_rank(cap, 250)), range=""0.1, 1, 0.1"")) + group_rank(ts_av_diff(cash/assets, 45), bucket(rank(ts_rank(cap, 250)), range=""0.1, 1, 0.1"")) + group_rank(ts_av_diff(cashflow_op/enterprise_value, 45), bucket(rank(ts_rank(cap, 250)), range=""0.1, 1, 0.1"")) + group_rank(vec_avg(anl4_total_rec), bucket(rank(ts_rank(cap, 250)), range=""0.1, 1, 0.1""))"
w69_g,xAY259Mn,2.28,1.5,3.78,0.3197,0.1375,0.054,1.77,D,,AVERAGE,TOP3000,INDUSTRY,3,0.08,1,N,"group_rank(anl4_fs_detail_estimate_1qf_v4_nd_totgw_median/assets, industry) + group_rank(ts_av_diff(cashflow_op/enterprise_value, 45), industry) + group_rank(-ts_delta(close, 5), industry) + rank(volume/ts_mean(volume, 90))"
w80_g,vRkow2NQ,2.16,1.62,3.78,0.1986,0.1119,0.0442,1.95,D,,GOOD,TOP3000,INDUSTRY,4,0.08,1,N,"group_rank((anl4_fs_detail_estimate_1qf_v4_nd_ptpr_high - anl4_fs_detail_estimate_1qf_v4_nd_ptpr_low) / abs(anl4_fs_detail_estimate_1qf_v4_nd_ptpr_mean), industry) + group_rank(anl4_fs_detail_estimate_1qf_v4_nd_cfi_low/assets, industry) + group_rank(ts_av_diff(cash/assets, 75), industry) + group_rank(-ts_delta(close, 10), industry) + rank(volume/ts_mean(volume, 120))"
g05_opex_vol,9qVr97Wx,2.23,1.53,3.76,0.1985,0.0937,0.0393,3.02,D,,GOOD,TOP3000,SUBINDUSTRY,8,0.08,1,N,"group_rank(operating_expense/assets, subindustry) + rank(-ts_delta(close, 2)) + rank(volume/ts_mean(volume, 60))"
w109_e,WjPrGZYG,2.22,1.54,3.76,0.2034,0.0976,0.0329,1.96,D,,GOOD,TOP3000,SUBINDUSTRY,4,0.08,1,N,"group_rank(fnd6_xintopt/assets, bucket(rank(cap), range=""0.1, 1, 0.1"")) + group_rank(anl4_fs_detail_estimate_1qf_v4_nd_totassets_mean/assets, bucket(rank(cap), range=""0.1, 1, 0.1"")) + group_rank(-anl4_fs_detail_estimates_advanced_af_nd_capex_median/assets, bucket(rank(cap), range=""0.1, 1, 0.1"")) + group_rank(anl4_fs_detail_estimate_1qf_v4_nd_cff_high/assets, bucket(rank(cap), range=""0.1, 1, 0.1"")) + group_rank(ts_av_diff(cash/assets, 45), bucket(rank(cap), range=""0.1, 1, 0.1"")) + group_rank(ts_av_diff(cashflow_op/enterprise_value, 45), bucket(rank(cap), range=""0.1, 1, 0.1"")) + group_rank(-ts_delta(close, 2), bucket(rank(cap), range=""0.1, 1, 0.1"")) + group_rank(volume/ts_mean(volume, 60), bucket(rank(cap), range=""0.1, 1, 0.1""))"
w115_h,O0rdXeJ7,2.15,1.61,3.76,0.1728,0.0964,0.0456,1.7,D,,GOOD,TOP3000,SUBINDUSTRY,4,0.08,1,N,"group_rank(fnd6_intc/assets, bucket(rank(cap), range=""0.1, 1, 0.1"")) + group_rank(fnd6_tfvce/assets, bucket(rank(cap), range=""0.1, 1, 0.1"")) + group_rank(ts_av_diff(cash/assets, 120), bucket(rank(cap), range=""0.1, 1, 0.1"")) + group_rank(ts_av_diff(cashflow_op/enterprise_value, 120), bucket(rank(cap), range=""0.1, 1, 0.1"")) + group_rank(-ts_delta(close, 20), bucket(rank(cap), range=""0.1, 1, 0.1"")) + group_rank(volume/ts_mean(volume, 240), bucket(rank(cap), range=""0.1, 1, 0.1""))"
w40_g,d5O9zNrJ,2.01,1.74,3.75,0.1055,0.0935,0.0514,0.94,D,,GOOD,TOP3000,SUBINDUSTRY,40,0.08,1,N,"group_rank(fnd6_newqv1300_cimiiq/assets, subindustry) + group_rank(fnd6_newqv1300_mibtq/assets, subindustry) + group_rank(fnd6_xrent/assets, subindustry) + group_rank(ts_av_diff(cash/assets, 30), subindustry) + group_rank(-ts_delta(close, 2), subindustry) + rank(volume/ts_mean(volume, 60))"
z2_04cf06ca,akL7wN01,2.1,1.64,3.74,0.111,0.0764,0.0292,2.04,D,,AVERAGE,TOP3000,SUBINDUSTRY,6,0.08,0,N,"0.4*group_rank(ts_av_diff(cashflow_op/enterprise_value,60),subindustry) + 0.6*group_rank(ts_av_diff(cash/assets,30),subindustry)"
l07_int_amb,akL7jLNv,1.99,1.74,3.73,0.1239,0.0953,0.0418,1.39,D,,GOOD,TOP3000,SUBINDUSTRY,8,0.08,1,N,"rank(-ts_delta(close, 2)) * rank(volume/ts_mean(volume, 60)) + group_rank(-ts_mean(abs(returns)/volume, 20), subindustry)"
w109_f,mLgnbv7X,2.22,1.51,3.73,0.2066,0.096,0.0325,1.51,D,,GOOD,TOP3000,SUBINDUSTRY,4,0.08,1,N,"group_rank(fnd6_xintopt/assets, bucket(rank(cap), range=""0.1, 1, 0.1"")) + group_rank(anl4_fs_detail_estimate_1qf_v4_nd_totassets_mean/assets, bucket(rank(cap), range=""0.1, 1, 0.1"")) + group_rank(-anl4_fs_detail_estimates_advanced_af_nd_capex_median/assets, bucket(rank(cap), range=""0.1, 1, 0.1"")) + group_rank(anl4_fs_detail_estimate_1qf_v4_nd_totgw_mean/assets, bucket(rank(cap), range=""0.1, 1, 0.1"")) + group_rank(ts_av_diff(cash/assets, 45), bucket(rank(cap), range=""0.1, 1, 0.1"")) + group_rank(ts_av_diff(cashflow_op/enterprise_value, 45), bucket(rank(cap), range=""0.1, 1, 0.1"")) + group_rank(-ts_delta(close, 2), bucket(rank(cap), range=""0.1, 1, 0.1"")) + group_rank(volume/ts_mean(volume, 60), bucket(rank(cap), range=""0.1, 1, 0.1""))"
w111_g,6Xr6lLj7,2.28,1.45,3.73,0.2382,0.0969,0.0464,1.83,D,,AVERAGE,TOP3000,SUBINDUSTRY,4,0.08,1,N,"group_rank(anl4_fs_detail_estimate_1qf_v4_nd_ebit_low/assets, bucket(rank(cap), range=""0.1, 1, 0.1"")) + group_rank(anl4_fs_detail_estimate_1qf_v4_nd_sh_equity_median/assets, bucket(rank(cap), range=""0.1, 1, 0.1"")) + group_rank(ts_av_diff(cash/assets, 45), bucket(rank(cap), range=""0.1, 1, 0.1"")) + group_rank(ts_av_diff(cashflow_op/enterprise_value, 45), bucket(rank(cap), range=""0.1, 1, 0.1"")) + group_rank(-ts_delta(close, 2), bucket(rank(cap), range=""0.1, 1, 0.1"")) + group_rank(volume/ts_mean(volume, 60), bucket(rank(cap), range=""0.1, 1, 0.1""))"
w112_b,QP3R3nrQ,2.3,1.43,3.73,0.2715,0.1046,0.0364,1.77,D,,AVERAGE,TOP3000,SUBINDUSTRY,4,0.08,1,N,"group_rank(fnd6_newq_xoptqp/assets, bucket(rank(cap), range=""0.1, 1, 0.1"")) + group_rank(-anl4_fs_detail_estimate_1qf_v4_nd_fcf_low/assets, bucket(rank(cap), range=""0.1, 1, 0.1"")) + group_rank(ts_av_diff(cash/assets, 45), bucket(rank(cap), range=""0.1, 1, 0.1"")) + group_rank(ts_av_diff(cashflow_op/enterprise_value, 45), bucket(rank(cap), range=""0.1, 1, 0.1"")) + group_rank(-ts_delta(close, 2), bucket(rank(cap), range=""0.1, 1, 0.1"")) + group_rank(volume/ts_mean(volume, 60), bucket(rank(cap), range=""0.1, 1, 0.1""))"
w26_ivstq,RRV6KGXd,2.12,1.61,3.73,0.1937,0.1112,0.0479,3.11,D,,GOOD,TOP3000,SUBINDUSTRY,8,0.08,1,N,"group_rank(fnd6_newqv1300_ivstq/assets, subindustry) + group_rank(ts_av_diff(cashflow_op/enterprise_value, 60), subindustry) + rank(-ts_delta(close, 2)) + rank(volume/ts_mean(volume, 60))"
w92_e,rK5wVwWm,2.02,1.71,3.73,0.053,0.0893,0.0314,1.52,D,,AVERAGE,TOP3000,SUBINDUSTRY,4,0.08,0,N,"group_rank(authorized_stock_buyback_amount/assets, subindustry) + group_rank(-annual_intangible_assets_net_carrying_value/assets, subindustry) + 0.5*group_rank(ts_av_diff(cash/assets, 45), subindustry) + 0.5*group_rank(ts_av_diff(cashflow_op/enterprise_value, 45), subindustry)"
w105_l,N1QlEgLe,2.28,1.44,3.72,0.2692,0.107,0.0459,2.34,D,,AVERAGE,TOP3000,SUBINDUSTRY,4,0.08,1,N,"group_rank(-anl4_fs_detail_estimate_1qf_v4_nd_rd_exp_median/assets, subindustry) + group_rank(anl4_fs_detail_estimate_1qf_v4_nd_cff_high/assets, subindustry) + group_rank(ts_av_diff(cash/assets, 45), subindustry) + group_rank(ts_av_diff(cashflow_op/enterprise_value, 45), subindustry) + group_rank(-ts_delta(close, 2), subindustry) + rank(volume/ts_mean(volume, 60))"
w114_a,om6jk79n,2.25,1.47,3.72,0.2516,0.1074,0.039,1.96,D,,AVERAGE,TOP3000,SUBINDUSTRY,4,0.08,1,N,"group_rank(fnd6_newqv1300_txdbq/assets, bucket(rank(ts_mean(volume*close, 20)), range=""0.1, 1, 0.1"")) + group_rank(fnd6_newqv1300_lnoq/assets, bucket(rank(ts_mean(volume*close, 20)), range=""0.1, 1, 0.1"")) + group_rank(ts_av_diff(cash/assets, 45), bucket(rank(ts_mean(volume*close, 20)), range=""0.1, 1, 0.1"")) + group_rank(ts_av_diff(cashflow_op/enterprise_value, 45), bucket(rank(ts_mean(volume*close, 20)), range=""0.1, 1, 0.1"")) + group_rank(-ts_delta(close, 2), bucket(rank(ts_mean(volume*close, 20)), range=""0.1, 1, 0.1"")) + group_rank(volume/ts_mean(volume, 60), bucket(rank(ts_mean(volume*close, 20)), range=""0.1, 1, 0.1""))"
w27_lnoq_d4,gJQZ0nA0,2.32,1.4,3.72,0.3828,0.1388,0.0767,3.56,D,,AVERAGE,TOP3000,SUBINDUSTRY,4,0.08,1,N,"group_rank(fnd6_newqv1300_lnoq/assets, subindustry) + group_rank(ts_av_diff(cashflow_op/enterprise_value, 60), subindustry) + rank(-ts_delta(close, 2)) + rank(volume/ts_mean(volume, 60))"
w27_lnoq_ivstq,1YxZ2oj6,2.14,1.58,3.72,0.2183,0.1184,0.0436,2.9,D,,GOOD,TOP3000,SUBINDUSTRY,8,0.08,1,N,"group_rank(fnd6_newqv1300_lnoq/assets, subindustry) + group_rank(fnd6_newqv1300_ivstq/assets, subindustry) + group_rank(ts_av_diff(cashflow_op/enterprise_value, 60), subindustry) + rank(-ts_delta(close, 2)) + rank(volume/ts_mean(volume, 60))"
w7_np_d20,zqYk2Nzd,2.06,1.66,3.72,0.1024,0.0814,0.0351,1.56,D,,GOOD,TOP3000,INDUSTRY,20,0.08,1,N,"group_rank(-ts_delta(close, 2), subindustry) + group_rank(operating_expense/assets, subindustry) + group_rank(ts_av_diff(cash/assets, 30), subindustry)"
c1_accrued,blRjKQkp,2.01,1.68,3.69,0.0578,0.0873,0.0396,1.59,D,,GOOD,TOP3000,SUBINDUSTRY,40,0.08,1,N,"group_rank(-ts_delta(close, 2), subindustry) + group_rank(fn_accrued_liab_curr_a/assets, subindustry)"
f02_xrent_rev,om6l31b6,2.09,1.6,3.69,0.1687,0.099,0.0317,1.36,D,,GOOD,TOP3000,SUBINDUSTRY,8,0.08,1,N,"group_rank(fnd6_xrent/assets, subindustry) + rank(-ts_delta(close, 2))"
g07_amihud,blRqNKeM,2.07,1.62,3.69,0.165,0.1006,0.0375,1.73,D,,GOOD,TOP3000,SUBINDUSTRY,8,0.08,1,N,"group_rank(-ts_mean(abs(returns)/volume, 20), subindustry) + rank(-ts_delta(close, 2))"
w105_g,QP3pppYw,2.49,1.2,3.69,0.5091,0.1191,0.0628,2.57,D,LOW_FITNESS,INFERIOR,TOP3000,SUBINDUSTRY,1,0.08,0,N,"group_rank(fnd6_xintopt/assets, subindustry) + group_rank(fnd6_tfvce/assets, subindustry) + 0.5*group_rank(-ts_delta(close, 10), subindustry) + 0.5*rank(volume/ts_mean(volume, 120))"
w41_g,YP5lJ3nl,1.97,1.72,3.69,0.1326,0.101,0.0328,0.89,D,,GOOD,TOP1000,SUBINDUSTRY,40,0.08,1,N,"group_rank(fnd6_newqv1300_cimiiq/assets, subindustry) + group_rank(fnd6_xrent/assets, subindustry) + group_rank(ts_av_diff(cashflow_op/enterprise_value, 60), subindustry) + group_rank(-ts_delta(close, 2), subindustry) + rank(volume/ts_mean(volume, 60))"
w74_j,zqYeYxRd,2.24,1.45,3.69,0.2994,0.1246,0.0574,1.49,D,,AVERAGE,TOP3000,INDUSTRY,3,0.08,1,N,"group_rank(anl4_fs_detail_estimate_1qf_v4_nd_rd_exp_high/assets, subindustry) + group_rank(ts_av_diff(cash/assets, 45), subindustry) + group_rank(ts_av_diff(cashflow_op/enterprise_value, 45), subindustry) + group_rank(-ts_delta(close, 5), subindustry) + rank(volume/ts_mean(volume, 90))"
w80_d,kqVYE1pK,2.16,1.53,3.69,0.2128,0.1065,0.0397,1.89,D,,GOOD,TOP3000,SUBINDUSTRY,4,0.08,1,N,"group_rank((anl4_fs_detail_estimate_1qf_v4_nd_totassets_high - anl4_fs_detail_estimate_1qf_v4_nd_totassets_low) / abs(anl4_fs_detail_estimate_1qf_v4_nd_totassets_median), subindustry) + group_rank(anl4_fs_detail_estimates_advanced_af_nd_capex_std/assets, subindustry) + group_rank(ts_av_diff(cashflow_op/enterprise_value, 60), subindustry) + group_rank(-ts_delta(close, 10), subindustry) + rank(volume/ts_mean(volume, 120))"
w31_mibtq,ZY0mR988,2.14,1.54,3.68,0.2234,0.1163,0.0562,2.45,D,,GOOD,TOP3000,SUBINDUSTRY,8,0.08,1,N,"group_rank(fnd6_newqv1300_mibtq/assets, subindustry) + group_rank(ts_av_diff(cashflow_op/enterprise_value, 60), subindustry) + group_rank(-ts_delta(close, 2), subindustry) + rank(volume/ts_mean(volume, 60))"
w80_f,LL92V89L,2.11,1.57,3.68,0.2277,0.1257,0.0459,1.97,D,,GOOD,TOP3000,INDUSTRY,4,0.08,1,N,"group_rank((anl4_fs_detail_estimate_1qf_v4_nd_ptpr_high - anl4_fs_detail_estimate_1qf_v4_nd_ptpr_low) / abs(anl4_fs_detail_estimate_1qf_v4_nd_ptpr_mean), industry) + group_rank((anl4_fs_detail_estimate_1qf_v4_nd_cff_high - anl4_fs_detail_estimate_1qf_v4_nd_cff_low) / abs(anl4_fs_detail_estimate_1qf_v4_nd_cff_mean), industry) + group_rank(-ts_delta(close, 10), industry) + rank(volume/ts_mean(volume, 120))"
w110_f,rK5a2JAJ,2.27,1.4,3.67,0.2393,0.0904,0.0344,2.07,D,,AVERAGE,TOP3000,SUBINDUSTRY,4,0.08,1,N,"group_rank(anl4_fs_detail_estimate_1qf_v4_nd_cff_high/assets, bucket(rank(ts_std_dev(returns, 20)), range=""0.1, 1, 0.1"")) + group_rank(anl4_fs_detail_estimate_1qf_v4_nd_totgw_mean/assets, bucket(rank(ts_std_dev(returns, 20)), range=""0.1, 1, 0.1"")) + group_rank(ts_av_diff(cash/assets, 45), bucket(rank(ts_std_dev(returns, 20)), range=""0.1, 1, 0.1"")) + group_rank(ts_av_diff(cashflow_op/enterprise_value, 45), bucket(rank(ts_std_dev(returns, 20)), range=""0.1, 1, 0.1"")) + group_rank(-ts_delta(close, 2), bucket(rank(ts_std_dev(returns, 20)), range=""0.1, 1, 0.1"")) + group_rank(volume/ts_mean(volume, 60), bucket(rank(ts_std_dev(returns, 20)), range=""0.1, 1, 0.1""))"
w60_d,ZY0gQ9Q3,2.39,1.28,3.67,0.4889,0.1405,0.0757,3.48,D,,AVERAGE,TOP3000,SUBINDUSTRY,2,0.08,1,N,"group_rank(fnd6_newqv1300_lol2q/assets, subindustry) + group_rank(ts_av_diff(cash/assets, 45), subindustry) + group_rank(ts_av_diff(cashflow_op/enterprise_value, 45), subindustry) + group_rank(-ts_delta(close, 2), subindustry) + rank(volume/ts_mean(volume, 60))"
w75_j,N1Q8Vepw,2.23,1.44,3.67,0.3242,0.1348,0.0504,1.98,D,,AVERAGE,TOP3000,INDUSTRY,3,0.08,1,N,"group_rank(anl4_fs_detail_estimates_advanced_af_nd_capex_std/assets, industry) + group_rank(ts_av_diff(cashflow_op/enterprise_value, 90), industry) + group_rank(-ts_delta(close, 5), industry) + rank(volume/ts_mean(volume, 90))"
w91_i,XgWxeQj5,1.99,1.68,3.67,0.1335,0.0946,0.0495,1.54,D,,GOOD,TOP3000,SUBINDUSTRY,4,0.08,1,N,"group_rank(anl4_fs_detail_estimate_1qf_v4_nd_ptpr_mean/assets, subindustry) + group_rank(-anl4_fs_detail_estimate_1qf_v4_nd_netdebt_low/assets, subindustry) + 0.45*group_rank(ts_av_diff(cash/assets, 45), subindustry) + 0.45*group_rank(ts_av_diff(cashflow_op/enterprise_value, 45), subindustry) + 0.45*group_rank(-ts_delta(close, 10), subindustry) + 0.45*rank(volume/ts_mean(volume, 120))"
k02_int_opex,om6q1ZVb,2.08,1.58,3.66,0.1261,0.0732,0.0375,2.82,D,,GOOD,TOP3000,SUBINDUSTRY,8,0.08,1,N,"rank(-ts_delta(close, 2)) * rank(volume/ts_mean(volume, 60)) + group_rank(operating_expense/assets, subindustry)"
w37_d,2rOGGejJ,1.92,1.74,3.66,0.1137,0.1023,0.0547,1.29,D,LOW_SUB_UNIVERSE_SHARPE,GOOD,TOP3000,SUBINDUSTRY,40,0.08,1,N,"group_rank(fnd6_newqv1300_cimiiq/assets, subindustry) + group_rank(fnd6_newqv1300_lol2q/assets, subindustry) + group_rank(fnd6_xrent/assets, subindustry) + group_rank(ts_av_diff(cash/assets, 30), subindustry) + group_rank(-ts_delta(close, 2), subindustry) + rank(volume/ts_mean(volume, 60))"
w111_i,GrdjdqAo,2.19,1.46,3.65,0.209,0.0933,0.0428,1.81,D,,AVERAGE,TOP3000,SUBINDUSTRY,4,0.08,1,N,"group_rank(anl4_fs_detail_estimate_1qf_v4_nd_ebit_low/assets, bucket(rank(ts_std_dev(returns, 20)), range=""0.1, 1, 0.1"")) + group_rank(anl4_fs_detail_estimate_1qf_v4_nd_sh_equity_median/assets, bucket(rank(ts_std_dev(returns, 20)), range=""0.1, 1, 0.1"")) + group_rank(ts_av_diff(cash/assets, 75), bucket(rank(ts_std_dev(returns, 20)), range=""0.1, 1, 0.1"")) + group_rank(ts_av_diff(cashflow_op/enterprise_value, 60), bucket(rank(ts_std_dev(returns, 20)), range=""0.1, 1, 0.1"")) + group_rank(-ts_delta(close, 5), bucket(rank(ts_std_dev(returns, 20)), range=""0.1, 1, 0.1"")) + group_rank(volume/ts_mean(volume, 120), bucket(rank(ts_std_dev(returns, 20)), range=""0.1, 1, 0.1""))"
w85_b,vRkov7nv,2.01,1.64,3.65,0.0848,0.0833,0.0386,1.47,D,,GOOD,TOP3000,SUBINDUSTRY,4,0.08,1,N,"group_rank(authorized_stock_buyback_amount/assets, subindustry) + group_rank(-annual_intangible_assets_net_carrying_value/assets, subindustry) + 0.3*group_rank(-ts_delta(close, 10), subindustry) + 0.3*rank(volume/ts_mean(volume, 120))"
w108_d,om6jK385,2.41,1.23,3.64,0.379,0.0981,0.0364,2.45,D,,AVERAGE,TOP3000,SUBINDUSTRY,1,0.08,1,N,"group_rank(fnd6_xintopt/assets, bucket(rank(cap), range=""0.1, 1, 0.1"")) + group_rank(anl4_fs_detail_estimate_1qf_v4_nd_totassets_mean/assets, bucket(rank(cap), range=""0.1, 1, 0.1"")) + group_rank(-anl4_fs_detail_estimates_advanced_af_nd_capex_median/assets, bucket(rank(cap), range=""0.1, 1, 0.1"")) + 0.5*(group_rank(ts_av_diff(cash/assets, 45), bucket(rank(cap), range=""0.1, 1, 0.1"")) + group_rank(ts_av_diff(cashflow_op/enterprise_value, 45), bucket(rank(cap), range=""0.1, 1, 0.1"")) + group_rank(-ts_delta(close, 2), bucket(rank(cap), range=""0.1, 1, 0.1"")) + group_rank(volume/ts_mean(volume, 60), bucket(rank(cap), range=""0.1, 1, 0.1"")))"
w120_a,vRkEWOpb,2.05,1.59,3.64,0.1553,0.093,0.047,1.13,D,,GOOD,TOP3000,SUBINDUSTRY,4,0.08,1,N,"group_rank(fnd6_tstkc/assets, bucket(rank(ts_rank(cap, 250)), range=""0.1, 1, 0.1"")) + group_rank(fnd6_cicurr/assets, bucket(rank(ts_rank(cap, 250)), range=""0.1, 1, 0.1"")) + group_rank(fnd6_intc/assets, bucket(rank(ts_rank(cap, 250)), range=""0.1, 1, 0.1"")) + group_rank(ts_av_diff(cash/assets, 45), bucket(rank(ts_rank(cap, 250)), range=""0.1, 1, 0.1"")) + group_rank(ts_av_diff(cashflow_op/enterprise_value, 45), bucket(rank(ts_rank(cap, 250)), range=""0.1, 1, 0.1"")) + group_rank(-ts_av_diff(vec_avg(anl4_basicdetailrec_ratingvalue), 120), bucket(rank(ts_rank(cap, 250)), range=""0.1, 1, 0.1""))"
w26_lol2,P0ZgK70L,2.08,1.56,3.64,0.2225,0.1246,0.0816,3.11,D,,GOOD,TOP3000,SUBINDUSTRY,8,0.08,1,N,"group_rank(fnd6_newqv1300_lol2q/assets, subindustry) + group_rank(ts_av_diff(cashflow_op/enterprise_value, 60), subindustry) + rank(-ts_delta(close, 2)) + rank(volume/ts_mean(volume, 60))"
w63_g,xAY2gZ7N,2.31,1.33,3.64,0.3729,0.1239,0.0757,1.97,D,,AVERAGE,TOP3000,SUBINDUSTRY,2,0.08,1,N,"group_rank(fnd6_tfvl/assets, subindustry) + group_rank(ts_av_diff(cash/assets, 45), subindustry) + group_rank(ts_av_diff(cashflow_op/enterprise_value, 45), subindustry) + group_rank(-ts_delta(close, 5), subindustry) + rank(volume/ts_mean(volume, 120))"
w27_ivstq_d4,wpYbAxX5,2.22,1.41,3.63,0.3061,0.123,0.0592,3.49,D,,AVERAGE,TOP3000,SUBINDUSTRY,4,0.08,1,N,"group_rank(fnd6_newqv1300_ivstq/assets, subindustry) + group_rank(ts_av_diff(cashflow_op/enterprise_value, 60), subindustry) + rank(-ts_delta(close, 2)) + rank(volume/ts_mean(volume, 60))"
s4_pw04,XgW7abbl,2.01,1.61,3.62,0.0574,0.08,0.0337,2.22,D,,GOOD,TOP3000,INDUSTRY,12,0.08,1,N,"0.4 * rank(-ts_delta(close, 2)) + group_rank(-ts_mean(abs(returns)/volume, 20), subindustry) + group_rank(operating_expense/assets, subindustry)"
w94_a,LL9w30e1,2.13,1.49,3.62,0.1948,0.0954,0.0463,1.5,D,,AVERAGE,TOP1000,SUBINDUSTRY,4,0.08,0,N,"group_rank(authorized_stock_buyback_amount/assets, subindustry) + group_rank(-annual_intangible_assets_net_carrying_value/assets, subindustry) + group_rank(ts_av_diff(cash/assets, 45), subindustry) + group_rank(ts_av_diff(cashflow_op/enterprise_value, 45), subindustry) + group_rank(-ts_delta(close, 10), subindustry) + rank(volume/ts_mean(volume, 120))"
z3_triple,wpYjPlWv,1.96,1.66,3.62,0.1375,0.0989,0.0423,1.73,D,LOW_SHARPE,AVERAGE,TOP3000,SUBINDUSTRY,6,0.08,0,N,"group_rank(ts_av_diff(cashflow_op/enterprise_value,60),subindustry) + group_rank(ts_av_diff(cash/assets,30),subindustry) + group_rank(ts_av_diff(ebit/enterprise_value,30),subindustry)"
e3_spow,d5OjrLkK,2.06,1.54,3.6,0.0632,0.0698,0.0448,2.41,D,,GOOD,TOP3000,SUBINDUSTRY,40,0.08,1,N,"signed_power(group_rank(-ts_delta(close, 2), subindustry), 2) + group_rank(fnd6_xopr/assets, subindustry)"
w111_a,N1QE7orw,2.22,1.38,3.6,0.2396,0.0926,0.041,2.32,D,,AVERAGE,TOP3000,SUBINDUSTRY,4,0.08,1,N,"group_rank(anl4_fs_detail_estimate_1qf_v4_nd_ebit_low/assets, bucket(rank(ts_std_dev(returns, 20)), range=""0.1, 1, 0.1"")) + group_rank(anl4_fs_detail_estimate_1qf_v4_nd_sh_equity_median/assets, bucket(rank(ts_std_dev(returns, 20)), range=""0.1, 1, 0.1"")) + group_rank(ts_av_diff(cash/assets, 45), bucket(rank(ts_std_dev(returns, 20)), range=""0.1, 1, 0.1"")) + group_rank(ts_av_diff(cashflow_op/enterprise_value, 45), bucket(rank(ts_std_dev(returns, 20)), range=""0.1, 1, 0.1"")) + group_rank(-ts_delta(close, 2), bucket(rank(ts_std_dev(returns, 20)), range=""0.1, 1, 0.1"")) + group_rank(volume/ts_mean(volume, 60), bucket(rank(ts_std_dev(returns, 20)), range=""0.1, 1, 0.1""))"
w60_h,9qV8l13o,2.27,1.33,3.6,0.4504,0.1545,0.0618,3.0,D,,AVERAGE,TOP3000,SUBINDUSTRY,2,0.08,1,Y,"group_rank(fnd6_newqv1300_cimiiq/assets, subindustry) + group_rank(fnd6_txtubxintis/assets, subindustry) + group_rank(ts_av_diff(cash/assets, 45), subindustry) + group_rank(ts_av_diff(cashflow_op/enterprise_value, 45), subindustry) + group_rank(-ts_delta(close, 2), subindustry) + rank(volume/ts_mean(volume, 60))"
w87_e,pwPpPOdb,1.96,1.64,3.6,0.1134,0.0877,0.0341,1.71,D,,GOOD,TOP3000,SUBINDUSTRY,4,0.08,1,N,"1.5*group_rank(authorized_stock_buyback_amount/assets, subindustry) + group_rank(accumulated_oci_net_of_tax_value/assets, subindustry) + 0.5*group_rank(-ts_delta(close, 10), subindustry) + 0.5*rank(volume/ts_mean(volume, 120))"
w120_e,P0ZRkKaJ,1.94,1.65,3.59,0.1165,0.0899,0.0515,0.47,D,,GOOD,TOP3000,SUBINDUSTRY,4,0.08,1,N,"group_rank(fnd6_tstkc/assets, bucket(rank(ts_rank(cap, 250)), range=""0.1, 1, 0.1"")) + group_rank(fnd6_cicurr/assets, bucket(rank(ts_rank(cap, 250)), range=""0.1, 1, 0.1"")) + group_rank(fnd6_tfvce/assets, bucket(rank(ts_rank(cap, 250)), range=""0.1, 1, 0.1"")) + group_rank(ts_av_diff(cash/assets, 45), bucket(rank(ts_rank(cap, 250)), range=""0.1, 1, 0.1"")) + group_rank(ts_av_diff(cashflow_op/enterprise_value, 45), bucket(rank(ts_rank(cap, 250)), range=""0.1, 1, 0.1"")) + group_rank(if_else(rank(ts_regression(rank(returns), rank(vec_avg(anl4_fs_detail_rec_v4_nd_estimate)), 120, lag=0, rettype=2))>0.6, -ts_av_diff(vec_avg(anl4_fs_detail_rec_v4_nd_estimate), 120), 0), bucket(rank(ts_rank(cap, 250)), range=""0.1, 1, 0.1""))"
w27_lnoq_lol2,78Z62xX8,2.06,1.53,3.59,0.2214,0.1227,0.0817,3.16,D,,GOOD,TOP3000,SUBINDUSTRY,8,0.08,1,N,"group_rank(fnd6_newqv1300_lnoq/assets, subindustry) + group_rank(fnd6_newqv1300_lol2q/assets, subindustry) + group_rank(ts_av_diff(cashflow_op/enterprise_value, 60), subindustry) + rank(-ts_delta(close, 2)) + rank(volume/ts_mean(volume, 60))"
w70_f,58QA2kMo,2.23,1.36,3.59,0.314,0.1161,0.0373,2.27,D,,AVERAGE,TOP3000,INDUSTRY,3,0.08,1,N,"group_rank(anl4_fs_detail_estimate_1qf_v4_nd_cfi_low/assets, industry) + group_rank(ts_av_diff(cash/assets, 60), industry) + group_rank(-ts_delta(close, 5), industry) + rank(volume/ts_mean(volume, 90))"
g12_wc_vol,wpYlLmK5,2.19,1.39,3.58,0.221,0.089,0.0402,2.45,D,,AVERAGE,TOP3000,SUBINDUSTRY,8,0.08,1,N,"group_rank(ts_av_diff(assets_curr/assets, 30), subindustry) + rank(-ts_delta(close, 2)) + rank(volume/ts_mean(volume, 60))"
s2_np04,WjP7lgmQ,2.04,1.54,3.58,0.0982,0.0716,0.0355,1.68,D,,GOOD,TOP3000,INDUSTRY,6,0.08,1,N,"0.4 * rank(-ts_delta(close, 2)) * rank(volume/ts_mean(volume, 60)) + group_rank(operating_expense/assets, subindustry) + group_rank(ts_av_diff(cash/assets, 30), subindustry)"
w115_i,zqY7nQ5G,1.98,1.6,3.58,0.1601,0.1046,0.0536,1.88,D,,GOOD,TOP3000,SUBINDUSTRY,4,0.08,1,N,"group_rank(fnd6_tstkc/assets, bucket(rank(ts_mean(volume*close, 20)), range=""0.1, 1, 0.1"")) + group_rank(fnd6_lifr/assets, bucket(rank(ts_mean(volume*close, 20)), range=""0.1, 1, 0.1"")) + group_rank(ts_av_diff(cash/assets, 250), bucket(rank(ts_mean(volume*close, 20)), range=""0.1, 1, 0.1"")) + group_rank(ts_av_diff(cashflow_op/enterprise_value, 250), bucket(rank(ts_mean(volume*close, 20)), range=""0.1, 1, 0.1"")) + group_rank(-ts_delta(close, 60), bucket(rank(ts_mean(volume*close, 20)), range=""0.1, 1, 0.1"")) + group_rank(volume/ts_mean(volume, 120), bucket(rank(ts_mean(volume*close, 20)), range=""0.1, 1, 0.1""))"
w118_c,A10pREEQ,2.1,1.48,3.58,0.212,0.1057,0.0388,1.75,D,,AVERAGE,TOP3000,SUBINDUSTRY,4,0.08,1,N,"group_rank(fnd6_tstkc/assets, bucket(rank(debt/assets), range=""0.1, 1, 0.1"")) + group_rank(fnd6_tfvce/assets, bucket(rank(debt/assets), range=""0.1, 1, 0.1"")) + group_rank(fnd6_newqv1300_lnoq/assets, bucket(rank(debt/assets), range=""0.1, 1, 0.1"")) + group_rank(ts_av_diff(cash/assets, 45), bucket(rank(debt/assets), range=""0.1, 1, 0.1"")) + group_rank(ts_av_diff(cashflow_op/enterprise_value, 45), bucket(rank(debt/assets), range=""0.1, 1, 0.1"")) + group_rank(-ts_delta(close, 2), bucket(rank(debt/assets), range=""0.1, 1, 0.1""))"
w69_h,rK5N8Wl1,2.19,1.39,3.58,0.334,0.135,0.0655,1.83,D,,AVERAGE,TOP3000,INDUSTRY,3,0.08,1,N,"group_rank(-anl4_fs_detail_estimate_1qf_v4_nd_rd_exp_median/assets, industry) + group_rank(ts_av_diff(cashflow_op/enterprise_value, 45), industry) + group_rank(-ts_delta(close, 5), industry) + rank(volume/ts_mean(volume, 90))"
w82_e,9qV2w0qV,2.1,1.48,3.58,0.1951,0.0964,0.0317,1.71,D,,AVERAGE,TOP2000,SUBINDUSTRY,4,0.08,1,N,"group_rank(anl4_fs_detail_estimate_1qf_v4_nd_cfi_low/assets, subindustry) + group_rank(anl4_fs_detail_estimate_1qf_v4_nd_netdebt_high/assets, subindustry) + group_rank(ts_av_diff(cash/assets, 45), subindustry) + group_rank(ts_av_diff(cashflow_op/enterprise_value, 45), subindustry) + group_rank(-ts_delta(close, 10), subindustry) + rank(volume/ts_mean(volume, 120))"
w113_g,1Yx3XWwR,1.93,1.64,3.57,0.0798,0.0906,0.0366,0.78,D,,GOOD,TOP3000,SUBINDUSTRY,4,0.08,1,N,"group_rank(fnd6_tstkc/assets, bucket(rank(ts_mean(volume*close, 20)), range=""0.1, 1, 0.1"")) + group_rank(fnd6_lifr/assets, bucket(rank(ts_mean(volume*close, 20)), range=""0.1, 1, 0.1"")) + group_rank(fnd6_cicurr/assets, bucket(rank(ts_mean(volume*close, 20)), range=""0.1, 1, 0.1"")) + group_rank(ts_av_diff(cash/assets, 45), bucket(rank(ts_mean(volume*close, 20)), range=""0.1, 1, 0.1"")) + group_rank(ts_av_diff(cashflow_op/enterprise_value, 45), bucket(rank(ts_mean(volume*close, 20)), range=""0.1, 1, 0.1""))"
w38_h,N1QKJkdw,1.91,1.66,3.57,0.1042,0.0939,0.0342,0.38,D,,GOOD,TOP1000,SUBINDUSTRY,40,0.08,1,N,"group_rank(fnd6_xrent/assets, subindustry) + group_rank(ts_av_diff(cash/assets, 30), subindustry) + group_rank(ts_av_diff(cashflow_op/enterprise_value, 60), subindustry) + group_rank(-ts_delta(close, 2), subindustry) + rank(volume/ts_mean(volume, 60))"
h10_amb_only,WjPGg9LN,2.01,1.55,3.56,0.165,0.0979,0.0386,1.56,D,,GOOD,TOP3000,SUBINDUSTRY,8,0.08,1,N,"group_rank(-ts_mean(abs(returns)/volume, 20), subindustry) + rank(-ts_delta(vwap, 2))"
k12_revt_opex,MP17PGQ6,2.04,1.52,3.56,0.0977,0.0695,0.0471,2.59,D,,GOOD,TOP3000,SUBINDUSTRY,8,0.08,1,N,"group_rank(fnd6_mfma2_revt/assets, subindustry) + group_rank(operating_expense/assets, subindustry) + rank(-ts_delta(close, 2))"
w45_f,883GZeaW,1.9,1.66,3.56,0.1064,0.0959,0.04,1.37,D,,GOOD,TOP3000,SUBINDUSTRY,25,0.08,1,N,"group_rank(fnd6_newqv1300_mibtq/assets, subindustry) + group_rank(ts_av_diff(cash/assets, 30), subindustry) + group_rank(ts_av_diff(cashflow_op/enterprise_value, 60), subindustry) + group_rank(-ts_delta(close, 2), subindustry) + rank(volume/ts_mean(volume, 60))"
w48_f,zqYgm7jE,1.81,1.75,3.56,0.1219,0.1175,0.0558,1.77,D,LOW_SHARPE,AVERAGE,TOP3000,SUBINDUSTRY,20,0.08,0,N,"group_rank(fnd6_txtubxintis/assets, subindustry) + group_rank(ts_av_diff(cash/assets, 30), subindustry) + group_rank(ts_av_diff(cashflow_op/enterprise_value, 60), subindustry) + group_rank(-ts_delta(close, 2), subindustry) + rank(volume/ts_mean(volume, 60))"
w62_c,A10rRpXQ,2.24,1.32,3.56,0.435,0.1521,0.0684,2.95,D,,AVERAGE,TOP3000,SUBINDUSTRY,2,0.08,1,N,"group_rank(fnd6_newqv1300_mibtq/assets, subindustry) + group_rank(fnd6_txtubxintis/assets, subindustry) + group_rank(ts_av_diff(cash/assets, 45), subindustry) + group_rank(ts_av_diff(cashflow_op/enterprise_value, 45), subindustry) + group_rank(-ts_delta(close, 2), subindustry) + rank(volume/ts_mean(volume, 60))"
i07_amb_wc,blRqddaZ,2.02,1.53,3.55,0.154,0.0888,0.041,1.54,D,,GOOD,TOP3000,SUBINDUSTRY,8,0.08,1,N,"group_rank(-ts_mean(abs(returns)/volume, 20), subindustry) + group_rank(ts_av_diff(assets_curr/assets, 30), subindustry) + rank(-ts_delta(close, 2))"
w59_c,d5OYWgOw,2.3,1.25,3.55,0.4389,0.1293,0.0434,2.15,D,,AVERAGE,TOP3000,SUBINDUSTRY,2,0.08,1,N,"group_rank(fnd6_xrent/assets, subindustry) + group_rank(ts_av_diff(cash/assets, 45), subindustry) + group_rank(ts_av_diff(cashflow_op/enterprise_value, 45), subindustry) + group_rank(-ts_delta(close, 2), subindustry) + rank(volume/ts_mean(volume, 60)) + group_rank(ts_av_diff(anl4_fs_detail_estimate_1qf_v4_nd_sga_median/assets, 60), subindustry)"
w59_e,3q91oaV0,2.24,1.31,3.55,0.3713,0.1264,0.0637,4.0,D,,AVERAGE,TOP3000,SUBINDUSTRY,3,0.08,1,N,"group_rank(fnd6_newqv1300_cimiiq/assets, subindustry) + group_rank(ts_av_diff(cash/assets, 45), subindustry) + group_rank(ts_av_diff(cashflow_op/enterprise_value, 45), subindustry) + group_rank(-ts_delta(close, 2), subindustry) + rank(volume/ts_mean(volume, 60)) + group_rank(ts_av_diff(anl4_fs_detail_estimate_1qf_v4_nd_ptpr_median/assets, 60), subindustry)"
w71_a,vRkpXNWr,2.19,1.36,3.55,0.3169,0.123,0.0605,2.54,D,,AVERAGE,TOP3000,INDUSTRY,3,0.08,1,N,"group_rank(-anl4_fs_detail_estimate_1qf_v4_nd_sga_median/assets, industry) + group_rank(-anl4_fs_detail_estimate_1qf_v4_nd_netdebt_mean/assets, industry) + group_rank(-ts_delta(close, 5), industry) + rank(volume/ts_mean(volume, 90))"
w88_d,npKXdVN8,2.0,1.55,3.55,0.1639,0.0981,0.0496,1.18,D,,GOOD,TOP3000,SUBINDUSTRY,4,0.08,1,N,"group_rank(common_stock_repurchase_payment/assets, subindustry) + group_rank(accumulated_oci_net_of_tax_value/assets, subindustry) + 0.7*group_rank(-ts_delta(close, 10), subindustry) + 0.7*rank(volume/ts_mean(volume, 120))"
w94_b,mLgNQEkx,2.05,1.5,3.55,0.1971,0.1061,0.0447,-0.01,D,,AVERAGE,TOP500,SUBINDUSTRY,4,0.08,0,N,"group_rank(authorized_stock_buyback_amount/assets, subindustry) + group_rank(-annual_intangible_assets_net_carrying_value/assets, subindustry) + group_rank(ts_av_diff(cash/assets, 45), subindustry) + group_rank(ts_av_diff(cashflow_op/enterprise_value, 45), subindustry) + group_rank(-ts_delta(close, 10), subindustry) + rank(volume/ts_mean(volume, 120))"
x8_novol_ind,O0r7z5m7,1.99,1.56,3.55,0.086,0.077,0.048,2.06,D,,GOOD,TOP3000,INDUSTRY,25,0.08,1,N,"group_rank(-ts_delta(close, 2), subindustry) + group_rank(fnd6_xopr/assets, subindustry)"
g11_xrent_mult,1YxdorEM,2.06,1.48,3.54,0.1902,0.0979,0.0367,1.28,D,,AVERAGE,TOP3000,SUBINDUSTRY,8,0.08,1,N,"group_rank(fnd6_xrent/assets, subindustry) * rank(-ts_delta(close, 2))"
w116_n,58QKm8aX,2.11,1.43,3.54,0.2014,0.0929,0.0401,1.46,D,,AVERAGE,TOP3000,SUBINDUSTRY,4,0.08,1,N,"group_rank(fnd6_newqv1300_txdbq/assets, bucket(rank(ts_mean(volume*close, 20)), range=""0.1, 1, 0.1"")) + group_rank(fnd6_newqv1300_lnoq/assets, bucket(rank(ts_mean(volume*close, 20)), range=""0.1, 1, 0.1"")) + group_rank(fnd6_newqv1300_fcaq/assets, bucket(rank(ts_mean(volume*close, 20)), range=""0.1, 1, 0.1"")) + group_rank(ts_av_diff(cash/assets, 45), bucket(rank(ts_mean(volume*close, 20)), range=""0.1, 1, 0.1"")) + group_rank(ts_av_diff(cashflow_op/enterprise_value, 45), bucket(rank(ts_mean(volume*close, 20)), range=""0.1, 1, 0.1"")) + group_rank(-ts_delta(close, 2), bucket(rank(ts_mean(volume*close, 20)), range=""0.1, 1, 0.1""))"
w68_c,vRkpAWjQ,2.09,1.45,3.54,0.2557,0.1228,0.0768,1.68,D,,AVERAGE,TOP3000,INDUSTRY,3,0.08,1,N,"group_rank(anl4_fs_detail_estimate_1qf_v4_nd_ptpr_mean/assets, industry) + group_rank(ts_av_diff(cash/assets, 60), industry) + group_rank(-ts_rank(close, 10), industry)"
w82_h,O0r2p9PY,2.09,1.45,3.54,0.2169,0.105,0.0428,1.67,D,,AVERAGE,TOP3000,SUBINDUSTRY,4,0.08,1,N,"group_rank(anl4_fs_detail_estimate_1qf_v4_nd_rd_exp_high/assets, subindustry) + group_rank(anl4_fs_detail_estimate_1qf_v4_nd_cfi_low/assets, subindustry) + group_rank(ts_zscore(cash/assets, 90), subindustry) + group_rank(ts_zscore(cashflow_op/enterprise_value, 90), subindustry) + group_rank(-ts_delta(close, 6), subindustry) + rank(volume/ts_mean(volume, 110))"
w88_c,1Yx2XQOR,1.93,1.61,3.54,0.1072,0.0869,0.0403,0.55,D,,GOOD,TOP3000,SUBINDUSTRY,4,0.08,1,N,"group_rank(common_stock_repurchase_payment/assets, subindustry) + group_rank(anl4_fs_detail_estimate_1qf_v4_nd_sga_median/assets, subindustry) + 0.35*group_rank(ts_av_diff(cash/assets, 45), subindustry) + 0.35*group_rank(ts_av_diff(cashflow_op/enterprise_value, 45), subindustry) + 0.35*group_rank(-ts_delta(close, 10), subindustry) + 0.35*rank(volume/ts_mean(volume, 120))"
w107_d,qMW2XkVv,2.26,1.27,3.53,0.2787,0.0876,0.0423,2.43,D,,AVERAGE,TOP3000,SUBINDUSTRY,4,0.08,1,N,"group_rank(fnd6_xintopt/assets, subindustry) + group_rank(anl4_fs_detail_estimate_1qf_v4_nd_totassets_mean/assets, subindustry) + group_rank(-anl4_fs_detail_estimates_advanced_af_nd_capex_median/assets, subindustry) + group_rank(-ts_delta(close, 2), subindustry)"
w82_g,pwPp6zZq,2.03,1.5,3.53,0.1852,0.1009,0.0599,1.27,D,,AVERAGE,TOP3000,SUBINDUSTRY,4,0.08,1,N,"normalize(group_rank(anl4_fs_detail_estimate_1qf_v4_nd_totgw_median/assets, subindustry) + group_rank(anl4_fs_detail_estimate_1qf_v4_nd_netdebt_high/assets, subindustry) + group_rank(ts_zscore(cash/assets, 120), subindustry) + group_rank(ts_zscore(cashflow_op/enterprise_value, 120), subindustry) + group_rank(-ts_delta(close, 10), subindustry) + rank(volume/ts_mean(volume, 120)), useStd=true)"
w59_d,QP3Ovl3w,2.29,1.23,3.52,0.4441,0.1291,0.0626,4.22,D,,AVERAGE,TOP3000,SUBINDUSTRY,2,0.08,1,N,"group_rank(fnd6_newqv1300_ivstq/assets, subindustry) + group_rank(ts_av_diff(cash/assets, 45), subindustry) + group_rank(ts_av_diff(cashflow_op/enterprise_value, 45), subindustry) + group_rank(-ts_delta(close, 2), subindustry) + rank(volume/ts_mean(volume, 60)) + group_rank(ts_av_diff(anl4_fs_detail_estimate_1qf_v4_nd_ptpr_median/assets, 60), subindustry)"
w62_b,LL9mP8la,2.15,1.37,3.52,0.3438,0.1397,0.0966,2.85,D,,AVERAGE,TOP3000,SUBINDUSTRY,3,0.08,1,N,"group_rank(fnd6_txtubxintis/assets, subindustry) + group_rank(ts_av_diff(cash/assets, 60), subindustry) + group_rank(ts_av_diff(cashflow_op/enterprise_value, 60), subindustry) + group_rank(-ts_delta(close, 3), subindustry) + rank(volume/ts_mean(volume, 60))"
w78_j,A10EePpX,2.0,1.51,3.51,0.1837,0.1051,0.0471,1.42,D,,GOOD,TOP3000,SUBINDUSTRY,4,0.08,1,N,"group_rank(anl4_fs_detail_estimate_1qf_v4_nd_rd_exp_high/assets, subindustry) + group_rank(anl4_fs_detail_estimate_1qf_v4_nd_cfi_low/assets, subindustry) + group_rank(anl4_fs_detail_estimate_1qf_v4_nd_sga_median/assets, subindustry) + group_rank(ts_av_diff(cash/assets, 45), subindustry) + group_rank(ts_av_diff(cashflow_op/enterprise_value, 45), subindustry) + group_rank(-ts_delta(close, 10), subindustry) + rank(volume/ts_mean(volume, 120))"
x1_novol_d25,om6qJXa6,1.97,1.54,3.51,0.0867,0.0761,0.0476,2.06,D,,GOOD,TOP3000,SUBINDUSTRY,25,0.08,1,N,"group_rank(-ts_delta(close, 2), subindustry) + group_rank(fnd6_xopr/assets, subindustry)"
w108_b,om6jKmxb,2.23,1.27,3.5,0.2864,0.0924,0.0435,2.19,D,,AVERAGE,TOP3000,SUBINDUSTRY,1,0.08,1,N,"group_rank(fnd6_xintopt/assets, bucket(rank(cap), range=""0.1, 1, 0.1"")) + group_rank(anl4_fs_detail_estimate_1qf_v4_nd_totassets_mean/assets, bucket(rank(cap), range=""0.1, 1, 0.1"")) + group_rank(-anl4_fs_detail_estimates_advanced_af_nd_capex_median/assets, bucket(rank(cap), range=""0.1, 1, 0.1"")) + 0.5*(group_rank(ts_av_diff(cash/assets, 45), bucket(rank(cap), range=""0.1, 1, 0.1"")) + group_rank(ts_av_diff(cashflow_op/enterprise_value, 45), bucket(rank(cap), range=""0.1, 1, 0.1"")) + group_rank(-ts_delta(close, 2), bucket(rank(cap), range=""0.1, 1, 0.1"")))"
w79_h,6XrN6g5L,2.01,1.49,3.5,0.1936,0.1066,0.0513,0.96,D,,AVERAGE,TOP3000,SUBINDUSTRY,4,0.08,1,N,"group_rank(anl4_fs_actuals_basic_qf_nd_div_value/assets, subindustry) + group_rank(anl4_fs_detail_estimate_1qf_v4_nd_totgw_median/assets, subindustry) + group_rank(ts_av_diff(cash/assets, 75), subindustry) + group_rank(ts_av_diff(cashflow_op/enterprise_value, 60), subindustry) + group_rank(-ts_delta(close, 8), subindustry) + rank(volume/ts_mean(volume, 150))"
w32_n,wpY9qNxp,2.13,1.36,3.49,0.2056,0.0843,0.0399,1.67,D,,AVERAGE,TOP3000,SUBINDUSTRY,8,0.08,1,N,"group_rank(fnd6_xrent/assets, subindustry) + group_rank(ts_av_diff(cash/assets, 30), subindustry) + group_rank(fnd6_newqv1300_cshopq/assets, subindustry) + group_rank(-ts_delta(close, 2), subindustry) + rank(volume/ts_mean(volume, 60))"
w59_a,E5vN6AvP,2.28,1.21,3.49,0.4657,0.131,0.0625,4.13,D,,AVERAGE,TOP3000,SUBINDUSTRY,2,0.08,1,N,"group_rank(fnd6_newqv1300_cimiiq/assets, subindustry) + group_rank(ts_av_diff(cash/assets, 45), subindustry) + group_rank(ts_av_diff(cashflow_op/enterprise_value, 45), subindustry) + group_rank(-ts_delta(close, 2), subindustry) + rank(volume/ts_mean(volume, 60)) + group_rank(ts_av_diff(anl4_fs_detail_estimate_1qf_v4_nd_ptpr_median/assets, 60), subindustry)"
w69_d,0mRN6oeG,2.15,1.34,3.49,0.3105,0.1201,0.0448,1.99,D,,AVERAGE,TOP3000,INDUSTRY,3,0.08,1,N,"group_rank(anl4_fs_detail_estimate_1qf_v4_nd_sh_equity_median/assets, industry) + group_rank(ts_av_diff(cashflow_op/enterprise_value, 45), industry) + group_rank(-ts_delta(close, 5), industry) + rank(volume/ts_mean(volume, 90))"
w83_h,zqYLmROd,2.09,1.39,3.48,0.2106,0.0938,0.0475,1.12,D,,AVERAGE,TOP3000,SUBINDUSTRY,4,0.08,1,N,"group_rank(annual_intangible_amortization_expense_second_year/assets, subindustry) + group_rank(anl4_fs_detail_estimates_advanced_af_nd_capex_std/assets, subindustry) + group_rank(ts_av_diff(cash/assets, 75), subindustry) + group_rank(-ts_delta(close, 8), subindustry) + rank(volume/ts_mean(volume, 150))"
w113_d,9qV5j67q,1.9,1.56,3.46,0.0908,0.0841,0.0659,1.07,D,,GOOD,TOP3000,SUBINDUSTRY,4,0.08,1,N,"group_rank(fnd6_tstkc/assets, bucket(rank(ts_std_dev(returns, 20)), range=""0.1, 1, 0.1"")) + group_rank(anl4_fs_detail_estimate_1qf_v4_nd_ebit_low/assets, bucket(rank(ts_std_dev(returns, 20)), range=""0.1, 1, 0.1"")) + group_rank(ts_av_diff(cash/assets, 45), bucket(rank(ts_std_dev(returns, 20)), range=""0.1, 1, 0.1"")) + group_rank(ts_av_diff(cashflow_op/enterprise_value, 45), bucket(rank(ts_std_dev(returns, 20)), range=""0.1, 1, 0.1""))"
w48_h,wpY3E8mY,1.84,1.62,3.46,0.1096,0.0967,0.0501,2.18,D,,GOOD,TOP3000,SECTOR,40,0.08,1,N,"group_rank(fnd6_newqv1300_cimiiq/assets, subindustry) + group_rank(ts_av_diff(cash/assets, 30), subindustry) + group_rank(ts_av_diff(cashflow_op/enterprise_value, 60), subindustry) + group_rank(-ts_delta(close, 2), subindustry) + rank(volume/ts_mean(volume, 60))"
w75_i,A10EvVje,2.22,1.24,3.46,0.3166,0.0986,0.0352,2.23,D,,AVERAGE,TOP3000,SUBINDUSTRY,3,0.08,1,N,"group_rank(anl4_fs_detail_estimate_1qf_v4_nd_cfi_low/assets, subindustry) + group_rank(ts_av_diff(cash/assets, 75), subindustry) + group_rank(-ts_delta(close, 5), subindustry) + rank(volume/ts_mean(volume, 90))"
w78_e,Jjxr3AjW,1.99,1.47,3.46,0.1983,0.1087,0.0568,1.22,D,,AVERAGE,TOP3000,SUBINDUSTRY,4,0.08,1,N,"group_rank(anl4_fs_detail_estimate_1qf_v4_nd_rd_exp_high/assets, subindustry) + group_rank(anl4_fs_detail_estimate_1qf_v4_nd_sga_median/assets, subindustry) + group_rank(ts_av_diff(cash/assets, 45), subindustry) + group_rank(ts_av_diff(cashflow_op/enterprise_value, 45), subindustry) + group_rank(-ts_delta(close, 10), subindustry) + rank(volume/ts_mean(volume, 150))"
w81_i,LL92k2Ze,1.98,1.47,3.45,0.1612,0.0893,0.0362,1.6,D,,AVERAGE,TOP3000,SUBINDUSTRY,4,0.08,1,N,"group_rank(anl4_fs_detail_estimate_1qf_v4_nd_totgw_median/assets, subindustry) + group_rank(anl4_fs_detail_estimates_advanced_af_nd_capex_std/assets, subindustry) + group_rank(ts_av_diff(cashflow_op/enterprise_value, 60), subindustry) + group_rank(-ts_delta(vwap, 10), subindustry)"
w90_k,d5O6zdXw,1.96,1.49,3.45,0.192,0.1103,0.059,0.59,D,,AVERAGE,TOP3000,SUBINDUSTRY,4,0.08,1,N,"group_rank(anl4_fs_detail_estimates_basic_qf_delay1_v4_nd_div_mean/assets, subindustry) + group_rank(anl4_fs_detail_estimates_basic_qf_v4_nd_cfps_median/assets, subindustry) + group_rank(ts_av_diff(cash/assets, 75), subindustry) + group_rank(ts_av_diff(cashflow_op/enterprise_value, 60), subindustry) + group_rank(-ts_delta(close, 8), subindustry) + rank(volume/ts_mean(volume, 150))"
j02_revt,pwPN9vrv,1.99,1.45,3.44,0.1944,0.1037,0.0876,2.24,D,,AVERAGE,TOP3000,SUBINDUSTRY,8,0.08,1,N,"group_rank(fnd6_mfma2_revt/assets, subindustry) + rank(-ts_delta(close, 2)) + rank(volume/ts_mean(volume, 60))"
g04_ebit_cash,0mREAEL2,1.97,1.46,3.43,0.1799,0.0983,0.0435,1.72,D,,AVERAGE,TOP3000,SUBINDUSTRY,8,0.08,1,N,"group_rank(ts_av_diff(ebit/enterprise_value, 60), subindustry) + group_rank(ts_av_diff(cash/assets, 30), subindustry) + rank(-ts_delta(close, 2))"
t2_d0_grp_pw,d5Oj9Y5Y,1.89,1.54,3.43,0.1333,0.089,0.0565,2.45,D,LOW_SHARPE,AVERAGE,TOP3000,INDUSTRY,12,0.08,0,N,"group_rank(-ts_delta(close, 2), subindustry) + group_rank(-ts_mean(abs(returns)/volume, 20), subindustry) + group_rank(operating_expense/assets, subindustry)"
w62_g,mLg0LYOK,2.27,1.16,3.43,0.4715,0.1228,0.0706,2.89,D,,AVERAGE,TOP3000,SUBINDUSTRY,2,0.08,1,N,"group_rank(fnd6_txds/assets, subindustry) + group_rank(ts_av_diff(cash/assets, 45), subindustry) + group_rank(ts_av_diff(cashflow_op/enterprise_value, 45), subindustry) + group_rank(-ts_delta(close, 2), subindustry) + rank(volume/ts_mean(volume, 60))"
w98_d,j23KEjGk,2.0,1.43,3.43,0.0484,0.0638,0.0279,0.96,D,LOW_SUB_UNIVERSE_SHARPE,AVERAGE,TOP3000,SUBINDUSTRY,2,0.08,0,N,"group_rank(-(fnd6_ni-fnd6_newa2_oancf)/assets, subindustry) + group_rank(-ts_delta((fnd6_dltt+fnd6_dlc)/assets, 66), subindustry)"
w60_b,MP1dYzQ8,2.32,1.1,3.42,0.483,0.1091,0.0411,2.08,D,,AVERAGE,TOP3000,SUBINDUSTRY,2,0.08,1,N,"group_rank(fnd6_newqv1300_cshopq/assets, subindustry) + group_rank(ts_av_diff(cash/assets, 45), subindustry) + group_rank(ts_av_diff(cashflow_op/enterprise_value, 45), subindustry) + group_rank(-ts_delta(close, 2), subindustry) + rank(volume/ts_mean(volume, 60))"
w79_d,1Yx0AR2X,2.0,1.42,3.42,0.2064,0.1045,0.0629,1.47,D,,AVERAGE,TOP3000,SUBINDUSTRY,4,0.08,1,N,"group_rank(anl4_fs_detail_estimates_advanced_af_nd_capex_std/assets, subindustry) + group_rank(anl4_fs_detail_estimate_1qf_v4_nd_rd_exp_high/assets, subindustry) + group_rank(ts_av_diff(cash/assets, 75), subindustry) + group_rank(ts_av_diff(cashflow_op/enterprise_value, 60), subindustry) + group_rank(-ts_delta(close, 8), subindustry) + rank(volume/ts_mean(volume, 150))"
w118_h,npKjpO13,2.12,1.29,3.41,0.2299,0.0857,0.039,1.91,D,,AVERAGE,TOP3000,SUBINDUSTRY,4,0.08,1,N,"group_rank(fnd6_tfvce/assets, bucket(rank(ts_delta(close, 120)), range=""0.1, 1, 0.1"")) + group_rank(fnd6_newqv1300_lnoq/assets, bucket(rank(ts_delta(close, 120)), range=""0.1, 1, 0.1"")) + group_rank(fnd6_newqv1300_xoptq/assets, bucket(rank(ts_delta(close, 120)), range=""0.1, 1, 0.1"")) + group_rank(ts_av_diff(cash/assets, 45), bucket(rank(ts_delta(close, 120)), range=""0.1, 1, 0.1"")) + group_rank(ts_av_diff(cashflow_op/enterprise_value, 45), bucket(rank(ts_delta(close, 120)), range=""0.1, 1, 0.1"")) + group_rank(-ts_delta(close, 2), bucket(rank(ts_delta(close, 120)), range=""0.1, 1, 0.1""))"
x2_novol_d30,P0Z7Ybe7,1.93,1.48,3.41,0.0757,0.0736,0.0493,2.06,D,,AVERAGE,TOP3000,SUBINDUSTRY,30,0.08,1,N,"group_rank(-ts_delta(close, 2), subindustry) + group_rank(fnd6_xopr/assets, subindustry)"
u3_cfev_d0,78Zj3zwL,1.87,1.53,3.4,0.1098,0.0834,0.0472,1.5,D,LOW_SHARPE,AVERAGE,TOP3000,SUBINDUSTRY,6,0.08,0,N,"group_rank(ts_av_diff(cashflow_op/enterprise_value, 60), subindustry)"
w38_b,qMW5OYX2,1.91,1.49,3.4,0.0882,0.0762,0.0284,0.84,D,,AVERAGE,TOP2000,SUBINDUSTRY,40,0.08,1,N,"group_rank(fnd6_newqv1300_ivstq/assets, subindustry) + group_rank(fnd6_xrent/assets, subindustry) + group_rank(ts_av_diff(cash/assets, 30), subindustry) + group_rank(-ts_delta(close, 2), subindustry) + rank(volume/ts_mean(volume, 60))"
w64_c,MP1e9356,2.16,1.24,3.4,0.42,0.1394,0.0641,2.77,D,,AVERAGE,TOP3000,SUBINDUSTRY,2,0.08,1,N,"group_rank(fnd6_newqv1300_ivstq/assets, subindustry) + group_rank(fnd6_newqv1300_cimiiq/assets, subindustry) + group_rank(fnd6_txtubxintis/assets, subindustry) + group_rank(ts_av_diff(cash/assets, 45), subindustry) + group_rank(ts_av_diff(cashflow_op/enterprise_value, 45), subindustry) + group_rank(-ts_delta(close, 2), subindustry) + rank(volume/ts_mean(volume, 60))"
w70_a,WjPoJdKk,2.1,1.3,3.4,0.3189,0.1216,0.0684,1.82,D,,AVERAGE,TOP3000,INDUSTRY,3,0.08,1,N,"group_rank(-anl4_fs_detail_estimate_1qf_v4_nd_sga_median/assets, industry) + group_rank(ts_av_diff(cash/assets, 60), industry) + group_rank(-ts_delta(close, 5), industry) + rank(volume/ts_mean(volume, 90))"
h09_cash_w5,rK5lW6gd,2.03,1.36,3.39,0.2106,0.0943,0.0578,2.35,D,,AVERAGE,TOP3000,SUBINDUSTRY,8,0.08,1,N,"group_rank(ts_av_diff(cash/assets, 30), subindustry) + rank(-ts_delta(close, 5)) + rank(volume/ts_mean(volume, 60))"
w61_h,d5OYGngw,2.24,1.15,3.39,0.47,0.1239,0.0382,1.02,D,LOW_FITNESS,INFERIOR,TOP1000,SUBINDUSTRY,2,0.08,0,N,"group_rank(fnd6_xrent/assets, subindustry) + group_rank(ts_av_diff(cash/assets, 60), subindustry) + group_rank(ts_av_diff(cashflow_op/enterprise_value, 45), subindustry) + group_rank(-ts_delta(close, 2), subindustry) + rank(volume/ts_mean(volume, 60))"
w75_b,om6ZLJPb,2.13,1.26,3.39,0.3792,0.1332,0.063,1.86,D,,AVERAGE,TOP3000,INDUSTRY,3,0.08,1,N,"group_rank(anl4_fs_detail_estimate_1qf_v4_nd_netdebt_high/assets, industry) + group_rank(fnd6_newqv1300_prcaq/assets, industry) + group_rank(-ts_delta(close, 5), industry) + rank(volume/ts_mean(volume, 90))"
w84_f,wpYvEJJl,2.01,1.38,3.39,0.2161,0.1024,0.053,1.05,D,,AVERAGE,TOP3000,SUBINDUSTRY,4,0.08,1,N,"group_rank(authorized_stock_buyback_amount/assets, subindustry) + group_rank(acquisition_total_purchase_value/assets, subindustry) + group_rank(-ts_delta(close, 10), subindustry) + rank(volume/ts_mean(volume, 120))"
f01_cash_rev,1YxdakJW,2.07,1.31,3.38,0.1985,0.0791,0.0321,2.52,D,,AVERAGE,TOP3000,SUBINDUSTRY,8,0.08,1,N,"group_rank(ts_av_diff(cash/assets, 30), subindustry) + rank(-ts_delta(close, 2))"
w37_i,QP3WOeqK,1.85,1.53,3.38,0.1196,0.086,0.0535,0.99,D,,GOOD,TOP2000,SUBINDUSTRY,40,0.08,1,N,"group_rank(fnd6_newqv1300_ivstq/assets, subindustry) + group_rank(fnd6_newqv1300_lol2q/assets, subindustry) + group_rank(fnd6_xrent/assets, subindustry) + group_rank(ts_av_diff(cash/assets, 30), subindustry) + group_rank(-ts_delta(close, 2), subindustry) + rank(volume/ts_mean(volume, 60))"
p6_xopr_cash_vol,ZY07Zw88,1.85,1.52,3.37,0.1169,0.0848,0.0439,1.45,D,,GOOD,TOP3000,SUBINDUSTRY,10,0.08,1,N,"group_rank(fnd6_xopr/assets, subindustry) + group_rank(ts_delta(cash/assets, 60), subindustry) + rank(volume/ts_mean(volume, 60))"
w86_f,kqVYjLLl,1.85,1.52,3.37,0.141,0.0947,0.0484,0.7,D,,GOOD,TOP3000,SUBINDUSTRY,4,0.08,1,N,"group_rank(annual_intangible_amortization_expense_second_year/assets, subindustry) + group_rank(-annual_intangible_assets_net_carrying_value/assets, subindustry) + 0.5*group_rank(-ts_delta(close, 10), subindustry) + 0.5*rank(volume/ts_mean(volume, 120))"
k09_cashmom_vol,QP37Pl1X,2.04,1.32,3.36,0.2168,0.0901,0.0538,2.58,D,,AVERAGE,TOP3000,SUBINDUSTRY,8,0.08,1,N,"group_rank(ts_delta(cash/assets, 60), subindustry) + rank(volume/ts_mean(volume, 60)) + rank(-ts_delta(close, 2))"
w103_f,blR1vwrZ,2.07,1.29,3.36,0.3931,0.1515,0.0613,1.6,D,LOW_FITNESS,INFERIOR,TOP3000,SUBINDUSTRY,1,0.08,0,N,"group_rank(authorized_stock_buyback_amount/assets, subindustry) + group_rank(-annual_intangible_assets_net_carrying_value/assets, subindustry) + group_rank(-historical_volatility_30, subindustry) + group_rank(ts_av_diff(cash/assets, 45), subindustry) + group_rank(ts_av_diff(cashflow_op/enterprise_value, 45), subindustry) + group_rank(-ts_delta(close, 10), subindustry) + rank(volume/ts_mean(volume, 120))"
w111_b,N1QE7oae,2.05,1.31,3.36,0.2377,0.0969,0.052,1.77,D,,AVERAGE,TOP3000,SUBINDUSTRY,4,0.08,1,N,"group_rank(anl4_fs_detail_estimate_1qf_v4_nd_ebit_low/assets, bucket(rank(ts_mean(volume*close, 20)), range=""0.1, 1, 0.1"")) + group_rank(anl4_fs_detail_estimate_1qf_v4_nd_sh_equity_median/assets, bucket(rank(ts_mean(volume*close, 20)), range=""0.1, 1, 0.1"")) + group_rank(ts_av_diff(cash/assets, 45), bucket(rank(ts_mean(volume*close, 20)), range=""0.1, 1, 0.1"")) + group_rank(ts_av_diff(cashflow_op/enterprise_value, 45), bucket(rank(ts_mean(volume*close, 20)), range=""0.1, 1, 0.1"")) + group_rank(-ts_delta(close, 2), bucket(rank(ts_mean(volume*close, 20)), range=""0.1, 1, 0.1"")) + group_rank(volume/ts_mean(volume, 60), bucket(rank(ts_mean(volume*close, 20)), range=""0.1, 1, 0.1""))"
w115_a,LL9owNYe,1.9,1.46,3.36,0.2139,0.1259,0.0489,1.05,D,,AVERAGE,TOP3000,MARKET,4,0.08,1,N,"group_rank(fnd6_newqv1300_txdbq/assets, bucket(rank(ts_mean(volume*close, 20)), range=""0.1, 1, 0.1"")) + group_rank(fnd6_newqv1300_lnoq/assets, bucket(rank(ts_mean(volume*close, 20)), range=""0.1, 1, 0.1"")) + group_rank(ts_av_diff(cash/assets, 45), bucket(rank(ts_mean(volume*close, 20)), range=""0.1, 1, 0.1"")) + group_rank(ts_av_diff(cashflow_op/enterprise_value, 45), bucket(rank(ts_mean(volume*close, 20)), range=""0.1, 1, 0.1"")) + group_rank(-ts_delta(close, 2), bucket(rank(ts_mean(volume*close, 20)), range=""0.1, 1, 0.1"")) + group_rank(volume/ts_mean(volume, 60), bucket(rank(ts_mean(volume*close, 20)), range=""0.1, 1, 0.1""))"
w33_a,9qVE11b2,1.99,1.37,3.36,0.1675,0.0789,0.0431,1.41,D,,AVERAGE,TOP3000,SUBINDUSTRY,12,0.08,1,N,"group_rank(fnd6_newqv1300_cshopq/assets, subindustry) + group_rank(fnd6_xrent/assets, subindustry) + group_rank(ts_av_diff(cash/assets, 30), subindustry) + group_rank(-ts_delta(close, 2), subindustry) + rank(volume/ts_mean(volume, 60))"
d5_d1_grev_xo_corr,xAYjok7b,1.86,1.49,3.35,0.0613,0.0799,0.056,1.65,D,,AVERAGE,TOP3000,SUBINDUSTRY,40,0.08,1,N,"group_rank(-ts_delta(close, 2), subindustry) + group_rank(fnd6_xopr/assets, subindustry) + rank(-ts_corr(close, volume, 60))"
w105_a,9qVOOzjd,1.94,1.41,3.35,0.1332,0.0705,0.0304,1.15,D,,AVERAGE,TOP3000,SUBINDUSTRY,4,0.08,1,N,"group_rank(anl4_fs_detail_estimate_1qf_v4_nd_totassets_mean/assets, subindustry) + group_rank(-anl4_fs_detail_estimates_advanced_af_nd_capex_median/assets, subindustry) + 0.5*group_rank(-ts_delta(close, 10), subindustry) + 0.5*rank(volume/ts_mean(volume, 120))"
w66_c,P0ZYvALK,2.23,1.12,3.35,0.417,0.1046,0.0385,1.99,D,,AVERAGE,TOP3000,SUBINDUSTRY,2,0.08,1,N,"group_rank(anl4_fs_detail_estimates_advanced_af_nd_capex_number/assets, subindustry) + group_rank(fnd6_txtubxintis/assets, subindustry) + group_rank(ts_av_diff(cash/assets, 45), subindustry) + group_rank(ts_av_diff(cashflow_op/enterprise_value, 45), subindustry) + group_rank(-ts_delta(close, 2), subindustry) + rank(volume/ts_mean(volume, 60))"
x3_vwap5_d20,A10lzR7W,1.79,1.56,3.35,0.1297,0.0979,0.0538,2.09,D,,GOOD,TOP3000,SUBINDUSTRY,20,0.08,1,N,"group_rank(-ts_delta(close, 2), subindustry) + group_rank(fnd6_xopr/assets, subindustry) + rank(-ts_delta(vwap, 5))"
w105_e,akL99xRx,2.03,1.31,3.34,0.2295,0.0961,0.0605,1.21,D,,AVERAGE,TOP3000,SUBINDUSTRY,4,0.08,1,N,"group_rank(fnd6_xintopt/assets, subindustry) + group_rank(fnd6_tfvce/assets, subindustry) + 0.5*group_rank(-ts_delta(close, 10), subindustry) + 0.5*rank(volume/ts_mean(volume, 120))"
w88_a,Vk6R6W8V,1.8,1.54,3.34,0.1217,0.0913,0.0519,0.75,D,,GOOD,TOP3000,SUBINDUSTRY,4,0.08,1,N,"group_rank(common_stock_repurchase_payment/assets, subindustry) + group_rank(-annual_intangible_assets_net_carrying_value/assets, subindustry) + 0.5*group_rank(-ts_delta(close, 10), subindustry) + 0.5*rank(volume/ts_mean(volume, 120))"
h12_opex_vol5,wpYleY3p,1.96,1.37,3.33,0.1867,0.0912,0.0382,2.4,D,,AVERAGE,TOP3000,SUBINDUSTRY,8,0.08,1,N,"group_rank(operating_expense/assets, subindustry) + rank(-ts_delta(close, 5)) + rank(volume/ts_mean(volume, 60))"
k05_revt_rev5,78Zj88LL,1.91,1.42,3.33,0.1835,0.1011,0.0777,1.93,D,,AVERAGE,TOP3000,SUBINDUSTRY,8,0.08,1,N,"group_rank(fnd6_mfma2_revt/assets, subindustry) + rank(volume/ts_mean(volume, 60)) + rank(-ts_delta(close, 5))"
w39_j,rK50GvOm,1.73,1.6,3.33,0.0931,0.1066,0.0607,0.53,D,,GOOD,TOP3000,SUBINDUSTRY,40,0.08,1,N,"group_rank(fnd6_newqv1300_txdbq/assets, subindustry) + group_rank(fnd6_xrent/assets, subindustry) + group_rank(ts_av_diff(cash/assets, 30), subindustry) + group_rank(-ts_delta(close, 2), subindustry) + rank(volume/ts_mean(volume, 60))"
w86_g,XgWO7oqb,1.82,1.51,3.33,0.0957,0.0864,0.0472,1.27,D,,GOOD,TOP3000,SUBINDUSTRY,4,0.08,1,N,"2*group_rank(authorized_stock_buyback_amount/assets, subindustry) + group_rank(-annual_intangible_assets_net_carrying_value/assets, subindustry) + 0.5*group_rank(-ts_delta(close, 10), subindustry) + 0.5*rank(volume/ts_mean(volume, 120))"
w33_c,58Qj07Yk,2.03,1.29,3.32,0.1768,0.0711,0.0287,1.07,D,,AVERAGE,TOP3000,SUBINDUSTRY,8,0.08,1,N,"group_rank(fnd6_newqv1300_cshopq/assets, subindustry) + group_rank(fnd6_xrent/assets, subindustry) + group_rank(fnd6_xopr/assets, subindustry) + group_rank(-ts_delta(close, 2), subindustry) + rank(volume/ts_mean(volume, 60))"
w113_h,le8wvNN5,1.81,1.5,3.31,0.0747,0.0864,0.0484,0.32,D,,AVERAGE,TOP3000,SUBINDUSTRY,4,0.08,1,N,"group_rank(fnd6_tstkc/assets, bucket(rank(cap), range=""0.1, 1, 0.1"")) + group_rank(fnd6_lifr/assets, bucket(rank(cap), range=""0.1, 1, 0.1"")) + group_rank(fnd6_intc/assets, bucket(rank(cap), range=""0.1, 1, 0.1"")) + group_rank(fnd6_tfvce/assets, bucket(rank(cap), range=""0.1, 1, 0.1"")) + group_rank(ts_av_diff(cash/assets, 45), bucket(rank(cap), range=""0.1, 1, 0.1"")) + group_rank(ts_av_diff(cashflow_op/enterprise_value, 45), bucket(rank(cap), range=""0.1, 1, 0.1""))"
w76_e,blRA8jmZ,1.89,1.42,3.31,0.2155,0.1214,0.0743,1.02,D,,AVERAGE,TOP3000,INDUSTRY,4,0.08,1,N,"group_rank(anl4_fs_detail_estimate_1qf_v4_nd_rd_exp_high/assets, industry) + group_rank(ts_av_diff(cash/assets, 45), industry) + group_rank(ts_av_diff(cashflow_op/enterprise_value, 45), industry) + group_rank(-ts_delta(close, 10), industry) + rank(volume/ts_mean(volume, 120))"
w84_g,YP59gv8J,1.91,1.4,3.31,0.1829,0.0987,0.0458,1.16,D,,AVERAGE,TOP3000,SUBINDUSTRY,4,0.08,1,N,"group_rank(authorized_stock_buyback_amount/assets, subindustry) + group_rank(annual_intangible_assets_net_carrying_value/assets, subindustry) + group_rank(accumulated_oci_net_of_tax_value/assets, subindustry) + group_rank(-ts_delta(close, 10), subindustry) + rank(volume/ts_mean(volume, 120))"
w69_c,QP3NzYPG,1.99,1.31,3.3,0.3194,0.1378,0.0658,1.6,D,,AVERAGE,TOP3000,INDUSTRY,3,0.08,1,N,"group_rank(anl4_fs_detail_estimate_1qf_v4_nd_cff_mean/assets, industry) + group_rank(ts_av_diff(cashflow_op/enterprise_value, 45), industry) + group_rank(-ts_delta(close, 5), industry) + rank(volume/ts_mean(volume, 90))"
w94_i,YP5O9pll,1.8,1.5,3.3,0.1807,0.1251,0.0635,1.0,D,LOW_SHARPE,AVERAGE,TOP3000,SUBINDUSTRY,4,0.08,0,N,"group_rank(authorized_stock_buyback_amount/assets, subindustry) + group_rank(-annual_intangible_assets_net_carrying_value/assets, subindustry) + group_rank(close/ts_mean(close, 250), subindustry) + group_rank(ts_av_diff(cash/assets, 45), subindustry) + group_rank(ts_av_diff(cashflow_op/enterprise_value, 45), subindustry) + group_rank(-ts_delta(close, 10), subindustry) + rank(volume/ts_mean(volume, 120))"
w27_txdbq_ivstq,O0r82gGR,1.86,1.43,3.29,0.1788,0.1051,0.0695,2.61,D,,AVERAGE,TOP3000,SUBINDUSTRY,8,0.08,1,N,"group_rank(fnd6_newqv1300_txdbq/assets, subindustry) + group_rank(fnd6_newqv1300_ivstq/assets, subindustry) + group_rank(ts_av_diff(cashflow_op/enterprise_value, 60), subindustry) + rank(-ts_delta(close, 2)) + rank(volume/ts_mean(volume, 60))"
w40_i,YP5lJKRM,1.74,1.55,3.29,0.1129,0.099,0.0556,0.78,D,,GOOD,TOP3000,SUBINDUSTRY,40,0.08,1,N,"group_rank(fnd6_newqv1300_mibtq/assets, subindustry) + group_rank(fnd6_newqv1300_lol2q/assets, subindustry) + group_rank(fnd6_xrent/assets, subindustry) + group_rank(ts_av_diff(cash/assets, 30), subindustry) + group_rank(-ts_delta(close, 2), subindustry) + rank(volume/ts_mean(volume, 60))"
c5_xrent,rK5jnVn1,1.82,1.46,3.28,0.0728,0.0799,0.0358,0.89,D,,AVERAGE,TOP3000,SUBINDUSTRY,40,0.08,1,N,"group_rank(-ts_delta(close, 2), subindustry) + group_rank(fnd6_xrent/assets, subindustry)"
e2_twhen,akL78pO9,1.89,1.38,3.27,0.0558,0.0664,0.057,1.96,D,,AVERAGE,TOP3000,SUBINDUSTRY,40,0.08,1,N,"trade_when(rank(volume/ts_mean(volume,60)) > 0.5, group_rank(-ts_delta(close, 2), subindustry) + group_rank(fnd6_xopr/assets, subindustry), -1)"
w34_h,le8MX0M8,1.93,1.34,3.27,0.2139,0.103,0.0634,2.36,D,,AVERAGE,TOP3000,SUBINDUSTRY,8,0.08,1,N,"group_rank(fnd6_newqv1300_mibtq/assets, subindustry) + group_rank(fnd6_newqv1300_cimiiq/assets, subindustry) + group_rank(ts_av_diff(cashflow_op/enterprise_value, 60), subindustry) + group_rank(-ts_delta(close, 2), subindustry) + rank(volume/ts_mean(volume, 60))"
w84_h,P0ZAOG8L,1.92,1.35,3.27,0.199,0.0989,0.063,0.78,D,,AVERAGE,TOP3000,SUBINDUSTRY,4,0.08,1,N,"group_rank(authorized_stock_buyback_amount/assets, subindustry) + group_rank(annual_intangible_assets_net_carrying_value/assets, subindustry) + group_rank(ts_av_diff(cash/assets, 45), subindustry) + group_rank(-ts_delta(close, 10), subindustry) + rank(volume/ts_mean(volume, 120))"
w91_h,LL9wrW69,1.79,1.47,3.26,0.1212,0.0844,0.0496,0.5,D,,AVERAGE,TOP3000,SUBINDUSTRY,4,0.08,1,N,"group_rank(anl4_fs_detail_estimate_1qf_v4_nd_ptpr_mean/assets, subindustry) + group_rank(anl4_fs_detail_estimate_1qf_v4_nd_totassets_median/assets, subindustry) + 0.45*group_rank(ts_av_diff(cash/assets, 45), subindustry) + 0.45*group_rank(ts_av_diff(cashflow_op/enterprise_value, 45), subindustry) + 0.45*group_rank(-ts_delta(close, 10), subindustry) + 0.45*rank(volume/ts_mean(volume, 120))"
w61_c,1YxO8gpM,2.17,1.07,3.24,0.4752,0.1159,0.0526,0.85,D,,AVERAGE,TOP1000,SUBINDUSTRY,2,0.08,1,N,"group_rank(fnd6_newqv1300_mibtq/assets, subindustry) + group_rank(ts_av_diff(cash/assets, 45), subindustry) + group_rank(ts_av_diff(cashflow_op/enterprise_value, 45), subindustry) + group_rank(-ts_delta(close, 2), subindustry) + rank(volume/ts_mean(volume, 60))"
w63_e,XgWv6vNX,1.69,1.55,3.24,0.1175,0.1054,0.052,0.28,D,,GOOD,TOP3000,SUBINDUSTRY,4,0.08,1,N,"group_rank(fnd6_xrent/assets, subindustry) + group_rank(fnd6_txtubxintis/assets, subindustry) + group_rank(ts_av_diff(cash/assets, 45), subindustry) + group_rank(ts_av_diff(cashflow_op/enterprise_value, 45), subindustry)"
w120_d,om6bxRll,1.78,1.45,3.23,0.1279,0.0852,0.0654,0.75,D,,AVERAGE,TOP3000,SUBINDUSTRY,4,0.08,1,N,"group_rank(fnd6_tstkc/assets, bucket(rank(ts_rank(cap, 250)), range=""0.1, 1, 0.1"")) + group_rank(fnd6_cicurr/assets, bucket(rank(ts_rank(cap, 250)), range=""0.1, 1, 0.1"")) + group_rank(fnd6_tfvce/assets, bucket(rank(ts_rank(cap, 250)), range=""0.1, 1, 0.1"")) + group_rank(ts_av_diff(cash/assets, 45), bucket(rank(ts_rank(cap, 250)), range=""0.1, 1, 0.1"")) + group_rank(ts_av_diff(cashflow_op/enterprise_value, 45), bucket(rank(ts_rank(cap, 250)), range=""0.1, 1, 0.1"")) + group_rank(if_else(rank(ts_regression(rank(returns), rank(vec_avg(anl4_basicdetailrec_ratingvalue)), 120, lag=0, rettype=2))>0.6, -ts_av_diff(vec_avg(anl4_basicdetailrec_ratingvalue), 120), 0), bucket(rank(ts_rank(cap, 250)), range=""0.1, 1, 0.1""))"
w68_g,6XroZ3aY,1.94,1.28,3.22,0.3007,0.1309,0.1069,1.95,D,,AVERAGE,TOP3000,INDUSTRY,2,0.08,1,N,"group_rank(anl4_fs_detail_estimate_1qf_v4_nd_ptpr_mean/assets, industry) + group_rank(-anl4_fs_detail_estimate_1qf_v4_nd_sga_median/assets, industry) + group_rank(-ts_rank(close, 10), industry)"
w44_c,9qVG2lxK,1.73,1.48,3.21,0.122,0.0917,0.0442,1.66,D,,AVERAGE,TOP3000,SUBINDUSTRY,25,0.08,1,N,"group_rank(fnd6_newqv1300_cimiiq/assets, subindustry) + group_rank(fnd6_newqv1300_mibtq/assets, subindustry) + group_rank(ts_av_diff(cash/assets, 30), subindustry) + group_rank(ts_av_diff(cashflow_op/enterprise_value, 60), subindustry) + group_rank(-ts_delta(close, 2), subindustry) + rank(volume/ts_mean(volume, 60))"
m04_tw_revt,om6q7oJE,1.84,1.36,3.2,0.1622,0.0886,0.0624,1.88,D,,AVERAGE,TOP3000,SUBINDUSTRY,8,0.08,1,N,"trade_when(ts_rank(volume, 60) > 0.3, group_rank(fnd6_mfma2_revt/assets, subindustry) + rank(-ts_delta(close, 2)), -1)"
w86_a,Jjx2G63n,1.75,1.45,3.2,0.131,0.0895,0.0485,1.07,D,,AVERAGE,TOP3000,SUBINDUSTRY,4,0.08,1,N,"group_rank(authorized_stock_buyback_amount/assets, subindustry) + group_rank(annual_deferred_income_tax_expense/assets, subindustry) + 0.5*group_rank(-ts_delta(close, 10), subindustry) + 0.5*rank(volume/ts_mean(volume, 120))"
x4_vwap5_d30,pwPjGqbq,1.73,1.47,3.2,0.0977,0.0899,0.0577,2.15,D,,AVERAGE,TOP3000,SUBINDUSTRY,30,0.08,1,N,"group_rank(-ts_delta(close, 2), subindustry) + group_rank(fnd6_xopr/assets, subindustry) + rank(-ts_delta(vwap, 5))"
j12_amb_opex_vol,wpYj8X3x,1.79,1.4,3.19,0.0954,0.0769,0.0437,1.99,D,,AVERAGE,TOP3000,SUBINDUSTRY,12,0.08,1,N,"group_rank(-ts_mean(abs(returns)/volume, 20), subindustry) + group_rank(operating_expense/assets, subindustry) + rank(volume/ts_mean(volume, 60))"
w66_g,QP3NQAVw,2.07,1.12,3.19,0.3225,0.0949,0.0365,1.64,D,,AVERAGE,TOP3000,SUBINDUSTRY,3,0.08,1,N,"group_rank(anl4_fs_detail_estimates_advanced_af_nd_capex_number/assets, subindustry) + group_rank(fnd6_txtubxintis/assets, subindustry) + group_rank(ts_av_diff(cash/assets, 60), subindustry) + group_rank(ts_av_diff(cashflow_op/enterprise_value, 45), subindustry) + group_rank(-ts_delta(close, 2), subindustry) + rank(volume/ts_mean(volume, 60))"
w71_f,9qVd5b6r,1.89,1.3,3.19,0.2377,0.1122,0.0691,2.38,D,,AVERAGE,TOP3000,INDUSTRY,3,0.08,1,N,"group_rank(anl4_fs_detail_estimate_1qf_v4_nd_cfi_low/assets, industry) + group_rank(-anl4_fs_detail_estimate_1qf_v4_nd_sga_median/assets, industry) + group_rank(-ts_rank(close, 10), industry)"
k07_int_rev5,LL97LxNM,1.72,1.46,3.18,0.1194,0.0901,0.0555,1.4,D,,AVERAGE,TOP3000,SUBINDUSTRY,8,0.08,1,N,"rank(-ts_mean(returns, 3)) * rank(volume/ts_mean(volume, 60)) + group_rank(fnd6_mfma2_revt/assets, subindustry)"
w99_b,mLgWk0LW,1.92,1.26,3.18,0.0554,0.0542,0.0234,1.74,D,"LOW_SHARPE,LOW_FITNESS",INFERIOR,TOP3000,SUBINDUSTRY,2,0.08,0,N,"group_rank(ts_delta((eps - est_epsr), 66), subindustry)"
w113_c,pwPbRzZg,1.79,1.38,3.17,0.082,0.0748,0.0252,0.74,D,,AVERAGE,TOP3000,SUBINDUSTRY,4,0.08,1,N,"group_rank(fnd6_cicurr/assets, bucket(rank(ts_mean(volume*close, 20)), range=""0.1, 1, 0.1"")) + group_rank(-anl4_fs_detail_estimate_1qf_v4_nd_fcf_low/assets, bucket(rank(ts_mean(volume*close, 20)), range=""0.1, 1, 0.1"")) + group_rank(ts_av_diff(cash/assets, 45), bucket(rank(ts_mean(volume*close, 20)), range=""0.1, 1, 0.1"")) + group_rank(ts_av_diff(cashflow_op/enterprise_value, 45), bucket(rank(ts_mean(volume*close, 20)), range=""0.1, 1, 0.1""))"
w49_f,QP3O9Kzr,1.75,1.42,3.17,0.1167,0.0822,0.0405,1.76,D,,AVERAGE,TOP3000,SUBINDUSTRY,25,0.08,1,N,"trade_when(volume > ts_mean(volume, 20), group_rank(fnd6_newqv1300_cimiiq/assets, subindustry) + group_rank(ts_av_diff(cash/assets, 30), subindustry) + group_rank(ts_av_diff(cashflow_op/enterprise_value, 60), subindustry) + group_rank(-ts_delta(close, 2), subindustry) + rank(volume/ts_mean(volume, 60)), -1)"
w8_revt_d20,P0Z7Y7Z7,1.71,1.46,3.17,0.0968,0.0916,0.0848,1.84,D,,AVERAGE,TOP3000,SUBINDUSTRY,20,0.08,1,N,"group_rank(fnd6_mfma2_revt/assets, subindustry) + rank(-ts_delta(close, 2)) + rank(volume/ts_mean(volume, 60))"
f08_opex_rev,9qVra9ke,1.87,1.29,3.16,0.1635,0.0783,0.041,2.84,D,,AVERAGE,TOP3000,SUBINDUSTRY,8,0.08,1,N,"group_rank(operating_expense/assets, subindustry) + rank(-ts_delta(close, 2))"
w45_a,Vk6MLKvM,1.72,1.44,3.16,0.0891,0.0875,0.0432,1.15,D,,AVERAGE,TOP3000,SUBINDUSTRY,40,0.08,1,N,"group_rank(fnd6_newqv1300_mibtq/assets, subindustry) + group_rank(ts_av_diff(cash/assets, 30), subindustry) + group_rank(ts_av_diff(cashflow_op/enterprise_value, 60), subindustry) + group_rank(-ts_delta(close, 2), subindustry) + rank(volume/ts_mean(volume, 60))"
x6_d0_cfevebit,LL97zJP2,1.74,1.42,3.16,0.1397,0.0936,0.054,1.42,D,LOW_SHARPE,AVERAGE,TOP3000,SUBINDUSTRY,6,0.08,0,N,"group_rank(ts_av_diff(cashflow_op/enterprise_value,60),subindustry) + group_rank(ts_av_diff(ebit/enterprise_value,30),subindustry)"
w75_c,0mR5XJJk,2.0,1.15,3.15,0.3647,0.1203,0.0485,2.31,D,,AVERAGE,TOP3000,INDUSTRY,3,0.08,1,N,"group_rank(anl4_fs_detail_estimate_1qf_v4_nd_cfi_low/assets, industry) + group_rank(fnd6_newqv1300_spceepsq/assets, industry) + group_rank(-ts_delta(close, 5), industry) + rank(volume/ts_mean(volume, 90))"
e5_twhen2,YP57oqVJ,1.81,1.33,3.14,0.06,0.0673,0.0522,2.02,D,,AVERAGE,TOP3000,SUBINDUSTRY,40,0.08,1,N,"trade_when(ts_rank(volume, 60) < 0.9, group_rank(-ts_delta(close, 2), subindustry) + group_rank(fnd6_xopr/assets, subindustry), -1)"
w33_e,KPOmdkxx,1.81,1.33,3.14,0.2173,0.1181,0.0938,1.87,D,,AVERAGE,TOP3000,SUBINDUSTRY,8,0.08,1,N,"group_rank(fnd6_newqv1300_txdbq/assets, subindustry) + group_rank(ts_av_diff(cashflow_op/enterprise_value, 60), subindustry) + group_rank(-ts_delta(close, 2), subindustry) + rank(volume/ts_mean(volume, 60))"
w70_g,e79VPwl6,1.98,1.16,3.14,0.3154,0.1082,0.0563,1.42,D,,AVERAGE,TOP3000,INDUSTRY,3,0.08,1,N,"group_rank(anl4_fs_detail_estimate_1qf_v4_nd_totgw_median/assets, industry) + group_rank(ts_av_diff(cash/assets, 60), industry) + group_rank(-ts_delta(close, 5), industry) + rank(volume/ts_mean(volume, 90))"
n01_xopr_norev,kqVj7vq6,1.79,1.31,3.1,0.108,0.0668,0.0503,1.59,D,,AVERAGE,TOP3000,SUBINDUSTRY,12,0.08,1,N,"group_rank(fnd6_xopr/assets, subindustry) + rank(volume/ts_mean(volume, 60))"
w120_g,YP5VRoQM,1.79,1.31,3.1,0.1175,0.0672,0.026,0.28,D,LOW_SUB_UNIVERSE_SHARPE,AVERAGE,TOP3000,SUBINDUSTRY,4,0.08,1,N,"group_rank(fnd6_tstkc/assets, bucket(rank(debt_lt/assets), range=""0.1, 1, 0.1"")) + group_rank(fnd6_cicurr/assets, bucket(rank(debt_lt/assets), range=""0.1, 1, 0.1"")) + group_rank(fnd6_intc/assets, bucket(rank(debt_lt/assets), range=""0.1, 1, 0.1"")) + group_rank(ts_av_diff(cash/assets, 45), bucket(rank(debt_lt/assets), range=""0.1, 1, 0.1"")) + group_rank(ts_av_diff(cashflow_op/enterprise_value, 45), bucket(rank(debt_lt/assets), range=""0.1, 1, 0.1"")) + group_rank(-ts_av_diff(vec_avg(anl4_eaz2lrec_ratingvalue), 120), bucket(rank(debt_lt/assets), range=""0.1, 1, 0.1""))"
w29_a,blRO09qq,1.97,1.13,3.1,0.3908,0.1286,0.0684,2.92,D,"LOW_SHARPE,LOW_FITNESS",INFERIOR,TOP3000,SUBINDUSTRY,8,0.08,0,N,"group_rank(fnd6_txdbcl/assets, subindustry) + group_rank(-ts_delta(close, 2), subindustry) + rank(volume/ts_mean(volume, 60))"
w33_m,A10QMWWw,1.8,1.3,3.1,0.1371,0.0719,0.0459,1.17,D,,AVERAGE,TOP3000,SUBINDUSTRY,20,0.08,1,N,"group_rank(fnd6_newqv1300_cshopq/assets, subindustry) + group_rank(fnd6_xrent/assets, subindustry) + group_rank(ts_av_diff(cash/assets, 30), subindustry) + group_rank(-ts_delta(close, 2), subindustry) + rank(volume/ts_mean(volume, 60))"
w98_g,j23KR5ak,1.7,1.4,3.1,0.0446,0.0844,0.0647,0.92,D,"LOW_SHARPE,LOW_SUB_UNIVERSE_SHARPE",AVERAGE,TOP3000,SUBINDUSTRY,2,0.08,0,N,"group_rank(-(fnd6_ni-fnd6_newa2_oancf)/assets, subindustry) + group_rank(fnd6_gp/assets, subindustry) + group_rank(ts_delta(fnd6_sale/assets, 66), subindustry) + group_rank(-ts_delta((fnd6_dltt+fnd6_dlc)/assets, 66), subindustry)"
w115_d,KPOApZNz,1.79,1.29,3.08,0.2096,0.1087,0.0503,0.91,D,,AVERAGE,TOP3000,MARKET,4,0.08,1,N,"group_rank(fnd6_cicurr/assets, bucket(rank(ts_std_dev(returns, 20)), range=""0.1, 1, 0.1"")) + group_rank(fnd6_newqv1300_txdbq/assets, bucket(rank(ts_std_dev(returns, 20)), range=""0.1, 1, 0.1"")) + group_rank(ts_av_diff(cash/assets, 45), bucket(rank(ts_std_dev(returns, 20)), range=""0.1, 1, 0.1"")) + group_rank(ts_av_diff(cashflow_op/enterprise_value, 45), bucket(rank(ts_std_dev(returns, 20)), range=""0.1, 1, 0.1"")) + group_rank(-ts_delta(close, 2), bucket(rank(ts_std_dev(returns, 20)), range=""0.1, 1, 0.1"")) + group_rank(volume/ts_mean(volume, 60), bucket(rank(ts_std_dev(returns, 20)), range=""0.1, 1, 0.1""))"
w91_k,Jjxk1YLA,1.62,1.45,3.07,0.1194,0.0995,0.0685,0.76,D,,AVERAGE,TOP3000,SUBINDUSTRY,4,0.08,1,N,"group_rank(authorized_stock_buyback_amount/assets, subindustry) + group_rank(anl4_fs_detail_estimate_1qf_v4_nd_ptpr_mean/assets, subindustry) + 0.4*group_rank(ts_av_diff(cash/assets, 45), subindustry) + 0.4*group_rank(ts_av_diff(cashflow_op/enterprise_value, 45), subindustry) + 0.4*group_rank(-ts_delta(close, 10), subindustry) + 0.4*rank(volume/ts_mean(volume, 120))"
c8_gr5_xo,O0r723j1,1.74,1.32,3.06,0.0581,0.0722,0.0555,1.93,D,,AVERAGE,TOP3000,SUBINDUSTRY,40,0.08,1,N,"group_rank(-ts_delta(close, 5), subindustry) + group_rank(fnd6_xopr/assets, subindustry)"
w113_b,58QKzWON,1.69,1.37,3.06,0.0773,0.0819,0.0382,0.25,D,,AVERAGE,TOP3000,SUBINDUSTRY,4,0.08,1,N,"group_rank(fnd6_tstkc/assets, bucket(rank(cap), range=""0.1, 1, 0.1"")) + group_rank(anl4_fs_detail_estimate_1qf_v4_nd_ebit_low/assets, bucket(rank(cap), range=""0.1, 1, 0.1"")) + group_rank(-anl4_fs_detail_estimate_1qf_v4_nd_fcf_low/assets, bucket(rank(cap), range=""0.1, 1, 0.1"")) + group_rank(ts_av_diff(cash/assets, 45), bucket(rank(cap), range=""0.1, 1, 0.1"")) + group_rank(ts_av_diff(cashflow_op/enterprise_value, 45), bucket(rank(cap), range=""0.1, 1, 0.1""))"
w29_d,le8KwKz5,1.86,1.2,3.06,0.2352,0.0983,0.0608,2.27,D,"LOW_SHARPE,LOW_FITNESS",INFERIOR,TOP3000,SUBINDUSTRY,8,0.08,0,N,"group_rank(fnd6_txtubxintis/assets, subindustry) + group_rank(-ts_delta(close, 2), subindustry) + rank(volume/ts_mean(volume, 60))"
w75_h,RRVP6dlb,1.93,1.11,3.04,0.3141,0.1047,0.0542,1.1,D,,AVERAGE,TOP3000,INDUSTRY,3,0.08,1,N,"group_rank(anl4_fs_detail_estimate_1qf_v4_nd_sga_median/assets, industry) + group_rank(anl4_fs_detail_estimate_1qf_v4_nd_totgw_median/assets, industry) + group_rank(fnd6_newqv1300_xoptdq/assets, industry) + group_rank(-ts_delta(close, 5), industry) + rank(volume/ts_mean(volume, 90))"
w85_c,le8NWe07,1.73,1.31,3.04,0.0481,0.0722,0.0545,1.26,D,,AVERAGE,TOP3000,SUBINDUSTRY,4,0.08,1,N,"group_rank(authorized_stock_buyback_amount/assets, subindustry) + group_rank(-annual_intangible_assets_net_carrying_value/assets, subindustry) + 0.15*group_rank(-ts_delta(close, 10), subindustry) + 0.15*rank(volume/ts_mean(volume, 120))"
l04_int_vwap_revt,0mRwOQR6,1.66,1.37,3.03,0.1235,0.0856,0.0846,1.84,D,,AVERAGE,TOP3000,SUBINDUSTRY,8,0.08,1,N,"rank(-ts_delta(vwap, 2)) * rank(volume/ts_mean(volume, 60)) + group_rank(fnd6_mfma2_revt/assets, subindustry)"
w64_b,JjxWRnME,1.88,1.14,3.02,0.3995,0.1465,0.0827,2.41,D,,AVERAGE,TOP3000,SUBINDUSTRY,2,0.08,1,N,"group_rank(fnd6_newqv1300_cimiiq/assets, subindustry) + group_rank(fnd6_txtubxintis/assets, subindustry) + group_rank(fnd6_txtubpospinc/assets, subindustry) + group_rank(ts_av_diff(cash/assets, 45), subindustry) + group_rank(ts_av_diff(cashflow_op/enterprise_value, 45), subindustry) + group_rank(-ts_delta(close, 2), subindustry) + rank(volume/ts_mean(volume, 60))"
k01_int_revt,rK5j1NX1,1.65,1.36,3.01,0.1231,0.085,0.0858,1.73,D,,AVERAGE,TOP3000,SUBINDUSTRY,8,0.08,1,N,"rank(-ts_delta(close, 2)) * rank(volume/ts_mean(volume, 60)) + group_rank(fnd6_mfma2_revt/assets, subindustry)"
w26_txdbq,d5O1vVRK,1.71,1.3,3.01,0.195,0.1128,0.1004,1.77,D,,AVERAGE,TOP3000,SUBINDUSTRY,8,0.08,1,N,"group_rank(fnd6_newqv1300_txdbq/assets, subindustry) + group_rank(ts_av_diff(cashflow_op/enterprise_value, 60), subindustry) + rank(-ts_delta(close, 2)) + rank(volume/ts_mean(volume, 60))"
w47_d,E5vNE16R,1.64,1.37,3.01,0.1157,0.0871,0.0411,0.99,D,,AVERAGE,TOP1000,SUBINDUSTRY,25,0.08,1,N,"group_rank(fnd6_newqv1300_ivstq/assets, subindustry) + group_rank(fnd6_xrent/assets, subindustry) + group_rank(ts_av_diff(cashflow_op/enterprise_value, 60), subindustry) + group_rank(-ts_delta(close, 2), subindustry) + rank(volume/ts_mean(volume, 60))"
w83_f,XgWOnY2l,1.82,1.19,3.01,0.2185,0.093,0.0508,0.51,D,,AVERAGE,TOP3000,SUBINDUSTRY,4,0.08,1,N,"group_rank(annual_intangible_assets_net_carrying_value/assets, subindustry) + group_rank(anl4_fs_detail_estimate_1qf_v4_nd_netdebt_high/assets, subindustry) + group_rank(-ts_delta(close, 10), subindustry) + rank(volume/ts_mean(volume, 120))"
w84_c,om6kgMl5,1.8,1.21,3.01,0.2162,0.098,0.0538,0.76,D,,AVERAGE,TOP3000,SUBINDUSTRY,4,0.08,1,N,"group_rank(authorized_stock_buyback_amount/assets, subindustry) + group_rank(annual_intangible_assets_net_carrying_value/assets, subindustry) + group_rank(-ts_delta(close, 10), subindustry) + rank(volume/ts_mean(volume, 140))"
w103_h,rK5MWQ8J,1.99,1.01,3.0,0.5491,0.1408,0.0669,1.58,D,"LOW_SHARPE,LOW_FITNESS",INFERIOR,TOP3000,SUBINDUSTRY,1,0.08,0,N,"group_rank(authorized_stock_buyback_amount/assets, subindustry) + group_rank(-annual_intangible_assets_net_carrying_value/assets, subindustry) + group_rank(-historical_volatility_30, subindustry) + group_rank(rel_ret_cust, subindustry) + group_rank(ts_av_diff(cash/assets, 45), subindustry) + group_rank(ts_av_diff(cashflow_op/enterprise_value, 45), subindustry) + group_rank(-ts_delta(close, 10), subindustry) + rank(volume/ts_mean(volume, 120))"
w70_h,om6JX5jJ,1.92,1.08,3.0,0.3309,0.1042,0.0618,1.75,D,,AVERAGE,TOP3000,INDUSTRY,3,0.08,1,N,"group_rank(-anl4_fs_detail_estimate_1qf_v4_nd_rd_exp_median/assets, industry) + group_rank(ts_av_diff(cash/assets, 60), industry) + group_rank(-ts_delta(close, 5), industry) + rank(volume/ts_mean(volume, 90))"
w88_e,zqYL8JoE,1.63,1.37,3.0,0.0977,0.0878,0.0683,0.64,D,,AVERAGE,TOP3000,SUBINDUSTRY,4,0.08,1,N,"group_rank(common_stock_repurchase_payment/assets, subindustry) + group_rank(-annual_intangible_assets_net_carrying_value/assets, subindustry) + group_rank(annual_deferred_income_tax_expense/assets, subindustry) + 0.5*group_rank(-ts_delta(close, 10), subindustry) + 0.5*rank(volume/ts_mean(volume, 120))"
w109_j,om6jg9V6,1.7,1.29,2.99,0.1303,0.0747,0.0471,1.52,E,,AVERAGE,TOP3000,SUBINDUSTRY,4,0.08,1,N,"group_rank(fnd6_xintopt/assets, bucket(rank(cap), range=""0.1, 1, 0.1"")) + group_rank(anl4_fs_detail_estimate_1qf_v4_nd_totassets_mean/assets, bucket(rank(cap), range=""0.1, 1, 0.1"")) + group_rank(-anl4_fs_detail_estimates_advanced_af_nd_capex_median/assets, bucket(rank(cap), range=""0.1, 1, 0.1"")) + group_rank(anl4_fs_detail_estimate_1qf_v4_nd_cff_high/assets, bucket(rank(cap), range=""0.1, 1, 0.1"")) + 0.5*(group_rank(ts_av_diff(cash/assets, 45), bucket(rank(cap), range=""0.1, 1, 0.1"")) + group_rank(ts_av_diff(cashflow_op/enterprise_value, 45), bucket(rank(cap), range=""0.1, 1, 0.1"")) + group_rank(-ts_delta(close, 2), bucket(rank(cap), range=""0.1, 1, 0.1"")) + group_rank(volume/ts_mean(volume, 60), bucket(rank(cap), range=""0.1, 1, 0.1"")))"
w113_a,YP53bK5w,1.63,1.36,2.99,0.0786,0.0866,0.0699,0.22,E,,AVERAGE,TOP3000,SUBINDUSTRY,4,0.08,1,N,"group_rank(fnd6_tstkc/assets, bucket(rank(cap), range=""0.1, 1, 0.1"")) + group_rank(fnd6_lifr/assets, bucket(rank(cap), range=""0.1, 1, 0.1"")) + group_rank(anl4_fs_detail_estimate_1qf_v4_nd_ebit_low/assets, bucket(rank(cap), range=""0.1, 1, 0.1"")) + group_rank(ts_av_diff(cash/assets, 45), bucket(rank(cap), range=""0.1, 1, 0.1"")) + group_rank(ts_av_diff(cashflow_op/enterprise_value, 45), bucket(rank(cap), range=""0.1, 1, 0.1""))"
w26_d40_ivstq,KPOr2lqj,1.67,1.32,2.99,0.0862,0.0778,0.0655,2.36,E,,AVERAGE,TOP3000,SUBINDUSTRY,40,0.08,1,N,"group_rank(fnd6_newqv1300_ivstq/assets, subindustry) + group_rank(ts_av_diff(cashflow_op/enterprise_value, 60), subindustry) + rank(-ts_delta(close, 2)) + rank(volume/ts_mean(volume, 60))"
w71_h,9qVd5EX1,1.91,1.08,2.99,0.3307,0.1056,0.0481,2.39,E,,AVERAGE,TOP3000,INDUSTRY,3,0.08,1,N,"group_rank(-anl4_fs_detail_estimate_1qf_v4_nd_netdebt_mean/assets, industry) + group_rank(-anl4_fs_detail_estimate_1qf_v4_nd_rd_exp_median/assets, industry) + group_rank(-ts_delta(close, 5), industry) + rank(volume/ts_mean(volume, 90))"
w75_a,KPOZNVnl,1.91,1.07,2.98,0.3754,0.1187,0.0494,1.27,E,,AVERAGE,TOP3000,INDUSTRY,3,0.08,1,N,"group_rank(anl4_fs_detail_estimate_1qf_v4_nd_sga_median/assets, industry) + group_rank(fnd6_newqv1300_xoptdq/assets, industry) + group_rank(-ts_delta(close, 5), industry) + rank(volume/ts_mean(volume, 90))"
w83_d,QP3oV5Og,1.8,1.17,2.97,0.2123,0.0894,0.0404,1.03,E,,AVERAGE,TOP3000,SUBINDUSTRY,4,0.08,1,N,"group_rank(annual_intangible_amortization_expense_second_year/assets, subindustry) + group_rank(anl4_fs_detail_estimate_1qf_v4_nd_cfi_low/assets, subindustry) + group_rank(-ts_delta(close, 10), subindustry) + rank(volume/ts_mean(volume, 120))"
w119_h,0mRVOZmp,1.9,1.06,2.96,0.232,0.0722,0.0453,1.19,E,,AVERAGE,TOP3000,SUBINDUSTRY,4,0.08,1,N,"group_rank(fnd6_lifr/assets, bucket(rank(ts_delta(sales, 250)), range=""0.1, 1, 0.1"")) + group_rank(fnd6_newqv1300_txdbq/assets, bucket(rank(ts_delta(sales, 250)), range=""0.1, 1, 0.1"")) + group_rank(fnd6_newqv1300_glcea12/assets, bucket(rank(ts_delta(sales, 250)), range=""0.1, 1, 0.1"")) + group_rank(ts_av_diff(cash/assets, 45), bucket(rank(ts_delta(sales, 250)), range=""0.1, 1, 0.1"")) + group_rank(ts_av_diff(cashflow_op/enterprise_value, 45), bucket(rank(ts_delta(sales, 250)), range=""0.1, 1, 0.1"")) + group_rank(-ts_delta(close, 2), bucket(rank(ts_delta(sales, 250)), range=""0.1, 1, 0.1""))"
p7_zs_xopr,MP17wpkr,1.69,1.26,2.95,0.0901,0.0697,0.0529,1.38,E,,AVERAGE,TOP3000,SUBINDUSTRY,8,0.08,1,N,"group_zscore(fnd6_xopr/assets, subindustry) + rank(-ts_delta(close, 2)) + rank(volume/ts_mean(volume, 60))"
w27_triple,N1QVGOZX,1.82,1.13,2.95,0.2101,0.081,0.0595,3.11,E,,AVERAGE,TOP3000,SUBINDUSTRY,8,0.08,1,N,"group_rank(fnd6_newqv1300_lnoq/assets, subindustry) + group_rank(fnd6_newqv1300_ivstq/assets, subindustry) + group_rank(fnd6_newqv1300_lol2q/assets, subindustry) + rank(-ts_delta(close, 2)) + rank(volume/ts_mean(volume, 60))"
w83_a,RRVvpG7a,1.77,1.18,2.95,0.2171,0.0964,0.0552,0.76,E,,AVERAGE,TOP3000,SUBINDUSTRY,4,0.08,1,N,"group_rank(authorized_stock_buyback_amount/assets, subindustry) + group_rank(annual_intangible_assets_net_carrying_value/assets, subindustry) + group_rank(-ts_delta(close, 10), subindustry) + rank(volume/ts_mean(volume, 120))"
w84_b,N1Q2rd77,1.7,1.25,2.95,0.1825,0.0979,0.0507,0.66,E,,AVERAGE,TOP3000,SUBINDUSTRY,4,0.08,1,N,"group_rank(authorized_stock_buyback_amount/assets, subindustry) + group_rank(annual_intangible_assets_net_carrying_value/assets, subindustry) + group_rank(annual_deferred_income_tax_expense/assets, subindustry) + group_rank(-ts_delta(close, 10), subindustry) + rank(volume/ts_mean(volume, 120))"
w86_b,pwPpNLnx,1.64,1.3,2.94,0.1307,0.0817,0.0457,0.62,E,,AVERAGE,TOP3000,SUBINDUSTRY,4,0.08,1,N,"group_rank(authorized_stock_buyback_amount/assets, subindustry) + group_rank(acquisition_total_purchase_value/assets, subindustry) + 0.5*group_rank(-ts_delta(close, 10), subindustry) + 0.5*rank(volume/ts_mean(volume, 120))"
e1_zscore,Jjx7k9Qn,1.66,1.26,2.92,0.0598,0.0723,0.0585,1.3,E,,AVERAGE,TOP3000,SUBINDUSTRY,40,0.08,1,N,"group_zscore(-ts_delta(close, 2), subindustry) + group_zscore(fnd6_xopr/assets, subindustry) + rank(volume/ts_mean(volume, 60))"
j11_rev5_cash,78ZjkVnZ,1.72,1.2,2.92,0.1826,0.0885,0.061,1.85,E,,AVERAGE,TOP3000,SUBINDUSTRY,10,0.08,1,N,"rank(-ts_mean(returns, 5)) + rank(volume/ts_mean(volume, 60)) + group_rank(ts_av_diff(cash/assets, 30), subindustry)"
w29_f,QP3KRgpK,1.84,1.08,2.92,0.2523,0.0871,0.0537,2.1,E,"LOW_SHARPE,LOW_FITNESS",INFERIOR,TOP3000,SUBINDUSTRY,8,0.08,0,N,"group_rank(fnd6_ivch/assets, subindustry) + group_rank(-ts_delta(close, 2), subindustry) + rank(volume/ts_mean(volume, 60))"
w107_b,A10X3jKg,1.71,1.2,2.91,0.0601,0.0619,0.0337,0.89,E,,AVERAGE,TOP3000,SUBINDUSTRY,4,0.08,1,N,"group_rank(fnd6_xintopt/assets, subindustry) + group_rank(anl4_fs_detail_estimate_1qf_v4_nd_totassets_mean/assets, subindustry) + group_rank(-anl4_fs_detail_estimates_advanced_af_nd_capex_median/assets, subindustry) + 0.5*group_rank(ts_av_diff(cash/assets, 45), subindustry) + 0.5*group_rank(ts_av_diff(cashflow_op/enterprise_value, 45), subindustry)"
w44_d,N1QK23Ko,1.54,1.37,2.91,0.1178,0.0984,0.0698,1.64,E,,AVERAGE,TOP3000,SUBINDUSTRY,40,0.08,1,N,"group_rank(fnd6_newqv1300_cimiiq/assets, subindustry) + group_rank(fnd6_newqv1300_lol2q/assets, subindustry) + group_rank(ts_av_diff(cash/assets, 30), subindustry) + group_rank(ts_av_diff(cashflow_op/enterprise_value, 60), subindustry) + group_rank(-ts_delta(close, 2), subindustry) + rank(volume/ts_mean(volume, 60))"
d10_rev_vol,Vk6PKe6J,1.95,0.95,2.9,0.6004,0.1417,0.0554,3.21,E,LOW_FITNESS,INFERIOR,TOP3000,SUBINDUSTRY,5,0.08,1,N,"group_rank(-ts_delta(close, 2) * rank(volume / ts_mean(volume, 20)), subindustry)"
u1_cfev_avdiff,gJQjXxxe,1.59,1.31,2.9,0.1166,0.0854,0.0519,1.15,E,,AVERAGE,TOP3000,INDUSTRY,4,0.08,1,N,"group_rank(ts_av_diff(cashflow_op/enterprise_value, 60), industry)"
w120_c,qMWaQO7Z,1.75,1.14,2.89,0.1638,0.07,0.0381,0.5,E,LOW_SUB_UNIVERSE_SHARPE,AVERAGE,TOP3000,SUBINDUSTRY,4,0.08,1,N,"group_rank(fnd6_tstkc/assets, bucket(rank(sales/assets), range=""0.1, 1, 0.1"")) + group_rank(fnd6_lifr/assets, bucket(rank(sales/assets), range=""0.1, 1, 0.1"")) + group_rank(fnd6_intc/assets, bucket(rank(sales/assets), range=""0.1, 1, 0.1"")) + group_rank(ts_av_diff(cash/assets, 45), bucket(rank(sales/assets), range=""0.1, 1, 0.1"")) + group_rank(ts_av_diff(cashflow_op/enterprise_value, 45), bucket(rank(sales/assets), range=""0.1, 1, 0.1"")) + group_rank(-ts_av_diff(vec_avg(anl4_basicdetailrec_ratingvalue), 120), bucket(rank(sales/assets), range=""0.1, 1, 0.1""))"
w75_f,1Yx0ZvzR,1.83,1.06,2.89,0.3657,0.1221,0.0941,1.49,E,,AVERAGE,TOP3000,INDUSTRY,3,0.08,1,N,"group_rank(anl4_fs_actuals_basic_qf_nd_div_value/assets, industry) + group_rank(fnd6_newq_xoptdqp/assets, industry) + group_rank(-ts_delta(close, 5), industry) + rank(volume/ts_mean(volume, 90))"
f07_ebit_rev,58QOa9O6,1.71,1.17,2.88,0.2083,0.0982,0.0871,1.49,E,,AVERAGE,TOP3000,SUBINDUSTRY,8,0.08,1,N,"group_rank(ts_av_diff(ebit/enterprise_value, 60), subindustry) + rank(-ts_delta(close, 2))"
w70_d,N1QJ2WL8,1.86,1.01,2.87,0.3049,0.0907,0.0555,1.87,E,,AVERAGE,TOP3000,INDUSTRY,3,0.08,1,N,"group_rank(anl4_fs_detail_estimate_1qf_v4_nd_sh_equity_median/assets, industry) + group_rank(ts_av_diff(cash/assets, 60), industry) + group_rank(-ts_delta(close, 5), industry) + rank(volume/ts_mean(volume, 90))"
w75_d,QP36bwLM,1.84,1.01,2.85,0.3708,0.1121,0.0616,1.53,E,,AVERAGE,TOP3000,INDUSTRY,3,0.08,1,N,"group_rank(anl4_fs_detail_estimate_1qf_v4_nd_totgw_median/assets, industry) + group_rank(fnd6_newqv1300_spceq/assets, industry) + group_rank(-ts_delta(close, 5), industry) + rank(volume/ts_mean(volume, 90))"
w38_c,883GVZvW,1.56,1.27,2.83,0.1265,0.0835,0.0557,0.2,E,,AVERAGE,TOP2000,SUBINDUSTRY,40,0.08,1,N,"group_rank(fnd6_newqv1300_lol2q/assets, subindustry) + group_rank(fnd6_xrent/assets, subindustry) + group_rank(ts_av_diff(cash/assets, 30), subindustry) + group_rank(-ts_delta(close, 2), subindustry) + rank(volume/ts_mean(volume, 60))"
w61_b,XgWV363m,1.94,0.89,2.83,0.4994,0.1055,0.0391,1.14,E,LOW_FITNESS,INFERIOR,TOP1000,SUBINDUSTRY,2,0.08,1,N,"group_rank(fnd6_newqv1300_cimiiq/assets, subindustry) + group_rank(ts_av_diff(cash/assets, 45), subindustry) + group_rank(ts_av_diff(cashflow_op/enterprise_value, 45), subindustry) + group_rank(-ts_delta(close, 2), subindustry) + rank(volume/ts_mean(volume, 60))"
w84_d,3q92eZx6,1.71,1.12,2.83,0.2154,0.0929,0.0548,0.56,E,,AVERAGE,TOP3000,SUBINDUSTRY,4,0.08,1,N,"group_rank(authorized_stock_buyback_amount/assets, subindustry) + group_rank(annual_intangible_assets_net_carrying_value/assets, subindustry) + group_rank(-ts_delta(vwap, 10), subindustry) + rank(volume/ts_mean(volume, 120))"
w90_j,883ZJ6dV,1.55,1.27,2.82,0.154,0.1036,0.0813,0.2,E,,AVERAGE,TOP3000,SUBINDUSTRY,4,0.08,1,N,"group_rank(anl4_fs_detail_estimates_basic_qf_delay1_v4_nd_div_mean/assets, market) + group_rank(anl4_fs_detail_estimates_basic_qf_v4_nd_cfps_median/assets, market) + 0.5*group_rank(ts_av_diff(cash/assets, 75), subindustry) + 0.5*group_rank(ts_av_diff(cashflow_op/enterprise_value, 60), subindustry) + 0.5*group_rank(-ts_delta(close, 8), subindustry) + 0.5*rank(volume/ts_mean(volume, 150))"
w61_g,qMWORzRO,1.92,0.89,2.81,0.4786,0.1021,0.0466,1.42,E,LOW_FITNESS,INFERIOR,TOP1000,INDUSTRY,2,0.08,1,N,"group_rank(fnd6_newqv1300_ivstq/assets, subindustry) + group_rank(ts_av_diff(cash/assets, 60), subindustry) + group_rank(ts_av_diff(cashflow_op/enterprise_value, 60), subindustry) + group_rank(-ts_delta(close, 2), subindustry) + rank(volume/ts_mean(volume, 60))"
w64_d,le85JK8N,1.76,1.05,2.81,0.3826,0.135,0.0846,2.28,E,,AVERAGE,TOP3000,SUBINDUSTRY,2,0.08,1,N,"group_rank(fnd6_newqv1300_mibtq/assets, subindustry) + group_rank(fnd6_txtubxintis/assets, subindustry) + group_rank(fnd6_txtubpospinc/assets, subindustry) + group_rank(ts_av_diff(cash/assets, 45), subindustry) + group_rank(ts_av_diff(cashflow_op/enterprise_value, 45), subindustry) + group_rank(-ts_delta(close, 2), subindustry) + rank(volume/ts_mean(volume, 60))"
w108_c,RRVxpkYn,1.76,1.04,2.8,0.2232,0.0779,0.0511,2.0,E,,AVERAGE,TOP3000,SUBINDUSTRY,1,0.08,1,N,"group_rank(fnd6_xintopt/assets, bucket(rank(cap), range=""0.1, 1, 0.1"")) + group_rank(anl4_fs_detail_estimate_1qf_v4_nd_totassets_mean/assets, bucket(rank(cap), range=""0.1, 1, 0.1"")) + group_rank(-anl4_fs_detail_estimates_advanced_af_nd_capex_median/assets, bucket(rank(cap), range=""0.1, 1, 0.1"")) + group_rank(anl4_fs_detail_estimate_1qf_v4_nd_cff_high/assets, bucket(rank(cap), range=""0.1, 1, 0.1"")) + 0.5*(group_rank(ts_av_diff(cash/assets, 45), bucket(rank(cap), range=""0.1, 1, 0.1"")) + group_rank(ts_av_diff(cashflow_op/enterprise_value, 45), bucket(rank(cap), range=""0.1, 1, 0.1"")) + group_rank(-ts_delta(close, 2), bucket(rank(cap), range=""0.1, 1, 0.1"")))"
w93_h,d5O6vYNx,1.53,1.27,2.8,0.1796,0.1239,0.0908,1.33,E,"LOW_SHARPE,LOW_FITNESS",INFERIOR,TOP3000,SUBINDUSTRY,4,0.08,0,N,"group_rank(dividend/(sharesout*close), subindustry) + group_rank(-ts_delta(close, 120), subindustry) + 0.5*group_rank(ts_av_diff(cash/assets, 45), subindustry) + 0.5*group_rank(ts_av_diff(cashflow_op/enterprise_value, 45), subindustry) + 0.5*group_rank(-ts_delta(close, 10), subindustry) + 0.5*rank(volume/ts_mean(volume, 120))"
w48_j,58QrkWbM,1.48,1.31,2.79,0.1195,0.098,0.076,1.81,E,,AVERAGE,TOP3000,SECTOR,25,0.08,1,N,"group_rank(fnd6_newqv1300_cimiiq/assets, subindustry) + group_rank(fnd6_newqv1300_lol2q/assets, subindustry) + group_rank(ts_av_diff(cash/assets, 30), subindustry) + group_rank(ts_av_diff(cashflow_op/enterprise_value, 60), subindustry) + group_rank(-ts_delta(close, 2), subindustry) + rank(volume/ts_mean(volume, 60))"
w70_c,WjPoJGbN,1.76,1.03,2.79,0.3172,0.1085,0.0592,1.67,E,,AVERAGE,TOP3000,INDUSTRY,3,0.08,1,N,"group_rank(anl4_fs_detail_estimate_1qf_v4_nd_cff_mean/assets, industry) + group_rank(ts_av_diff(cash/assets, 60), industry) + group_rank(-ts_delta(close, 5), industry) + rank(volume/ts_mean(volume, 90))"
w110_j,QP3RGpJM,1.78,1.0,2.78,0.2476,0.0782,0.0412,1.66,E,,INFERIOR,TOP3000,SUBINDUSTRY,4,0.08,1,N,"group_rank(-anl4_fs_detail_estimate_1qf_v4_nd_rd_exp_median/assets, bucket(rank(ts_std_dev(returns, 20)), range=""0.1, 1, 0.1"")) + group_rank(anl4_fs_detail_estimate_1qf_v4_nd_cff_mean/assets, bucket(rank(ts_std_dev(returns, 20)), range=""0.1, 1, 0.1"")) + group_rank(ts_av_diff(cash/assets, 45), bucket(rank(ts_std_dev(returns, 20)), range=""0.1, 1, 0.1"")) + group_rank(ts_av_diff(cashflow_op/enterprise_value, 45), bucket(rank(ts_std_dev(returns, 20)), range=""0.1, 1, 0.1"")) + group_rank(-ts_delta(close, 2), bucket(rank(ts_std_dev(returns, 20)), range=""0.1, 1, 0.1"")) + group_rank(volume/ts_mean(volume, 60), bucket(rank(ts_std_dev(returns, 20)), range=""0.1, 1, 0.1""))"
j10_cashmom,ZY07Rejd,1.72,1.05,2.77,0.1894,0.0707,0.0316,2.14,E,,AVERAGE,TOP3000,SUBINDUSTRY,8,0.08,1,N,"group_rank(ts_delta(cash/assets, 60), subindustry) + rank(-ts_delta(close, 2))"
t3_d0_amb_rev,qMWj5pvj,1.53,1.24,2.77,0.1284,0.0838,0.0657,1.46,E,"LOW_SHARPE,LOW_FITNESS",INFERIOR,TOP3000,INDUSTRY,12,0.08,0,N,"group_rank(-ts_mean(abs(returns)/volume, 20), subindustry) + rank(-ts_delta(close, 2))"
w75_e,kqV9g5MO,1.79,0.98,2.77,0.38,0.1135,0.0536,1.78,E,LOW_FITNESS,INFERIOR,TOP3000,INDUSTRY,3,0.08,1,N,"group_rank(anl4_fs_detail_estimates_advanced_af_nd_capex_std/assets, industry) + group_rank(fnd6_newqv1300_glced12/assets, industry) + group_rank(-ts_delta(close, 5), industry) + rank(volume/ts_mean(volume, 90))"
d06_c01_dec3,6Xr9gemK,1.95,0.81,2.76,0.7438,0.1292,0.0766,3.29,E,"LOW_FITNESS,HIGH_TURNOVER",INFERIOR,TOP3000,SUBINDUSTRY,3,0.08,1,N,"close > ts_sum(close, 20) / 20 ? 1.6 * rank(-ts_delta(close, 2)) : rank(-ts_delta(close, 2))"
w90_i,A105zqnw,1.64,1.12,2.76,0.1362,0.0632,0.0391,-0.23,E,,AVERAGE,TOP3000,SUBINDUSTRY,4,0.08,1,N,"group_rank(anl4_fs_detail_estimate_1qf_v4_nd_totassets_median/assets, subindustry) + group_rank(anl4_fs_detail_estimates_basic_qf_v4_nd_cfps_median/assets, subindustry) + 0.5*group_rank(-ts_delta(close, 8), subindustry) + 0.5*rank(volume/ts_mean(volume, 150))"
c01_s11_sma_rev,YP50dJdW,2.03,0.72,2.75,1.0014,0.1273,0.0699,3.72,E,"LOW_FITNESS,HIGH_TURNOVER",INFERIOR,TOP3000,SUBINDUSTRY,0,0.08,1,N,"close > ts_sum(close, 20) / 20 ? 1.6 * rank(-ts_delta(close, 2)) : rank(-ts_delta(close, 2))"
c02_s08_vol_rev,GrdLvxxx,1.79,0.96,2.75,0.5573,0.1589,0.0867,2.73,E,LOW_FITNESS,INFERIOR,TOP3000,INDUSTRY,5,0.08,1,N,"volume > adv20 ? 2 * rank(-ts_delta(close, 2)) : rank(-ts_delta(close, 2))"
f03_acc_rev,zqYmJlk1,1.65,1.1,2.75,0.1635,0.0732,0.0643,2.12,E,,AVERAGE,TOP3000,SUBINDUSTRY,8,0.08,1,N,"group_rank(-(fnd6_newa2v1300_ni - cashflow_op)/assets, subindustry) + rank(-ts_delta(close, 2))"
c4_gr10_xo,883l2voq,1.56,1.18,2.74,0.0546,0.0716,0.0606,1.95,E,,AVERAGE,TOP3000,SUBINDUSTRY,40,0.08,1,N,"group_rank(-ts_delta(close, 10), subindustry) + group_rank(fnd6_xopr/assets, subindustry)"
j07_amb_opex_norev,N1QbYZd8,1.6,1.14,2.74,0.0303,0.064,0.0335,1.83,E,,AVERAGE,TOP3000,SUBINDUSTRY,12,0.04,1,N,"group_rank(-ts_mean(abs(returns)/volume, 20), subindustry) + group_rank(operating_expense/assets, subindustry)"
n05_delev_opex_vol,npK7JLkM,1.63,1.11,2.74,0.1208,0.0579,0.0517,1.73,E,,AVERAGE,TOP3000,SUBINDUSTRY,10,0.08,1,N,"group_rank(-ts_delta(debt_st/assets, 60), subindustry) + group_rank(operating_expense/assets, subindustry) + rank(volume/ts_mean(volume, 60))"
w93_g,xAYo5VYb,1.63,1.11,2.74,0.2903,0.1358,0.0757,1.2,E,"LOW_SHARPE,LOW_FITNESS,LOW_SUB_UNIVERSE_SHARPE",INFERIOR,TOP3000,SUBINDUSTRY,4,0.08,0,N,"group_rank(dividend/(sharesout*close), subindustry) + rank(-(close/vwap-1)) + group_rank(-ts_delta(close, 120), subindustry) + 0.5*group_rank(ts_av_diff(cash/assets, 45), subindustry) + 0.5*group_rank(ts_av_diff(cashflow_op/enterprise_value, 45), subindustry) + 0.5*group_rank(-ts_delta(close, 10), subindustry) + 0.5*rank(volume/ts_mean(volume, 120))"
c3_cash,3q9l2VNX,1.62,1.1,2.72,0.0996,0.0577,0.0336,1.37,E,LOW_SUB_UNIVERSE_SHARPE,AVERAGE,TOP3000,SUBINDUSTRY,40,0.08,1,N,"group_rank(-ts_delta(close, 2), subindustry) + group_rank(ts_av_diff(cash/assets, 30), subindustry)"
w62_d,Vk6mkoXY,1.73,0.98,2.71,0.447,0.1423,0.1068,1.99,E,LOW_FITNESS,INFERIOR,TOP3000,SUBINDUSTRY,2,0.08,1,N,"group_rank(fnd6_newqv1300_lol2q/assets, subindustry) + group_rank(fnd6_txtubxintis/assets, subindustry) + group_rank(ts_av_diff(cash/assets, 45), subindustry) + group_rank(ts_av_diff(cashflow_op/enterprise_value, 45), subindustry) + group_rank(-ts_delta(close, 2), subindustry) + rank(volume/ts_mean(volume, 60))"
w88_g,LL92N7mv,1.49,1.22,2.71,0.1001,0.084,0.0757,0.44,E,,AVERAGE,TOP3000,SUBINDUSTRY,4,0.08,1,N,"1.5*group_rank(common_stock_repurchase_payment/assets, subindustry) + group_rank(-annual_intangible_assets_net_carrying_value/assets, subindustry) + 0.5*group_rank(-ts_delta(close, 10), subindustry) + 0.5*rank(volume/ts_mean(volume, 120))"
a6_amb_opex_d40,mLgjQgk9,1.58,1.12,2.7,0.0221,0.0624,0.0345,1.82,E,,AVERAGE,TOP3000,SUBINDUSTRY,40,0.08,1,N,"group_rank(-ts_mean(abs(returns)/volume, 20), subindustry) + group_rank(operating_expense/assets, subindustry)"
d04_c01_mkt,npK2wo8a,1.84,0.85,2.69,0.9277,0.1995,0.109,3.02,E,"LOW_FITNESS,HIGH_TURNOVER",INFERIOR,TOP3000,MARKET,0,0.08,1,N,"close > ts_sum(close, 20) / 20 ? 1.6 * rank(-ts_delta(close, 2)) : rank(-ts_delta(close, 2))"
j01_levchg,JjxG6Pql,1.69,0.99,2.68,0.2142,0.0734,0.0422,2.84,E,LOW_FITNESS,INFERIOR,TOP3000,SUBINDUSTRY,8,0.08,1,N,"group_rank(ts_delta(liabilities_curr/assets, 60), subindustry) + rank(-ts_delta(close, 2)) + rank(volume/ts_mean(volume, 60))"
w105_f,d5Orr1qX,1.72,0.96,2.68,0.3389,0.1058,0.0554,1.34,E,LOW_FITNESS,INFERIOR,TOP3000,SUBINDUSTRY,4,0.08,1,N,"group_rank(fnd6_newq_xoptdqp/assets, subindustry) + group_rank(-fnd6_pncdq/assets, subindustry) + 0.5*group_rank(-ts_delta(close, 10), subindustry) + 0.5*rank(volume/ts_mean(volume, 120))"
w105_h,O0rXX2Yq,1.72,0.96,2.68,0.3389,0.1058,0.0554,1.34,E,LOW_FITNESS,INFERIOR,TOP3000,SUBINDUSTRY,4,0.08,1,N,"group_rank(fnd6_xintopt/assets, subindustry) + group_rank(-fnd6_pncdq/assets, subindustry) + 0.5*group_rank(-ts_delta(close, 10), subindustry) + 0.5*rank(volume/ts_mean(volume, 120))"
w45_e,3q9GOe36,1.52,1.16,2.68,0.0868,0.0733,0.0553,1.03,E,,AVERAGE,TOP3000,SUBINDUSTRY,40,0.08,1,N,"group_rank(fnd6_newqv1300_mibtq/assets, subindustry) + group_rank(ts_av_diff(cash/assets, 30), subindustry) + group_rank(-ts_delta(close, 2), subindustry) + rank(volume/ts_mean(volume, 60))"
w34_k,j23em7jO,1.55,1.12,2.67,0.2006,0.1048,0.077,1.47,E,,AVERAGE,TOP3000,SUBINDUSTRY,8,0.08,1,N,"group_rank(fnd6_newqv1300_txdbq/assets, subindustry) + group_rank(fnd6_dlcch/assets, subindustry) + group_rank(ts_av_diff(cashflow_op/enterprise_value, 60), subindustry) + group_rank(-ts_delta(close, 2), subindustry) + rank(volume/ts_mean(volume, 60))"
m10_delever,qMWj1qlv,1.7,0.95,2.65,0.1909,0.0601,0.0306,2.06,E,LOW_FITNESS,INFERIOR,TOP3000,SUBINDUSTRY,8,0.08,1,N,"group_rank(-ts_delta(debt_st/assets, 60), subindustry) + rank(-ts_delta(close, 2))"
d09_rev_res,883QgEgz,1.75,0.89,2.64,0.5831,0.1504,0.0933,3.11,E,LOW_FITNESS,INFERIOR,TOP3000,SUBINDUSTRY,5,0.08,1,N,"rank(-ts_delta(close, 2)) + rank(ts_delay(close, 2) - ts_regression(close, vwap, 60, rettype=3))"
w34_f,XgWR6rAx,1.52,1.12,2.64,0.1958,0.1071,0.0919,1.23,E,,AVERAGE,TOP3000,SUBINDUSTRY,8,0.08,1,N,"group_rank(fnd6_newqv1300_txdbq/assets, subindustry) + group_rank(fnd6_newqv1300_mibtq/assets, subindustry) + group_rank(ts_av_diff(cashflow_op/enterprise_value, 60), subindustry) + group_rank(-ts_delta(close, 2), subindustry) + rank(volume/ts_mean(volume, 60))"
w37_e,vRkYYXJw,1.57,1.06,2.63,0.1387,0.0638,0.0523,0.66,E,LOW_SUB_UNIVERSE_SHARPE,AVERAGE,TOP3000,SUBINDUSTRY,20,0.08,1,N,"group_rank(fnd6_newqv1300_cshopq/assets, subindustry) + group_rank(fnd6_newqv1300_cimiiq/assets, subindustry) + group_rank(fnd6_xrent/assets, subindustry) + group_rank(ts_av_diff(cash/assets, 30), subindustry) + group_rank(-ts_delta(close, 2), subindustry) + rank(volume/ts_mean(volume, 60))"
d08_c02_mkt,e790eQMz,1.69,0.93,2.62,0.7028,0.215,0.0964,2.6,E,"LOW_FITNESS,HIGH_TURNOVER",INFERIOR,TOP3000,MARKET,3,0.08,1,N,"volume > adv20 ? 2 * rank(-ts_delta(close, 2)) : rank(-ts_delta(close, 2))"
a5_d0_xre_xo,qMWjVN5Z,1.53,1.07,2.6,0.0265,0.0614,0.0501,0.46,E,"LOW_SHARPE,LOW_FITNESS",INFERIOR,TOP3000,SUBINDUSTRY,6,0.08,0,N,"group_rank(fnd6_xrent/assets,subindustry) + group_rank(fnd6_xopr/assets,subindustry)"
l09_revt_amb_norev,N1Q7xd17,1.42,1.17,2.59,0.0903,0.0842,0.0801,1.15,E,,AVERAGE,TOP3000,SUBINDUSTRY,12,0.08,1,N,"group_rank(fnd6_mfma2_revt/assets, subindustry) + group_rank(-ts_mean(abs(returns)/volume, 20), subindustry) + rank(volume/ts_mean(volume, 60))"
w88_h,78Z2Nj31,1.5,1.09,2.59,0.168,0.0885,0.0636,0.29,E,,AVERAGE,TOP3000,SUBINDUSTRY,4,0.08,1,N,"group_rank(common_stock_repurchase_payment/assets, subindustry) + 0.5*group_rank(-ts_delta(close, 10), subindustry) + 0.5*rank(volume/ts_mean(volume, 120))"
w26_cshop,d5O1veAw,1.61,0.97,2.58,0.2101,0.0767,0.0388,1.46,E,LOW_FITNESS,INFERIOR,TOP3000,SUBINDUSTRY,8,0.08,1,N,"group_rank(fnd6_newqv1300_cshopq/assets, subindustry) + group_rank(ts_av_diff(cashflow_op/enterprise_value, 60), subindustry) + rank(-ts_delta(close, 2)) + rank(volume/ts_mean(volume, 60))"
y7_d0_rank120,ZY07MYo8,1.5,1.08,2.58,0.1111,0.065,0.0581,2.09,E,"LOW_SHARPE,LOW_FITNESS",INFERIOR,TOP3000,SUBINDUSTRY,6,0.08,0,N,"group_rank(ts_rank(cashflow_op/enterprise_value,120),subindustry) + group_rank(ts_rank(cash/assets,120),subindustry)"
w71_g,2rOXVOmP,1.66,0.91,2.57,0.2758,0.0823,0.046,2.13,E,LOW_FITNESS,INFERIOR,TOP3000,INDUSTRY,3,0.08,1,N,"group_rank(anl4_fs_detail_estimate_1qf_v4_nd_sh_equity_median/assets, industry) + group_rank(anl4_fs_detail_estimate_1qf_v4_nd_cfi_low/assets, industry) + group_rank(-ts_delta(close, 5), industry) + rank(volume/ts_mean(volume, 90))"
c04_s06_reg_res,MP1QAz26,1.71,0.85,2.56,0.5874,0.1457,0.0993,3.07,E,LOW_FITNESS,INFERIOR,TOP3000,SUBINDUSTRY,5,0.08,1,N,"rank(ts_delay(close, 2) - ts_regression(close, vwap, 60, rettype=3))"
d12_grp_revres,wpYlXAGp,1.75,0.81,2.56,0.5943,0.1278,0.0803,3.0,E,LOW_FITNESS,INFERIOR,TOP3000,SUBINDUSTRY,5,0.08,1,N,"group_rank(-ts_delta(close, 2) + ts_delay(close, 2) - ts_regression(close, vwap, 60, rettype=3), subindustry)"
d07_c04_w20,QP3VmK0X,1.7,0.85,2.55,0.5833,0.1448,0.0925,3.03,E,LOW_FITNESS,INFERIOR,TOP3000,SUBINDUSTRY,5,0.08,1,N,"rank(ts_delay(close, 2) - ts_regression(close, vwap, 20, rettype=3))"
w26_rdip,6XrKN3XY,1.6,0.95,2.55,0.2408,0.0856,0.0368,1.36,E,LOW_FITNESS,INFERIOR,TOP3000,SUBINDUSTRY,8,0.08,1,N,"group_rank(fnd6_newqv1300_rdipaq/assets, subindustry) + group_rank(ts_av_diff(cashflow_op/enterprise_value, 60), subindustry) + rank(-ts_delta(close, 2)) + rank(volume/ts_mean(volume, 60))"
w29_l,Vk60r8kb,1.68,0.87,2.55,0.3757,0.1016,0.0585,2.63,E,"LOW_SHARPE,LOW_FITNESS",INFERIOR,TOP3000,SUBINDUSTRY,8,0.08,0,N,"group_rank(fnd6_lno/assets, subindustry) + group_rank(-ts_delta(close, 2), subindustry) + rank(volume/ts_mean(volume, 60))"
w34_j,3q9jLkmP,1.6,0.95,2.55,0.214,0.0762,0.0382,1.16,E,LOW_FITNESS,INFERIOR,TOP3000,SUBINDUSTRY,8,0.08,1,N,"group_rank(fnd6_newqv1300_cshopq/assets, subindustry) + group_rank(fnd6_ivch/assets, subindustry) + group_rank(ts_av_diff(cashflow_op/enterprise_value, 60), subindustry) + group_rank(-ts_delta(close, 2), subindustry) + rank(volume/ts_mean(volume, 60))"
c7_opex,MP172rPM,1.52,1.02,2.54,0.0648,0.0563,0.0471,2.42,E,,AVERAGE,TOP3000,SUBINDUSTRY,40,0.08,1,N,"group_rank(-ts_delta(close, 2), subindustry) + group_rank(operating_expense/assets, subindustry)"
w69_e,gJQgd7am,1.59,0.95,2.54,0.3164,0.1136,0.0634,0.85,E,LOW_FITNESS,INFERIOR,TOP3000,INDUSTRY,3,0.08,1,N,"group_rank(anl4_fs_detail_estimates_advanced_af_nd_capex_number/assets, industry) + group_rank(ts_av_diff(cashflow_op/enterprise_value, 45), industry) + group_rank(-ts_delta(close, 5), industry) + rank(volume/ts_mean(volume, 90))"
d01_c03fix,9qVrgQ52,1.68,0.85,2.53,0.3228,0.0828,0.0446,2.28,E,LOW_FITNESS,INFERIOR,TOP3000,SUBINDUSTRY,6,0.08,1,N,"-rank(ts_delta(close, 2)) * (1 - rank(ts_decay_linear(volume / ts_mean(volume, 30), 10)))"
d05_c01_str,xAYkXPxp,1.9,0.63,2.53,1.0038,0.1102,0.0692,3.38,E,"LOW_FITNESS,HIGH_TURNOVER",INFERIOR,TOP3000,SUBINDUSTRY,0,0.08,1,N,"close > ts_sum(close, 20) / 20 ? 2 * rank(-ts_delta(close, 2)) : rank(-ts_delta(close, 2))"
c6_ebit,1Yxw22gJ,1.4,1.12,2.52,0.1267,0.081,0.0998,1.1,E,LOW_SUB_UNIVERSE_SHARPE,AVERAGE,TOP3000,SUBINDUSTRY,40,0.08,1,N,"group_rank(-ts_delta(close, 2), subindustry) + group_rank(ts_av_diff(ebit/enterprise_value, 30), subindustry)"
w45_b,N1QKGM9g,1.36,1.15,2.51,0.093,0.0901,0.08,1.09,E,,AVERAGE,TOP3000,SUBINDUSTRY,40,0.08,1,N,"group_rank(fnd6_newqv1300_txdbq/assets, subindustry) + group_rank(ts_av_diff(cash/assets, 30), subindustry) + group_rank(ts_av_diff(cashflow_op/enterprise_value, 60), subindustry) + group_rank(-ts_delta(close, 2), subindustry) + rank(volume/ts_mean(volume, 60))"
w90_c,rK5wNqOJ,1.45,1.06,2.51,0.1565,0.0831,0.0894,0.41,E,,AVERAGE,TOP3000,SUBINDUSTRY,4,0.08,1,N,"group_rank(anl4_fs_detail_estimates_basic_qf_delay1_v4_nd_div_mean/assets, subindustry) + group_rank(anl4_fs_detail_estimates_advanced_af_nd_tbvps_low/assets, subindustry) + 0.5*group_rank(-ts_delta(close, 8), subindustry) + 0.5*rank(volume/ts_mean(volume, 150))"
m08_revt_yr,Jjx7wqom,1.58,0.92,2.5,0.2028,0.0691,0.0691,1.76,E,LOW_FITNESS,INFERIOR,TOP3000,SUBINDUSTRY,8,0.08,1,N,"group_rank(ts_rank(fnd6_mfma2_revt/assets, 250), subindustry) + rank(-ts_delta(close, 2)) + rank(volume/ts_mean(volume, 60))"
w108_g,pwPb65NV,1.56,0.94,2.5,0.1883,0.0683,0.0615,1.61,E,LOW_FITNESS,INFERIOR,TOP3000,SUBINDUSTRY,1,0.08,1,N,"group_rank(fnd6_xintopt/assets, bucket(rank(cap), range=""0.1, 1, 0.1"")) + group_rank(anl4_fs_detail_estimate_1qf_v4_nd_totassets_mean/assets, bucket(rank(cap), range=""0.1, 1, 0.1"")) + group_rank(-anl4_fs_detail_estimates_advanced_af_nd_capex_median/assets, bucket(rank(cap), range=""0.1, 1, 0.1"")) + group_rank(anl4_fs_detail_estimate_1qf_v4_nd_cff_high/assets, bucket(rank(cap), range=""0.1, 1, 0.1"")) + group_rank(anl4_fs_detail_estimate_1qf_v4_nd_totgw_mean/assets, bucket(rank(cap), range=""0.1, 1, 0.1"")) + 0.5*(group_rank(ts_av_diff(cash/assets, 45), bucket(rank(cap), range=""0.1, 1, 0.1"")) + group_rank(ts_av_diff(cashflow_op/enterprise_value, 45), bucket(rank(cap), range=""0.1, 1, 0.1"")) + group_rank(-ts_delta(close, 2), bucket(rank(cap), range=""0.1, 1, 0.1"")))"
w34_d,gJQWEapQ,1.56,0.93,2.49,0.2155,0.0773,0.0442,0.97,E,LOW_FITNESS,INFERIOR,TOP3000,SUBINDUSTRY,8,0.08,1,N,"group_rank(fnd6_newqv1300_cshopq/assets, subindustry) + group_rank(fnd6_newqv1300_mibtq/assets, subindustry) + group_rank(ts_av_diff(cashflow_op/enterprise_value, 60), subindustry) + group_rank(-ts_delta(close, 2), subindustry) + rank(volume/ts_mean(volume, 60))"
w86_e,N1Q27568,1.39,1.1,2.49,0.1309,0.0815,0.051,0.33,E,,AVERAGE,TOP3000,SUBINDUSTRY,4,0.08,1,N,"group_rank(authorized_stock_buyback_amount/assets, subindustry) + group_rank(annual_intangible_amortization_expense_second_year/assets, subindustry) + 0.5*group_rank(-ts_delta(close, 10), subindustry) + 0.5*rank(volume/ts_mean(volume, 120))"
w90_h,58Q15ox6,1.54,0.95,2.49,0.0538,0.0472,0.0286,0.3,E,LOW_FITNESS,INFERIOR,TOP3000,SUBINDUSTRY,4,0.08,1,N,"group_rank(anl4_fs_detail_estimates_advanced_af_nd_cff_median/assets, subindustry) + group_rank(anl4_fs_detail_estimates_basic_qf_delay1_v4_nd_div_mean/assets, subindustry) + 0.5*group_rank(ts_av_diff(cash/assets, 75), subindustry) + 0.5*group_rank(ts_av_diff(cashflow_op/enterprise_value, 60), subindustry)"
c2_debtst,A10l275Y,1.5,0.98,2.48,0.0768,0.0539,0.0388,-0.36,E,LOW_FITNESS,INFERIOR,TOP3000,SUBINDUSTRY,40,0.08,1,N,"group_rank(-ts_delta(close, 2), subindustry) + group_rank(debt_st/assets, subindustry)"
e7_zs_twhen,d5OjrmrK,1.45,1.02,2.47,0.0545,0.0613,0.0645,1.43,E,,AVERAGE,TOP3000,SUBINDUSTRY,40,0.08,1,N,"trade_when(rank(volume/ts_mean(volume,60)) > 0.5, group_zscore(-ts_delta(close, 2), subindustry) + group_zscore(fnd6_xopr/assets, subindustry), -1)"
w84_a,rK5nlx1d,1.44,1.02,2.46,0.1593,0.0806,0.0499,0.21,E,,AVERAGE,TOP3000,SUBINDUSTRY,4,0.08,1,N,"group_rank(authorized_stock_buyback_amount/assets, subindustry) + group_rank(annual_intangible_assets_net_carrying_value/assets, subindustry) + group_rank(annual_intangible_amortization_expense_second_year/assets, subindustry) + group_rank(-ts_delta(close, 10), subindustry) + rank(volume/ts_mean(volume, 120))"
z4_avd90,KPO7Q72N,1.44,1.02,2.46,0.0855,0.0633,0.0587,2.03,E,"LOW_SHARPE,LOW_FITNESS",INFERIOR,TOP3000,SUBINDUSTRY,6,0.08,0,N,"group_rank(ts_av_diff(cashflow_op/enterprise_value,90),subindustry) + group_rank(ts_av_diff(cash/assets,90),subindustry)"
w90_l,e79PGrMO,1.39,1.06,2.45,0.1418,0.0819,0.1073,0.54,E,,AVERAGE,TOP3000,SUBINDUSTRY,4,0.08,1,N,"group_rank(anl4_fs_detail_estimates_basic_qf_delay1_v4_nd_div_mean/assets, subindustry) + group_rank(-anl4_fs_detail_estimates_basic_qf_delay1_v4_nd_div_std/assets, subindustry) + group_rank(anl4_fs_detail_estimates_advanced_af_nd_tbvps_low/assets, subindustry) + 0.5*group_rank(-ts_delta(close, 8), subindustry) + 0.5*rank(volume/ts_mean(volume, 150))"
w29_n,LL9ZvNE6,1.48,0.96,2.44,0.235,0.0991,0.1074,1.73,E,"LOW_SHARPE,LOW_FITNESS",INFERIOR,TOP3000,SUBINDUSTRY,8,0.08,0,N,"group_rank(fnd6_txtubxintbs/assets, subindustry) + group_rank(-ts_delta(close, 2), subindustry) + rank(volume/ts_mean(volume, 60))"
w35_c,QP3YjAAg,1.51,0.93,2.44,0.2181,0.0833,0.0518,1.19,E,LOW_FITNESS,INFERIOR,TOP1000,SUBINDUSTRY,8,0.08,1,N,"group_rank(fnd6_newqv1300_cimiiq/assets, subindustry) + group_rank(fnd6_newqv1300_mibtq/assets, subindustry) + group_rank(ts_av_diff(cashflow_op/enterprise_value, 60), subindustry) + group_rank(-ts_delta(close, 2), subindustry) + rank(volume/ts_mean(volume, 60))"
e4_zs_novol,9qVXOZK9,1.42,1.01,2.43,0.0577,0.0636,0.064,1.17,E,,AVERAGE,TOP3000,SUBINDUSTRY,40,0.08,1,N,"group_zscore(-ts_delta(close, 2), subindustry) + group_zscore(fnd6_xopr/assets, subindustry)"
w86_d,mLglj9AW,1.39,1.04,2.43,0.1247,0.0703,0.043,-0.01,E,,AVERAGE,TOP3000,SUBINDUSTRY,4,0.08,1,N,"group_rank(annual_intangible_assets_net_carrying_value/assets, subindustry) + group_rank(annual_deferred_income_tax_expense/assets, subindustry) + 0.5*group_rank(-ts_delta(close, 10), subindustry) + 0.5*rank(volume/ts_mean(volume, 120))"
w90_d,vRkbpQnA,1.34,1.08,2.42,0.1358,0.0887,0.0908,0.05,E,,AVERAGE,TOP3000,SUBINDUSTRY,4,0.08,1,N,"group_rank(anl4_fs_detail_estimates_basic_qf_v4_nd_cfps_median/assets, subindustry) + group_rank(anl4_fs_detail_estimates_basic_qf_delay1_v4_nd_div_mean/assets, subindustry) + 0.5*group_rank(ts_av_diff(cash/assets, 75), subindustry) + 0.5*group_rank(ts_av_diff(cashflow_op/enterprise_value, 60), subindustry) + 0.5*group_rank(-ts_delta(close, 8), subindustry) + 0.5*rank(volume/ts_mean(volume, 150))"
w64_a,mLg0eqr9,1.51,0.9,2.41,0.3941,0.1401,0.1223,1.7,E,LOW_FITNESS,INFERIOR,TOP3000,SUBINDUSTRY,2,0.08,1,N,"group_rank(fnd6_newqv1300_lol2q/assets, subindustry) + group_rank(fnd6_txtubxintis/assets, subindustry) + group_rank(fnd6_txtubpospinc/assets, subindustry) + group_rank(ts_av_diff(cash/assets, 45), subindustry) + group_rank(ts_av_diff(cashflow_op/enterprise_value, 45), subindustry) + group_rank(-ts_delta(close, 2), subindustry) + rank(volume/ts_mean(volume, 60))"
g09_xcorr20,xAYkevqp,1.47,0.93,2.4,0.2095,0.0835,0.0962,1.02,E,LOW_FITNESS,INFERIOR,TOP3000,SUBINDUSTRY,8,0.08,1,N,"group_rank(-ts_corr(close, volume, 60), subindustry) + rank(-ts_delta(close, 2)) + rank(volume/ts_mean(volume, 60))"
w88_b,2rO2O3lw,1.31,1.09,2.4,0.1218,0.0863,0.0929,0.38,E,,AVERAGE,TOP3000,SUBINDUSTRY,4,0.08,1,N,"group_rank(common_stock_repurchase_payment/assets, subindustry) + group_rank(authorized_stock_buyback_amount/assets, subindustry) + 0.5*group_rank(-ts_delta(close, 10), subindustry) + 0.5*rank(volume/ts_mean(volume, 120))"
g06_xc_vol,P0Z3nOLq,1.51,0.88,2.39,0.2334,0.0796,0.0396,1.45,E,LOW_FITNESS,INFERIOR,TOP3000,SUBINDUSTRY,8,0.08,1,N,"group_rank(-ts_corr(rank(close), rank(volume), 20), subindustry) + rank(-ts_delta(close, 2))"
w34_i,LL95JZnv,1.51,0.88,2.39,0.2228,0.0755,0.0514,1.18,E,LOW_FITNESS,INFERIOR,TOP3000,SUBINDUSTRY,8,0.08,1,N,"group_rank(fnd6_newqv1300_cshopq/assets, subindustry) + group_rank(fnd6_lul3/assets, subindustry) + group_rank(ts_av_diff(cashflow_op/enterprise_value, 60), subindustry) + group_rank(-ts_delta(close, 2), subindustry) + rank(volume/ts_mean(volume, 60))"
w81_a,3q92zYp0,1.39,1.0,2.39,0.0806,0.0642,0.0647,0.98,E,,INFERIOR,TOP3000,SUBINDUSTRY,4,0.08,1,N,"group_rank(anl4_fs_detail_estimate_1qf_v4_nd_rd_exp_high/assets, subindustry) + group_rank(anl4_fs_detail_estimate_1qf_v4_nd_sga_median/assets, subindustry) + group_rank(ts_av_diff(cash/assets, 45), subindustry) + group_rank(ts_av_diff(cashflow_op/enterprise_value, 45), subindustry) + group_rank(anl4_fs_detail_estimates_advanced_af_nd_capex_std/assets, subindustry)"
e05_d10_smooth,e7908GPN,1.58,0.8,2.38,0.4335,0.1104,0.0461,1.67,E,LOW_FITNESS,INFERIOR,TOP3000,SUBINDUSTRY,5,0.08,1,N,"ts_mean(group_rank(-ts_delta(close, 2) * rank(volume / ts_mean(volume, 20)), subindustry), 3)"
w107_c,O0rd9wz7,1.43,0.95,2.38,0.052,0.0548,0.0341,1.16,E,LOW_FITNESS,INFERIOR,TOP3000,SUBINDUSTRY,4,0.08,1,N,"group_rank(fnd6_xintopt/assets, subindustry) + group_rank(anl4_fs_detail_estimate_1qf_v4_nd_totassets_mean/assets, subindustry) + group_rank(-anl4_fs_detail_estimates_advanced_af_nd_capex_median/assets, subindustry) + group_rank(anl4_fs_detail_estimate_1qf_v4_nd_cff_high/assets, subindustry) + 0.5*group_rank(ts_av_diff(cash/assets, 45), subindustry) + 0.5*group_rank(ts_av_diff(cashflow_op/enterprise_value, 45), subindustry)"
w107_h,GrdjoX8o,1.43,0.95,2.38,0.052,0.0548,0.0341,1.16,E,LOW_FITNESS,INFERIOR,TOP3000,SUBINDUSTRY,4,0.08,1,N,"group_rank(anl4_fs_detail_estimate_1qf_v4_nd_totassets_mean/assets, subindustry) + group_rank(-anl4_fs_detail_estimates_advanced_af_nd_capex_median/assets, subindustry) + group_rank(anl4_fs_detail_estimate_1qf_v4_nd_cff_high/assets, subindustry) + 0.5*group_rank(ts_av_diff(cash/assets, 45), subindustry) + 0.5*group_rank(ts_av_diff(cashflow_op/enterprise_value, 45), subindustry)"
w41_h,MP1gZEb6,1.36,1.02,2.38,0.1395,0.0792,0.056,1.22,E,LOW_SUB_UNIVERSE_SHARPE,AVERAGE,TOP3000,SUBINDUSTRY,40,0.08,1,N,"group_rank(fnd6_newqv1300_tfvceq/assets, subindustry) + group_rank(fnd6_newqv1300_cimiiq/assets, subindustry) + group_rank(fnd6_xrent/assets, subindustry) + group_rank(ts_av_diff(cashflow_op/enterprise_value, 60), subindustry) + group_rank(-ts_delta(close, 2), subindustry) + rank(volume/ts_mean(volume, 60))"
w45_c,O0r6jbGd,1.39,0.99,2.38,0.1211,0.0637,0.0609,1.53,E,LOW_FITNESS,INFERIOR,TOP3000,SUBINDUSTRY,40,0.08,1,N,"group_rank(fnd6_newqv1300_cshopq/assets, subindustry) + group_rank(ts_av_diff(cash/assets, 30), subindustry) + group_rank(ts_av_diff(cashflow_op/enterprise_value, 60), subindustry) + group_rank(-ts_delta(close, 2), subindustry) + rank(volume/ts_mean(volume, 60))"
w96_h,N1Ql1pa7,1.66,0.72,2.38,0.4685,0.0873,0.0477,2.49,E,"LOW_SHARPE,LOW_FITNESS",INFERIOR,TOP3000,SUBINDUSTRY,1,0.08,0,N,"rank(authorized_stock_buyback_amount/assets) - rank(annual_intangible_assets_net_carrying_value/assets) + group_rank(ts_av_diff(cash/assets, 45), subindustry) + group_rank(ts_av_diff(cashflow_op/enterprise_value, 45), subindustry) + group_rank(-ts_delta(close, 10), subindustry) + rank(volume/ts_mean(volume, 120))"
l06_revt_opex_vol,kqVjEjbk,1.43,0.94,2.37,0.0773,0.0542,0.0576,1.77,E,LOW_FITNESS,INFERIOR,TOP3000,SUBINDUSTRY,10,0.08,1,N,"group_rank(fnd6_mfma2_revt/assets, subindustry) + group_rank(operating_expense/assets, subindustry) + rank(volume/ts_mean(volume, 60))"
w105_d,XgWAAldm,1.42,0.95,2.37,0.1259,0.056,0.0455,0.2,E,LOW_FITNESS,INFERIOR,TOP3000,SUBINDUSTRY,4,0.08,1,N,"group_rank(anl4_fs_detail_estimate_1qf_v4_nd_totgw_mean/assets, subindustry) + group_rank(anl4_fs_detail_estimate_1qf_v4_nd_totassets_mean/assets, subindustry) + 0.5*group_rank(-ts_delta(close, 10), subindustry) + 0.5*rank(volume/ts_mean(volume, 120))"
e03_val_rev_res,vRklnrKz,1.43,0.93,2.36,0.2861,0.1215,0.0935,2.28,E,LOW_FITNESS,INFERIOR,TOP3000,SUBINDUSTRY,8,0.08,1,N,"group_rank(cashflow_op / enterprise_value, subindustry) + rank(-ts_delta(close, 2)) + rank(ts_delay(close, 2) - ts_regression(close, vwap, 60, rettype=3))"
m05_zs_revt,58Qlx2bn,1.33,1.03,2.36,0.0883,0.0751,0.0951,1.43,E,,AVERAGE,TOP3000,SUBINDUSTRY,8,0.08,1,N,"group_zscore(fnd6_mfma2_revt/assets, subindustry) + rank(-ts_delta(close, 2)) + rank(volume/ts_mean(volume, 60))"
w34_e,blR850Mq,1.5,0.86,2.36,0.2241,0.0733,0.0473,1.01,E,LOW_FITNESS,INFERIOR,TOP3000,SUBINDUSTRY,8,0.08,1,N,"group_rank(fnd6_newqv1300_cshopq/assets, subindustry) + group_rank(fnd6_newqv1300_cimiiq/assets, subindustry) + group_rank(ts_av_diff(cashflow_op/enterprise_value, 60), subindustry) + group_rank(-ts_delta(close, 2), subindustry) + rank(volume/ts_mean(volume, 60))"
w98_i,O0rXPqlv,1.34,1.0,2.34,0.047,0.0692,0.0879,1.13,E,"LOW_SHARPE,LOW_FITNESS,LOW_SUB_UNIVERSE_SHARPE",INFERIOR,TOP3000,SUBINDUSTRY,2,0.08,0,N,"group_rank(fnd6_sale/assets, subindustry) + group_rank(ts_delta(fnd6_sale/assets, 66), subindustry)"
k08_revt_xrent_vol,9qVXqbk2,1.35,0.97,2.32,0.0972,0.0648,0.0754,2.08,E,LOW_FITNESS,INFERIOR,TOP3000,SUBINDUSTRY,12,0.08,1,N,"group_rank(fnd6_mfma2_revt/assets, subindustry) + group_rank(ts_av_diff(fnd6_xrent, 30), subindustry) + rank(volume/ts_mean(volume, 60))"
w98_h,3q9vr3MZ,1.37,0.95,2.32,0.0456,0.0596,0.0626,1.14,E,"LOW_SHARPE,LOW_FITNESS",INFERIOR,TOP3000,SUBINDUSTRY,2,0.08,0,N,"group_rank(-(fnd6_ni-fnd6_newa2_oancf)/assets, subindustry) + group_rank(fnd6_gp/assets, subindustry) + group_rank(dividend/(sharesout*close), subindustry)"
w98_b,XgWArXXx,1.37,0.94,2.31,0.0257,0.0593,0.0596,1.12,E,"LOW_SHARPE,LOW_FITNESS,LOW_SUB_UNIVERSE_SHARPE",INFERIOR,TOP3000,SUBINDUSTRY,2,0.08,0,N,"group_rank(-(fnd6_ni-fnd6_newa2_oancf)/assets, subindustry) + group_rank(fnd6_gp/assets, subindustry)"
w98_c,MP1NWpv9,1.38,0.93,2.31,0.0478,0.0562,0.0444,0.88,E,"LOW_SHARPE,LOW_FITNESS,LOW_SUB_UNIVERSE_SHARPE",INFERIOR,TOP3000,SUBINDUSTRY,2,0.08,0,N,"group_rank(-(fnd6_ni-fnd6_newa2_oancf)/assets, subindustry) + group_rank(ts_delta(fnd6_sale/assets, 66), subindustry)"
w29_g,LL9ZowY6,1.47,0.83,2.3,0.2421,0.0771,0.0672,2.53,E,"LOW_SHARPE,LOW_FITNESS",INFERIOR,TOP3000,SUBINDUSTRY,8,0.08,0,N,"group_rank(fnd6_dlcch/assets, subindustry) + group_rank(-ts_delta(close, 2), subindustry) + rank(volume/ts_mean(volume, 60))"
c07_s09_stop,qMWlb9dv,1.61,0.66,2.27,0.631,0.1075,0.0934,2.68,E,LOW_FITNESS,INFERIOR,TOP3000,SUBINDUSTRY,5,0.08,1,N,"ts_sum(sign(ts_delta(close, 1)), 4) == -4 ? 0 : rank(-ts_delta(close, 2))"
w30_snt_p2,zqYbVG3X,1.67,0.6,2.27,0.6622,0.0845,0.056,2.07,E,LOW_FITNESS,INFERIOR,TOP3000,SUBINDUSTRY,8,0.08,1,N,"group_rank(scl12_sentiment_fast_d1, subindustry) + group_rank(-ts_delta(close, 2), subindustry) + rank(volume/ts_mean(volume, 60))"
w90_f,A105zjbX,1.37,0.9,2.27,0.049,0.0539,0.034,-0.07,E,LOW_FITNESS,INFERIOR,TOP3000,SUBINDUSTRY,4,0.08,1,N,"group_rank(-anl4_fs_detail_estimate_1qf_v4_nd_totgw_median/assets, subindustry) + group_rank(anl4_fs_detail_estimates_basic_qf_v4_nd_cfps_median/assets, subindustry) + 0.5*group_rank(ts_av_diff(cash/assets, 75), subindustry) + 0.5*group_rank(ts_av_diff(cashflow_op/enterprise_value, 60), subindustry)"
k06_revt120,LL97LWb6,1.45,0.81,2.26,0.2067,0.0646,0.0625,1.76,E,LOW_FITNESS,INFERIOR,TOP3000,SUBINDUSTRY,8,0.08,1,N,"group_rank(ts_rank(fnd6_mfma2_revt/assets, 120), subindustry) + rank(-ts_delta(close, 2)) + rank(volume/ts_mean(volume, 60))"
w26_fca,gJQZLmQg,1.36,0.89,2.25,0.1966,0.0836,0.0596,0.42,E,LOW_FITNESS,INFERIOR,TOP3000,SUBINDUSTRY,8,0.08,1,N,"group_rank(fnd6_newqv1300_fcaq/assets, subindustry) + group_rank(ts_av_diff(cashflow_op/enterprise_value, 60), subindustry) + rank(-ts_delta(close, 2)) + rank(volume/ts_mean(volume, 60))"
w29_m,XgWJ3Kel,1.48,0.77,2.25,0.2483,0.067,0.0353,1.92,E,"LOW_SHARPE,LOW_FITNESS",INFERIOR,TOP3000,SUBINDUSTRY,8,0.08,0,N,"group_rank(fnd6_txdfo/assets, subindustry) + group_rank(-ts_delta(close, 2), subindustry) + rank(volume/ts_mean(volume, 60))"
w34_m,883vqL6m,0.81,1.44,2.25,0.0543,0.3945,0.7788,0.93,E,LOW_SHARPE,AVERAGE,TOP3000,NONE,8,0.08,1,N,"group_rank(fnd6_xrent/assets, subindustry) + group_rank(ts_av_diff(cash/assets, 30), subindustry) + group_rank(-ts_delta(close, 2), subindustry) + rank(volume/ts_mean(volume, 60))"
w98_a,A108WqMQ,1.41,0.84,2.25,0.0235,0.0448,0.0336,1.04,E,"LOW_SHARPE,LOW_FITNESS,LOW_SUB_UNIVERSE_SHARPE",INFERIOR,TOP3000,SUBINDUSTRY,2,0.08,0,N,"group_rank(-(fnd6_ni-fnd6_newa2_oancf)/assets, subindustry)"
w28_c,P0Zgm00w,1.36,0.88,2.24,0.19,0.0798,0.0712,1.22,E,LOW_FITNESS,INFERIOR,TOP3000,SUBINDUSTRY,4,0.08,1,N,"group_rank(fnd6_txtubxintis/assets, subindustry) + group_rank(fnd6_newqv1300_ivstq/assets, subindustry) + rank(-ts_mean(returns, 5))"
w115_b,om6jXWzv,0.81,1.42,2.23,0.0586,0.3852,0.7107,0.95,E,LOW_SHARPE,AVERAGE,TOP3000,NONE,4,0.08,1,N,"group_rank(fnd6_tstkc/assets, bucket(rank(ts_mean(volume*close, 20)), range=""0.1, 1, 0.1"")) + group_rank(fnd6_lifr/assets, bucket(rank(ts_mean(volume*close, 20)), range=""0.1, 1, 0.1"")) + group_rank(ts_av_diff(cash/assets, 45), bucket(rank(ts_mean(volume*close, 20)), range=""0.1, 1, 0.1"")) + group_rank(ts_av_diff(cashflow_op/enterprise_value, 45), bucket(rank(ts_mean(volume*close, 20)), range=""0.1, 1, 0.1"")) + group_rank(-ts_delta(close, 2), bucket(rank(ts_mean(volume*close, 20)), range=""0.1, 1, 0.1"")) + group_rank(volume/ts_mean(volume, 60), bucket(rank(ts_mean(volume*close, 20)), range=""0.1, 1, 0.1""))"
w29_i,LL9ZvJ5M,1.46,0.77,2.23,0.2397,0.0662,0.0478,1.58,E,"LOW_SHARPE,LOW_FITNESS",INFERIOR,TOP3000,SUBINDUSTRY,8,0.08,0,N,"group_rank(fnd6_txds/assets, subindustry) + group_rank(-ts_delta(close, 2), subindustry) + rank(volume/ts_mean(volume, 60))"
w30_snt_pv,E5vRdRmL,1.52,0.69,2.21,0.3712,0.0754,0.0461,2.24,E,LOW_FITNESS,INFERIOR,TOP3000,SUBINDUSTRY,8,0.08,1,N,"group_rank(-snt_buzz_ret_fast_d1, subindustry) + group_rank(-ts_delta(close, 2), subindustry) + rank(volume/ts_mean(volume, 60))"
m03_amb_dollar,Jjx7qxgl,1.24,0.96,2.2,0.165,0.0994,0.1366,0.96,E,"LOW_SHARPE,LOW_FITNESS",INFERIOR,TOP3000,SUBINDUSTRY,8,0.08,1,N,"group_rank(-ts_mean(abs(returns)/(close*volume), 20), subindustry) + rank(-ts_delta(close, 2))"
u2_cfev_rank120,6XrlZaLp,1.3,0.89,2.19,0.1261,0.0588,0.0657,1.67,E,LOW_FITNESS,INFERIOR,TOP3000,SUBINDUSTRY,6,0.08,1,N,"group_rank(ts_rank(cashflow_op/enterprise_value, 120), subindustry)"
w98_j,xAYp8NEl,1.26,0.93,2.19,0.0238,0.0688,0.0883,0.99,E,"LOW_SHARPE,LOW_FITNESS",INFERIOR,TOP3000,SUBINDUSTRY,2,0.08,0,N,"group_rank(-(fnd6_ni-fnd6_newa2_oancf)/assets, subindustry) + group_rank(fnd6_gp/assets, subindustry) + group_rank(authorized_stock_buyback_amount/assets, subindustry)"
w105_c,9qVOOJ8r,1.28,0.88,2.16,0.1335,0.0628,0.0442,1.38,E,LOW_FITNESS,INFERIOR,TOP3000,SUBINDUSTRY,4,0.08,1,N,"group_rank(-anl4_fs_detail_estimates_advanced_af_nd_capex_median/assets, subindustry) + group_rank(anl4_fs_detail_estimate_1qf_v4_nd_cff_mean/assets, subindustry) + 0.5*group_rank(-ts_delta(close, 10), subindustry) + 0.5*rank(volume/ts_mean(volume, 120))"
w35_g,om6oz5Rk,1.35,0.8,2.15,0.2232,0.0787,0.0635,1.76,E,LOW_FITNESS,INFERIOR,TOP1000,SUBINDUSTRY,8,0.08,1,N,"group_rank(fnd6_newqv1300_ivstq/assets, subindustry) + group_rank(ts_av_diff(cashflow_op/enterprise_value, 60), subindustry) + group_rank(-ts_delta(close, 2), subindustry) + rank(volume/ts_mean(volume, 60))"
w28_b,1YxZAbK6,1.31,0.83,2.14,0.1825,0.0726,0.0591,2.31,E,LOW_FITNESS,INFERIOR,TOP3000,SUBINDUSTRY,8,0.08,1,N,"group_rank(fnd6_newqv1300_ivstq/assets, subindustry) + rank(-ts_corr(close, volume, 20)) + rank(-ts_delta(close, 2))"
w90_b,LL9wm3E6,1.29,0.85,2.14,0.0517,0.0544,0.068,-0.05,E,"LOW_FITNESS,LOW_SUB_UNIVERSE_SHARPE",INFERIOR,TOP3000,SUBINDUSTRY,4,0.08,1,N,"group_rank(anl4_fs_detail_estimates_basic_qf_v4_nd_cfps_median/assets, subindustry) + group_rank(anl4_fs_detail_estimates_advanced_af_nd_tbvps_low/assets, subindustry) + 0.5*group_rank(ts_av_diff(cash/assets, 75), subindustry) + 0.5*group_rank(ts_av_diff(cashflow_op/enterprise_value, 60), subindustry)"
k03_int_levg,wpYj8262,1.36,0.77,2.13,0.1471,0.0477,0.0358,2.33,E,LOW_FITNESS,INFERIOR,TOP3000,SUBINDUSTRY,8,0.08,1,N,"rank(-ts_delta(close, 2)) * rank(volume/ts_mean(volume, 60)) + group_rank(ts_delta(liabilities_curr/assets, 60), subindustry)"
k10_amb_cash_vol,wpYjpeOl,1.24,0.89,2.13,0.1048,0.0638,0.0565,0.86,E,"LOW_SHARPE,LOW_FITNESS",INFERIOR,TOP3000,SUBINDUSTRY,12,0.08,1,N,"group_rank(-ts_mean(abs(returns)/volume, 20), subindustry) + group_rank(ts_delta(cash/assets, 60), subindustry) + rank(volume/ts_mean(volume, 60))"
l05_cashmom_amb,883l5O8V,1.24,0.89,2.13,0.1048,0.0638,0.0565,0.86,E,"LOW_SHARPE,LOW_FITNESS",INFERIOR,TOP3000,SUBINDUSTRY,12,0.08,1,N,"group_rank(ts_delta(cash/assets, 60), subindustry) + group_rank(-ts_mean(abs(returns)/volume, 20), subindustry) + rank(volume/ts_mean(volume, 60))"
w67_g,KPO5m631,1.28,0.81,2.09,0.2607,0.1039,0.0903,0.82,E,LOW_FITNESS,INFERIOR,TOP3000,INDUSTRY,3,0.08,1,N,"group_rank(anl4_fs_detail_estimates_advanced_af_nd_capex_number/assets, industry) + group_rank(ts_av_diff(cashflow_op/enterprise_value, 45), industry) + group_rank(-ts_rank(close, 10), industry)"
w90_g,vRkbGVNA,1.17,0.91,2.08,0.0958,0.0763,0.1257,-0.03,E,"LOW_SHARPE,LOW_FITNESS",INFERIOR,TOP3000,SUBINDUSTRY,4,0.08,1,N,"group_rank(anl4_fs_detail_estimates_basic_qf_delay1_v4_nd_div_mean/assets, subindustry) + group_rank(anl4_fs_detail_estimates_basic_qf_v4_nd_cfps_median/assets, subindustry) + group_rank(anl4_fs_detail_estimates_advanced_af_nd_tbvps_low/assets, subindustry) + 0.35*group_rank(ts_av_diff(cash/assets, 75), subindustry) + 0.35*group_rank(ts_av_diff(cashflow_op/enterprise_value, 60), subindustry) + 0.35*group_rank(-ts_delta(close, 8), subindustry) + 0.35*rank(volume/ts_mean(volume, 150))"
e02_val_rev,zqYmwkJR,1.21,0.86,2.07,0.2532,0.1284,0.1532,1.7,E,"LOW_SHARPE,LOW_FITNESS",INFERIOR,TOP3000,SUBINDUSTRY,8,0.08,1,N,"rank(-ts_delta(close, 2)) + rank(cashflow_op / enterprise_value)"
w30_an_pv,XgWJdRra,1.38,0.69,2.07,0.2271,0.056,0.0686,2.21,E,LOW_FITNESS,INFERIOR,TOP3000,SUBINDUSTRY,8,0.08,1,N,"group_rank(ts_delta(anl4_fs_detail_estimate_1qf_v4_nd_ptpr_median, 60), subindustry) + group_rank(-ts_delta(close, 2), subindustry) + rank(volume/ts_mean(volume, 60))"
w63_d,9qVd07j1,1.19,0.88,2.07,0.1414,0.0779,0.0587,0.58,E,"LOW_SHARPE,LOW_FITNESS",INFERIOR,TOP3000,SUBINDUSTRY,3,0.08,1,N,"group_rank(fnd6_txtubxintis/assets, subindustry) + group_rank(ts_av_diff(cash/assets, 45), subindustry) + group_rank(ts_av_diff(cashflow_op/enterprise_value, 45), subindustry)"
w33_n,LL95AXWe,1.34,0.72,2.06,0.242,0.0701,0.0418,1.13,E,"LOW_FITNESS,LOW_SUB_UNIVERSE_SHARPE",INFERIOR,TOP3000,INDUSTRY,8,0.08,1,N,"group_rank(fnd6_newqv1300_tfvceq/assets, subindustry) + group_rank(fnd6_xrent/assets, subindustry) + group_rank(ts_av_diff(cash/assets, 30), subindustry) + group_rank(-ts_delta(close, 2), subindustry) + rank(volume/ts_mean(volume, 60))"
w47_a,MP1dpvXo,1.24,0.8,2.04,0.1493,0.0628,0.0369,0.92,E,"LOW_SHARPE,LOW_FITNESS",INFERIOR,TOP1000,SUBINDUSTRY,25,0.08,1,N,"group_rank(fnd6_newqv1300_cimiiq/assets, subindustry) + group_rank(ts_av_diff(cash/assets, 30), subindustry) + group_rank(ts_av_diff(cashflow_op/enterprise_value, 60), subindustry) + group_rank(-ts_delta(close, 2), subindustry) + rank(volume/ts_mean(volume, 60))"
w93_b,npKlrn1l,1.08,0.96,2.04,0.1345,0.1063,0.1027,0.8,E,"LOW_SHARPE,LOW_FITNESS,LOW_SUB_UNIVERSE_SHARPE",INFERIOR,TOP3000,SUBINDUSTRY,4,0.08,0,N,"group_rank(dividend/(sharesout*close), subindustry) + group_rank(-ts_delta(close, 120), subindustry) + group_rank(-ts_delta(close, 250), subindustry) + 0.5*group_rank(ts_av_diff(cash/assets, 45), subindustry) + 0.5*group_rank(ts_av_diff(cashflow_op/enterprise_value, 45), subindustry) + 0.5*group_rank(-ts_delta(close, 10), subindustry) + 0.5*rank(volume/ts_mean(volume, 120))"
b3_d0_ebitda_capex,1Yxw2YGW,1.19,0.84,2.03,0.1126,0.0618,0.0585,0.03,E,"LOW_SHARPE,LOW_FITNESS,LOW_SUB_UNIVERSE_SHARPE",INFERIOR,TOP3000,SUBINDUSTRY,6,0.08,0,N,"group_rank(ts_av_diff(ebitda/enterprise_value,60),subindustry) + group_rank(-ts_delta(capex/assets,60),subindustry)"
b4_ebitda_rev_d40,zqYkLpLE,1.17,0.86,2.03,0.1047,0.0669,0.1205,0.66,E,"LOW_SHARPE,LOW_FITNESS",INFERIOR,TOP3000,SUBINDUSTRY,40,0.08,1,N,"group_rank(ts_av_diff(ebitda/enterprise_value,60),subindustry) + group_rank(-ts_delta(close, 2), subindustry)"
w89_i,qMWpYgnv,1.11,0.89,2.0,0.0408,0.0797,0.141,0.97,E,"LOW_SHARPE,LOW_FITNESS",INFERIOR,TOP3000,SUBINDUSTRY,4,0.08,1,N,"group_rank(anl4_fs_guidances_advanced_af_nd_ebitda_maxguidance/assets, subindustry) + group_rank(anl4_fs_guidances_advanced_af_nd_custom_eps_minguidance/assets, subindustry) + 0.5*group_rank(ts_av_diff(cash/assets, 75), subindustry) + 0.5*group_rank(ts_av_diff(cashflow_op/enterprise_value, 60), subindustry)"
w61_f,mLgdGnAp,1.37,0.61,1.98,0.4,0.0804,0.066,1.3,E,LOW_FITNESS,INFERIOR,TOP1000,SUBINDUSTRY,3,0.08,1,N,"group_rank(fnd6_newqv1300_lol2q/assets, subindustry) + group_rank(ts_av_diff(cash/assets, 30), subindustry) + group_rank(ts_av_diff(cashflow_op/enterprise_value, 45), subindustry) + group_rank(-ts_delta(close, 2), subindustry) + rank(volume/ts_mean(volume, 60))"
u7_top1000,pwPjxxQ3,1.15,0.82,1.97,0.1282,0.0655,0.083,0.53,E,"LOW_SHARPE,LOW_FITNESS",INFERIOR,TOP1000,SUBINDUSTRY,12,0.08,1,N,"group_rank(fnd6_mfma2_revt/assets, subindustry) + rank(-ts_delta(close, 2)) + rank(volume/ts_mean(volume, 60))"
w30_opt_pv,ZY0AORQn,1.28,0.69,1.97,0.3209,0.0934,0.0717,1.47,E,"LOW_FITNESS,CONCENTRATED_WEIGHT",INFERIOR,TOP3000,SUBINDUSTRY,8,0.08,1,N,"group_rank(forward_price_90/close, subindustry) + group_rank(-ts_delta(close, 2), subindustry) + rank(volume/ts_mean(volume, 60))"
w33_b,blR8ZEoN,1.28,0.69,1.97,0.2029,0.0591,0.0484,0.29,E,LOW_FITNESS,INFERIOR,TOP3000,SUBINDUSTRY,8,0.08,1,N,"group_rank(fnd6_newqv1300_cshopq/assets, subindustry) + group_rank(fnd6_newqv1300_txdbq/assets, subindustry) + group_rank(fnd6_xrent/assets, subindustry) + group_rank(-ts_delta(close, 2), subindustry) + rank(volume/ts_mean(volume, 60))"
w70_e,d5O3PdR2,1.3,0.67,1.97,0.3152,0.0838,0.0542,0.78,E,LOW_FITNESS,INFERIOR,TOP3000,INDUSTRY,3,0.08,1,N,"group_rank(anl4_fs_detail_estimates_advanced_af_nd_capex_number/assets, industry) + group_rank(ts_av_diff(cash/assets, 60), industry) + group_rank(-ts_delta(close, 5), industry) + rank(volume/ts_mean(volume, 90))"
w105_b,RRVwwRxz,1.18,0.78,1.96,0.122,0.0543,0.0534,0.89,E,"LOW_SHARPE,LOW_FITNESS",INFERIOR,TOP3000,SUBINDUSTRY,4,0.08,1,N,"group_rank(anl4_fs_detail_estimate_1qf_v4_nd_totassets_mean/assets, subindustry) + group_rank(anl4_fs_detail_estimate_1qf_v4_nd_cff_high/assets, subindustry) + 0.5*group_rank(-ts_delta(close, 10), subindustry) + 0.5*rank(volume/ts_mean(volume, 120))"
w44_e,N1QK28Gp,1.18,0.78,1.96,0.1256,0.0555,0.096,1.12,E,"LOW_SHARPE,LOW_FITNESS,LOW_SUB_UNIVERSE_SHARPE",INFERIOR,TOP3000,SUBINDUSTRY,40,0.08,1,N,"group_rank(fnd6_newqv1300_cimiiq/assets, subindustry) + group_rank(fnd6_newqv1300_cshopq/assets, subindustry) + group_rank(ts_av_diff(cash/assets, 30), subindustry) + group_rank(ts_av_diff(cashflow_op/enterprise_value, 60), subindustry) + group_rank(-ts_delta(close, 2), subindustry) + rank(volume/ts_mean(volume, 60))"
w26_d40_cshop,XgWJOm20,1.17,0.78,1.95,0.1203,0.055,0.0502,1.22,E,"LOW_SHARPE,LOW_FITNESS",INFERIOR,TOP3000,SUBINDUSTRY,40,0.08,1,N,"group_rank(fnd6_newqv1300_cshopq/assets, subindustry) + group_rank(ts_av_diff(cashflow_op/enterprise_value, 60), subindustry) + rank(-ts_delta(close, 2)) + rank(volume/ts_mean(volume, 60))"
w61_e,xAYVLExw,1.4,0.55,1.95,0.4316,0.0671,0.0536,-1.11,E,LOW_FITNESS,INFERIOR,TOP1000,SUBINDUSTRY,2,0.08,1,N,"group_rank(fnd6_newqv1300_cshopq/assets, subindustry) + group_rank(ts_av_diff(cash/assets, 60), subindustry) + group_rank(ts_av_diff(cashflow_op/enterprise_value, 45), subindustry) + group_rank(-ts_delta(close, 3), subindustry) + rank(volume/ts_mean(volume, 60))"
c08_s10_twhen,6Xr9x1AJ,1.3,0.64,1.94,0.3367,0.0822,0.0665,1.88,E,LOW_FITNESS,INFERIOR,TOP3000,INDUSTRY,5,0.08,1,N,"rank(trade_when(volume > adv20, -returns, -1))"
w81_b,wpYvLxdQ,1.12,0.81,1.93,0.062,0.0657,0.0955,0.21,E,"LOW_SHARPE,LOW_FITNESS,LOW_SUB_UNIVERSE_SHARPE",INFERIOR,TOP3000,SUBINDUSTRY,4,0.08,1,N,"group_rank(anl4_fs_detail_estimate_1qf_v4_nd_totgw_median/assets, subindustry) + group_rank(anl4_fs_detail_estimate_1qf_v4_nd_netdebt_high/assets, subindustry) + group_rank(ts_av_diff(cash/assets, 75), subindustry) + group_rank(ts_av_diff(cashflow_op/enterprise_value, 60), subindustry) + group_rank(anl4_fs_actuals_basic_qf_nd_div_value/assets, subindustry)"
w28_n,mLg6nOkp,1.17,0.72,1.89,0.1475,0.0553,0.1074,1.34,E,"LOW_SHARPE,LOW_FITNESS",INFERIOR,TOP3000,SUBINDUSTRY,8,0.08,1,N,"group_rank(fnd6_newqv1300_ivstq/assets, subindustry) + group_zscore(ts_av_diff(cash/assets, 30), subindustry) + rank(-ts_mean(returns, 5)) + rank(-ts_corr(close, volume, 20))"
e8_ind_zs,N1Q7lOJX,1.12,0.75,1.87,0.0288,0.0565,0.0911,0.74,E,"LOW_SHARPE,LOW_FITNESS",INFERIOR,TOP3000,INDUSTRY,40,0.08,1,N,"group_rank(-ts_delta(close, 2), industry) + group_zscore(fnd6_xopr/assets, industry)"
w75_g,9qVkW9NK,1.18,0.69,1.87,0.2969,0.1005,0.0952,0.8,E,"LOW_SHARPE,LOW_FITNESS",INFERIOR,TOP3000,INDUSTRY,4,0.08,1,N,"group_rank(anl4_fs_detail_estimate_1qf_v4_nd_rd_exp_high/assets, industry) + group_rank(fnd6_newqv1300_pncq/assets, industry) + group_rank(-ts_delta(close, 8), industry) + rank(volume/ts_mean(volume, 120))"
w82_f,WjPxpKkG,1.12,0.73,1.85,0.0091,0.0533,0.0668,0.2,E,"LOW_SHARPE,LOW_FITNESS,LOW_TURNOVER",INFERIOR,TOP3000,SUBINDUSTRY,4,0.08,1,N,"hump(trade_when(ts_rank(volume, 5) > 0.5, group_rank(anl4_fs_detail_estimate_1qf_v4_nd_rd_exp_high/assets, subindustry) + group_rank(anl4_fs_detail_estimate_1qf_v4_nd_cfi_low/assets, subindustry) + group_rank(ts_av_diff(cash/assets, 45), subindustry) + group_rank(ts_av_diff(cashflow_op/enterprise_value, 45), subindustry) + group_rank(-ts_delta(close, 10), subindustry) + rank(volume/ts_mean(volume, 120)), -1), hump=0.008)"
w90_e,wpYAGpjY,1.08,0.77,1.85,0.0502,0.0631,0.1317,0.66,E,"LOW_SHARPE,LOW_FITNESS",INFERIOR,TOP3000,SUBINDUSTRY,4,0.08,1,N,"group_rank(-anl4_fs_detail_estimate_1qf_v4_nd_netdebt_high/assets, subindustry) + group_rank(anl4_fs_detail_estimates_basic_qf_delay1_v4_nd_div_mean/assets, subindustry) + 0.5*group_rank(ts_av_diff(cash/assets, 75), subindustry) + 0.5*group_rank(ts_av_diff(cashflow_op/enterprise_value, 60), subindustry)"
w34_a,YP5xGgpq,1.17,0.67,1.84,0.2094,0.0677,0.0752,0.89,E,"LOW_SHARPE,LOW_FITNESS",INFERIOR,TOP3000,SUBINDUSTRY,8,0.08,1,N,"group_rank(fnd6_newqv1300_cshopq/assets, subindustry) + group_rank(fnd6_newqv1300_txdbq/assets, subindustry) + group_rank(ts_av_diff(cashflow_op/enterprise_value, 60), subindustry) + group_rank(-ts_delta(close, 2), subindustry) + rank(volume/ts_mean(volume, 60))"
j08_amb60_wc,le8WowWe,1.12,0.71,1.83,0.0598,0.0504,0.0533,0.35,E,"LOW_SHARPE,LOW_FITNESS",INFERIOR,TOP3000,SUBINDUSTRY,12,0.08,1,N,"group_rank(-ts_mean(abs(returns)/volume, 60), subindustry) + group_rank(ts_av_diff(assets_curr/assets, 30), subindustry)"
j04_cf120,akL15Kn9,1.21,0.61,1.82,0.1592,0.0402,0.0682,0.46,E,"LOW_SHARPE,LOW_FITNESS",INFERIOR,TOP3000,SUBINDUSTRY,8,0.08,1,N,"group_rank(ts_rank(cashflow_op/assets, 120), subindustry) + rank(volume/ts_mean(volume, 60))"
u4_ebit_ev,npK7mKzz,1.11,0.71,1.82,0.1427,0.0592,0.0602,0.95,E,"LOW_SHARPE,LOW_FITNESS",INFERIOR,TOP3000,SUBINDUSTRY,8,0.08,1,N,"group_rank(ts_av_diff(ebit/enterprise_value, 30), subindustry)"
c05_s07_mon_cnt,xAYkMOzW,1.07,0.73,1.8,0.0498,0.0576,0.0819,1.73,E,"LOW_SHARPE,LOW_FITNESS,LOW_SUB_UNIVERSE_SHARPE",INFERIOR,TOP3000,SUBINDUSTRY,130,0.08,1,N,"a = ts_sum(open > close, 20) / ts_sum(open < close, 20);
b = ts_sum(open > close, 252) / ts_sum(open < close, 252);
rank(a / b)"
w26_rcp,883PXeAm,1.12,0.68,1.8,0.1843,0.0671,0.055,1.28,E,"LOW_SHARPE,LOW_FITNESS",INFERIOR,TOP3000,SUBINDUSTRY,8,0.08,1,N,"group_rank(-fnd6_newqv1300_rcpq/assets, subindustry) + group_rank(ts_av_diff(cashflow_op/enterprise_value, 60), subindustry) + rank(-ts_delta(close, 2)) + rank(volume/ts_mean(volume, 60))"
w35_h,WjPLXkbo,1.19,0.6,1.79,0.2371,0.0594,0.0393,-0.26,E,"LOW_SHARPE,LOW_FITNESS",INFERIOR,TOP1000,SUBINDUSTRY,8,0.08,1,N,"group_rank(fnd6_newqv1300_cshopq/assets, subindustry) + group_rank(ts_av_diff(cashflow_op/enterprise_value, 60), subindustry) + group_rank(-ts_delta(close, 2), subindustry) + rank(volume/ts_mean(volume, 60))"
w71_b,QP3NpGng,1.18,0.61,1.79,0.2981,0.0797,0.0695,0.97,E,"LOW_SHARPE,LOW_FITNESS",INFERIOR,TOP3000,INDUSTRY,3,0.08,1,N,"group_rank(anl4_fs_detail_estimates_advanced_af_nd_capex_number/assets, industry) + group_rank(anl4_fs_detail_estimate_1qf_v4_nd_cfi_low/assets, industry) + group_rank(-ts_delta(close, 5), industry) + rank(volume/ts_mean(volume, 90))"
e06_val_volrev,0mREk68G,1.07,0.7,1.77,0.2213,0.0959,0.1329,1.5,E,"LOW_SHARPE,LOW_FITNESS",INFERIOR,TOP3000,SUBINDUSTRY,8,0.08,1,N,"group_rank(cashflow_op / enterprise_value, subindustry) + group_rank(-ts_delta(close, 2) * rank(volume / ts_mean(volume, 20)), subindustry)"
w33_j,O0rJPLO7,1.22,0.54,1.76,0.2406,0.0464,0.0514,0.08,E,"LOW_SHARPE,LOW_FITNESS",INFERIOR,TOP3000,SUBINDUSTRY,8,0.08,1,N,"group_rank(fnd6_newqv1300_cshopq/assets, subindustry) + group_rank(fnd6_newqv1300_cimiiq/assets, subindustry) + group_rank(-ts_delta(close, 2), subindustry) + rank(volume/ts_mean(volume, 60))"
w108_i,mLgn8G6p,1.05,0.69,1.74,0.1464,0.0629,0.131,0.88,E,"LOW_SHARPE,LOW_FITNESS",INFERIOR,TOP3000,SUBINDUSTRY,1,0.08,1,N,"group_rank(fnd6_xintopt/assets, subindustry) + group_rank(anl4_fs_detail_estimate_1qf_v4_nd_totassets_mean/assets, subindustry) + group_rank(-anl4_fs_detail_estimates_advanced_af_nd_capex_median/assets, subindustry) + group_rank(ts_av_diff(cash/assets, 45), subindustry) + group_rank(ts_av_diff(cashflow_op/enterprise_value, 45), subindustry) + group_rank(-ts_std_dev(volume/sharesout, 20), subindustry)"
c13_s04_estnp,akLnJLMx,0.99,0.74,1.73,0.026,0.0692,0.0893,0.34,E,"LOW_SHARPE,LOW_FITNESS,LOW_SUB_UNIVERSE_SHARPE",INFERIOR,TOP3000,MARKET,5,0.08,1,N,"group_rank(est_netprofit / cap, subindustry)"
w108_h,LL9opzlm,1.21,0.5,1.71,0.3496,0.06,0.0716,1.05,E,"LOW_SHARPE,LOW_FITNESS",INFERIOR,TOP3000,SUBINDUSTRY,1,0.08,1,N,"group_rank(fnd6_xintopt/assets, subindustry) + group_rank(anl4_fs_detail_estimate_1qf_v4_nd_totassets_mean/assets, subindustry) + group_rank(-anl4_fs_detail_estimates_advanced_af_nd_capex_median/assets, subindustry) + group_rank(ts_av_diff(cash/assets, 45), subindustry) + group_rank(ts_av_diff(cashflow_op/enterprise_value, 45), subindustry) + group_rank(if_else(rank(ts_std_dev(volume/sharesout, 20)) < 0.5, ts_rank(volume/sharesout, 20), -ts_rank(volume/sharesout, 20)), subindustry)"
w33_f,pwPvrKNg,1.09,0.59,1.68,0.2051,0.0603,0.0853,0.95,E,"LOW_SHARPE,LOW_FITNESS,LOW_SUB_UNIVERSE_SHARPE",INFERIOR,TOP3000,SUBINDUSTRY,12,0.08,1,N,"group_rank(fnd6_newqv1300_tfvceq/assets, subindustry) + group_rank(fnd6_xrent/assets, subindustry) + group_rank(ts_av_diff(cash/assets, 30), subindustry) + group_rank(-ts_delta(close, 2), subindustry) + rank(volume/ts_mean(volume, 60))"
w37_b,Vk6NQOvY,1.02,0.66,1.68,0.133,0.0554,0.0643,0.32,E,"LOW_SHARPE,LOW_FITNESS",INFERIOR,TOP3000,SUBINDUSTRY,20,0.08,1,N,"group_rank(fnd6_newqv1300_cshopq/assets, subindustry) + group_rank(fnd6_newqv1300_txdbq/assets, subindustry) + group_rank(fnd6_xrent/assets, subindustry) + group_rank(ts_av_diff(cash/assets, 30), subindustry) + group_rank(-ts_delta(close, 2), subindustry) + rank(volume/ts_mean(volume, 60))"
w47_b,E5vNw9eG,1.04,0.64,1.68,0.1368,0.0524,0.0445,0.59,E,"LOW_SHARPE,LOW_FITNESS",INFERIOR,TOP1000,SUBINDUSTRY,40,0.08,1,N,"group_rank(fnd6_newqv1300_cimiiq/assets, subindustry) + group_rank(ts_av_diff(cash/assets, 30), subindustry) + group_rank(ts_av_diff(cashflow_op/enterprise_value, 60), subindustry) + group_rank(-ts_delta(close, 2), subindustry) + rank(volume/ts_mean(volume, 60))"
w81_g,9qV2JG0o,1.0,0.68,1.68,0.0894,0.0581,0.083,1.33,E,"LOW_SHARPE,LOW_FITNESS",INFERIOR,TOP3000,SUBINDUSTRY,4,0.08,1,N,"group_neutralize(rank(anl4_fs_detail_estimate_1qf_v4_nd_cfi_low/assets) + rank(anl4_fs_detail_estimate_1qf_v4_nd_sga_median/assets) + rank(ts_av_diff(cash/assets, 75)) + rank(ts_av_diff(cashflow_op/enterprise_value, 60)), subindustry)"
w33_i,rK5dg9oJ,1.16,0.51,1.67,0.2268,0.0445,0.0445,0.29,E,"LOW_SHARPE,LOW_FITNESS",INFERIOR,TOP3000,SUBINDUSTRY,8,0.08,1,N,"group_rank(fnd6_newqv1300_cshopq/assets, subindustry) + group_rank(fnd6_newqv1300_mibtq/assets, subindustry) + group_rank(-ts_delta(close, 2), subindustry) + rank(volume/ts_mean(volume, 60))"
w28_a,vRk2bo2A,1.1,0.56,1.66,0.3038,0.08,0.068,2.39,E,"LOW_SHARPE,LOW_FITNESS",INFERIOR,TOP3000,SUBINDUSTRY,4,0.08,1,N,"group_rank(fnd6_newqv1300_ivstq/assets, subindustry) + rank(-ts_mean(returns, 5)) + ts_rank(volume/ts_mean(volume, 60), 60)"
f2_res_6k_xr10,j23jp0KE,1.03,0.62,1.65,0.1299,0.0476,0.0484,0.24,E,"LOW_SHARPE,LOW_FITNESS",INFERIOR,TOP3000,SUBINDUSTRY,20,0.08,1,N,"ts_regression(group_rank(fnd6_xrent/assets, subindustry) + group_rank(-ts_delta(close, 10), subindustry) + rank(volume/ts_mean(volume, 120)), group_rank(-ts_delta(close, 2), subindustry) + group_rank(fnd6_xopr/assets, subindustry) + rank(volume/ts_mean(volume, 60)), 250, lag=0, rettype=0)"
w28_d,le8KPX62,1.03,0.62,1.65,0.3204,0.1152,0.2863,1.07,E,"LOW_SHARPE,LOW_FITNESS,CONCENTRATED_WEIGHT,LOW_SUB_UNIVERSE_SHARPE",INFERIOR,TOP3000,SUBINDUSTRY,8,0.08,1,N,"group_rank(fnd6_newqv1300_lnoq/assets, subindustry) + group_rank(fnd6_mkvaltq, subindustry) + rank(-ts_mean(returns, 5)) + ts_rank(volume/ts_mean(volume, 60), 60)"
w28_h,9qVWOXZr,1.01,0.63,1.64,0.1908,0.0739,0.0974,2.34,E,"LOW_SHARPE,LOW_FITNESS",INFERIOR,TOP3000,SUBINDUSTRY,4,0.08,1,N,"group_rank(fnd6_dlcch/assets, subindustry) + group_rank(fnd6_newqv1300_ivstq/assets, subindustry) + rank(-ts_mean(returns, 5))"
w35_i,O0rJmKl7,1.09,0.55,1.64,0.2205,0.0562,0.0753,-0.69,E,"LOW_SHARPE,LOW_FITNESS",INFERIOR,TOP500,SUBINDUSTRY,8,0.08,1,N,"group_rank(fnd6_xrent/assets, subindustry) + group_rank(ts_av_diff(cash/assets, 30), subindustry) + group_rank(-ts_delta(close, 2), subindustry) + rank(volume/ts_mean(volume, 60))"
w89_b,P0ZbYNWW,0.95,0.67,1.62,0.0197,0.0618,0.1349,0.78,E,"LOW_SHARPE,LOW_FITNESS",INFERIOR,TOP3000,SUBINDUSTRY,4,0.08,1,N,"group_rank(anl4_fs_guidances_advanced_af_nd_ebitda_maxguidance/assets, subindustry) + group_rank(anl4_fs_guidances_advanced_af_nd_custom_eps_minguidance/assets, subindustry) + group_rank(-(anl4_fs_guidances_advanced_af_nd_ebitda_maxguidance-anl4_fs_guidances_advanced_af_nd_ebitda_minguidance)/assets, subindustry)"
c10_s02_turnover,rK5lkLAj,0.91,0.7,1.61,0.0171,0.0738,0.1455,0.73,E,"LOW_SHARPE,LOW_FITNESS",INFERIOR,TOP3000,SUBINDUSTRY,20,0.08,1,N,rank(sales / assets)
w29_h,om6Wb1MJ,1.11,0.5,1.61,0.2776,0.0561,0.0641,1.26,E,"LOW_SHARPE,LOW_FITNESS",INFERIOR,TOP3000,SUBINDUSTRY,8,0.08,0,N,"group_rank(fnd6_lul3/assets, subindustry) + group_rank(-ts_delta(close, 2), subindustry) + rank(volume/ts_mean(volume, 60))"
w40_b,pwPWGKb3,1.0,0.61,1.61,0.1472,0.0539,0.0803,0.49,E,"LOW_SHARPE,LOW_FITNESS,LOW_SUB_UNIVERSE_SHARPE",INFERIOR,TOP3000,SUBINDUSTRY,40,0.08,1,N,"group_rank(fnd6_newqv1300_tfvceq/assets, subindustry) + group_rank(fnd6_xrent/assets, subindustry) + group_rank(ts_av_diff(cash/assets, 30), subindustry) + group_rank(-ts_delta(close, 2), subindustry) + rank(volume/ts_mean(volume, 60))"
w28_g,6XrKLKnp,0.97,0.63,1.6,0.1398,0.0591,0.0889,1.01,E,"LOW_SHARPE,LOW_FITNESS",INFERIOR,TOP3000,SUBINDUSTRY,8,0.08,1,N,"group_rank(fnd6_ivch/assets, subindustry) + group_rank(fnd6_newqv1300_ivstq/assets, subindustry) + rank(-ts_mean(returns, 5)) + rank(-ts_corr(close, volume, 20))"
q6_gap_mom,GrdlYqjJ,0.94,0.65,1.59,0.0778,0.0594,0.0764,1.06,E,"LOW_SHARPE,LOW_FITNESS",INFERIOR,TOP3000,SUBINDUSTRY,8,0.08,1,N,"rank(ts_mean(open/ts_delay(close, 1) - 1, 20)) + group_rank(fnd6_mfma2_revt/assets, subindustry)"
w97_a,A108jRoQ,1.12,0.47,1.59,0.3992,0.0698,0.081,0.97,E,"LOW_SHARPE,LOW_FITNESS",INFERIOR,TOP3000,SUBINDUSTRY,1,0.08,0,N,"ts_zscore(authorized_stock_buyback_amount/assets, 250) + -ts_zscore(annual_intangible_assets_net_carrying_value/assets, 250) + ts_zscore(ts_av_diff(cash/assets, 45), 250) + ts_zscore(ts_av_diff(cashflow_op/enterprise_value, 45), 250) + -ts_zscore(ts_delta(close, 10), 60) + ts_zscore(volume/ts_mean(volume, 120), 250)"
c06_s13_mon_amp,JjxOlqnA,0.92,0.63,1.55,0.0965,0.0594,0.0752,1.45,E,"LOW_SHARPE,LOW_FITNESS,LOW_SUB_UNIVERSE_SHARPE",INFERIOR,TOP3000,SUBINDUSTRY,20,0.08,1,N,"bar = (open - close) / (high - low);
a = ts_sum((open > close) * bar, 20) / ts_sum((open < close) * (-bar), 20);
b = ts_sum((open > close) * bar, 252) / ts_sum((open < close) * (-bar), 252);
rank(a / b)"
w90_a,2rOxX2jY,0.91,0.64,1.55,0.0553,0.0623,0.1513,0.25,E,"LOW_SHARPE,LOW_FITNESS",INFERIOR,TOP3000,SUBINDUSTRY,4,0.08,1,N,"group_rank(anl4_fs_detail_estimates_basic_qf_delay1_v4_nd_div_mean/assets, subindustry) + group_rank(-anl4_fs_detail_estimates_basic_qf_delay1_v4_nd_div_std/assets, subindustry) + 0.5*group_rank(ts_av_diff(cash/assets, 75), subindustry) + 0.5*group_rank(ts_av_diff(cashflow_op/enterprise_value, 60), subindustry)"
w82_c,YP59AVM6,0.85,0.67,1.52,0.1603,0.1004,0.1579,0.27,E,"LOW_SHARPE,LOW_FITNESS",INFERIOR,TOP3000,MARKET,4,0.08,1,N,"group_rank(anl4_fs_detail_estimate_1qf_v4_nd_rd_exp_high/assets, market) + group_rank(anl4_fs_detail_estimate_1qf_v4_nd_netdebt_high/assets, market) + group_rank(ts_av_diff(cash/assets, 45), market) + group_rank(ts_av_diff(cashflow_op/enterprise_value, 45), market) + group_rank(-ts_delta(close, 10), market) + rank(volume/ts_mean(volume, 120))"
w31_tfvceq,6XrAno5L,1.03,0.48,1.51,0.2955,0.0637,0.0622,1.56,E,"LOW_SHARPE,LOW_FITNESS",INFERIOR,TOP3000,SUBINDUSTRY,8,0.08,1,N,"group_rank(fnd6_newqv1300_tfvceq/assets, subindustry) + group_rank(ts_av_diff(cashflow_op/enterprise_value, 60), subindustry) + group_rank(-ts_delta(close, 2), subindustry) + rank(volume/ts_mean(volume, 60))"
f5_d0_res_6k,le8jn9x2,1.07,0.43,1.5,0.2974,0.0473,0.0401,0.27,E,"LOW_SHARPE,LOW_FITNESS",INFERIOR,TOP3000,SUBINDUSTRY,8,0.08,0,N,"ts_regression(group_rank(fnd6_xrent/assets, subindustry) + group_rank(-ts_delta(close, 5), subindustry) + rank(volume/ts_mean(volume, 60)), group_rank(-ts_delta(close, 2), subindustry) + group_rank(fnd6_xopr/assets, subindustry) + rank(volume/ts_mean(volume, 60)), 250, lag=0, rettype=0)"
w40_j,9qVGmLdK,0.95,0.55,1.5,0.1375,0.0468,0.0716,0.78,E,"LOW_SHARPE,LOW_FITNESS,LOW_SUB_UNIVERSE_SHARPE",INFERIOR,TOP3000,SUBINDUSTRY,40,0.08,1,N,"group_rank(fnd6_newqv1300_tfvceq/assets, subindustry) + group_rank(fnd6_newqv1300_cimiiq/assets, subindustry) + group_rank(fnd6_xrent/assets, subindustry) + group_rank(ts_av_diff(cash/assets, 30), subindustry) + group_rank(-ts_delta(close, 2), subindustry) + rank(volume/ts_mean(volume, 60))"
w67_h,om6Jo91E,0.99,0.51,1.5,0.2603,0.0696,0.0857,1.72,E,"LOW_SHARPE,LOW_FITNESS",INFERIOR,TOP3000,INDUSTRY,2,0.08,1,N,"group_rank(anl4_fs_detail_estimate_1qf_v4_nd_sh_equity_median/assets, industry) + group_rank(anl4_fs_detail_estimate_1qf_v4_nd_cff_mean/assets, industry) + group_rank(-ts_rank(close, 10), industry)"
u5_cash,O0r7R6Pq,1.01,0.47,1.48,0.0825,0.027,0.041,0.59,E,"LOW_SHARPE,LOW_FITNESS,LOW_SUB_UNIVERSE_SHARPE",INFERIOR,TOP3000,SUBINDUSTRY,8,0.08,1,N,"group_rank(ts_av_diff(cash/assets, 30), subindustry)"
w35_j,A10QakQR,0.98,0.5,1.48,0.2314,0.061,0.0783,0.42,E,"LOW_SHARPE,LOW_FITNESS,LOW_SUB_UNIVERSE_SHARPE",INFERIOR,TOP500,SUBINDUSTRY,8,0.08,1,N,"group_rank(fnd6_newqv1300_ivstq/assets, subindustry) + group_rank(fnd6_newqv1300_lol2q/assets, subindustry) + group_rank(ts_av_diff(cashflow_op/enterprise_value, 60), subindustry) + group_rank(-ts_delta(close, 2), subindustry) + rank(volume/ts_mean(volume, 60))"
w89_a,MP1neOX8,0.85,0.63,1.48,0.0169,0.0679,0.2024,0.79,E,"LOW_SHARPE,LOW_FITNESS",INFERIOR,TOP3000,SUBINDUSTRY,4,0.08,1,N,"group_rank(anl4_fs_guidances_advanced_af_nd_ebitda_maxguidance/assets, subindustry) + group_rank(anl4_fs_guidances_advanced_af_nd_custom_eps_minguidance/assets, subindustry) + group_rank(anl4_fs_guidances_advanced_qf_nd_rd_exp_maxguidance/assets, subindustry) + group_rank(anl4_fs_guidances_advanced_qf_nd_ffoa_maxguidance/assets, subindustry)"
w89_h,883ZEKQz,0.85,0.63,1.48,0.0172,0.0677,0.1953,0.8,E,"LOW_SHARPE,LOW_FITNESS",INFERIOR,TOP3000,SUBINDUSTRY,4,0.08,1,N,"group_rank(anl4_fs_guidances_advanced_af_nd_ebitda_maxguidance/assets, subindustry) + group_rank(anl4_fs_guidances_advanced_af_nd_ebitda_minguidance/assets, subindustry) + group_rank(anl4_fs_guidances_advanced_af_nd_custom_eps_minguidance/assets, subindustry) + group_rank(anl4_fs_guidances_advanced_af_nd_ffoa_minguidance/assets, subindustry) + group_rank(anl4_fs_guidances_basic_af_nd_cfps_minguidance/assets, subindustry) + group_rank(anl4_fs_guidances_advanced_qf_nd_totgw_minguidance/assets, subindustry)"
w34_b,om6oMNdl,0.98,0.47,1.45,0.2558,0.0593,0.067,-0.25,E,"LOW_SHARPE,LOW_FITNESS,LOW_SUB_UNIVERSE_SHARPE",INFERIOR,TOP3000,SUBINDUSTRY,8,0.08,1,N,"group_rank(fnd6_newqv1300_cshopq/assets, subindustry) + group_rank(fnd6_newqv1300_tfvceq/assets, subindustry) + group_rank(ts_av_diff(cashflow_op/enterprise_value, 60), subindustry) + group_rank(-ts_delta(close, 2), subindustry) + rank(volume/ts_mean(volume, 60))"
w40_h,P0ZP80rM,0.89,0.56,1.45,0.114,0.0497,0.0719,0.29,E,"LOW_SHARPE,LOW_FITNESS",INFERIOR,TOP3000,SUBINDUSTRY,40,0.08,1,N,"group_rank(fnd6_newqv1300_txdbq/assets, subindustry) + group_rank(fnd6_newqv1300_cshopq/assets, subindustry) + group_rank(fnd6_xrent/assets, subindustry) + group_rank(ts_av_diff(cash/assets, 30), subindustry) + group_rank(-ts_delta(close, 2), subindustry) + rank(volume/ts_mean(volume, 60))"
w89_k,pwPkMKWq,0.83,0.62,1.45,0.0162,0.0688,0.217,0.8,E,"LOW_SHARPE,LOW_FITNESS",INFERIOR,TOP3000,SUBINDUSTRY,4,0.08,1,N,"group_rank(anl4_fs_guidances_advanced_af_nd_ffoa_minguidance/assets, subindustry) + group_rank(anl4_fs_guidances_advanced_qf_nd_soe_minguidance/assets, subindustry) + group_rank(anl4_fs_guidances_advanced_qf_nd_totgw_minguidance/assets, subindustry)"
w93_d,QP3A6VRr,0.87,0.58,1.45,0.0973,0.0558,0.1139,-0.33,E,"LOW_SHARPE,LOW_FITNESS,LOW_SUB_UNIVERSE_SHARPE",INFERIOR,TOP3000,SUBINDUSTRY,4,0.08,0,N,"group_rank(-ts_delta(close, 120), subindustry) + group_rank(-ts_delta(close, 250), subindustry) + group_rank(close/ts_mean(close, 250), subindustry)"
w33_g,9qVE1XKo,0.95,0.49,1.44,0.2161,0.0577,0.0605,1.34,E,"LOW_SHARPE,LOW_FITNESS",INFERIOR,TOP3000,SUBINDUSTRY,16,0.08,1,N,"group_rank(fnd6_newqv1300_tfvceq/assets, subindustry) + group_rank(ts_av_diff(cashflow_op/enterprise_value, 60), subindustry) + group_rank(-ts_delta(close, 2), subindustry) + rank(volume/ts_mean(volume, 60))"
w30_opt_b,zqYblamG,1.03,0.4,1.43,0.4551,0.0671,0.1081,1.49,E,"LOW_SHARPE,LOW_FITNESS,CONCENTRATED_WEIGHT",INFERIOR,TOP3000,SUBINDUSTRY,8,0.08,1,N,"group_rank(-implied_volatility_mean_skew_20, subindustry) + group_rank(-ts_delta(close, 2), subindustry) + rank(volume/ts_mean(volume, 60))"
w89_c,1YxRlQjW,0.82,0.61,1.43,0.0162,0.0683,0.2161,0.77,E,"LOW_SHARPE,LOW_FITNESS",INFERIOR,TOP3000,SUBINDUSTRY,4,0.08,1,N,"group_rank(anl4_fs_guidances_advanced_qf_nd_sh_equity_maxguidance/assets, subindustry) + group_rank(anl4_fs_guidances_advanced_af_nd_totassets_minguidance/assets, subindustry) + group_rank(anl4_fs_guidances_basic_af_nd_cfps_minguidance/assets, subindustry)"
w108_j,YP530ZnW,1.03,0.39,1.42,0.3254,0.0469,0.0813,0.34,E,"LOW_SHARPE,LOW_FITNESS",INFERIOR,TOP3000,SUBINDUSTRY,1,0.08,1,N,"group_rank(fnd6_xintopt/assets, bucket(rank(cap), range=""0.1, 1, 0.1"")) + group_rank(anl4_fs_detail_estimate_1qf_v4_nd_totassets_mean/assets, bucket(rank(cap), range=""0.1, 1, 0.1"")) + group_rank(-anl4_fs_detail_estimates_advanced_af_nd_capex_median/assets, bucket(rank(cap), range=""0.1, 1, 0.1"")) + group_rank(ts_av_diff(cash/assets, 45), bucket(rank(cap), range=""0.1, 1, 0.1"")) + group_rank(ts_av_diff(cashflow_op/enterprise_value, 45), bucket(rank(cap), range=""0.1, 1, 0.1"")) + group_rank(if_else(rank(ts_std_dev(volume/sharesout, 20)) < 0.5, ts_rank(volume/sharesout, 20), -ts_rank(volume/sharesout, 20)), bucket(rank(cap), range=""0.1, 1, 0.1""))"
b1_capex_rev_d40,Vk67RVzA,0.93,0.48,1.41,0.0892,0.0334,0.0418,1.11,E,"LOW_SHARPE,LOW_FITNESS",INFERIOR,TOP3000,SUBINDUSTRY,40,0.08,1,N,"group_rank(-ts_delta(capex/assets, 60), subindustry) + group_rank(-ts_delta(close, 2), subindustry)"
w60_a,YP581zp6,1.06,0.35,1.41,0.5499,0.0611,0.0753,2.09,E,"LOW_SHARPE,LOW_FITNESS",INFERIOR,TOP3000,SUBINDUSTRY,2,0.08,1,N,"group_rank(fnd6_newqv1300_tfvceq/assets, subindustry) + group_rank(ts_av_diff(cash/assets, 45), subindustry) + group_rank(ts_av_diff(cashflow_op/enterprise_value, 45), subindustry) + group_rank(-ts_delta(close, 2), subindustry) + rank(volume/ts_mean(volume, 60))"
w98_e,gJQVAd1l,0.85,0.56,1.41,0.0274,0.054,0.1692,0.39,E,"LOW_SHARPE,LOW_FITNESS,LOW_SUB_UNIVERSE_SHARPE",INFERIOR,TOP3000,SUBINDUSTRY,2,0.08,0,N,"group_rank(-(fnd6_ni-fnd6_newa2_oancf)/assets, subindustry) + group_rank(fnd6_oibdp/assets, subindustry)"
w101_b,d5OrlqGE,0.88,0.49,1.37,0.1512,0.0477,0.1526,0.07,E,"LOW_SHARPE,LOW_FITNESS,CONCENTRATED_WEIGHT,LOW_SUB_UNIVERSE_SHARPE",INFERIOR,TOP3000,SUBINDUSTRY,5,0.08,0,N,"group_rank(news_short_interest, subindustry)"
w98_f,E5vP7PvJ,0.92,0.45,1.37,0.0527,0.0304,0.0497,-0.09,E,"LOW_SHARPE,LOW_FITNESS,LOW_SUB_UNIVERSE_SHARPE",INFERIOR,TOP3000,SUBINDUSTRY,2,0.08,0,N,"group_rank(ts_delta(fnd6_gp/assets, 66), subindustry)"
w71_e,E5v8P9o1,0.88,0.48,1.36,0.2434,0.0716,0.1197,1.11,E,"LOW_SHARPE,LOW_FITNESS",INFERIOR,TOP3000,INDUSTRY,3,0.08,1,N,"group_rank(anl4_fs_detail_estimates_advanced_af_nd_capex_number/assets, industry) + group_rank(-anl4_fs_detail_estimate_1qf_v4_nd_netdebt_mean/assets, industry) + group_rank(-ts_rank(close, 10), industry)"
w81_d,YP59QpLR,0.89,0.45,1.34,0.1282,0.0333,0.0377,0.71,E,"LOW_SHARPE,LOW_FITNESS",INFERIOR,TOP3000,SUBINDUSTRY,4,0.08,1,N,"group_rank(anl4_fs_detail_estimate_1qf_v4_nd_totgw_median/assets, subindustry) + group_rank(anl4_fs_detail_estimate_1qf_v4_nd_cfi_low/assets, subindustry) + group_rank(ts_av_diff(cashflow_op/enterprise_value, 60), subindustry) + group_rank(ts_corr(rank(close), rank(volume), 20), subindustry)"
w37_h,RRV59W71,0.83,0.5,1.33,0.1095,0.045,0.0964,-0.23,E,"LOW_SHARPE,LOW_FITNESS",INFERIOR,TOP500,SUBINDUSTRY,40,0.08,1,N,"group_rank(fnd6_xrent/assets, subindustry) + group_rank(ts_av_diff(cash/assets, 30), subindustry) + group_rank(ts_av_diff(cashflow_op/enterprise_value, 60), subindustry) + group_rank(-ts_delta(close, 2), subindustry) + rank(volume/ts_mean(volume, 60))"
w93_e,WjPRJe8d,0.83,0.47,1.3,0.3021,0.0957,0.2151,0.17,E,"LOW_SHARPE,LOW_FITNESS",INFERIOR,TOP3000,SUBINDUSTRY,4,0.08,0,N,"group_rank(dividend/(sharesout*close), subindustry) + group_rank(-(high-low)/close, subindustry) + 0.5*group_rank(ts_av_diff(cash/assets, 45), subindustry) + 0.5*group_rank(ts_av_diff(cashflow_op/enterprise_value, 45), subindustry) + 0.5*group_rank(-ts_delta(close, 10), subindustry) + 0.5*rank(volume/ts_mean(volume, 120))"
q2_gap_rev_vol,QP37r3bK,0.85,0.44,1.29,0.1812,0.0477,0.138,0.85,E,"LOW_SHARPE,LOW_FITNESS",INFERIOR,TOP3000,SUBINDUSTRY,8,0.08,1,N,"rank(-ts_mean(open/ts_delay(close, 1) - 1, 5)) + group_rank(fnd6_mfma2_revt/assets, subindustry) + rank(volume/ts_mean(volume, 60))"
w31_rdipep,JjxPjpVO,0.93,0.36,1.29,0.2663,0.0398,0.0409,0.03,E,"LOW_SHARPE,LOW_FITNESS",INFERIOR,TOP3000,SUBINDUSTRY,8,0.08,1,N,"group_rank(fnd6_newqv1300_rdipepsq/assets, subindustry) + group_rank(ts_av_diff(cash/assets, 30), subindustry) + group_rank(-ts_delta(close, 2), subindustry) + rank(volume/ts_mean(volume, 60))"
w107_a,RRVxrjgo,0.83,0.42,1.25,0.0278,0.0325,0.0439,0.88,E,"LOW_SHARPE,LOW_FITNESS",INFERIOR,TOP3000,SUBINDUSTRY,4,0.08,1,N,"group_rank(fnd6_xintopt/assets, subindustry) + group_rank(anl4_fs_detail_estimate_1qf_v4_nd_totassets_mean/assets, subindustry) + group_rank(-anl4_fs_detail_estimates_advanced_af_nd_capex_median/assets, subindustry) + group_rank(anl4_fs_detail_estimate_1qf_v4_nd_cff_high/assets, subindustry)"
w107_e,6Xr6Ewa7,0.83,0.41,1.24,0.026,0.031,0.0627,0.7,E,"LOW_SHARPE,LOW_FITNESS",INFERIOR,TOP3000,SUBINDUSTRY,4,0.08,1,N,"group_rank(fnd6_xintopt/assets, subindustry) + group_rank(anl4_fs_detail_estimate_1qf_v4_nd_totassets_mean/assets, subindustry) + group_rank(-anl4_fs_detail_estimates_advanced_af_nd_capex_median/assets, subindustry) + group_rank(anl4_fs_detail_estimate_1qf_v4_nd_cff_high/assets, subindustry) + group_rank(anl4_fs_detail_estimate_1qf_v4_nd_totgw_mean/assets, subindustry)"
w81_j,qMWwXvpO,0.74,0.49,1.23,0.0947,0.0549,0.1784,0.73,E,"LOW_SHARPE,LOW_FITNESS",INFERIOR,TOP3000,SUBINDUSTRY,4,0.08,1,N,"group_rank(anl4_fs_actuals_basic_qf_nd_div_value/assets, subindustry) + group_rank(anl4_fs_detail_estimate_1qf_v4_nd_rd_exp_high/assets, subindustry) + group_rank(ts_av_diff(cash/assets, 75), subindustry) + group_rank(ts_av_diff(cashflow_op/enterprise_value, 60), subindustry) + group_rank(ts_std_dev(returns, 20), subindustry)"
w47_e,RRV983ba,0.77,0.45,1.22,0.145,0.0489,0.0818,0.4,E,"LOW_SHARPE,LOW_FITNESS",INFERIOR,TOP1000,SUBINDUSTRY,25,0.08,1,N,"group_rank(fnd6_newqv1300_cimiiq/assets, subindustry) + group_rank(fnd6_newqv1300_lol2q/assets, subindustry) + group_rank(ts_av_diff(cash/assets, 30), subindustry) + group_rank(ts_av_diff(cashflow_op/enterprise_value, 60), subindustry) + group_rank(-ts_delta(close, 2), subindustry) + rank(volume/ts_mean(volume, 60))"
w93_f,58Q1Ygzk,0.81,0.39,1.2,0.3224,0.0738,0.1082,0.49,E,"LOW_SHARPE,LOW_FITNESS,LOW_SUB_UNIVERSE_SHARPE",INFERIOR,TOP3000,SUBINDUSTRY,4,0.08,0,N,"rank(-(close/vwap-1)) + group_rank(-ts_delta(close, 120), subindustry)"
w40_d,MP1gzYnL,0.75,0.44,1.19,0.1287,0.0444,0.1327,0.65,E,"LOW_SHARPE,LOW_FITNESS,LOW_SUB_UNIVERSE_SHARPE",INFERIOR,TOP3000,SUBINDUSTRY,40,0.08,1,N,"group_rank(fnd6_newqv1300_cshopq/assets, subindustry) + group_rank(fnd6_newqv1300_lol2q/assets, subindustry) + group_rank(ts_av_diff(cash/assets, 30), subindustry) + group_rank(-ts_delta(close, 2), subindustry) + rank(volume/ts_mean(volume, 60))"
w103_e,O0rXoLV7,1.01,0.17,1.18,1.0803,0.0304,0.041,0.76,E,"LOW_SHARPE,LOW_FITNESS,HIGH_TURNOVER,CONCENTRATED_WEIGHT",INFERIOR,TOP3000,SUBINDUSTRY,2,0.08,0,N,"group_rank(-rel_ret_cust, subindustry)"
k11_levchg_vol,2rOlrwEb,0.8,0.37,1.17,0.1419,0.0296,0.0422,1.64,E,"LOW_SHARPE,LOW_FITNESS",INFERIOR,TOP3000,SUBINDUSTRY,10,0.08,1,N,"group_rank(ts_delta(liabilities_curr/assets, 60), subindustry) + rank(volume/ts_mean(volume, 60))"
w33_h,KPOmdVwE,0.85,0.31,1.16,0.2805,0.0363,0.0641,-0.79,E,"LOW_SHARPE,LOW_FITNESS",INFERIOR,TOP3000,SUBINDUSTRY,8,0.08,1,N,"group_rank(fnd6_newqv1300_cshopq/assets, subindustry) + group_rank(fnd6_newqv1300_tfvceq/assets, subindustry) + group_rank(-ts_delta(close, 2), subindustry) + rank(volume/ts_mean(volume, 60))"
w104_h,O0rX2xq7,0.73,0.42,1.15,0.2091,0.0685,0.1988,-0.06,E,"LOW_SHARPE,LOW_FITNESS",INFERIOR,TOP3000,SUBINDUSTRY,1,0.08,0,N,"group_rank(-ts_mean(abs(open/ts_delay(close,1) - group_mean(open/ts_delay(close,1), 1, market)), 20), subindustry) + 0.5 * (group_rank(ts_av_diff(cash/assets, 45), subindustry) + group_rank(ts_av_diff(cashflow_op/enterprise_value, 45), subindustry))"
w93_c,RRVoP8Gd,0.7,0.45,1.15,0.187,0.0767,0.1389,-0.0,E,"LOW_SHARPE,LOW_FITNESS",INFERIOR,TOP3000,SUBINDUSTRY,4,0.08,0,N,"group_rank(dividend/close, subindustry) + group_rank(close/ts_mean(close, 250), subindustry) + 0.5*group_rank(ts_av_diff(cash/assets, 45), subindustry) + 0.5*group_rank(ts_av_diff(cashflow_op/enterprise_value, 45), subindustry) + 0.5*group_rank(-ts_delta(close, 10), subindustry) + 0.5*rank(volume/ts_mean(volume, 120))"
w30_snt_c,vRk2Wpra,0.85,0.29,1.14,0.3357,0.0396,0.0815,0.79,E,"LOW_SHARPE,LOW_FITNESS",INFERIOR,TOP3000,SUBINDUSTRY,8,0.08,1,N,"group_rank(-snt_buzz_bfl_fast_d1, subindustry) + rank(volume/ts_mean(volume, 60))"
w37_c,O0rWdWA1,0.74,0.39,1.13,0.1371,0.0381,0.1115,0.89,E,"LOW_SHARPE,LOW_FITNESS,LOW_SUB_UNIVERSE_SHARPE",INFERIOR,TOP3000,SUBINDUSTRY,40,0.08,1,N,"group_rank(fnd6_newqv1300_tfvceq/assets, subindustry) + group_rank(fnd6_newqv1300_mibtq/assets, subindustry) + group_rank(fnd6_xrent/assets, subindustry) + group_rank(ts_av_diff(cash/assets, 30), subindustry) + group_rank(-ts_delta(close, 2), subindustry) + rank(volume/ts_mean(volume, 60))"
w47_j,O0rRZbEp,0.75,0.38,1.13,0.1573,0.0408,0.0902,-0.27,E,"LOW_SHARPE,LOW_FITNESS",INFERIOR,TOP500,SUBINDUSTRY,25,0.08,1,N,"group_rank(fnd6_newqv1300_cimiiq/assets, subindustry) + group_rank(ts_av_diff(cash/assets, 30), subindustry) + group_rank(ts_av_diff(cashflow_op/enterprise_value, 60), subindustry) + group_rank(-ts_delta(close, 2), subindustry) + rank(volume/ts_mean(volume, 60))"
w28_j,mLg6W05X,0.69,0.42,1.11,0.1293,0.0474,0.0645,1.74,E,"LOW_SHARPE,LOW_FITNESS",INFERIOR,TOP3000,INDUSTRY,16,0.08,1,N,"group_rank(fnd6_newqv1300_ivstq/assets, subindustry) + rank(-ts_mean(returns, 5)) + ts_rank(volume/ts_mean(volume, 60), 60)"
q8_gap10_revt,npK7YkXE,0.71,0.38,1.09,0.1414,0.0406,0.1761,0.85,E,"LOW_SHARPE,LOW_FITNESS",INFERIOR,TOP3000,SUBINDUSTRY,10,0.08,1,N,"rank(-ts_mean(open/ts_delay(close, 1) - 1, 10)) + group_rank(fnd6_mfma2_revt/assets, subindustry) + rank(volume/ts_mean(volume, 60))"
w104_f,om60kmr5,0.78,0.31,1.09,0.3973,0.0625,0.1131,0.34,E,"LOW_SHARPE,LOW_FITNESS",INFERIOR,TOP3000,SUBINDUSTRY,1,0.08,0,N,"group_rank(-ts_mean(abs(open/ts_delay(close,1) - group_mean(open/ts_delay(close,1), 1, market)), 20), subindustry) + group_rank((ts_std_dev(returns,20) < group_mean(ts_std_dev(returns,20),1,market) ? -ts_delta(close,10) : ts_delta(close,10)), subindustry) + 0.5 * (group_rank(ts_av_diff(cash/assets, 45), subindustry) + group_rank(ts_av_diff(cashflow_op/enterprise_value, 45), subindustry))"
f1_res_6k_xr5,qMWjajKP,0.75,0.33,1.08,0.1627,0.0312,0.0484,0.31,E,"LOW_SHARPE,LOW_FITNESS",INFERIOR,TOP3000,SUBINDUSTRY,20,0.08,1,N,"ts_regression(group_rank(fnd6_xrent/assets, subindustry) + group_rank(-ts_delta(close, 5), subindustry) + rank(volume/ts_mean(volume, 60)), group_rank(-ts_delta(close, 2), subindustry) + group_rank(fnd6_xopr/assets, subindustry) + rank(volume/ts_mean(volume, 60)), 250, lag=0, rettype=0)"
w45_d,RRV5okbg,0.71,0.35,1.06,0.1529,0.0373,0.0617,1.14,E,"LOW_SHARPE,LOW_FITNESS",INFERIOR,TOP3000,SUBINDUSTRY,40,0.08,1,N,"group_rank(fnd6_newqv1300_tfvceq/assets, subindustry) + group_rank(ts_av_diff(cash/assets, 30), subindustry) + group_rank(ts_av_diff(cashflow_op/enterprise_value, 60), subindustry) + group_rank(-ts_delta(close, 2), subindustry) + rank(volume/ts_mean(volume, 60))"
f4_res_xg_xr5,ZY078QV3,0.73,0.31,1.04,0.1931,0.0346,0.0873,-0.0,E,"LOW_SHARPE,LOW_FITNESS",INFERIOR,TOP3000,SUBINDUSTRY,20,0.08,1,N,"ts_regression(group_rank(fnd6_xrent/assets, subindustry) + group_rank(-ts_delta(close, 5), subindustry) + rank(volume/ts_mean(volume, 60)), group_rank(fnd6_xrent/assets, subindustry) + rank(-ts_delta(close, 2)) + rank(volume/ts_mean(volume, 60)), 250, lag=0, rettype=0)"
f3_res_xg_xoa,j23jpeo9,0.7,0.32,1.02,0.1407,0.0291,0.0718,-1.18,E,"LOW_SHARPE,LOW_FITNESS",INFERIOR,TOP3000,SUBINDUSTRY,20,0.08,1,N,"ts_regression(group_rank(fnd6_xopr/assets, subindustry) + group_rank(-ts_delta(close, 5), subindustry) + rank(volume/ts_mean(volume, 120)), group_rank(fnd6_xrent/assets, subindustry) + rank(-ts_delta(close, 2)) + rank(volume/ts_mean(volume, 60)), 250, lag=0, rettype=0)"
w104_e,j23KO7A5,0.68,0.34,1.02,0.2202,0.0544,0.1208,-0.18,E,"LOW_SHARPE,LOW_FITNESS",INFERIOR,TOP3000,SUBINDUSTRY,4,0.08,1,N,"group_rank(-ts_mean(abs(open/ts_delay(close,1) - group_mean(open/ts_delay(close,1), 1, market)), 20), subindustry) + group_rank((ts_std_dev(returns,20) < group_mean(ts_std_dev(returns,20),1,market) ? -ts_delta(close,10) : ts_delta(close,10)), subindustry) + 0.5 * (group_rank(ts_av_diff(cash/assets, 45), subindustry) + group_rank(ts_av_diff(cashflow_op/enterprise_value, 45), subindustry))"
w35_b,WjPLdzlZ,0.7,0.31,1.01,0.2131,0.0406,0.069,-0.49,E,"LOW_SHARPE,LOW_FITNESS",INFERIOR,TOP1000,SUBINDUSTRY,8,0.08,1,N,"group_rank(fnd6_newqv1300_cshopq/assets, subindustry) + group_rank(fnd6_newqv1300_txdbq/assets, subindustry) + group_rank(ts_av_diff(cashflow_op/enterprise_value, 60), subindustry) + group_rank(-ts_delta(close, 2), subindustry) + rank(volume/ts_mean(volume, 60))"
q5_intraday,E5vl0dnL,0.63,0.34,0.97,0.1291,0.0368,0.1385,0.74,E,"LOW_SHARPE,LOW_FITNESS",INFERIOR,TOP3000,SUBINDUSTRY,8,0.08,1,N,"rank((close-vwap)/vwap) * rank(volume/ts_mean(volume, 60)) + group_rank(fnd6_mfma2_revt/assets, subindustry)"
w29_c,KPOrA9pN,0.73,0.24,0.97,0.3575,0.0372,0.0937,1.02,E,"LOW_SHARPE,LOW_FITNESS",INFERIOR,TOP3000,SUBINDUSTRY,8,0.08,0,N,"group_rank(fnd6_tfvce/assets, subindustry) + group_rank(-ts_delta(close, 2), subindustry) + rank(volume/ts_mean(volume, 60))"
f04_wc_rev,j2309QVW,0.62,0.33,0.95,0.1666,0.0466,0.2144,2.0,E,"LOW_SHARPE,LOW_FITNESS",INFERIOR,TOP3000,SUBINDUSTRY,8,0.08,1,N,"group_rank(assets_curr/assets, subindustry) + rank(-ts_delta(close, 2))"
w93_a,0mRL5eR8,0.55,0.37,0.92,0.072,0.0569,0.1417,0.33,E,"LOW_SHARPE,LOW_FITNESS,LOW_SUB_UNIVERSE_SHARPE",INFERIOR,TOP3000,SUBINDUSTRY,4,0.08,0,N,"group_rank(dividend/(sharesout*close), subindustry) + group_rank(-ts_delta(close, 120), subindustry) + group_rank(-ts_delta(close, 250), subindustry)"
w34_g,LL95Jbln,0.65,0.25,0.9,0.2597,0.0394,0.0814,1.33,E,"LOW_SHARPE,LOW_FITNESS,LOW_SUB_UNIVERSE_SHARPE",INFERIOR,TOP3000,SUBINDUSTRY,8,0.08,1,N,"group_rank(fnd6_newqv1300_tfvceq/assets, subindustry) + group_rank(fnd6_newqv1300_mibtq/assets, subindustry) + group_rank(ts_av_diff(cashflow_op/enterprise_value, 60), subindustry) + group_rank(-ts_delta(close, 2), subindustry) + rank(volume/ts_mean(volume, 60))"
w99_g,Vk6bn6d0,0.6,0.3,0.9,0.0579,0.0315,0.1543,0.26,E,"LOW_SHARPE,LOW_FITNESS",INFERIOR,TOP3000,SUBINDUSTRY,2,0.08,0,N,"group_rank((eps - est_epsr)/assets, subindustry) + group_rank(ts_delta(est_netprofit, 66), subindustry)"
w30_m51_pv,GrdOZ3MQ,0.6,0.27,0.87,0.3167,0.0636,0.1767,0.48,E,"LOW_SHARPE,LOW_FITNESS,CONCENTRATED_WEIGHT",INFERIOR,TOP3000,SUBINDUSTRY,8,0.08,1,N,"group_rank(-beta_last_30_days_spy, subindustry) + group_rank(-ts_delta(close, 2), subindustry) + rank(volume/ts_mean(volume, 60))"
w99_a,zqYnz2mK,0.6,0.27,0.87,0.0345,0.0247,0.1459,0.92,E,"LOW_SHARPE,LOW_FITNESS",INFERIOR,TOP3000,SUBINDUSTRY,2,0.08,0,N,"group_rank((eps - est_epsr)/assets, subindustry)"
w28_k,1YxZA3d6,0.52,0.34,0.86,0.1557,0.068,0.3659,0.06,E,"LOW_SHARPE,LOW_FITNESS,LOW_SUB_UNIVERSE_SHARPE",INFERIOR,TOP3000,SECTOR,8,0.08,1,N,"group_rank(fnd6_newqv1300_ivstq/assets, subindustry) + rank(-ts_mean(returns, 5)) + rank(-ts_std_dev(returns, 20))"
w35_f,6XrAq8KP,0.6,0.26,0.86,0.257,0.0466,0.1611,2.0,E,"LOW_SHARPE,LOW_FITNESS",INFERIOR,TOP1000,SUBINDUSTRY,8,0.08,1,N,"group_rank(fnd6_newqv1300_txdbq/assets, subindustry) + group_rank(fnd6_newqv1300_tfvceq/assets, subindustry) + group_rank(ts_av_diff(cashflow_op/enterprise_value, 60), subindustry) + group_rank(-ts_delta(close, 2), subindustry) + rank(volume/ts_mean(volume, 60))"
w99_j,78ZROl68,0.59,0.27,0.86,0.1401,0.0293,0.1381,0.2,E,"LOW_SHARPE,LOW_FITNESS",INFERIOR,TOP3000,SUBINDUSTRY,8,0.08,0,N,"group_rank((eps - est_epsr)/assets, subindustry) + group_rank(ts_delta(est_netprofit, 66), subindustry) + group_rank(-news_pct_120min, subindustry)"
q1_gap_rev,LL97b991,0.55,0.26,0.81,0.1431,0.031,0.1342,0.57,E,"LOW_SHARPE,LOW_FITNESS",INFERIOR,TOP3000,SUBINDUSTRY,8,0.08,1,N,"rank(-ts_mean(open/ts_delay(close, 1) - 1, 5)) + group_rank(fnd6_mfma2_revt/assets, subindustry)"
w44_f,78ZG25p1,0.53,0.23,0.76,0.1439,0.0267,0.0722,1.22,E,"LOW_SHARPE,LOW_FITNESS,LOW_SUB_UNIVERSE_SHARPE",INFERIOR,TOP3000,SUBINDUSTRY,40,0.08,1,N,"group_rank(fnd6_newqv1300_cimiiq/assets, subindustry) + group_rank(fnd6_newqv1300_tfvceq/assets, subindustry) + group_rank(ts_av_diff(cash/assets, 30), subindustry) + group_rank(ts_av_diff(cashflow_op/enterprise_value, 60), subindustry) + group_rank(-ts_delta(close, 2), subindustry) + rank(volume/ts_mean(volume, 60))"
w47_g,1YxOdvQW,0.54,0.22,0.76,0.146,0.0247,0.0722,-1.17,E,"LOW_SHARPE,LOW_FITNESS",INFERIOR,TOP1000,SUBINDUSTRY,25,0.08,1,N,"group_rank(fnd6_newqv1300_cimiiq/assets, subindustry) + group_rank(fnd6_newqv1300_cshopq/assets, subindustry) + group_rank(ts_av_diff(cash/assets, 30), subindustry) + group_rank(ts_av_diff(cashflow_op/enterprise_value, 60), subindustry) + group_rank(-ts_delta(close, 2), subindustry) + rank(volume/ts_mean(volume, 60))"
e01_val_probe,JjxO0xnx,0.44,0.29,0.73,0.0312,0.0556,0.4042,0.5,E,"LOW_SHARPE,LOW_FITNESS,LOW_SUB_UNIVERSE_SHARPE",INFERIOR,TOP3000,SUBINDUSTRY,20,0.08,1,N,rank(cashflow_op / enterprise_value)
w99_h,j23KL3b9,0.53,0.19,0.72,0.1659,0.0213,0.1303,0.6,E,"LOW_SHARPE,LOW_FITNESS",INFERIOR,TOP3000,SUBINDUSTRY,8,0.08,0,N,"group_rank((eps - est_epsr)/assets, subindustry) + group_rank(-news_pct_120min, subindustry)"
m07_lowvol_revt,A10l9XYw,0.43,0.28,0.71,0.1386,0.0571,0.3699,0.25,E,"LOW_SHARPE,LOW_FITNESS",INFERIOR,TOP3000,SUBINDUSTRY,8,0.08,1,N,"group_rank(-ts_mean(abs(returns), 20), subindustry) + group_rank(fnd6_mfma2_revt/assets, subindustry) + rank(-ts_delta(close, 2))"
w99_c,3q9vdM30,0.5,0.19,0.69,0.056,0.0184,0.0807,-0.45,E,"LOW_SHARPE,LOW_FITNESS",INFERIOR,TOP3000,SUBINDUSTRY,2,0.08,0,N,"group_rank(ts_delta(est_netprofit, 66), subindustry)"
g08_lowvol,P0Z3nYjK,0.4,0.22,0.62,0.187,0.0564,0.3947,0.03,E,"LOW_SHARPE,LOW_FITNESS",INFERIOR,TOP3000,SUBINDUSTRY,8,0.08,1,N,"group_rank(-ts_mean(returns * returns, 20), subindustry) + rank(-ts_delta(close, 2))"
w28_i,WjPe2lZd,0.39,0.15,0.54,0.1068,0.0174,0.0785,0.22,E,"LOW_SHARPE,LOW_FITNESS",INFERIOR,TOP3000,SUBINDUSTRY,8,0.08,1,N,"group_rank(fnd6_lul3/assets, subindustry) + group_rank(fnd6_newqv1300_ivstq/assets, subindustry) + rank(-ts_corr(close, volume, 20))"
w81_f,0mRazPKv,0.38,0.16,0.54,0.1324,0.0241,0.2012,-0.29,E,"LOW_SHARPE,LOW_FITNESS,LOW_SUB_UNIVERSE_SHARPE",INFERIOR,TOP3000,SUBINDUSTRY,4,0.08,1,N,"group_rank(anl4_fs_detail_estimates_advanced_af_nd_capex_std/assets, subindustry) + group_rank(anl4_fs_actuals_basic_qf_nd_div_value/assets, subindustry) + group_rank(ts_av_diff(cashflow_op/enterprise_value, 45), subindustry) + group_rank(ts_delta(close, 20), subindustry)"
c11_s03_ep,Vk6PnY75,0.35,0.17,0.52,0.0431,0.0298,0.2884,0.01,E,"LOW_SHARPE,LOW_FITNESS,LOW_SUB_UNIVERSE_SHARPE",INFERIOR,TOP3000,MARKET,0,0.08,1,N,"group_rank(eps / close, subindustry)"
w104_g,78ZR20mb,0.38,0.14,0.52,0.2963,0.0417,0.3256,-0.22,E,"LOW_SHARPE,LOW_FITNESS,LOW_SUB_UNIVERSE_SHARPE",INFERIOR,TOP3000,SUBINDUSTRY,4,0.08,1,N,"group_rank(-ts_mean(abs(open/ts_delay(close,1) - group_mean(open/ts_delay(close,1), 1, market)), 20), subindustry) + group_rank(-abs(ts_delta(volume/sharesout,1) - group_mean(ts_delta(volume/sharesout,1),1,market)), subindustry) + 0.5 * (group_rank(ts_av_diff(cash/assets, 45), subindustry) + group_rank(ts_av_diff(cashflow_op/enterprise_value, 45), subindustry))"
w61_d,6XrZWEKE,0.42,0.1,0.52,0.5481,0.0293,0.0801,0.56,E,"LOW_SHARPE,LOW_FITNESS,LOW_SUB_UNIVERSE_SHARPE",INFERIOR,TOP1000,SUBINDUSTRY,2,0.08,1,N,"group_rank(fnd6_newqv1300_tfvceq/assets, subindustry) + group_rank(ts_av_diff(cash/assets, 45), subindustry) + group_rank(ts_av_diff(cashflow_op/enterprise_value, 45), subindustry) + group_rank(-ts_delta(close, 2), subindustry) + rank(volume/ts_mean(volume, 60))"
w89_g,GrdNK8x3,0.38,0.14,0.52,0.2437,0.0317,0.2551,0.36,E,"LOW_SHARPE,LOW_FITNESS,CONCENTRATED_WEIGHT",INFERIOR,TOP3000,SUBINDUSTRY,4,0.08,1,N,"rank(implied_volatility_mean_skew_30-implied_volatility_mean_skew_270) + group_rank(anl4_fs_guidances_advanced_af_nd_ebitda_maxguidance/assets, subindustry) + group_rank(anl4_fs_guidances_advanced_qf_nd_rd_exp_maxguidance/assets, subindustry)"
q7_closepos_opex,QP37qL8G,0.36,0.13,0.49,0.1313,0.0179,0.1084,0.59,E,"LOW_SHARPE,LOW_FITNESS",INFERIOR,TOP3000,SUBINDUSTRY,10,0.08,1,N,"group_rank(ts_mean((close-low)/(high-low+0.001), 20), subindustry) + group_rank(operating_expense/assets, subindustry) + rank(volume/ts_mean(volume, 60))"
w72_f,xAY2ZPRl,0.35,0.12,0.47,0.2139,0.0272,0.1447,-0.15,E,"LOW_SHARPE,LOW_FITNESS",INFERIOR,TOP3000,INDUSTRY,3,0.08,1,N,"group_rank(forward_price_20 / close, industry) + group_rank(forward_price_90 / close, industry)"
w101_c,E5vPreGP,0.33,0.13,0.46,0.1507,0.0245,0.2307,-0.03,E,"LOW_SHARPE,LOW_FITNESS,CONCENTRATED_WEIGHT,LOW_SUB_UNIVERSE_SHARPE",INFERIOR,TOP3000,SUBINDUSTRY,5,0.08,0,N,"group_rank(-news_short_interest, subindustry)"
w101_d,ZY0vWKxd,0.38,0.07,0.45,0.4029,0.0142,0.0741,0.08,E,"LOW_SHARPE,LOW_FITNESS",INFERIOR,TOP3000,SUBINDUSTRY,5,0.08,0,N,"group_rank(-news_open_gap/close, subindustry) + group_rank(news_short_interest, subindustry)"
b7_capex_only,e79zWKJE,0.31,0.09,0.4,0.0589,0.0111,0.0701,-0.55,E,"LOW_SHARPE,LOW_FITNESS,LOW_SUB_UNIVERSE_SHARPE",INFERIOR,TOP3000,SUBINDUSTRY,8,0.08,1,N,"group_rank(-ts_delta(capex/assets, 60), subindustry)"
w101_a,akL9WJ15,0.33,0.06,0.39,0.4217,0.0123,0.0741,0.08,E,"LOW_SHARPE,LOW_FITNESS",INFERIOR,TOP3000,SUBINDUSTRY,5,0.08,0,N,"group_rank(-news_open_gap/close, subindustry)"
q4_lowrange,78Zjq29x,0.25,0.13,0.38,0.0991,0.0356,0.4691,0.09,E,"LOW_SHARPE,LOW_FITNESS,LOW_SUB_UNIVERSE_SHARPE",INFERIOR,TOP3000,SUBINDUSTRY,10,0.08,1,N,"group_rank(-ts_mean((high-low)/ts_delay(close, 1), 20), subindustry) + group_rank(fnd6_mfma2_revt/assets, subindustry) + rank(volume/ts_mean(volume, 60))"
w104_a,om60Zlwk,0.26,0.12,0.38,0.1152,0.0264,0.3262,-0.49,E,"LOW_SHARPE,LOW_FITNESS,LOW_SUB_UNIVERSE_SHARPE",INFERIOR,TOP3000,SUBINDUSTRY,4,0.08,1,N,"group_rank(-ts_mean(abs(open/ts_delay(close,1) - group_mean(open/ts_delay(close,1), 1, market)), 20), subindustry)"
f06_liq_rev,9qVrabLe,0.26,0.11,0.37,0.1875,0.0317,0.4141,0.32,E,"LOW_SHARPE,LOW_FITNESS",INFERIOR,TOP3000,SUBINDUSTRY,8,0.08,1,N,"group_rank(-volume/cap, subindustry) + rank(-ts_delta(close, 2))"
d02_c09fix,9qVrggbo,0.26,0.09,0.35,0.166,0.0203,0.1401,0.39,E,"LOW_SHARPE,LOW_FITNESS,LOW_SUB_UNIVERSE_SHARPE",INFERIOR,TOP3000,SUBINDUSTRY,20,0.08,1,N,"event = abs(ts_zscore(ts_delay(close, 1) - open, 20)) > 3.5;
alpha = ts_rank(ts_delta(close, 5), 252);
close_at_event = trade_when(event, close, -1);
end = abs(close_at_event - close) / close_at_event > 0.1;
ts_decay_linear(trade_when(event, alpha, end), 5)"
w120_q,qMWaQRGE,0.31,0.03,0.34,1.1056,0.0119,0.084,-0.75,E,"LOW_SHARPE,LOW_FITNESS,HIGH_TURNOVER",INFERIOR,TOP3000,SUBINDUSTRY,4,0.08,1,N,"group_neutralize(rank(ts_regression(rank(returns), rank(vec_avg(anl4_basicdetailrec_ratingvalue)), 120, lag=0, rettype=2))>0.6 ? 1 - rank(ts_av_diff(vec_avg(anl4_basicdetailrec_ratingvalue), 120)) : 0, bucket(rank(ts_rank(cap, 250)), range=""0.1, 1, 0.1""))"
w30_m16_pv,N1QVYrN8,0.28,0.06,0.34,0.2124,0.0113,0.0825,-0.62,E,"LOW_SHARPE,LOW_FITNESS",INFERIOR,TOP3000,SUBINDUSTRY,8,0.08,1,N,"group_rank(fscore_bfl_total, subindustry) + group_rank(-ts_delta(close, 2), subindustry) + rank(volume/ts_mean(volume, 60))"
m02_mom250,e79zm9mz,0.22,0.08,0.3,0.166,0.0209,0.1844,0.46,E,"LOW_SHARPE,LOW_FITNESS",INFERIOR,TOP3000,SUBINDUSTRY,8,0.08,1,N,"group_rank(ts_delta(close, 250), subindustry) + rank(-ts_delta(close, 2))"
w120_p,akL05pb1,0.27,0.03,0.3,1.1249,0.0112,0.0801,-0.63,E,"LOW_SHARPE,LOW_FITNESS,HIGH_TURNOVER,CONCENTRATED_WEIGHT",INFERIOR,TOP3000,SUBINDUSTRY,4,0.08,1,N,"rank(ts_regression(rank(returns), rank(vec_avg(anl4_basicdetailrec_ratingvalue)), 120, lag=0, rettype=2))>0.6 ? 1 - rank(ts_av_diff(vec_avg(anl4_basicdetailrec_ratingvalue), 120)) : 0"
w89_f,KPOp5YAg,0.26,0.04,0.3,0.6076,0.0174,0.2081,1.07,E,"LOW_SHARPE,LOW_FITNESS,CONCENTRATED_WEIGHT",INFERIOR,TOP3000,SUBINDUSTRY,4,0.08,1,N,"rank(implied_volatility_mean_skew_30-implied_volatility_mean_skew_270) + rank(-ts_delta(implied_volatility_mean_skew_30, 20)) + rank(implied_volatility_mean_skew_10-implied_volatility_mean_skew_150)"
w104_c,zqYne2zR,0.2,0.03,0.23,0.5715,0.0167,0.2646,0.17,E,"LOW_SHARPE,LOW_FITNESS",INFERIOR,TOP3000,SUBINDUSTRY,4,0.08,1,N,"group_rank(abs(ts_delta(volume/sharesout,1) - group_mean(ts_delta(volume/sharesout,1),1,market)), subindustry)"
g10_tsrank250,akLnN911,0.17,0.05,0.22,0.178,0.0177,0.1576,-0.11,E,"LOW_SHARPE,LOW_FITNESS",INFERIOR,TOP3000,SUBINDUSTRY,8,0.08,1,N,"group_rank(ts_rank(close, 250), subindustry) + rank(-ts_delta(close, 2))"
w99_f,WjP2kn5O,0.15,0.03,0.18,0.2748,0.0101,0.2224,-0.09,E,"LOW_SHARPE,LOW_FITNESS",INFERIOR,TOP3000,SUBINDUSTRY,8,0.08,0,N,"group_rank(news_ton_last, subindustry) + group_rank(-news_pct_90min, subindustry)"
w103_a,KPOMkndk,0.12,0.04,0.16,0.1151,0.0161,0.4422,-0.38,E,"LOW_SHARPE,LOW_FITNESS,LOW_SUB_UNIVERSE_SHARPE",INFERIOR,TOP3000,SUBINDUSTRY,2,0.08,0,N,"group_rank(-historical_volatility_30, subindustry)"
w103_c,XgWA1aQ1,0.1,0.03,0.13,0.0585,0.0135,0.4749,-0.33,E,"LOW_SHARPE,LOW_FITNESS,LOW_SUB_UNIVERSE_SHARPE",INFERIOR,TOP3000,SUBINDUSTRY,2,0.08,0,N,"group_rank(-historical_volatility_90, subindustry)"
w72_b,E5v8j8Pm,0.11,0.01,0.12,0.33,0.0034,0.0634,-0.79,E,"LOW_SHARPE,LOW_FITNESS,LOW_SUB_UNIVERSE_SHARPE",INFERIOR,TOP3000,INDUSTRY,3,0.08,1,N,"group_rank(-ts_mean(pcr_vol_10, 5), industry) + group_rank(ts_mean(scl12_sentiment_fast_d1, 5), industry)"
w104_b,A108EPql,0.1,0.01,0.11,0.2863,0.0062,0.1544,0.31,E,"LOW_SHARPE,LOW_FITNESS",INFERIOR,TOP3000,SUBINDUSTRY,4,0.08,1,N,"group_rank((ts_std_dev(returns,20) < group_mean(ts_std_dev(returns,20),1,market) ? -ts_delta(close,10) : ts_delta(close,10)), subindustry)"
w72_h,883EMkoq,0.08,0.01,0.09,0.251,0.0028,0.1112,-0.79,E,"LOW_SHARPE,LOW_FITNESS,LOW_SUB_UNIVERSE_SHARPE",INFERIOR,TOP3000,INDUSTRY,3,0.08,1,N,"group_rank(-ts_mean(pcr_vol_10, 5), industry) + group_rank(-ts_mean(pcr_oi_10, 5), industry) + group_rank(ts_mean(scl12_sentiment_fast_d1, 5), industry)"
w73_h,vRkGR18v,0.02,0.0,0.02,0.6394,0.0009,0.1277,-0.27,E,"LOW_SHARPE,LOW_FITNESS",INFERIOR,TOP3000,INDUSTRY,3,0.08,1,N,"group_rank(news_curr_vol / ts_mean(news_curr_vol, 20), industry) + group_rank(news_mins_4_pct_up - news_mins_4_pct_dn, industry)"
w33_l,vRkO3w7a,0.01,0.0,0.01,0.296,0.0003,0.1232,0.32,E,"LOW_SHARPE,LOW_FITNESS,LOW_SUB_UNIVERSE_SHARPE",INFERIOR,TOP3000,SUBINDUSTRY,8,0.08,1,N,"group_rank(fnd6_newqv1300_tfvceq/assets, subindustry) + group_rank(fnd6_newqv1300_mibtq/assets, subindustry) + group_rank(-ts_delta(close, 2), subindustry) + rank(volume/ts_mean(volume, 60))"
w26_spce,gJQZLXqv,0.0,,0,0.0,0.0,0.0,,E,"LOW_SHARPE,LOW_TURNOVER,CONCENTRATED_WEIGHT",UNKNOWN,TOP3000,SUBINDUSTRY,8,0.08,1,N,"group_rank(fnd6_newqv1300_spceq/assets, subindustry) + group_rank(ts_av_diff(cashflow_op/enterprise_value, 60), subindustry) + rank(-ts_delta(close, 2)) + rank(volume/ts_mean(volume, 60))"
w26_xintopt,d5O1vabw,0.0,,0,0.0,0.0,0.0,,E,"LOW_SHARPE,LOW_TURNOVER,CONCENTRATED_WEIGHT",UNKNOWN,TOP3000,SUBINDUSTRY,8,0.08,1,N,"group_rank(-fnd6_xintopt/assets, subindustry) + group_rank(ts_av_diff(cashflow_op/enterprise_value, 60), subindustry) + rank(-ts_delta(close, 2)) + rank(volume/ts_mean(volume, 60))"
w28_l,le8KPogN,0.0,,0,0.0,0.0,0.0,,E,"LOW_SHARPE,LOW_TURNOVER,CONCENTRATED_WEIGHT",UNKNOWN,TOP3000,SUBINDUSTRY,8,0.08,1,N,"group_rank(-fnd6_xintopt/assets, subindustry) + group_rank(fnd6_newqv1300_ivstq/assets, subindustry) + rank(-ts_mean(returns, 5)) + ts_rank(volume/ts_mean(volume, 60), 60)"
w28_m,zqYb7ZWG,0.0,,0,0.0,0.0,0.0,,E,"LOW_SHARPE,LOW_TURNOVER,CONCENTRATED_WEIGHT",UNKNOWN,TOP3000,SUBINDUSTRY,4,0.08,1,N,"group_rank(fnd6_spce/assets, subindustry) + group_rank(fnd6_newqv1300_ivstq/assets, subindustry) + rank(-ts_mean(returns, 5))"
w29_e,kqVgpaKl,0.0,,0,0.0,0.0,0.0,,E,"LOW_SHARPE,LOW_TURNOVER,CONCENTRATED_WEIGHT",UNKNOWN,TOP3000,SUBINDUSTRY,8,0.08,0,N,"group_rank(-fnd6_xintopt/assets, subindustry) + group_rank(-ts_delta(close, 2), subindustry) + rank(volume/ts_mean(volume, 60))"
w29_k,om6WbAQk,0.0,,0,0.0,0.0,0.0,,E,"LOW_SHARPE,LOW_TURNOVER,CONCENTRATED_WEIGHT",UNKNOWN,TOP3000,SUBINDUSTRY,8,0.08,0,N,"group_rank(fnd6_spce/assets, subindustry) + group_rank(-ts_delta(close, 2), subindustry) + rank(volume/ts_mean(volume, 60))"
w31_glced,d5OK2d9v,0.0,,0,0.0,0.0,0.0,,E,"LOW_SHARPE,LOW_TURNOVER,CONCENTRATED_WEIGHT",UNKNOWN,TOP3000,SUBINDUSTRY,8,0.08,1,N,"group_rank(fnd6_newqv1300_glced12/assets, subindustry) + group_rank(fnd6_xrent/assets, subindustry) + group_rank(ts_av_diff(cashflow_op/enterprise_value, 60), subindustry) + group_rank(-ts_delta(close, 2), subindustry) + rank(volume/ts_mean(volume, 60))"
w31_glcee,vRkORApA,0.0,,0,0.0,0.0,0.0,,E,"LOW_SHARPE,LOW_TURNOVER,CONCENTRATED_WEIGHT",UNKNOWN,TOP3000,SUBINDUSTRY,8,0.08,1,N,"group_rank(fnd6_newqv1300_glceeps12/assets, subindustry) + group_rank(ts_av_diff(cash/assets, 30), subindustry) + group_rank(-ts_delta(close, 2), subindustry) + rank(volume/ts_mean(volume, 60))"
w31_pncq,MP10jx8a,0.0,,0,0.0,0.0,0.0,,E,"LOW_SHARPE,LOW_TURNOVER,CONCENTRATED_WEIGHT",UNKNOWN,TOP3000,SUBINDUSTRY,8,0.08,1,N,"group_rank(fnd6_newqv1300_pncq/assets, subindustry) + group_rank(fnd6_xrent/assets, subindustry) + group_rank(ts_av_diff(cashflow_op/enterprise_value, 60), subindustry) + group_rank(-ts_delta(close, 2), subindustry) + rank(volume/ts_mean(volume, 60))"
w31_prcaq,0mRjbkr2,0.0,,0,0.0,0.0,0.0,,E,"LOW_SHARPE,LOW_TURNOVER,CONCENTRATED_WEIGHT",UNKNOWN,TOP3000,SUBINDUSTRY,8,0.08,1,N,"group_rank(fnd6_newqv1300_prcaq/assets, subindustry) + group_rank(fnd6_xrent/assets, subindustry) + group_rank(ts_av_diff(cashflow_op/enterprise_value, 60), subindustry) + group_rank(-ts_delta(close, 2), subindustry) + rank(volume/ts_mean(volume, 60))"
w31_prcdq,RRVARLEa,0.0,,0,0.0,0.0,0.0,,E,"LOW_SHARPE,LOW_TURNOVER,CONCENTRATED_WEIGHT",UNKNOWN,TOP3000,SUBINDUSTRY,8,0.08,1,N,"group_rank(fnd6_newqv1300_prcdq/assets, subindustry) + group_rank(ts_av_diff(cash/assets, 30), subindustry) + group_rank(-ts_delta(close, 2), subindustry) + rank(volume/ts_mean(volume, 60))"
w31_spcedq,1YxjqXAm,0.0,,0,0.0,0.0,0.0,,E,"LOW_SHARPE,LOW_TURNOVER,CONCENTRATED_WEIGHT",UNKNOWN,TOP3000,SUBINDUSTRY,8,0.08,1,N,"group_rank(fnd6_newqv1300_spcedq/assets, subindustry) + group_rank(fnd6_xrent/assets, subindustry) + group_rank(ts_av_diff(cashflow_op/enterprise_value, 60), subindustry) + group_rank(-ts_delta(close, 2), subindustry) + rank(volume/ts_mean(volume, 60))"
w31_spceq,O0rJ1qKg,0.0,,0,0.0,0.0,0.0,,E,"LOW_SHARPE,LOW_TURNOVER,CONCENTRATED_WEIGHT",UNKNOWN,TOP3000,SUBINDUSTRY,8,0.08,1,N,"group_rank(fnd6_newqv1300_spceq/assets, subindustry) + group_rank(fnd6_xrent/assets, subindustry) + group_rank(ts_av_diff(cashflow_op/enterprise_value, 60), subindustry) + group_rank(-ts_delta(close, 2), subindustry) + rank(volume/ts_mean(volume, 60))"
w31_xopteps,1YxjYmMW,0.0,,0,0.0,0.0,0.0,,E,"LOW_SHARPE,LOW_TURNOVER,CONCENTRATED_WEIGHT",UNKNOWN,TOP3000,SUBINDUSTRY,8,0.08,1,N,"group_rank(fnd6_newa2v1300_xopteps/assets, subindustry) + group_rank(ts_av_diff(cash/assets, 30), subindustry) + group_rank(-ts_delta(close, 2), subindustry) + rank(volume/ts_mean(volume, 60))"
w31_xoptq,JjxPVNRE,0.0,,0,0.0,0.0,0.0,,E,"LOW_SHARPE,LOW_TURNOVER,CONCENTRATED_WEIGHT",UNKNOWN,TOP3000,SUBINDUSTRY,8,0.08,1,N,"group_rank(fnd6_newqv1300_xoptq/assets, subindustry) + group_rank(ts_av_diff(cashflow_op/enterprise_value, 60), subindustry) + group_rank(-ts_delta(close, 2), subindustry) + rank(volume/ts_mean(volume, 60))"
w46_a,d5O96agE,0.0,,0,0.0,0.0,0.0,,E,"LOW_SHARPE,LOW_TURNOVER,CONCENTRATED_WEIGHT",UNKNOWN,TOP3000,SUBINDUSTRY,40,0.08,1,N,"group_rank(fnd6_newq_xoptdqp/assets, subindustry) + group_rank(ts_av_diff(cash/assets, 30), subindustry) + group_rank(ts_av_diff(cashflow_op/enterprise_value, 60), subindustry) + group_rank(-ts_delta(close, 2), subindustry) + rank(volume/ts_mean(volume, 60))"
w46_b,blRxgaMZ,0.0,,0,0.0,0.0,0.0,,E,"LOW_SHARPE,LOW_TURNOVER,CONCENTRATED_WEIGHT",UNKNOWN,TOP3000,SUBINDUSTRY,40,0.08,1,N,"group_rank(fnd6_newq_xoptepsqp/assets, subindustry) + group_rank(ts_av_diff(cash/assets, 30), subindustry) + group_rank(ts_av_diff(cashflow_op/enterprise_value, 60), subindustry) + group_rank(-ts_delta(close, 2), subindustry) + rank(volume/ts_mean(volume, 60))"
w46_c,P0ZPbKrw,0.0,,0,0.0,0.0,0.0,,E,"LOW_SHARPE,LOW_TURNOVER,CONCENTRATED_WEIGHT",UNKNOWN,TOP3000,SUBINDUSTRY,40,0.08,1,N,"group_rank(fnd6_pncdq/assets, subindustry) + group_rank(ts_av_diff(cash/assets, 30), subindustry) + group_rank(ts_av_diff(cashflow_op/enterprise_value, 60), subindustry) + group_rank(-ts_delta(close, 2), subindustry) + rank(volume/ts_mean(volume, 60))"
w46_d,e791PEZN,0.0,,0,0.0,0.0,0.0,,E,"LOW_SHARPE,LOW_TURNOVER,CONCENTRATED_WEIGHT",UNKNOWN,TOP3000,SUBINDUSTRY,40,0.08,1,N,"group_rank(fnd6_pncepsq/assets, subindustry) + group_rank(ts_av_diff(cash/assets, 30), subindustry) + group_rank(ts_av_diff(cashflow_op/enterprise_value, 60), subindustry) + group_rank(-ts_delta(close, 2), subindustry) + rank(volume/ts_mean(volume, 60))"
w72_a,58QAmgdN,-0.01,-0.0,-0.01,0.1807,-0.0003,0.1361,-0.94,E,"LOW_SHARPE,LOW_FITNESS,LOW_SUB_UNIVERSE_SHARPE",INFERIOR,TOP3000,INDUSTRY,3,0.08,1,N,"group_rank(-ts_mean(pcr_vol_10, 5), industry) + group_rank(-ts_mean(pcr_oi_10, 5), industry)"
w99_e,O0rXekKR,-0.01,-0.0,-0.01,0.3713,-0.0009,0.2125,-0.09,E,"LOW_SHARPE,LOW_FITNESS,LOW_SUB_UNIVERSE_SHARPE",INFERIOR,TOP3000,SUBINDUSTRY,8,0.08,0,N,"group_rank(news_max_up_amt/close, subindustry)"
w81_c,YP59Qnlw,-0.03,-0.0,-0.03,0.0819,-0.0019,0.186,-0.28,E,"LOW_SHARPE,LOW_FITNESS,LOW_SUB_UNIVERSE_SHARPE",INFERIOR,TOP3000,SUBINDUSTRY,4,0.08,1,N,"group_rank(anl4_fs_detail_estimate_1qf_v4_nd_cfi_low/assets, subindustry) + group_rank(anl4_fs_detail_estimate_1qf_v4_nd_sga_median/assets, subindustry) + group_rank(ts_av_diff(cash/assets, 75), subindustry) + group_rank(ts_zscore(close, 120), subindustry)"
w81_h,d5OPdJzv,-0.04,-0.0,-0.04,0.2776,-0.0024,0.2694,-1.19,E,"LOW_SHARPE,LOW_FITNESS,LOW_SUB_UNIVERSE_SHARPE",INFERIOR,TOP3000,SUBINDUSTRY,4,0.08,1,N,"group_rank(anl4_fs_detail_estimate_1qf_v4_nd_netdebt_high/assets, subindustry) + group_rank(anl4_fs_actuals_basic_qf_nd_div_value/assets, subindustry) + group_rank(ts_av_diff(cash/assets, 75), subindustry) + group_rank(ts_zscore(returns, 60), subindustry)"
w30_opt_a,d5O1MNnE,-0.05,-0.01,-0.06,0.3347,-0.0044,0.3646,-0.34,E,"LOW_SHARPE,LOW_FITNESS,CONCENTRATED_WEIGHT",INFERIOR,TOP3000,SUBINDUSTRY,8,0.08,1,N,"group_rank(forward_price_90/close, subindustry) + group_rank(-implied_volatility_mean_skew_60, subindustry)"
w84_e,8832eKV7,-0.06,-0.01,-0.07,0.2341,-0.0047,0.2447,-1.35,E,"LOW_SHARPE,LOW_FITNESS",INFERIOR,TOP3000,SUBINDUSTRY,4,0.08,1,N,"group_rank(authorized_stock_buyback_amount/assets, subindustry) + group_rank(annual_intangible_assets_net_carrying_value/assets, subindustry) + group_rank(ts_zscore(close, 15), subindustry) + rank(volume/ts_mean(volume, 120))"
m06_mom60_cash,pwPjm3AX,-0.11,-0.02,-0.13,0.1485,-0.0076,0.2945,0.12,E,"LOW_SHARPE,LOW_FITNESS,LOW_SUB_UNIVERSE_SHARPE",INFERIOR,TOP3000,SUBINDUSTRY,8,0.08,1,N,"group_rank(ts_delta(close, 60), subindustry) + group_rank(ts_delta(cash/assets, 60), subindustry) + rank(volume/ts_mean(volume, 60))"
w81_e,npKX3gWx,-0.13,-0.02,-0.15,0.3659,-0.0053,0.1146,-1.31,E,"LOW_SHARPE,LOW_FITNESS,LOW_SUB_UNIVERSE_SHARPE",INFERIOR,TOP3000,SUBINDUSTRY,3,0.08,1,N,"group_rank(anl4_fs_detail_estimate_1qf_v4_nd_netdebt_high/assets, subindustry) + group_rank(anl4_fs_detail_estimate_1qf_v4_nd_sga_median/assets, subindustry) + group_rank(ts_av_diff(cash/assets, 45), subindustry) + group_rank(close/vwap - 1, subindustry)"
w73_b,3q9k8Pqg,-0.14,-0.02,-0.16,0.5366,-0.0082,0.1241,-0.54,E,"LOW_SHARPE,LOW_FITNESS,LOW_SUB_UNIVERSE_SHARPE",INFERIOR,TOP3000,INDUSTRY,3,0.08,1,N,"group_rank(news_mins_4_pct_up - news_mins_4_pct_dn, industry) + group_rank(news_pct_10min, industry)"
w89_l,d5O63jQE,-0.13,-0.03,-0.16,0.0257,-0.0087,0.2893,-0.49,E,"LOW_SHARPE,LOW_FITNESS,LOW_SUB_UNIVERSE_SHARPE",INFERIOR,TOP3000,SUBINDUSTRY,4,0.08,1,N,"group_rank(-(anl4_fs_guidances_advanced_af_nd_ebitda_maxguidance-anl4_fs_guidances_advanced_af_nd_ebitda_minguidance)/assets, subindustry) + group_rank(-(anl4_fs_guidances_advanced_qf_nd_ffoa_maxguidance-anl4_fs_guidances_advanced_af_nd_ffoa_minguidance)/assets, subindustry) + group_rank(-anl4_fs_guidances_advanced_qf_nd_custom_eps_maxguidance/assets, subindustry)"
w73_e,ZY0zRwqx,-0.17,-0.02,-0.19,0.3736,-0.0079,0.0963,-0.3,E,"LOW_SHARPE,LOW_FITNESS,LOW_SUB_UNIVERSE_SHARPE",INFERIOR,TOP3000,INDUSTRY,3,0.08,1,N,"group_rank(ts_mean(news_pct_10min, 5), industry) + group_rank(news_mins_1_pct_up - news_mins_1_pct_dn, industry)"
w30_snt_a,mLg6GQ62,-0.18,-0.02,-0.2,0.6952,-0.0058,0.1027,1.02,E,"LOW_SHARPE,LOW_FITNESS",INFERIOR,TOP3000,SUBINDUSTRY,8,0.08,1,N,"group_rank(-snt_buzz_ret_fast_d1, subindustry) + group_rank(-scl12_buzz_fast_d1, subindustry)"
w73_g,JjxzVkGx,-0.18,-0.02,-0.2,0.5263,-0.0088,0.1009,-0.54,E,"LOW_SHARPE,LOW_FITNESS,LOW_SUB_UNIVERSE_SHARPE",INFERIOR,TOP3000,INDUSTRY,3,0.08,1,N,"group_rank(news_open_gap, industry) + group_rank(news_pct_10min, industry)"
w99_d,3q9vdq7N,-0.18,-0.02,-0.2,0.3478,-0.0062,0.0804,-0.34,E,"LOW_SHARPE,LOW_FITNESS",INFERIOR,TOP3000,SUBINDUSTRY,8,0.08,0,N,"group_rank(-news_pct_120min, subindustry)"
w30_an_a,kqVgA32L,-0.17,-0.04,-0.21,0.0519,-0.0058,0.1283,1.22,E,"LOW_SHARPE,LOW_FITNESS,LOW_SUB_UNIVERSE_SHARPE",INFERIOR,TOP3000,SUBINDUSTRY,8,0.08,1,N,"group_rank(ts_delta(anl4_fs_detail_estimate_1qf_v4_nd_ptpr_median, 60), subindustry)"
w28_f,zqYbnJ0E,-0.17,-0.05,-0.22,0.1285,-0.0091,0.201,0.48,E,"LOW_SHARPE,LOW_FITNESS,LOW_SUB_UNIVERSE_SHARPE",INFERIOR,TOP3000,SUBINDUSTRY,8,0.08,1,N,"group_rank(fnd6_txdbcl/assets, subindustry) + group_rank(fnd6_newqv1300_ivstq/assets, subindustry) + rank(-ts_arg_max(close, 20))"
w104_d,npK5r68d,-0.2,-0.03,-0.23,0.5715,-0.0167,0.319,-0.17,E,"LOW_SHARPE,LOW_FITNESS,LOW_SUB_UNIVERSE_SHARPE",INFERIOR,TOP3000,SUBINDUSTRY,4,0.08,1,N,"group_rank(-abs(ts_delta(volume/sharesout,1) - group_mean(ts_delta(volume/sharesout,1),1,market)), subindustry)"
w47_f,78Z31OkZ,-0.23,-0.07,-0.3,0.1649,-0.0146,0.1479,-0.29,E,"LOW_SHARPE,LOW_FITNESS,LOW_SUB_UNIVERSE_SHARPE",INFERIOR,TOP1000,SUBINDUSTRY,25,0.08,1,N,"group_rank(fnd6_newqv1300_cimiiq/assets, subindustry) + group_rank(fnd6_newqv1300_tfvceq/assets, subindustry) + group_rank(ts_av_diff(cash/assets, 30), subindustry) + group_rank(ts_av_diff(cashflow_op/enterprise_value, 60), subindustry) + group_rank(-ts_delta(close, 2), subindustry) + rank(volume/ts_mean(volume, 60))"
w73_c,883EM0pX,-0.27,-0.06,-0.33,0.3086,-0.0146,0.1844,-0.11,E,"LOW_SHARPE,LOW_FITNESS,LOW_SUB_UNIVERSE_SHARPE",INFERIOR,TOP3000,INDUSTRY,3,0.08,1,N,"group_rank(ts_mean(news_pct_10min, 5), industry) + group_rank(ts_mean(news_mins_4_pct_up, 5), industry)"
w89_e,akL8QXlR,-0.29,-0.09,-0.38,0.0446,-0.0125,0.1479,-0.48,E,"LOW_SHARPE,LOW_FITNESS,LOW_SUB_UNIVERSE_SHARPE",INFERIOR,TOP3000,SUBINDUSTRY,4,0.08,1,N,"rank(fscore_bfl_total) + rank(fscore_bfl_surface_accel) + group_rank(anl4_fs_guidances_advanced_af_nd_ebitda_maxguidance/assets, subindustry) + group_rank(anl4_fs_guidances_advanced_qf_nd_sh_equity_maxguidance/assets, subindustry)"
w101_h,wpYknmdd,-0.34,-0.06,-0.4,0.4555,-0.0145,0.1466,-1.33,E,"LOW_SHARPE,LOW_FITNESS,LOW_SUB_UNIVERSE_SHARPE",INFERIOR,TOP3000,SUBINDUSTRY,5,0.08,0,N,"group_rank(-news_open_gap/close, subindustry) + group_rank(news_prev_day_ret, subindustry) + group_rank(news_short_interest, subindustry)"
q3_closepos,9qVXPmR9,-0.35,-0.11,-0.46,0.2315,-0.022,0.2303,-0.2,E,"LOW_SHARPE,LOW_FITNESS,LOW_SUB_UNIVERSE_SHARPE",INFERIOR,TOP3000,SUBINDUSTRY,8,0.08,1,N,"group_rank(ts_mean((close-low)/(high-low+0.001), 10), subindustry) + rank(volume/ts_mean(volume, 60))"
w72_e,GrdKRMe5,-0.41,-0.09,-0.5,0.3601,-0.0176,0.1386,-0.3,E,"LOW_SHARPE,LOW_FITNESS,LOW_SUB_UNIVERSE_SHARPE",INFERIOR,TOP3000,INDUSTRY,3,0.08,1,N,"group_rank(ts_mean(scl12_sentiment_fast_d1, 5), industry) + group_rank(ts_mean(snt_value_fast_d1, 5), industry)"
w73_d,pwPGqmAb,-0.54,-0.1,-0.64,0.6753,-0.0244,0.1761,-0.73,E,"LOW_SHARPE,LOW_FITNESS,LOW_SUB_UNIVERSE_SHARPE",INFERIOR,TOP3000,INDUSTRY,3,0.08,1,N,"group_rank(news_max_up_amt / close, industry) - group_rank(news_mins_4_pct_dn, industry)"
w73_f,vRkGKbvG,-0.54,-0.11,-0.65,0.6283,-0.0246,0.1505,-1.11,E,"LOW_SHARPE,LOW_FITNESS,LOW_SUB_UNIVERSE_SHARPE",INFERIOR,TOP3000,INDUSTRY,3,0.08,1,N,"group_rank(close / news_eod_low - 1, industry)"
w103_b,Grd5kn1G,-0.52,-0.21,-0.73,0.182,-0.0305,0.1869,-0.79,E,"LOW_SHARPE,LOW_FITNESS,LOW_SUB_UNIVERSE_SHARPE",INFERIOR,TOP3000,SUBINDUSTRY,2,0.08,0,N,"group_rank(-ts_delta(historical_volatility_30, 66), subindustry)"
w89_d,ZY09dGNY,-0.52,-0.29,-0.81,0.0225,-0.0381,0.329,-0.36,E,"LOW_SHARPE,LOW_FITNESS,LOW_SUB_UNIVERSE_SHARPE",INFERIOR,TOP3000,SUBINDUSTRY,4,0.08,1,N,rank(fscore_bfl_quality) + rank(fscore_bfl_profitability) + rank(fscore_bfl_growth) + rank(fscore_bfl_momentum)
w72_g,Vk6mWm8b,-0.58,-0.24,-0.82,0.1996,-0.0341,0.3079,-0.73,E,"LOW_SHARPE,LOW_FITNESS,LOW_SUB_UNIVERSE_SHARPE",INFERIOR,TOP3000,INDUSTRY,3,0.08,1,N,"group_rank(-ts_mean(pcr_vol_10, 5), industry) + group_rank(relative_valuation_rank_derivative, industry)"
w72_d,YP5EeKER,-0.59,-0.24,-0.83,0.1993,-0.0342,0.3014,-0.71,E,"LOW_SHARPE,LOW_FITNESS,LOW_SUB_UNIVERSE_SHARPE",INFERIOR,TOP3000,INDUSTRY,3,0.08,1,N,"group_rank(-ts_mean(pcr_vol_10, 5), industry) + group_rank(multi_factor_static_score_derivative, industry)"
w28_e,mLg6Wzw6,-0.57,-0.37,-0.94,0.0669,-0.0537,0.4235,-0.12,E,"LOW_SHARPE,LOW_FITNESS,LOW_SUB_UNIVERSE_SHARPE",INFERIOR,TOP3000,SUBINDUSTRY,8,0.08,1,N,"group_rank(fnd6_tfvce/assets, subindustry) + group_rank(fnd6_newqv1300_ivstq/assets, subindustry) + rank(-ts_std_dev(returns, 20))"
w30_m16_a,om6WdA0l,-0.65,-0.35,-1.0,0.0298,-0.037,0.2653,-0.83,E,"LOW_SHARPE,LOW_FITNESS,LOW_SUB_UNIVERSE_SHARPE",INFERIOR,TOP3000,SUBINDUSTRY,8,0.08,1,N,"group_rank(fscore_bfl_total, subindustry) + group_rank(fscore_bfl_quality, subindustry)"
w89_j,MP1nepMr,-0.7,-0.32,-1.02,0.2381,-0.0504,0.3647,-0.2,E,"LOW_SHARPE,LOW_FITNESS,CONCENTRATED_WEIGHT,LOW_SUB_UNIVERSE_SHARPE",INFERIOR,TOP3000,SUBINDUSTRY,4,0.08,1,N,rank(fscore_bfl_quality) + rank(fscore_bfl_profitability) + rank(implied_volatility_mean_skew_30-implied_volatility_mean_skew_270)
w103_d,npK53v6z,-1.01,-0.17,-1.18,1.0803,-0.0304,0.1907,-0.76,E,"LOW_SHARPE,LOW_FITNESS,HIGH_TURNOVER,CONCENTRATED_WEIGHT,LOW_SUB_UNIVERSE_SHARPE",INFERIOR,TOP3000,SUBINDUSTRY,2,0.08,0,N,"group_rank(rel_ret_cust, subindustry)"
w72_c,zqY2xLxE,-0.83,-0.58,-1.41,0.0313,-0.0609,0.4176,-0.2,E,"LOW_SHARPE,LOW_FITNESS,LOW_SUB_UNIVERSE_SHARPE",INFERIOR,TOP3000,INDUSTRY,3,0.08,1,N,"group_rank(multi_factor_static_score_derivative, industry) + group_rank(relative_valuation_rank_derivative, industry)"
w73_a,O0rMlz2p,-1.01,-0.53,-1.54,0.6112,-0.169,0.8998,-0.71,E,"LOW_SHARPE,LOW_FITNESS,LOW_SUB_UNIVERSE_SHARPE",INFERIOR,TOP3000,INDUSTRY,3,0.08,1,N,"group_rank(news_mins_4_pct_up - news_mins_4_pct_dn, industry)"
