cid,id,SF,S,F,T,tS,DD,decay,maxcorr,nearest,need_S,need_who,margin,verdict,expr
w114_m,om6jX2Xn,4.13,2.53,1.6,0.2563,2.33,0.042,4,0.7381,j23Pl0e5,3.575,j23Pl0e5,-1.045,NO,"group_rank(ts_corr(cap, ts_mean(volume, 20), 60), bucket(rank(ts_mean(volume*close, 20)), range=""0.1, 1, 0.1"")) + group_rank(fnd6_intc/assets, bucket(rank(ts_mean(volume*close, 20)), range=""0.1, 1, 0.1"")) + group_rank(ts_av_diff(cash/assets, 45), bucket(rank(ts_mean(volume*close, 20)), range=""0.1, 1, 0.1"")) + group_rank(ts_av_diff(cashflow_op/enterprise_value, 45), bucket(rank(ts_mean(volume*close, 20)), range=""0.1, 1, 0.1"")) + group_rank(-ts_delta(close, 2), bucket(rank(ts_mean(volume*close, 20)), range=""0.1, 1, 0.1"")) + group_rank(volume/ts_mean(volume, 60), bucket(rank(ts_mean(volume*close, 20)), range=""0.1, 1, 0.1""))"
w115_c,xAY7oGrn,4.36,2.51,1.85,0.2524,1.91,0.0521,4,0.7388,akLp3pzW,3.795,0mR2K6lr,-1.285,NO,"group_rank(fnd6_intc/assets, bucket(rank(cap), range=""0.1, 1, 0.1"")) + group_rank(fnd6_tfvce/assets, bucket(rank(cap), range=""0.1, 1, 0.1"")) + group_rank(ts_av_diff(cash/assets, 45), bucket(rank(cap), range=""0.1, 1, 0.1"")) + group_rank(ts_av_diff(cashflow_op/enterprise_value, 45), bucket(rank(cap), range=""0.1, 1, 0.1"")) + group_rank(-ts_delta(close, 2), bucket(rank(cap), range=""0.1, 1, 0.1"")) + group_rank(volume/ts_mean(volume, 60), bucket(rank(cap), range=""0.1, 1, 0.1""))"
w27_lnoq_xrent,j238M38O,4.63,2.53,2.1,0.2161,2.28,0.0348,8,0.7412,XgWnklXa,3.102,O0rZ90n1,-0.572,NO,"group_rank(fnd6_newqv1300_lnoq/assets, subindustry) + group_rank(fnd6_xrent/assets, subindustry) + group_rank(ts_av_diff(cashflow_op/enterprise_value, 60), subindustry) + rank(-ts_delta(close, 2)) + rank(volume/ts_mean(volume, 60))"
w39_h,RRV5zJX0,4.85,2.52,2.33,0.114,1.35,0.0505,40,0.7617,O0rZ90n1,3.102,O0rZ90n1,-0.582,NO,"group_rank(fnd6_newqv1300_cimiiq/assets, subindustry) + group_rank(fnd6_xrent/assets, subindustry) + group_rank(ts_av_diff(cash/assets, 30), subindustry) + group_rank(-ts_delta(close, 2), subindustry) + rank(volume/ts_mean(volume, 60))"
w87_d,Grd7dq80,4.24,2.32,1.92,0.0934,1.43,0.0283,4,0.7636,e79PvPpE,3.795,0mR2K6lr,-1.475,NO,"group_rank(authorized_stock_buyback_amount/assets, subindustry) + group_rank(anl4_fs_detail_estimate_1qf_v4_nd_sga_median/assets, subindustry) + 0.4*group_rank(ts_av_diff(cash/assets, 45), subindustry) + 0.4*group_rank(ts_av_diff(cashflow_op/enterprise_value, 45), subindustry) + 0.25*group_rank(-ts_delta(close, 10), subindustry) + 0.25*rank(volume/ts_mean(volume, 120))"
w54_c,blRJRxvl,5.24,2.74,2.5,0.1317,2.6,0.0267,14,0.7639,O0rZ90n1,3.102,O0rZ90n1,-0.362,NO,"group_rank(fnd6_xrent/assets, subindustry) + group_rank(ts_av_diff(cash, 45)/assets, subindustry) + group_rank(ts_av_diff(cashflow_op, 45)/enterprise_value, subindustry) + group_rank(-ts_delta(close, 2), subindustry) + rank(volume/ts_mean(volume, 60))"
w63_f,gJQgpgGM,4.1,2.58,1.52,0.4283,3.5,0.0624,2,0.7729,le8EAJLO,3.795,0mR2K6lr,-1.215,NO,"group_rank(fnd6_txtubpospinc/assets, subindustry) + group_rank(ts_av_diff(cash/assets, 45), subindustry) + group_rank(ts_av_diff(cashflow_op/enterprise_value, 45), subindustry) + group_rank(-ts_delta(close, 3), subindustry) + rank(volume/ts_mean(volume, 60))"
w87_b,kqVYj9X6,4.25,2.33,1.92,0.101,1.44,0.028,4,0.7743,6Xr2eQaJ,3.795,0mR2K6lr,-1.465,NO,"group_rank(authorized_stock_buyback_amount/assets, subindustry) + group_rank(anl4_fs_detail_estimate_1qf_v4_nd_sga_median/assets, subindustry) + 0.3*group_rank(ts_av_diff(cash/assets, 45), subindustry) + 0.3*group_rank(ts_av_diff(cashflow_op/enterprise_value, 45), subindustry) + 0.3*group_rank(-ts_delta(close, 10), subindustry) + 0.3*rank(volume/ts_mean(volume, 120))"
w91_f,kqVMGzQ8,4.25,2.33,1.92,0.101,1.44,0.028,4,0.7743,6Xr2eQaJ,3.795,0mR2K6lr,-1.465,NO,"group_rank(authorized_stock_buyback_amount/assets, subindustry) + group_rank(anl4_fs_detail_estimate_1qf_v4_nd_sga_median/assets, subindustry) + 0.30*group_rank(ts_av_diff(cash/assets, 45), subindustry) + 0.30*group_rank(ts_av_diff(cashflow_op/enterprise_value, 45), subindustry) + 0.30*group_rank(-ts_delta(close, 10), subindustry) + 0.30*rank(volume/ts_mean(volume, 120))"
w114_c,78ZP2gj1,4.81,2.91,1.9,0.2592,2.46,0.0355,4,0.7761,akLp3pzW,3.795,0mR2K6lr,-0.885,NO,"group_rank(fnd6_intc/assets, bucket(rank(ts_std_dev(returns, 20)), range=""0.1, 1, 0.1"")) + group_rank(fnd6_tfvce/assets, bucket(rank(ts_std_dev(returns, 20)), range=""0.1, 1, 0.1"")) + group_rank(ts_av_diff(cash/assets, 45), bucket(rank(ts_std_dev(returns, 20)), range=""0.1, 1, 0.1"")) + group_rank(ts_av_diff(cashflow_op/enterprise_value, 45), bucket(rank(ts_std_dev(returns, 20)), range=""0.1, 1, 0.1"")) + group_rank(-ts_delta(close, 2), bucket(rank(ts_std_dev(returns, 20)), range=""0.1, 1, 0.1"")) + group_rank(volume/ts_mean(volume, 60), bucket(rank(ts_std_dev(returns, 20)), range=""0.1, 1, 0.1""))"
w37_l,P0ZPxpEM,4.08,2.12,1.96,0.1197,1.49,0.0438,40,0.7779,9qVEA1ZV,2.706,9qVEA1ZV,-0.586,NO,"group_rank(fnd6_newqv1300_lol2q/assets, subindustry) + group_rank(fnd6_xrent/assets, subindustry) + group_rank(ts_av_diff(cash/assets, 30), subindustry) + group_rank(-ts_delta(close, 2), subindustry) + rank(volume/ts_mean(volume, 60))"
w68_f,MP1egvq6,4.72,2.7,2.02,0.3135,1.83,0.0419,2,0.7783,qMW92Az2,2.739,9qX3M2mq,-0.039,NO,"group_rank(fnd6_xrent/assets, industry) + group_rank(ts_av_diff(cashflow_op/enterprise_value, 45), industry) + group_rank(-ts_rank(close, 10), industry)"
w67_a,vRkp2VRv,4.24,2.48,1.76,0.3085,1.89,0.0427,2,0.7787,A10a7pdY,3.014,kqjpepz8,-0.534,NO,"group_rank(liabilities_curr/assets, industry) + group_rank(anl4_fs_detail_estimate_1qf_v4_nd_ptpr_mean/assets, industry) + group_rank(-ts_rank(close, 10), industry)"
w41_b,883GYlNo,4.84,2.44,2.4,0.1111,1.68,0.0394,50,0.7788,RRV5l5Go,2.629,RRV5l5Go,-0.189,NO,"group_rank(fnd6_newqv1300_cimiiq/assets, subindustry) + group_rank(fnd6_xrent/assets, subindustry) + group_rank(ts_av_diff(cashflow_op/enterprise_value, 60), subindustry) + group_rank(-ts_delta(close, 2), subindustry) + rank(volume/ts_mean(volume, 60))"
w114_g,mLgnlgo9,4.0,2.52,1.48,0.3235,2.78,0.0481,4,0.7793,j23Pl0e5,3.575,j23Pl0e5,-1.055,NO,"group_rank(fnd6_newqv1300_xoptq/assets, bucket(rank(sales/assets), range=""0.1, 1, 0.1"")) + group_rank(fnd6_newqv1300_glcea12/assets, bucket(rank(sales/assets), range=""0.1, 1, 0.1"")) + group_rank(ts_av_diff(cash/assets, 45), bucket(rank(sales/assets), range=""0.1, 1, 0.1"")) + group_rank(ts_av_diff(cashflow_op/enterprise_value, 45), bucket(rank(sales/assets), range=""0.1, 1, 0.1"")) + group_rank(-ts_delta(close, 2), bucket(rank(sales/assets), range=""0.1, 1, 0.1"")) + group_rank(volume/ts_mean(volume, 60), bucket(rank(sales/assets), range=""0.1, 1, 0.1""))"
w55_d,2rO9wZvJ,5.57,2.74,2.83,0.1182,1.67,0.0333,14,0.785,RRV5l5Go,3.487,mLgd6nwX,-0.747,NO,"trade_when(volume > ts_mean(volume, 20), group_rank(fnd6_xrent/assets, subindustry) + group_rank(ts_av_diff(cash/assets, 45), subindustry) + group_rank(ts_av_diff(cashflow_op/enterprise_value, 45), subindustry) + group_rank(-ts_delta(close, 2), subindustry) + rank(volume/ts_mean(volume, 60)), -1)"
w62_f,rK5NKRYd,4.39,2.78,1.61,0.4719,3.79,0.0718,2,0.7851,le8EAJLO,3.487,mLgd6nwX,-0.707,NO,"group_rank(fnd6_dxd2/assets, subindustry) + group_rank(ts_av_diff(cash/assets, 45), subindustry) + group_rank(ts_av_diff(cashflow_op/enterprise_value, 45), subindustry) + group_rank(-ts_delta(close, 2), subindustry) + rank(volume/ts_mean(volume, 60))"
w40_e,78ZGmRV5,4.92,2.47,2.45,0.1152,1.71,0.0392,40,0.7856,RRV5l5Go,2.629,RRV5l5Go,-0.159,NO,"group_rank(fnd6_newqv1300_cimiiq/assets, subindustry) + group_rank(fnd6_xrent/assets, subindustry) + group_rank(ts_av_diff(cashflow_op/enterprise_value, 60), subindustry) + group_rank(-ts_delta(close, 2), subindustry) + rank(volume/ts_mean(volume, 60))"
w41_f,vRkY66xQ,4.92,2.47,2.45,0.1152,1.71,0.0392,40,0.7856,RRV5l5Go,2.629,RRV5l5Go,-0.159,NO,"group_rank(fnd6_newqv1300_cimiiq/assets, subindustry) + group_rank(fnd6_xrent/assets, subindustry) + group_rank(ts_av_diff(cashflow_op/enterprise_value, 60), subindustry) + group_rank(-ts_delta(close, 2), subindustry) + rank(volume/ts_mean(volume, 60))"
w80_c,WjPx1mjd,4.09,2.39,1.7,0.2171,1.46,0.0519,4,0.7875,e79PvPpE,3.795,0mR2K6lr,-1.405,NO,"group_rank((anl4_fs_detail_estimate_1qf_v4_nd_cff_high - anl4_fs_detail_estimate_1qf_v4_nd_cff_low) / abs(anl4_fs_detail_estimate_1qf_v4_nd_cff_mean), subindustry) + group_rank(anl4_fs_detail_estimate_1qf_v4_nd_netdebt_high/assets, subindustry) + group_rank(ts_av_diff(cash/assets, 75), subindustry) + group_rank(-ts_delta(close, 8), subindustry) + rank(volume/ts_mean(volume, 150))"
w32_k,O0rJObeJ,4.26,2.25,2.01,0.1426,1.77,0.0623,8,0.7881,RRVLeabj,2.486,6XrbGx1L,-0.236,NO,"group_rank(fnd6_mfma2_revt/assets, subindustry) + group_rank(ts_av_diff(cash/assets, 30), subindustry) + group_rank(fnd6_xopr/assets, subindustry) + group_rank(-ts_delta(close, 2), subindustry) + rank(volume/ts_mean(volume, 60))"
w42_c,kqV89LJd,4.98,2.49,2.49,0.1183,1.74,0.039,35,0.7893,RRV5l5Go,2.629,RRV5l5Go,-0.139,NO,"group_rank(fnd6_newqv1300_cimiiq/assets, subindustry) + group_rank(fnd6_xrent/assets, subindustry) + group_rank(ts_av_diff(cashflow_op/enterprise_value, 60), subindustry) + group_rank(-ts_delta(close, 2), subindustry) + rank(volume/ts_mean(volume, 60))"
w87_h,xAYEYdRq,4.32,2.35,1.97,0.0899,1.43,0.029,6,0.7898,e79PvPpE,3.795,0mR2K6lr,-1.445,NO,"group_rank(authorized_stock_buyback_amount/assets, subindustry) + group_rank(anl4_fs_detail_estimate_1qf_v4_nd_sga_median/assets, subindustry) + 0.35*group_rank(ts_av_diff(cash/assets, 45), subindustry) + 0.35*group_rank(ts_av_diff(cashflow_op/enterprise_value, 45), subindustry) + 0.35*group_rank(-ts_delta(close, 10), subindustry) + 0.35*rank(volume/ts_mean(volume, 120))"
w114_n,O0rdjnrv,4.62,2.72,1.9,0.2514,2.0,0.0431,4,0.79,akLp3pzW,3.795,0mR2K6lr,-1.075,NO,"group_rank(fnd6_tstkc/assets, bucket(rank(cap), range=""0.1, 1, 0.1"")) + group_rank(fnd6_lifr/assets, bucket(rank(cap), range=""0.1, 1, 0.1"")) + group_rank(ts_av_diff(cash/assets, 45), bucket(rank(cap), range=""0.1, 1, 0.1"")) + group_rank(ts_av_diff(cashflow_op/enterprise_value, 45), bucket(rank(cap), range=""0.1, 1, 0.1"")) + group_rank(-ts_delta(close, 2), bucket(rank(cap), range=""0.1, 1, 0.1"")) + group_rank(volume/ts_mean(volume, 60), bucket(rank(cap), range=""0.1, 1, 0.1""))"
w42_f,N1QK8ezq,4.98,2.48,2.5,0.1215,1.42,0.038,30,0.7904,RRV5l5Go,2.629,RRV5l5Go,-0.149,NO,"group_rank(fnd6_newqv1300_cimiiq/assets, subindustry) + group_rank(fnd6_xrent/assets, subindustry) + group_rank(ts_av_diff(cashflow_op/enterprise_value, 60), subindustry) + group_rank(-ts_delta(close, 2), subindustry) + rank(volume/ts_mean(volume, 90))"
w55_c,le8Evzp8,5.68,2.8,2.88,0.0997,1.9,0.0305,14,0.7912,RRV5l5Go,3.487,mLgd6nwX,-0.687,NO,"quantile(group_rank(fnd6_xrent/assets, subindustry)) + quantile(group_rank(ts_av_diff(cash/assets, 45), subindustry)) + quantile(group_rank(ts_av_diff(cashflow_op/enterprise_value, 45), subindustry)) + group_rank(-ts_delta(close, 2), subindustry) + rank(volume/ts_mean(volume, 60))"
f09_sector_grp,le8lQ3n7,4.49,2.53,1.96,0.2211,1.87,0.0448,8,0.792,9qX3M2mq,3.322,e79kPeEM,-0.792,NO,"group_rank(liabilities_curr/assets, sector) + rank(-ts_delta(close, 2))"
w42_e,6XrGNe8L,4.81,2.43,2.38,0.1238,1.7,0.0391,30,0.7929,RRV5l5Go,2.629,RRV5l5Go,-0.199,NO,"group_rank(fnd6_newqv1300_cimiiq/assets, subindustry) + group_rank(fnd6_xrent/assets, subindustry) + group_rank(ts_av_diff(cashflow_op/enterprise_value, 60), subindustry) + group_rank(-ts_delta(close, 2), subindustry) + rank(volume/ts_mean(volume, 40))"
w41_a,wpYNPJld,5.06,2.52,2.54,0.1226,1.78,0.0389,30,0.7931,RRV5l5Go,2.629,RRV5l5Go,-0.109,NO,"group_rank(fnd6_newqv1300_cimiiq/assets, subindustry) + group_rank(fnd6_xrent/assets, subindustry) + group_rank(ts_av_diff(cashflow_op/enterprise_value, 60), subindustry) + group_rank(-ts_delta(close, 2), subindustry) + rank(volume/ts_mean(volume, 60))"
w114_b,P0ZLAN9J,4.61,2.76,1.85,0.2621,2.21,0.044,4,0.7935,e79PvPpE,3.795,0mR2K6lr,-1.035,NO,"group_rank(fnd6_newqv1300_fcaq/assets, bucket(rank(ts_mean(volume*close, 20)), range=""0.1, 1, 0.1"")) + group_rank(fnd6_newqv1300_tfvceq/assets, bucket(rank(ts_mean(volume*close, 20)), range=""0.1, 1, 0.1"")) + group_rank(ts_av_diff(cash/assets, 45), bucket(rank(ts_mean(volume*close, 20)), range=""0.1, 1, 0.1"")) + group_rank(ts_av_diff(cashflow_op/enterprise_value, 45), bucket(rank(ts_mean(volume*close, 20)), range=""0.1, 1, 0.1"")) + group_rank(-ts_delta(close, 2), bucket(rank(ts_mean(volume*close, 20)), range=""0.1, 1, 0.1"")) + group_rank(volume/ts_mean(volume, 60), bucket(rank(ts_mean(volume*close, 20)), range=""0.1, 1, 0.1""))"
w43_g,om6Pkzak,5.08,2.53,2.55,0.1277,1.48,0.0375,25,0.7939,RRV5l5Go,2.992,rK59235m,-0.462,NO,"group_rank(fnd6_newqv1300_cimiiq/assets, subindustry) + group_rank(fnd6_xrent/assets, subindustry) + group_rank(ts_av_diff(cashflow_op/enterprise_value, 60), subindustry) + group_rank(-ts_delta(close, 2), subindustry) + rank(volume/ts_mean(volume, 90))"
w32_h,A10QjL3l,4.18,2.39,1.79,0.2133,2.15,0.0452,8,0.7943,9qVEA1ZV,3.102,O0rZ90n1,-0.712,NO,"group_rank(fnd6_xrent/assets, subindustry) + group_rank(ts_av_diff(cash/assets, 30), subindustry) + group_rank(fnd6_newqv1300_lol2q/assets, subindustry) + group_rank(-ts_delta(close, 2), subindustry) + rank(volume/ts_mean(volume, 60))"
w119_b,akL0jNj1,4.28,2.6,1.68,0.2311,2.95,0.0316,4,0.7945,akLmmvPW,2.728,akLmmvPW,-0.128,NO,"group_rank(fnd6_cicurr/assets, bucket(rank(cashflow_op/assets), range=""0.1, 1, 0.1"")) + group_rank(fnd6_newqv1300_xoptq/assets, bucket(rank(cashflow_op/assets), range=""0.1, 1, 0.1"")) + group_rank(fnd6_tfvce/assets, bucket(rank(cashflow_op/assets), range=""0.1, 1, 0.1"")) + group_rank(ts_av_diff(cash/assets, 45), bucket(rank(cashflow_op/assets), range=""0.1, 1, 0.1"")) + group_rank(ts_av_diff(cashflow_op/enterprise_value, 45), bucket(rank(cashflow_op/assets), range=""0.1, 1, 0.1"")) + group_rank(-ts_delta(close, 2), bucket(rank(cashflow_op/assets), range=""0.1, 1, 0.1""))"
w43_c,883G25GW,5.1,2.54,2.56,0.1261,1.8,0.0386,27,0.795,RRV5l5Go,2.992,rK59235m,-0.452,NO,"group_rank(fnd6_newqv1300_cimiiq/assets, subindustry) + group_rank(fnd6_xrent/assets, subindustry) + group_rank(ts_av_diff(cashflow_op/enterprise_value, 60), subindustry) + group_rank(-ts_delta(close, 2), subindustry) + rank(volume/ts_mean(volume, 60))"
w43_f,j23VMQlj,4.87,2.47,2.4,0.1302,1.73,0.0386,25,0.7951,RRV5l5Go,2.992,rK59235m,-0.522,NO,"group_rank(fnd6_newqv1300_cimiiq/assets, subindustry) + group_rank(fnd6_xrent/assets, subindustry) + group_rank(ts_av_diff(cashflow_op/enterprise_value, 60), subindustry) + group_rank(-ts_delta(close, 2), subindustry) + rank(volume/ts_mean(volume, 40))"
w67_f,KPO5mKO1,4.13,2.36,1.77,0.2746,2.44,0.0477,3,0.7959,qMW92Az2,3.795,0mR2K6lr,-1.435,NO,"group_rank(-anl4_fs_detail_estimate_1qf_v4_nd_sga_median/assets, industry) + group_rank(ts_av_diff(cashflow_op/enterprise_value, 45), industry) + group_rank(-ts_rank(close, 10), industry)"
w42_b,vRkYPVZb,5.12,2.56,2.56,0.1289,1.82,0.0384,25,0.7963,RRV5l5Go,2.992,rK59235m,-0.432,NO,"group_rank(fnd6_newqv1300_cimiiq/assets, subindustry) + group_rank(fnd6_xrent/assets, subindustry) + group_rank(ts_av_diff(cashflow_op/enterprise_value, 60), subindustry) + group_rank(-ts_delta(close, 2), subindustry) + rank(volume/ts_mean(volume, 60))"
w43_d,QP3WoPmp,5.12,2.56,2.56,0.1289,1.82,0.0384,25,0.7963,RRV5l5Go,2.992,rK59235m,-0.432,NO,"group_rank(fnd6_newqv1300_cimiiq/assets, subindustry) + group_rank(fnd6_xrent/assets, subindustry) + group_rank(ts_av_diff(cashflow_op/enterprise_value, 60), subindustry) + group_rank(-ts_delta(close, 2), subindustry) + rank(volume/ts_mean(volume, 60))"
w43_e,GrdQ7pmP,5.12,2.56,2.56,0.1289,1.82,0.0384,25,0.7963,RRV5l5Go,2.992,rK59235m,-0.432,NO,"group_rank(fnd6_newqv1300_cimiiq/assets, subindustry) + group_rank(fnd6_xrent/assets, subindustry) + group_rank(ts_av_diff(cashflow_op/enterprise_value, 60), subindustry) + group_rank(-ts_delta(close, 2), subindustry) + rank(volume/ts_mean(volume, 60))"
w112_f,WjPrPL0G,4.44,2.63,1.81,0.2469,2.42,0.0361,4,0.797,kqVp6wnO,3.795,0mR2K6lr,-1.165,NO,"group_rank(fnd6_tstkc/assets, bucket(rank(ts_std_dev(returns, 20)), range=""0.1, 1, 0.1"")) + group_rank(anl4_fs_detail_estimate_1qf_v4_nd_ebit_low/assets, bucket(rank(ts_std_dev(returns, 20)), range=""0.1, 1, 0.1"")) + group_rank(ts_av_diff(cash/assets, 45), bucket(rank(ts_std_dev(returns, 20)), range=""0.1, 1, 0.1"")) + group_rank(ts_av_diff(cashflow_op/enterprise_value, 45), bucket(rank(ts_std_dev(returns, 20)), range=""0.1, 1, 0.1"")) + group_rank(-ts_delta(close, 2), bucket(rank(ts_std_dev(returns, 20)), range=""0.1, 1, 0.1"")) + group_rank(volume/ts_mean(volume, 60), bucket(rank(ts_std_dev(returns, 20)), range=""0.1, 1, 0.1""))"
w43_b,9qVGkOLx,5.14,2.58,2.56,0.1323,1.85,0.0382,23,0.7972,RRV5l5Go,2.992,rK59235m,-0.412,NO,"group_rank(fnd6_newqv1300_cimiiq/assets, subindustry) + group_rank(fnd6_xrent/assets, subindustry) + group_rank(ts_av_diff(cashflow_op/enterprise_value, 60), subindustry) + group_rank(-ts_delta(close, 2), subindustry) + rank(volume/ts_mean(volume, 60))"
w43_a,xAYl5pPJ,5.15,2.59,2.56,0.1342,1.87,0.0381,22,0.7975,RRV5l5Go,2.992,rK59235m,-0.402,NO,"group_rank(fnd6_newqv1300_cimiiq/assets, subindustry) + group_rank(fnd6_xrent/assets, subindustry) + group_rank(ts_av_diff(cashflow_op/enterprise_value, 60), subindustry) + group_rank(-ts_delta(close, 2), subindustry) + rank(volume/ts_mean(volume, 60))"
w42_a,RRV5P0Yn,5.21,2.63,2.58,0.1387,1.91,0.0378,20,0.7977,RRV5l5Go,3.102,O0rZ90n1,-0.472,NO,"group_rank(fnd6_newqv1300_cimiiq/assets, subindustry) + group_rank(fnd6_xrent/assets, subindustry) + group_rank(ts_av_diff(cashflow_op/enterprise_value, 60), subindustry) + group_rank(-ts_delta(close, 2), subindustry) + rank(volume/ts_mean(volume, 60))"
w44_g,d5O9POpx,5.18,2.61,2.57,0.1364,1.89,0.0379,21,0.7977,RRV5l5Go,2.992,rK59235m,-0.382,NO,"group_rank(fnd6_newqv1300_cimiiq/assets, subindustry) + group_rank(fnd6_xrent/assets, subindustry) + group_rank(ts_av_diff(cashflow_op/enterprise_value, 60), subindustry) + group_rank(-ts_delta(close, 2), subindustry) + rank(volume/ts_mean(volume, 60))"
w42_d,ZY0XNjnn,5.21,2.63,2.58,0.1387,1.91,0.0377,20,0.7978,RRV5l5Go,3.102,O0rZ90n1,-0.472,NO,"group_rank(fnd6_newqv1300_cimiiq/assets, subindustry) + group_rank(fnd6_xrent/assets, subindustry) + group_rank(ts_av_diff(cashflow_op/enterprise_value, 60), subindustry) + group_rank(-ts_delta(close, 2), subindustry) + rank(volume/ts_mean(volume, 60))"
w65_g,vRkp90Jw,4.16,2.64,1.52,0.4038,3.25,0.0447,2,0.798,N1QJPJE8,3.795,0mR2K6lr,-1.155,NO,"group_rank(anl4_fs_detail_estimate_1qf_v4_nd_ptpr_mean/assets, subindustry) + group_rank(fnd6_newqv1300_lol2q/assets, subindustry) + group_rank(ts_av_diff(cash/assets, 45), subindustry) + group_rank(ts_av_diff(cashflow_op/enterprise_value, 45), subindustry) + group_rank(-ts_delta(close, 2), subindustry) + rank(volume/ts_mean(volume, 60))"
w66_b,3q9kzjxN,4.12,2.67,1.45,0.4167,2.78,0.0398,2,0.7989,j23Pl0e5,3.575,j23Pl0e5,-0.905,NO,"group_rank(anl4_fs_detail_estimate_1qf_v4_nd_cff_mean/assets, subindustry) + group_rank(fnd6_txtubxintis/assets, subindustry) + group_rank(ts_av_diff(cash/assets, 45), subindustry) + group_rank(ts_av_diff(cashflow_op/enterprise_value, 45), subindustry) + group_rank(-ts_delta(close, 2), subindustry) + rank(volume/ts_mean(volume, 60))"
p10_tw02_xopr,LL97eZ6m,4.02,2.29,1.73,0.1631,2.29,0.0419,8,0.7997,9qVrJkYe,2.585,0mRwgR6k,-0.295,NO,"trade_when(ts_rank(volume, 60) > 0.2, group_rank(fnd6_xopr/assets, subindustry) + rank(-ts_delta(close, 2)), -1)"
w74_i,akLGLQL9,4.28,2.77,1.51,0.4528,2.89,0.0418,2,0.8008,j23Pl0e5,3.795,0mR2K6lr,-1.025,NO,"group_rank(anl4_fs_actuals_basic_qf_nd_div_value/assets, subindustry) + group_rank(ts_av_diff(cash/assets, 45), subindustry) + group_rank(ts_av_diff(cashflow_op/enterprise_value, 45), subindustry) + group_rank(-ts_delta(close, 2), subindustry) + rank(volume/ts_mean(volume, 60))"
w64_f,le856bwO,4.29,2.76,1.53,0.4169,2.9,0.0393,2,0.8018,j23Pl0e5,3.795,0mR2K6lr,-1.035,NO,"group_rank(-anl4_fs_detail_estimate_1qf_v4_nd_sga_median/assets, subindustry) + group_rank(fnd6_txtubxintis/assets, subindustry) + group_rank(ts_av_diff(cash/assets, 45), subindustry) + group_rank(ts_av_diff(cashflow_op/enterprise_value, 45), subindustry) + group_rank(-ts_delta(close, 2), subindustry) + rank(volume/ts_mean(volume, 60))"
w63_c,3q9kLnGN,4.64,2.73,1.91,0.3217,2.24,0.0331,2,0.8021,mLgd6nwX,3.487,mLgd6nwX,-0.757,NO,"group_rank(fnd6_xrent/assets, subindustry) + group_rank(ts_av_diff(cash/assets, 45), subindustry) + group_rank(ts_av_diff(cashflow_op/enterprise_value, 45), subindustry) + group_rank(-ts_rank(close, 10), subindustry)"
w71_d,E5v8P8AJ,4.6,2.75,1.85,0.3229,2.42,0.0392,3,0.8029,N1QJPJE8,2.838,QP3V2bVG,-0.088,NO,"group_rank(-anl4_fs_detail_estimate_1qf_v4_nd_netdebt_mean/assets, industry) + group_rank(liabilities_curr/assets, industry) + group_rank(-ts_delta(close, 5), industry) + rank(volume/ts_mean(volume, 90))"
w112_a,KPOAOXEE,4.31,2.51,1.8,0.2437,1.52,0.0381,4,0.804,kqVp6wnO,3.795,0mR2K6lr,-1.285,NO,"group_rank(fnd6_tstkc/assets, bucket(rank(cap), range=""0.1, 1, 0.1"")) + group_rank(anl4_fs_detail_estimate_1qf_v4_nd_ebit_low/assets, bucket(rank(cap), range=""0.1, 1, 0.1"")) + group_rank(ts_av_diff(cash/assets, 45), bucket(rank(cap), range=""0.1, 1, 0.1"")) + group_rank(ts_av_diff(cashflow_op/enterprise_value, 45), bucket(rank(cap), range=""0.1, 1, 0.1"")) + group_rank(-ts_delta(close, 2), bucket(rank(cap), range=""0.1, 1, 0.1"")) + group_rank(volume/ts_mean(volume, 60), bucket(rank(cap), range=""0.1, 1, 0.1""))"
w111_j,78ZPZWM5,4.15,2.65,1.5,0.3856,2.92,0.0463,2,0.8042,npKGgKLw,3.575,j23Pl0e5,-0.925,NO,"group_rank(anl4_fs_detail_estimate_1qf_v4_nd_cfo_median/assets, bucket(rank(ts_mean(volume*close, 20)), range=""0.1, 1, 0.1"")) + group_rank(-anl4_fs_detail_estimate_1qf_v4_nd_fcf_low/assets, bucket(rank(ts_mean(volume*close, 20)), range=""0.1, 1, 0.1"")) + group_rank(ts_av_diff(cash/assets, 45), bucket(rank(ts_mean(volume*close, 20)), range=""0.1, 1, 0.1"")) + group_rank(ts_av_diff(cashflow_op/enterprise_value, 45), bucket(rank(ts_mean(volume*close, 20)), range=""0.1, 1, 0.1"")) + group_rank(-ts_delta(close, 2), bucket(rank(ts_mean(volume*close, 20)), range=""0.1, 1, 0.1"")) + group_rank(volume/ts_mean(volume, 60), bucket(rank(ts_mean(volume*close, 20)), range=""0.1, 1, 0.1""))"
w105_j,KPOMAjvz,4.13,2.5,1.63,0.2553,2.48,0.0335,4,0.8048,E5vx6NJP,3.575,j23Pl0e5,-1.075,NO,"group_rank(anl4_fs_detail_estimate_1qf_v4_nd_cff_high/assets, subindustry) + group_rank(anl4_fs_detail_estimate_1qf_v4_nd_totgw_mean/assets, subindustry) + group_rank(ts_av_diff(cash/assets, 45), subindustry) + group_rank(ts_av_diff(cashflow_op/enterprise_value, 45), subindustry) + group_rank(-ts_delta(close, 2), subindustry) + rank(volume/ts_mean(volume, 60))"
w62_e,zqY2qQqK,4.13,2.68,1.45,0.4804,3.55,0.0669,2,0.8048,le8EAJLO,3.575,j23Pl0e5,-0.895,NO,"group_rank(fnd6_ivch/assets, subindustry) + group_rank(ts_av_diff(cash/assets, 45), subindustry) + group_rank(ts_av_diff(cashflow_op/enterprise_value, 45), subindustry) + group_rank(-ts_delta(close, 2), subindustry) + rank(volume/ts_mean(volume, 60))"
w79_c,xAY5plkN,4.55,2.63,1.92,0.2053,1.52,0.0429,4,0.8052,E5vx6NJP,3.795,0mR2K6lr,-1.165,NO,"group_rank(anl4_fs_actuals_basic_qf_nd_div_value/assets, subindustry) + group_rank(anl4_fs_detail_estimate_1qf_v4_nd_rd_exp_high/assets, subindustry) + group_rank(ts_av_diff(cash/assets, 75), subindustry) + group_rank(ts_av_diff(cashflow_op/enterprise_value, 60), subindustry) + group_rank(-ts_delta(close, 8), subindustry) + rank(volume/ts_mean(volume, 150))"
w76_g,qMWVEYzP,4.22,2.69,1.53,0.4021,2.48,0.0402,2,0.806,N1QJPJE8,3.795,0mR2K6lr,-1.105,NO,"trade_when(ts_rank(volume, 5) > 0.2, group_rank(anl4_fs_actuals_basic_qf_nd_div_value/assets, subindustry) + group_rank(ts_av_diff(cash/assets, 45), industry) + group_rank(ts_av_diff(cashflow_op/enterprise_value, 45), subindustry) + group_rank(-ts_delta(close, 2), subindustry) + rank(volume/ts_mean(volume, 60)), -1)"
p3_pw_sec,npK701Q8,4.04,2.12,1.92,0.1189,2.51,0.0477,12,0.8064,gJQMxZoJ,2.937,gJQMxZoJ,-0.817,NO,"group_rank(-ts_mean(abs(returns)/volume, 20), subindustry) + group_rank(operating_expense/assets, subindustry) + rank(-ts_delta(close, 2))"
w87_a,Jjx27rMn,4.49,2.43,2.06,0.113,1.51,0.0285,4,0.8069,e79PvPpE,3.795,0mR2K6lr,-1.365,NO,"group_rank(authorized_stock_buyback_amount/assets, subindustry) + group_rank(anl4_fs_detail_estimate_1qf_v4_nd_sga_median/assets, subindustry) + 0.35*group_rank(ts_av_diff(cash/assets, 45), subindustry) + 0.35*group_rank(ts_av_diff(cashflow_op/enterprise_value, 45), subindustry) + 0.35*group_rank(-ts_delta(close, 10), subindustry) + 0.35*rank(volume/ts_mean(volume, 120))"
w91_g,mLgN7EYp,4.49,2.43,2.06,0.113,1.51,0.0285,4,0.8069,e79PvPpE,3.795,0mR2K6lr,-1.365,NO,"group_rank(authorized_stock_buyback_amount/assets, subindustry) + group_rank(anl4_fs_detail_estimate_1qf_v4_nd_sga_median/assets, subindustry) + 0.35*group_rank(ts_av_diff(cash/assets, 45), subindustry) + 0.35*group_rank(ts_av_diff(cashflow_op/enterprise_value, 45), subindustry) + 0.35*group_rank(-ts_delta(close, 10), subindustry) + 0.35*rank(volume/ts_mean(volume, 120))"
w6_s10_d20,A10lrkJl,4.11,2.22,1.89,0.0906,2.65,0.0327,20,0.8077,gJQMxZoJ,2.937,gJQMxZoJ,-0.717,NO,"group_rank(-ts_delta(close, 2), subindustry) + group_rank(-ts_mean(abs(returns)/volume, 20), subindustry) + group_rank(operating_expense/assets, subindustry)"
w48_d,E5vNEL1K,5.4,2.61,2.79,0.1256,1.99,0.039,20,0.8088,RRV5l5Go,3.487,mLgd6nwX,-0.877,NO,"group_rank(fnd6_xrent/assets, subindustry) + group_rank(ts_av_diff(cashflow_op/enterprise_value, 60), subindustry) + group_rank(-ts_delta(close, 2), subindustry) + rank(volume/ts_mean(volume, 60))"
w68_d,Vk6mMEe5,4.09,2.34,1.75,0.2703,2.43,0.0462,3,0.8088,qMW92Az2,3.795,0mR2K6lr,-1.455,NO,"group_rank(-anl4_fs_detail_estimate_1qf_v4_nd_sga_median/assets, industry) + group_rank(ts_av_diff(cashflow_op/enterprise_value, 60), industry) + group_rank(-ts_rank(close, 10), industry)"
w114_k,kqVpMxKl,4.67,2.78,1.89,0.2679,2.31,0.0421,4,0.8089,j23Pl0e5,3.795,0mR2K6lr,-1.015,NO,"group_rank(ts_zscore(fnd6_tfvce/assets, 120), bucket(rank(ts_mean(volume*close, 20)), range=""0.1, 1, 0.1"")) + group_rank(ts_zscore(fnd6_cicurr/assets, 120), bucket(rank(ts_mean(volume*close, 20)), range=""0.1, 1, 0.1"")) + group_rank(ts_av_diff(cash/assets, 45), bucket(rank(ts_mean(volume*close, 20)), range=""0.1, 1, 0.1"")) + group_rank(ts_av_diff(cashflow_op/enterprise_value, 45), bucket(rank(ts_mean(volume*close, 20)), range=""0.1, 1, 0.1"")) + group_rank(-ts_delta(close, 2), bucket(rank(ts_mean(volume*close, 20)), range=""0.1, 1, 0.1"")) + group_rank(volume/ts_mean(volume, 60), bucket(rank(ts_mean(volume*close, 20)), range=""0.1, 1, 0.1""))"
w106_h,0mR2VNQ8,4.76,2.85,1.91,0.2621,1.77,0.0312,4,0.809,N1QJPJE8,3.795,0mR2K6lr,-0.945,NO,"group_rank(fnd6_xintopt/assets, subindustry) + group_rank(anl4_fs_detail_estimate_1qf_v4_nd_totassets_mean/assets, subindustry) + group_rank(ts_av_diff(cash/assets, 60), subindustry) + group_rank(ts_av_diff(cashflow_op/enterprise_value, 60), subindustry) + group_rank(-ts_delta(close, 3), subindustry) + rank(volume/ts_mean(volume, 150))"
w96_c,A1081j6E,4.35,2.66,1.69,0.3839,3.04,0.0525,1,0.8092,0mR2K6lr,3.795,0mR2K6lr,-1.135,NO,"group_rank(authorized_stock_buyback_amount/assets, subindustry) + group_rank(-annual_intangible_assets_net_carrying_value/assets, subindustry) + group_rank(-ts_delta(close, 120)/assets, subindustry) + group_rank(ts_av_diff(cash/assets, 45), subindustry) + group_rank(ts_av_diff(cashflow_op/enterprise_value, 45), subindustry) + group_rank(-ts_delta(close, 10), subindustry) + rank(volume/ts_mean(volume, 120))"
f10_mult_strc,Vk6P2G00,4.19,2.41,1.78,0.1904,1.71,0.0338,8,0.81,QP3V2bVG,3.014,kqjpepz8,-0.604,NO,"group_rank(liabilities_curr/assets, subindustry) * rank(-ts_delta(close, 2))"
w118_d,YP5VjRzJ,4.41,2.64,1.77,0.2325,2.21,0.0366,4,0.8103,akLmmvPW,2.728,akLmmvPW,-0.088,NO,"group_rank(fnd6_cicurr/assets, bucket(rank(inventory/assets), range=""0.1, 1, 0.1"")) + group_rank(fnd6_newqv1300_xoptq/assets, bucket(rank(inventory/assets), range=""0.1, 1, 0.1"")) + group_rank(fnd6_newqv1300_fcaq/assets, bucket(rank(inventory/assets), range=""0.1, 1, 0.1"")) + group_rank(ts_av_diff(cash/assets, 45), bucket(rank(inventory/assets), range=""0.1, 1, 0.1"")) + group_rank(ts_av_diff(cashflow_op/enterprise_value, 45), bucket(rank(inventory/assets), range=""0.1, 1, 0.1"")) + group_rank(-ts_delta(close, 2), bucket(rank(inventory/assets), range=""0.1, 1, 0.1""))"
w65_h,Vk6mEdg0,4.26,2.64,1.62,0.3237,2.47,0.0377,3,0.8104,e79PvPpE,3.795,0mR2K6lr,-1.155,NO,"group_rank(-anl4_fs_detail_estimate_1qf_v4_nd_sga_median/assets, subindustry) + group_rank(fnd6_txtubxintis/assets, subindustry) + group_rank(ts_av_diff(cash/assets, 45), subindustry) + group_rank(ts_av_diff(cashflow_op/enterprise_value, 45), subindustry) + group_rank(-ts_delta(close, 2), subindustry) + rank(volume/ts_mean(volume, 60))"
t1_d0_grp_xo,1YxwGxER,4.46,2.61,1.85,0.2309,2.68,0.0512,8,0.8107,XgWnklXa,3.487,mLgd6nwX,-0.877,NO,"group_rank(-ts_delta(close, 2), subindustry) + group_rank(fnd6_xopr/assets, subindustry) + rank(volume/ts_mean(volume, 60))"
w100_a,ZY0vk2wx,4.49,2.39,2.1,0.0797,1.93,0.0294,1,0.8109,e79PvPpE,3.795,0mR2K6lr,-1.405,NO,"trade_when(volume > adv20, group_rank(authorized_stock_buyback_amount/assets, subindustry) + group_rank(-annual_intangible_assets_net_carrying_value/assets, subindustry) + group_rank(ts_av_diff(cash/assets, 45), subindustry) + group_rank(ts_av_diff(cashflow_op/enterprise_value, 45), subindustry) + group_rank(-ts_delta(close, 10), subindustry) + rank(volume/ts_mean(volume, 120)), -1)"
w119_c,WjPZ1PpP,4.44,2.69,1.75,0.2526,2.63,0.0402,4,0.8117,akLmmvPW,2.728,akLmmvPW,-0.038,NO,"group_rank(fnd6_newqv1300_lnoq/assets, bucket(rank(ebitda/enterprise_value), range=""0.1, 1, 0.1"")) + group_rank(fnd6_newqv1300_glcea12/assets, bucket(rank(ebitda/enterprise_value), range=""0.1, 1, 0.1"")) + group_rank(fnd6_tstkc/assets, bucket(rank(ebitda/enterprise_value), range=""0.1, 1, 0.1"")) + group_rank(ts_av_diff(cash/assets, 45), bucket(rank(ebitda/enterprise_value), range=""0.1, 1, 0.1"")) + group_rank(ts_av_diff(cashflow_op/enterprise_value, 45), bucket(rank(ebitda/enterprise_value), range=""0.1, 1, 0.1"")) + group_rank(-ts_delta(close, 2), bucket(rank(ebitda/enterprise_value), range=""0.1, 1, 0.1""))"
w115_e,d5OJrkww,4.51,2.56,1.95,0.2091,1.69,0.0358,4,0.8118,kqVp6wnO,3.795,0mR2K6lr,-1.235,NO,"group_rank(fnd6_tstkc/assets, bucket(rank(cap), range=""0.1, 1, 0.1"")) + group_rank(fnd6_lifr/assets, bucket(rank(cap), range=""0.1, 1, 0.1"")) + group_rank(fnd6_intc/assets, bucket(rank(cap), range=""0.1, 1, 0.1"")) + group_rank(fnd6_tfvce/assets, bucket(rank(cap), range=""0.1, 1, 0.1"")) + group_rank(ts_av_diff(cash/assets, 45), bucket(rank(cap), range=""0.1, 1, 0.1"")) + group_rank(ts_av_diff(cashflow_op/enterprise_value, 45), bucket(rank(cap), range=""0.1, 1, 0.1"")) + group_rank(-ts_delta(close, 2), bucket(rank(cap), range=""0.1, 1, 0.1"")) + group_rank(volume/ts_mean(volume, 60), bucket(rank(cap), range=""0.1, 1, 0.1""))"
w111_d,1Yx3wgqk,4.28,2.54,1.74,0.2519,2.41,0.0434,4,0.8123,npKGgKLw,3.795,0mR2K6lr,-1.255,NO,"group_rank(anl4_fs_detail_estimate_1qf_v4_nd_ebitda_median/assets, bucket(rank(ts_mean(volume*close, 20)), range=""0.1, 1, 0.1"")) + group_rank(-anl4_fs_detail_estimate_1qf_v4_nd_fcf_low/assets, bucket(rank(ts_mean(volume*close, 20)), range=""0.1, 1, 0.1"")) + group_rank(ts_av_diff(cash/assets, 45), bucket(rank(ts_mean(volume*close, 20)), range=""0.1, 1, 0.1"")) + group_rank(ts_av_diff(cashflow_op/enterprise_value, 45), bucket(rank(ts_mean(volume*close, 20)), range=""0.1, 1, 0.1"")) + group_rank(-ts_delta(close, 2), bucket(rank(ts_mean(volume*close, 20)), range=""0.1, 1, 0.1"")) + group_rank(volume/ts_mean(volume, 60), bucket(rank(ts_mean(volume*close, 20)), range=""0.1, 1, 0.1""))"
w106_g,JjxJAWYl,4.14,2.5,1.64,0.2501,2.33,0.0325,4,0.8131,E5vx6NJP,3.575,j23Pl0e5,-1.075,NO,"group_rank(anl4_fs_detail_estimate_1qf_v4_nd_cff_high/assets, subindustry) + group_rank(anl4_fs_detail_estimate_1qf_v4_nd_totgw_mean/assets, subindustry) + group_rank(ts_av_diff(cash/assets, 75), subindustry) + group_rank(ts_av_diff(cashflow_op/enterprise_value, 45), subindustry) + group_rank(-ts_delta(close, 2), subindustry) + rank(volume/ts_mean(volume, 120))"
f12_vwap_rev,1YxdalNW,4.42,2.47,1.95,0.1678,1.83,0.0362,8,0.8135,QP3V2bVG,3.014,kqjpepz8,-0.544,NO,"group_rank(liabilities_curr/assets, subindustry) + rank(-ts_delta(vwap, 2))"
w115_k,XgWZApl8,4.47,3.03,1.44,0.5785,3.42,0.048,1,0.8139,j23Pl0e5,3.795,0mR2K6lr,-0.765,NO,"group_rank(fnd6_newqv1300_fcaq/assets, bucket(rank(ts_mean(volume*close, 20)), range=""0.1, 1, 0.1"")) + group_rank(fnd6_newqv1300_tfvceq/assets, bucket(rank(ts_mean(volume*close, 20)), range=""0.1, 1, 0.1"")) + group_rank(ts_av_diff(cash/assets, 45), bucket(rank(ts_mean(volume*close, 20)), range=""0.1, 1, 0.1"")) + group_rank(ts_av_diff(cashflow_op/enterprise_value, 45), bucket(rank(ts_mean(volume*close, 20)), range=""0.1, 1, 0.1"")) + group_rank(-ts_delta(close, 2), bucket(rank(ts_mean(volume*close, 20)), range=""0.1, 1, 0.1"")) + group_rank(volume/ts_mean(volume, 60), bucket(rank(ts_mean(volume*close, 20)), range=""0.1, 1, 0.1""))"
w94_g,Vk6LRYAY,4.82,2.52,2.3,0.1804,2.26,0.0602,4,0.814,e79PvPpE,3.795,0mR2K6lr,-1.275,NO,"group_rank(authorized_stock_buyback_amount/assets, subindustry) + group_rank(-annual_intangible_assets_net_carrying_value/assets, subindustry) + group_rank(-ts_delta(close, 120), subindustry) + group_rank(ts_av_diff(cash/assets, 45), subindustry) + group_rank(ts_av_diff(cashflow_op/enterprise_value, 45), subindustry) + group_rank(-ts_delta(close, 10), subindustry) + rank(volume/ts_mean(volume, 120))"
w112_j,akLmLgGx,4.58,2.69,1.89,0.2492,1.9,0.0388,4,0.8148,akLp3pzW,3.795,0mR2K6lr,-1.105,NO,"group_rank(fnd6_tstkc/assets, bucket(rank(cap), range=""0.1, 1, 0.1"")) + group_rank(fnd6_lifr/assets, bucket(rank(cap), range=""0.1, 1, 0.1"")) + group_rank(ts_av_diff(cash/assets, 45), bucket(rank(cap), range=""0.1, 1, 0.1"")) + group_rank(ts_av_diff(cashflow_op/enterprise_value, 45), bucket(rank(cap), range=""0.1, 1, 0.1"")) + group_rank(-ts_delta(close, 2), bucket(rank(cap), range=""0.1, 1, 0.1"")) + group_rank(volume/ts_mean(volume, 60), bucket(rank(cap), range=""0.1, 1, 0.1""))"
w54_b,xAYVY3rw,5.53,2.84,2.69,0.1314,2.09,0.0297,14,0.8157,O0rZ90n1,3.487,mLgd6nwX,-0.647,NO,"group_rank(fnd6_xrent/assets, subindustry) + group_rank(ts_av_diff(cash/assets, 45), subindustry) + group_rank(ts_av_diff(cashflow_op, 45)/enterprise_value, subindustry) + group_rank(-ts_delta(close, 2), subindustry) + rank(volume/ts_mean(volume, 60))"
w97_e,KPOMlEbE,4.75,3.02,1.73,0.4065,3.07,0.0318,1,0.816,e79PvPpE,3.795,0mR2K6lr,-0.775,NO,"group_rank(authorized_stock_buyback_amount/assets, subindustry) + group_rank(-annual_intangible_assets_net_carrying_value/assets, subindustry) + group_rank(ts_av_diff(cash/assets, 45), subindustry) + group_rank(ts_av_diff(cashflow_op/enterprise_value, 45), subindustry) + group_rank(-ts_corr(close, volume, 10), subindustry) + rank(volume/ts_mean(volume, 120))"
w67_b,d5O31wJw,4.37,2.57,1.8,0.3369,2.41,0.046,2,0.817,9qX3M2mq,3.014,kqjpepz8,-0.444,NO,"group_rank(liabilities_curr/assets, industry) + group_rank(-anl4_fs_detail_estimate_1qf_v4_nd_sga_median/assets, industry) + group_rank(-ts_rank(close, 10), industry)"
w27_lnoq_d12,LL9ZwVqe,4.07,2.28,1.79,0.2104,3.04,0.05,12,0.8173,rK59235m,2.992,rK59235m,-0.712,NO,"group_rank(fnd6_newqv1300_lnoq/assets, subindustry) + group_rank(ts_av_diff(cashflow_op/enterprise_value, 60), subindustry) + rank(-ts_delta(close, 2)) + rank(volume/ts_mean(volume, 60))"
e04_liab_rev,78Z1qvnv,4.48,2.5,1.98,0.168,1.94,0.035,8,0.8179,QP3V2bVG,3.014,kqjpepz8,-0.514,NO,"group_rank(liabilities_curr / assets, subindustry) + rank(-ts_delta(close, 2))"
w116_i,xAY77jLb,4.87,2.79,2.08,0.2094,2.07,0.0315,4,0.8192,kqVp6wnO,3.795,0mR2K6lr,-1.005,NO,"group_rank(ts_zscore(fnd6_tfvce/assets, 120), bucket(rank(ts_mean(volume*close, 20)), range=""0.1, 1, 0.1"")) + group_rank(ts_zscore(fnd6_cicurr/assets, 120), bucket(rank(ts_mean(volume*close, 20)), range=""0.1, 1, 0.1"")) + group_rank(fnd6_intc/assets, bucket(rank(ts_mean(volume*close, 20)), range=""0.1, 1, 0.1"")) + group_rank(ts_av_diff(cash/assets, 45), bucket(rank(ts_mean(volume*close, 20)), range=""0.1, 1, 0.1"")) + group_rank(ts_av_diff(cashflow_op/enterprise_value, 45), bucket(rank(ts_mean(volume*close, 20)), range=""0.1, 1, 0.1"")) + group_rank(-ts_delta(close, 2), bucket(rank(ts_mean(volume*close, 20)), range=""0.1, 1, 0.1""))"
w115_l,Grdj5G8o,4.76,3.21,1.55,0.5389,4.02,0.034,1,0.8195,akLp3pzW,3.795,0mR2K6lr,-0.585,NO,"group_rank(fnd6_tstkc/assets, bucket(rank(ts_std_dev(returns, 20)), range=""0.1, 1, 0.1"")) + group_rank(fnd6_cicurr/assets, bucket(rank(ts_std_dev(returns, 20)), range=""0.1, 1, 0.1"")) + group_rank(ts_av_diff(cash/assets, 45), bucket(rank(ts_std_dev(returns, 20)), range=""0.1, 1, 0.1"")) + group_rank(ts_av_diff(cashflow_op/enterprise_value, 45), bucket(rank(ts_std_dev(returns, 20)), range=""0.1, 1, 0.1"")) + group_rank(-ts_delta(close, 2), bucket(rank(ts_std_dev(returns, 20)), range=""0.1, 1, 0.1"")) + group_rank(volume/ts_mean(volume, 60), bucket(rank(ts_std_dev(returns, 20)), range=""0.1, 1, 0.1""))"
w106_c,78ZR5Vpb,4.55,2.64,1.91,0.211,1.7,0.029,4,0.8224,e79PvPpE,3.795,0mR2K6lr,-1.155,NO,"group_rank(anl4_fs_detail_estimate_1qf_v4_nd_totassets_mean/assets, subindustry) + group_rank(-anl4_fs_detail_estimates_advanced_af_nd_capex_median/assets, subindustry) + group_rank(ts_av_diff(cash/assets, 75), subindustry) + group_rank(ts_av_diff(cashflow_op/enterprise_value, 60), subindustry) + group_rank(-ts_delta(close, 5), subindustry) + rank(volume/ts_mean(volume, 120))"
w116_h,MP1vv5Ea,4.63,2.59,2.04,0.1907,1.85,0.0327,4,0.8227,kqVp6wnO,3.443,e79PvPpE,-0.853,NO,"group_rank(ts_delta(fnd6_tstkc/assets, 60), bucket(rank(cap), range=""0.1, 1, 0.1"")) + group_rank(ts_delta(fnd6_intc/assets, 60), bucket(rank(cap), range=""0.1, 1, 0.1"")) + group_rank(fnd6_tstkc/assets, bucket(rank(cap), range=""0.1, 1, 0.1"")) + group_rank(ts_av_diff(cash/assets, 45), bucket(rank(cap), range=""0.1, 1, 0.1"")) + group_rank(ts_av_diff(cashflow_op/enterprise_value, 45), bucket(rank(cap), range=""0.1, 1, 0.1"")) + group_rank(-ts_delta(close, 2), bucket(rank(cap), range=""0.1, 1, 0.1""))"
w60_c,RRV9Ewa1,4.22,2.72,1.5,0.481,3.39,0.0622,2,0.8231,le8EAJLO,3.575,j23Pl0e5,-0.855,NO,"group_rank(fnd6_newqv1300_mibtq/assets, subindustry) + group_rank(ts_av_diff(cash/assets, 45), subindustry) + group_rank(ts_av_diff(cashflow_op/enterprise_value, 45), subindustry) + group_rank(-ts_delta(close, 2), subindustry) + rank(volume/ts_mean(volume, 60))"
w54_a,58QrQzeM,5.96,2.96,3.0,0.1429,3.11,0.0359,14,0.8232,rK59235m,3.487,mLgd6nwX,-0.527,NO,"group_rank(fnd6_xrent/assets, subindustry) + group_rank(ts_av_diff(cash, 45)/assets, subindustry) + group_rank(ts_av_diff(cashflow_op/enterprise_value, 45), subindustry) + group_rank(-ts_delta(close, 2), subindustry) + rank(volume/ts_mean(volume, 60))"
r7_n2_d6,YP57mQ6o,4.17,2.5,1.67,0.2441,2.7,0.0554,6,0.8232,XgWnklXa,3.102,O0rZ90n1,-0.602,NO,"group_rank(fnd6_xopr/assets, subindustry) + rank(-ts_delta(vwap, 2)) + rank(volume/ts_mean(volume, 60))"
w114_j,0mRZLbvr,4.78,2.81,1.97,0.2435,2.26,0.0314,4,0.8235,akLp3pzW,3.575,j23Pl0e5,-0.765,NO,"group_rank(ts_delta(fnd6_tstkc/assets, 60), bucket(rank(cap), range=""0.1, 1, 0.1"")) + group_rank(ts_delta(fnd6_intc/assets, 60), bucket(rank(cap), range=""0.1, 1, 0.1"")) + group_rank(ts_av_diff(cash/assets, 45), bucket(rank(cap), range=""0.1, 1, 0.1"")) + group_rank(ts_av_diff(cashflow_op/enterprise_value, 45), bucket(rank(cap), range=""0.1, 1, 0.1"")) + group_rank(-ts_delta(close, 2), bucket(rank(cap), range=""0.1, 1, 0.1"")) + group_rank(volume/ts_mean(volume, 60), bucket(rank(cap), range=""0.1, 1, 0.1""))"
w106_a,Vk6bQrQ8,4.42,2.62,1.8,0.2357,1.42,0.0326,4,0.8241,N1QJPJE8,3.795,0mR2K6lr,-1.175,NO,"group_rank(fnd6_xintopt/assets, subindustry) + group_rank(anl4_fs_detail_estimate_1qf_v4_nd_totassets_mean/assets, subindustry) + group_rank(ts_av_diff(cash/assets, 75), subindustry) + group_rank(ts_av_diff(cashflow_op/enterprise_value, 60), subindustry) + group_rank(-ts_delta(close, 5), subindustry) + rank(volume/ts_mean(volume, 120))"
w121_e,883wm6LV,4.05,2.53,1.52,0.2736,2.83,0.0302,4,0.8241,akLmmvPW,2.728,akLmmvPW,-0.198,NO,"group_rank(fnd6_newqv1300_glcea12/assets, bucket(rank(cashflow_op/assets), range=""0.1, 1, 0.1"")) + group_rank(fnd6_newqv1300_xoptq/assets, bucket(rank(cashflow_op/assets), range=""0.1, 1, 0.1"")) + group_rank(fnd6_tstkc/assets, bucket(rank(cashflow_op/assets), range=""0.1, 1, 0.1"")) + group_rank(ts_av_diff(cash/assets, 45), bucket(rank(cashflow_op/assets), range=""0.1, 1, 0.1"")) + group_rank(ts_av_diff(cashflow_op/enterprise_value, 45), bucket(rank(cashflow_op/assets), range=""0.1, 1, 0.1"")) + group_rank(-ts_delta(close, 2), bucket(rank(cashflow_op/assets), range=""0.1, 1, 0.1"")) + group_rank(if_else(rank(ts_regression(rank(returns), rank(vec_avg(anl4_basicdetailrec_ratingvalue)), 120, lag=0, rettype=2))>0.6, -ts_av_diff(vec_avg(anl4_basicdetailrec_ratingvalue), 120), 0), bucket(rank(cashflow_op/assets), range=""0.1, 1, 0.1""))"
w65_c,P0ZYqrqE,4.42,2.83,1.59,0.4143,2.99,0.0396,2,0.825,j23Pl0e5,3.795,0mR2K6lr,-0.965,NO,"group_rank(anl4_fs_detail_estimate_1qf_v4_nd_ptpr_mean/assets, subindustry) + group_rank(fnd6_txtubxintis/assets, subindustry) + group_rank(ts_av_diff(cash/assets, 30), subindustry) + group_rank(ts_av_diff(cashflow_op/enterprise_value, 45), subindustry) + group_rank(-ts_delta(close, 2), subindustry) + rank(volume/ts_mean(volume, 60))"
s10_grp_pw,2rOlGd9Z,4.43,2.38,2.05,0.1344,2.75,0.0312,12,0.8268,gJQMxZoJ,2.937,gJQMxZoJ,-0.557,NO,"group_rank(-ts_delta(close, 2), subindustry) + group_rank(-ts_mean(abs(returns)/volume, 20), subindustry) + group_rank(operating_expense/assets, subindustry)"
p2_pw_ind,akL73wMO,4.37,2.3,2.07,0.1127,2.64,0.0378,12,0.8273,gJQMxZoJ,2.937,gJQMxZoJ,-0.637,NO,"group_rank(-ts_mean(abs(returns)/volume, 20), subindustry) + group_rank(operating_expense/assets, subindustry) + rank(-ts_delta(close, 2))"
w41_e,le8g9an7,4.95,2.49,2.46,0.1119,1.73,0.0385,40,0.8275,e791WzbO,2.992,rK59235m,-0.502,NO,"group_rank(fnd6_newqv1300_cimiiq/assets, subindustry) + group_rank(fnd6_xrent/assets, subindustry) + group_rank(ts_av_diff(cash/assets, 30), subindustry) + group_rank(ts_av_diff(cashflow_op/enterprise_value, 60), subindustry) + group_rank(-ts_delta(close, 2), subindustry) + rank(volume/ts_mean(volume, 60))"
w55_e,LL9ENRX2,5.86,2.83,3.03,0.1086,2.22,0.0332,14,0.8276,rK59235m,3.487,mLgd6nwX,-0.657,NO,"ts_decay_linear(group_rank(fnd6_xrent/assets, subindustry) + group_rank(ts_av_diff(cash/assets, 45), subindustry) + group_rank(ts_av_diff(cashflow_op/enterprise_value, 45), subindustry) + group_rank(-ts_delta(close, 2), subindustry) + rank(volume/ts_mean(volume, 60)), 5)"
w52_f,le8Ej3kx,5.62,2.82,2.8,0.1483,2.69,0.0293,12,0.8276,rK59235m,3.487,mLgd6nwX,-0.667,NO,"group_rank(fnd6_xrent/assets, subindustry) + group_rank(ts_av_diff(cash/assets, 45), subindustry) + group_rank(ts_av_diff(cashflow_op/enterprise_value, 90), subindustry) + group_rank(-ts_delta(close, 2), subindustry) + rank(volume/ts_mean(volume, 60))"
w112_h,mLgnglzE,4.85,2.88,1.97,0.2568,2.19,0.0366,4,0.828,akLp3pzW,3.795,0mR2K6lr,-0.915,NO,"group_rank(fnd6_intc/assets, bucket(rank(cap), range=""0.1, 1, 0.1"")) + group_rank(fnd6_tfvce/assets, bucket(rank(cap), range=""0.1, 1, 0.1"")) + group_rank(ts_av_diff(cash/assets, 45), bucket(rank(cap), range=""0.1, 1, 0.1"")) + group_rank(ts_av_diff(cashflow_op/enterprise_value, 45), bucket(rank(cap), range=""0.1, 1, 0.1"")) + group_rank(-ts_delta(close, 2), bucket(rank(cap), range=""0.1, 1, 0.1"")) + group_rank(volume/ts_mean(volume, 60), bucket(rank(cap), range=""0.1, 1, 0.1""))"
w48_e,2rO9LxgJ,4.88,2.45,2.43,0.0831,1.74,0.0297,60,0.8294,RRV5l5Go,3.102,O0rZ90n1,-0.652,NO,"group_rank(fnd6_xrent/assets, subindustry) + group_rank(ts_av_diff(cash/assets, 30), subindustry) + group_rank(ts_av_diff(cashflow_op/enterprise_value, 60), subindustry) + group_rank(-ts_delta(close, 2), subindustry) + rank(volume/ts_mean(volume, 60))"
w49_h,blRJdJ6r,5.62,2.73,2.89,0.1135,2.54,0.0296,20,0.83,RRV5l5Go,3.487,mLgd6nwX,-0.757,NO,"group_rank(fnd6_xrent/assets, subindustry) + group_rank(ts_av_diff(cash/assets, 45), subindustry) + group_rank(ts_av_diff(cashflow_op/enterprise_value, 90), subindustry) + group_rank(-ts_delta(close, 2), subindustry) + rank(volume/ts_mean(volume, 60))"
w76_j,2rOeAzk8,4.32,2.77,1.55,0.3944,2.84,0.0343,2,0.8316,j23Pl0e5,3.795,0mR2K6lr,-1.025,NO,"trade_when(ts_rank(volume, 5) > 0.2, group_rank(anl4_fs_detail_estimate_1qf_v4_nd_totgw_median/assets, subindustry) + group_rank(ts_av_diff(cash/assets, 45), subindustry) + group_rank(ts_av_diff(cashflow_op/enterprise_value, 45), subindustry) + group_rank(-ts_delta(close, 2), subindustry) + rank(volume/ts_mean(volume, 60)), -1)"
w71_c,e79VZ1rd,4.09,2.44,1.65,0.3328,1.78,0.0662,3,0.8321,N1QJPJE8,3.795,0mR2K6lr,-1.355,NO,"group_rank(-anl4_fs_detail_estimate_1qf_v4_nd_sga_median/assets, industry) + group_rank(liabilities_curr/assets, industry) + group_rank(-ts_delta(close, 5), industry) + rank(volume/ts_mean(volume, 90))"
w101_g,MP1NKOXM,4.48,3.07,1.41,0.6581,2.63,0.0421,1,0.8328,0mR2K6lr,3.795,0mR2K6lr,-0.725,NO,"group_rank(news_prev_day_ret, subindustry) + group_rank(ts_av_diff(cash/assets, 45), subindustry) + group_rank(ts_av_diff(cashflow_op/enterprise_value, 45), subindustry) + group_rank(-ts_delta(close, 10), subindustry) + rank(volume/ts_mean(volume, 120))"
w118_j,gJQlJjbg,4.48,2.62,1.86,0.2165,2.49,0.0321,4,0.8329,akLp3pzW,3.058,akLp3pzW,-0.438,NO,"group_rank(fnd6_cicurr/assets, bucket(rank(cap), range=""0.1, 1, 0.1"")) + group_rank(fnd6_newqv1300_lnoq/assets, bucket(rank(cap), range=""0.1, 1, 0.1"")) + group_rank(fnd6_newqv1300_glcea12/assets, bucket(rank(cap), range=""0.1, 1, 0.1"")) + group_rank(ts_av_diff(cash/assets, 45), bucket(rank(cap), range=""0.1, 1, 0.1"")) + group_rank(ts_av_diff(cashflow_op/enterprise_value, 45), bucket(rank(cap), range=""0.1, 1, 0.1"")) + group_rank(-ts_delta(close, 2), bucket(rank(cap), range=""0.1, 1, 0.1""))"
w64_e,883EgXQV,4.39,2.81,1.58,0.4123,2.74,0.0387,2,0.8333,j23Pl0e5,3.795,0mR2K6lr,-0.985,NO,"group_rank(anl4_fs_detail_estimate_1qf_v4_nd_ptpr_mean/assets, subindustry) + group_rank(fnd6_txtubxintis/assets, subindustry) + group_rank(ts_av_diff(cash/assets, 45), subindustry) + group_rank(ts_av_diff(cashflow_op/enterprise_value, 45), subindustry) + group_rank(-ts_delta(close, 2), subindustry) + rank(volume/ts_mean(volume, 60))"
w65_b,rK5NEp6j,4.41,2.82,1.59,0.4123,2.75,0.0387,2,0.8335,j23Pl0e5,3.795,0mR2K6lr,-0.975,NO,"group_rank(anl4_fs_detail_estimate_1qf_v4_nd_ptpr_median/assets, subindustry) + group_rank(fnd6_txtubxintis/assets, subindustry) + group_rank(ts_av_diff(cash/assets, 45), subindustry) + group_rank(ts_av_diff(cashflow_op/enterprise_value, 45), subindustry) + group_rank(-ts_delta(close, 2), subindustry) + rank(volume/ts_mean(volume, 60))"
w65_a,O0rMq0Wv,4.35,2.68,1.67,0.3194,2.29,0.037,3,0.8336,N1QJPJE8,3.795,0mR2K6lr,-1.115,NO,"group_rank(anl4_fs_detail_estimate_1qf_v4_nd_ptpr_mean/assets, subindustry) + group_rank(fnd6_txtubxintis/assets, subindustry) + group_rank(ts_av_diff(cash/assets, 45), subindustry) + group_rank(ts_av_diff(cashflow_op/enterprise_value, 45), subindustry) + group_rank(-ts_delta(close, 2), subindustry) + rank(volume/ts_mean(volume, 60))"
w85_d,mLgl5Rkx,4.7,2.51,2.19,0.124,1.57,0.0294,4,0.8339,e79PvPpE,3.795,0mR2K6lr,-1.285,NO,"group_rank(authorized_stock_buyback_amount/assets, subindustry) + group_rank(anl4_fs_detail_estimate_1qf_v4_nd_sga_median/assets, subindustry) + 0.4*group_rank(ts_av_diff(cash/assets, 45), subindustry) + 0.4*group_rank(ts_av_diff(cashflow_op/enterprise_value, 45), subindustry) + 0.4*group_rank(-ts_delta(close, 10), subindustry) + 0.4*rank(volume/ts_mean(volume, 120))"
w65_e,gJQgwb7v,4.41,2.82,1.59,0.4125,2.77,0.039,2,0.835,j23Pl0e5,3.795,0mR2K6lr,-0.975,NO,"group_rank(anl4_fs_detail_estimate_1qf_v4_nd_ptpr_high/assets, subindustry) + group_rank(fnd6_txtubxintis/assets, subindustry) + group_rank(ts_av_diff(cash/assets, 45), subindustry) + group_rank(ts_av_diff(cashflow_op/enterprise_value, 45), subindustry) + group_rank(-ts_delta(close, 2), subindustry) + rank(volume/ts_mean(volume, 60))"
i05_amb_opex,pwPlK163,4.42,2.4,2.02,0.1426,3.09,0.0343,8,0.8355,gJQMxZoJ,2.937,gJQMxZoJ,-0.537,NO,"group_rank(-ts_mean(abs(returns)/volume, 20), subindustry) + group_rank(operating_expense/assets, subindustry) + rank(-ts_delta(close, 2))"
w69_b,3q9kPP1Q,4.33,2.58,1.75,0.3292,2.66,0.0464,3,0.836,N1QJPJE8,2.717,N1QJPJE8,-0.137,NO,"group_rank(-anl4_fs_detail_estimate_1qf_v4_nd_netdebt_mean/assets, industry) + group_rank(ts_av_diff(cashflow_op/enterprise_value, 45), industry) + group_rank(-ts_delta(close, 5), industry) + rank(volume/ts_mean(volume, 90))"
w60_f,A10exRzR,4.14,2.65,1.49,0.4496,3.39,0.0622,2,0.8369,le8EAJLO,3.795,0mR2K6lr,-1.145,NO,"group_rank(fnd6_newqv1300_cimiiq/assets, subindustry) + group_rank(ts_av_diff(cash/assets, 45), subindustry) + group_rank(ts_av_diff(cashflow_op/enterprise_value, 45), subindustry) + group_rank(-ts_delta(close, 3), subindustry) + rank(volume/ts_mean(volume, 60))"
w116_j,d5OJJb2g,4.04,2.36,1.68,0.1964,1.69,0.0363,4,0.8369,kqVp6wnO,2.761,kqVp6wnO,-0.401,NO,"group_rank(ts_corr(cap, ts_mean(volume, 20), 60), bucket(rank(ts_mean(volume*close, 20)), range=""0.1, 1, 0.1"")) + group_rank(fnd6_intc/assets, bucket(rank(ts_mean(volume*close, 20)), range=""0.1, 1, 0.1"")) + group_rank(fnd6_tstkc/assets, bucket(rank(ts_mean(volume*close, 20)), range=""0.1, 1, 0.1"")) + group_rank(ts_av_diff(cash/assets, 45), bucket(rank(ts_mean(volume*close, 20)), range=""0.1, 1, 0.1"")) + group_rank(ts_av_diff(cashflow_op/enterprise_value, 45), bucket(rank(ts_mean(volume*close, 20)), range=""0.1, 1, 0.1"")) + group_rank(-ts_delta(close, 2), bucket(rank(ts_mean(volume*close, 20)), range=""0.1, 1, 0.1""))"
w79_b,E5vxPwjL,4.56,2.6,1.96,0.2037,1.78,0.0339,4,0.837,e79PvPpE,3.795,0mR2K6lr,-1.195,NO,"group_rank(anl4_fs_detail_estimates_advanced_af_nd_capex_std/assets, subindustry) + group_rank(anl4_fs_detail_estimate_1qf_v4_nd_netdebt_high/assets, subindustry) + group_rank(ts_av_diff(cash/assets, 75), subindustry) + group_rank(ts_av_diff(cashflow_op/enterprise_value, 60), subindustry) + group_rank(-ts_delta(close, 8), subindustry) + rank(volume/ts_mean(volume, 150))"
w110_i,kqVpP8Yd,4.48,2.59,1.89,0.2079,1.64,0.0268,4,0.8372,npKGgKLw,3.795,0mR2K6lr,-1.205,NO,"group_rank(fnd6_xintopt/assets, bucket(rank(ts_mean(volume*close, 20)), range=""0.1, 1, 0.1"")) + group_rank(anl4_fs_detail_estimate_1qf_v4_nd_totassets_mean/assets, bucket(rank(ts_mean(volume*close, 20)), range=""0.1, 1, 0.1"")) + group_rank(-anl4_fs_detail_estimates_advanced_af_nd_capex_median/assets, bucket(rank(ts_mean(volume*close, 20)), range=""0.1, 1, 0.1"")) + group_rank(ts_av_diff(cash/assets, 75), bucket(rank(ts_mean(volume*close, 20)), range=""0.1, 1, 0.1"")) + group_rank(ts_av_diff(cashflow_op/enterprise_value, 60), bucket(rank(ts_mean(volume*close, 20)), range=""0.1, 1, 0.1"")) + group_rank(-ts_delta(close, 5), bucket(rank(ts_mean(volume*close, 20)), range=""0.1, 1, 0.1"")) + group_rank(volume/ts_mean(volume, 120), bucket(rank(ts_mean(volume*close, 20)), range=""0.1, 1, 0.1""))"
w76_i,e79E6jjl,4.46,2.49,1.97,0.2098,1.92,0.0404,4,0.8372,N1QJPJE8,3.795,0mR2K6lr,-1.305,NO,"group_rank(anl4_fs_detail_estimate_1qf_v4_nd_cfi_low/assets, industry) + group_rank(anl4_fs_detail_estimate_1qf_v4_nd_netdebt_high/assets, industry) + group_rank(ts_av_diff(cash/assets, 60), industry) + group_rank(ts_av_diff(cashflow_op/enterprise_value, 60), industry) + group_rank(-ts_delta(close, 5), industry) + rank(volume/ts_mean(volume, 120))"
w79_i,xAY57eRn,4.22,2.42,1.8,0.2003,1.6,0.0402,4,0.8375,e79PvPpE,3.795,0mR2K6lr,-1.375,NO,"group_rank(anl4_fs_detail_estimates_advanced_af_nd_capex_std/assets, subindustry) + group_rank(anl4_fs_actuals_basic_qf_nd_div_value/assets, subindustry) + group_rank(ts_av_diff(cash/assets, 75), subindustry) + group_rank(ts_av_diff(cashflow_op/enterprise_value, 60), subindustry) + group_rank(-ts_delta(close, 8), subindustry) + rank(volume/ts_mean(volume, 150))"
w114_h,MP1v2gGn,4.9,2.86,2.04,0.2606,2.4,0.0346,4,0.8379,e79PvPpE,3.795,0mR2K6lr,-0.935,NO,"group_rank(fnd6_intc/assets, sector) + group_rank(fnd6_tfvce/assets, sector) + group_rank(ts_av_diff(cash/assets, 45), sector) + group_rank(ts_av_diff(cashflow_op/enterprise_value, 45), sector) + group_rank(-ts_delta(close, 2), sector) + group_rank(volume/ts_mean(volume, 60), sector)"
w49_d,j23orrMk,5.95,2.86,3.09,0.1165,2.4,0.0306,20,0.8397,RRV5l5Go,3.487,mLgd6nwX,-0.627,NO,"group_rank(fnd6_xrent/assets, subindustry) + group_rank(ts_av_diff(cash/assets, 45), subindustry) + group_rank(ts_av_diff(cashflow_op/enterprise_value, 60), subindustry) + group_rank(-ts_delta(close, 2), subindustry) + rank(volume/ts_mean(volume, 60))"
w52_e,le8Ej0a8,5.72,2.82,2.9,0.1367,2.42,0.0296,14,0.8397,rK59235m,3.487,mLgd6nwX,-0.667,NO,"group_rank(fnd6_xrent/assets, subindustry) + group_rank(ts_av_diff(cash/assets, 60), subindustry) + group_rank(ts_av_diff(cashflow_op/enterprise_value, 60), subindustry) + group_rank(-ts_delta(close, 2), subindustry) + rank(volume/ts_mean(volume, 60))"
w53_c,wpY3Yxvd,6.19,2.99,3.2,0.1331,2.49,0.0331,16,0.8403,rK59235m,3.487,mLgd6nwX,-0.497,NO,"group_rank(fnd6_xrent/assets, subindustry) + group_rank(ts_av_diff(cash/assets, 45), subindustry) + group_rank(ts_av_diff(cashflow_op/enterprise_value, 45), subindustry) + group_rank(-ts_delta(close, 2), subindustry) + rank(volume/ts_mean(volume, 60))"
w53_e,78Z3ZAe1,6.04,2.97,3.07,0.1418,2.59,0.0327,14,0.8404,rK59235m,3.487,mLgd6nwX,-0.517,NO,"group_rank(fnd6_xrent/assets, subindustry) + group_rank(ts_av_diff(cash/assets, 50), subindustry) + group_rank(ts_av_diff(cashflow_op/enterprise_value, 45), subindustry) + group_rank(-ts_delta(close, 2), subindustry) + rank(volume/ts_mean(volume, 60))"
w77_f,akLGaMox,4.43,2.64,1.79,0.2537,1.79,0.0295,3,0.8406,E5vx6NJP,3.795,0mR2K6lr,-1.155,NO,"group_rank(anl4_fs_detail_estimate_1qf_v4_nd_sga_median/assets, subindustry) + group_rank(anl4_fs_detail_estimate_1qf_v4_nd_totgw_median/assets, subindustry) + group_rank(ts_av_diff(cash/assets, 45), industry) + group_rank(ts_av_diff(cashflow_op/enterprise_value, 45), subindustry) + group_rank(-ts_delta(close, 5), industry) + rank(volume/ts_mean(volume, 90))"
w56_d,npKmP0Pd,4.65,2.62,2.03,0.2393,1.66,0.0309,6,0.8408,mLgd6nwX,3.487,mLgd6nwX,-0.867,NO,"group_rank(fnd6_xrent/assets, subindustry) + group_rank(ts_av_diff(cash/assets, 45), subindustry) + group_rank(ts_av_diff(cashflow_op/enterprise_value, 45), subindustry) + group_rank(-ts_delta(close, 2), subindustry) + rank(volume/ts_mean(volume, 60))"
w51_d,vRkZNpGw,5.8,2.85,2.95,0.1373,2.52,0.0294,14,0.8414,rK59235m,3.487,mLgd6nwX,-0.637,NO,"group_rank(fnd6_xrent/assets, subindustry) + group_rank(ts_av_diff(cash/assets, 45), subindustry) + group_rank(ts_av_diff(cashflow_op/enterprise_value, 75), subindustry) + group_rank(-ts_delta(close, 2), subindustry) + rank(volume/ts_mean(volume, 60))"
w116_k,9qV558ae,4.71,2.72,1.99,0.2073,1.92,0.0277,4,0.8418,akLmmvPW,3.795,0mR2K6lr,-1.075,NO,"group_rank(fnd6_newqv1300_fcaq/assets, bucket(rank(ts_mean(volume*close, 20)), range=""0.1, 1, 0.1"")) + group_rank(fnd6_newqv1300_tfvceq/assets, bucket(rank(ts_mean(volume*close, 20)), range=""0.1, 1, 0.1"")) + group_rank(fnd6_intc/assets, bucket(rank(ts_mean(volume*close, 20)), range=""0.1, 1, 0.1"")) + group_rank(ts_av_diff(cash/assets, 45), bucket(rank(ts_mean(volume*close, 20)), range=""0.1, 1, 0.1"")) + group_rank(ts_av_diff(cashflow_op/enterprise_value, 45), bucket(rank(ts_mean(volume*close, 20)), range=""0.1, 1, 0.1"")) + group_rank(-ts_delta(close, 2), bucket(rank(ts_mean(volume*close, 20)), range=""0.1, 1, 0.1""))"
w54_g,78Z3Z5m5,6.04,2.97,3.07,0.1421,2.65,0.0328,14,0.8421,mLgd6nwX,3.487,mLgd6nwX,-0.517,NO,"group_rank(fnd6_xrent/assets, subindustry) + group_rank(ts_av_diff(cash/assets, 48), subindustry) + group_rank(ts_av_diff(cashflow_op/enterprise_value, 45), subindustry) + group_rank(-ts_delta(close, 2), subindustry) + rank(volume/ts_mean(volume, 60))"
w96_d,WjP2jMrd,4.63,3.1,1.53,0.6701,2.27,0.0431,1,0.8421,0mR2K6lr,3.795,0mR2K6lr,-0.695,NO,"group_rank(authorized_stock_buyback_amount/assets, subindustry) + group_rank(-annual_intangible_assets_net_carrying_value/assets, subindustry) + group_rank(-(close/vwap), subindustry) + group_rank(ts_av_diff(cash/assets, 45), subindustry) + group_rank(ts_av_diff(cashflow_op/enterprise_value, 45), subindustry) + group_rank(-ts_delta(close, 10), subindustry) + rank(volume/ts_mean(volume, 120))"
s8_grp_xo,P0Z75k3q,4.32,2.55,1.77,0.2303,2.57,0.0476,8,0.8425,0mRwgR6k,3.102,O0rZ90n1,-0.552,NO,"group_rank(-ts_delta(close, 2), subindustry) + group_rank(fnd6_xopr/assets, subindustry) + rank(volume/ts_mean(volume, 60))"
w119_j,O0rLOajJ,4.7,2.77,1.93,0.2388,2.06,0.0268,4,0.8427,akLmmvPW,3.795,0mR2K6lr,-1.025,NO,"group_rank(fnd6_tstkc/assets, bucket(rank(ts_std_dev(returns, 250)), range=""0.1, 1, 0.1"")) + group_rank(fnd6_newqv1300_glcea12/assets, bucket(rank(ts_std_dev(returns, 250)), range=""0.1, 1, 0.1"")) + group_rank(fnd6_newqv1300_xoptq/assets, bucket(rank(ts_std_dev(returns, 250)), range=""0.1, 1, 0.1"")) + group_rank(ts_av_diff(cash/assets, 45), bucket(rank(ts_std_dev(returns, 250)), range=""0.1, 1, 0.1"")) + group_rank(ts_av_diff(cashflow_op/enterprise_value, 45), bucket(rank(ts_std_dev(returns, 250)), range=""0.1, 1, 0.1"")) + group_rank(-ts_delta(close, 2), bucket(rank(ts_std_dev(returns, 250)), range=""0.1, 1, 0.1""))"
w109_l,d5OJRQ9g,4.11,2.4,1.71,0.2006,1.39,0.0407,4,0.8427,npKGgKLw,3.795,0mR2K6lr,-1.395,NO,"group_rank(fnd6_xintopt/assets, bucket(rank(cap), range=""0.1, 1, 0.1"")) + group_rank(anl4_fs_detail_estimate_1qf_v4_nd_totassets_mean/assets, bucket(rank(cap), range=""0.1, 1, 0.1"")) + group_rank(-anl4_fs_detail_estimates_advanced_af_nd_capex_median/assets, bucket(rank(cap), range=""0.1, 1, 0.1"")) + group_rank(ts_av_diff(cash/assets, 45), bucket(rank(cap), range=""0.1, 1, 0.1"")) + group_rank(ts_av_diff(cashflow_op/enterprise_value, 45), bucket(rank(cap), range=""0.1, 1, 0.1"")) + group_rank(-ts_delta(close, 8), bucket(rank(cap), range=""0.1, 1, 0.1"")) + group_rank(volume/ts_mean(volume, 60), bucket(rank(cap), range=""0.1, 1, 0.1""))"
w116_b,KPOAM5xk,4.63,2.64,1.99,0.1956,2.02,0.0327,4,0.8435,kqVp6wnO,3.795,0mR2K6lr,-1.155,NO,"group_rank(fnd6_intc/assets, bucket(rank(ts_std_dev(returns, 20)), range=""0.1, 1, 0.1"")) + group_rank(fnd6_tfvce/assets, bucket(rank(ts_std_dev(returns, 20)), range=""0.1, 1, 0.1"")) + group_rank(fnd6_tstkc/assets, bucket(rank(ts_std_dev(returns, 20)), range=""0.1, 1, 0.1"")) + group_rank(ts_av_diff(cash/assets, 45), bucket(rank(ts_std_dev(returns, 20)), range=""0.1, 1, 0.1"")) + group_rank(ts_av_diff(cashflow_op/enterprise_value, 45), bucket(rank(ts_std_dev(returns, 20)), range=""0.1, 1, 0.1"")) + group_rank(-ts_delta(close, 2), bucket(rank(ts_std_dev(returns, 20)), range=""0.1, 1, 0.1""))"
w52_g,kqVvjjnK,6.14,3.01,3.13,0.1426,2.53,0.0334,14,0.844,mLgd6nwX,3.487,mLgd6nwX,-0.477,NO,"group_rank(fnd6_xrent/assets, subindustry) + group_rank(ts_av_diff(cash/assets, 45), subindustry) + group_rank(ts_av_diff(cashflow_op/enterprise_value, 45), subindustry) + group_rank(-ts_delta(close, 2), subindustry) + rank(volume/ts_mean(volume, 60))"
w54_h,qMWOWaE1,6.14,3.01,3.13,0.1426,2.53,0.0334,14,0.844,mLgd6nwX,3.487,mLgd6nwX,-0.477,NO,"group_rank(fnd6_xrent/assets, subindustry) + group_rank(ts_av_diff(cash/assets, 45), subindustry) + group_rank(ts_av_diff(cashflow_op/enterprise_value, 45), subindustry) + group_rank(-ts_delta(close, 2), subindustry) + rank(volume/ts_mean(volume, 60))"
w53_d,kqVvVxag,6.03,2.97,3.06,0.1432,2.32,0.0328,14,0.8441,mLgd6nwX,3.487,mLgd6nwX,-0.517,NO,"group_rank(fnd6_xrent/assets, subindustry) + group_rank(ts_av_diff(cash/assets, 40), subindustry) + group_rank(ts_av_diff(cashflow_op/enterprise_value, 45), subindustry) + group_rank(-ts_delta(close, 2), subindustry) + rank(volume/ts_mean(volume, 60))"
w119_k,Grd2PVd0,4.66,2.71,1.95,0.2224,2.16,0.0354,4,0.8442,akLp3pzW,3.795,0mR2K6lr,-1.085,NO,"group_rank(fnd6_pncepsq/assets, bucket(rank(ts_mean(volume*close, 20)), range=""0.1, 1, 0.1"")) + group_rank(fnd6_lifr/assets, bucket(rank(ts_mean(volume*close, 20)), range=""0.1, 1, 0.1"")) + group_rank(fnd6_intc/assets, bucket(rank(ts_mean(volume*close, 20)), range=""0.1, 1, 0.1"")) + group_rank(ts_av_diff(cash/assets, 45), bucket(rank(ts_mean(volume*close, 20)), range=""0.1, 1, 0.1"")) + group_rank(ts_av_diff(cashflow_op/enterprise_value, 45), bucket(rank(ts_mean(volume*close, 20)), range=""0.1, 1, 0.1"")) + group_rank(-ts_delta(close, 2), bucket(rank(ts_mean(volume*close, 20)), range=""0.1, 1, 0.1""))"
w111_h,N1QE73Zo,4.36,2.6,1.76,0.2515,2.22,0.0337,4,0.8443,npKGgKLw,3.795,0mR2K6lr,-1.195,NO,"group_rank(anl4_fs_detail_estimate_1qf_v4_nd_ebitda_median/assets, bucket(rank(cap), range=""0.1, 1, 0.1"")) + group_rank(-anl4_fs_detail_estimate_1qf_v4_nd_fcf_low/assets, bucket(rank(cap), range=""0.1, 1, 0.1"")) + group_rank(ts_av_diff(cash/assets, 45), bucket(rank(cap), range=""0.1, 1, 0.1"")) + group_rank(ts_av_diff(cashflow_op/enterprise_value, 45), bucket(rank(cap), range=""0.1, 1, 0.1"")) + group_rank(-ts_delta(close, 2), bucket(rank(cap), range=""0.1, 1, 0.1"")) + group_rank(volume/ts_mean(volume, 60), bucket(rank(cap), range=""0.1, 1, 0.1""))"
w55_h,Vk6Za7Lw,6.15,3.01,3.14,0.1425,2.54,0.0333,14,0.8447,mLgd6nwX,3.487,mLgd6nwX,-0.477,NO,"group_neutralize(group_rank(fnd6_xrent/assets, subindustry) + group_rank(ts_av_diff(cash/assets, 45), subindustry) + group_rank(ts_av_diff(cashflow_op/enterprise_value, 45), subindustry) + group_rank(-ts_delta(close, 2), subindustry) + rank(volume/ts_mean(volume, 60)), industry)"
w69_f,om6JrlxJ,4.09,2.44,1.65,0.3178,2.35,0.0466,3,0.8449,E5vx6NJP,3.795,0mR2K6lr,-1.355,NO,"group_rank(anl4_fs_detail_estimate_1qf_v4_nd_cfi_low/assets, industry) + group_rank(ts_av_diff(cashflow_op/enterprise_value, 45), industry) + group_rank(-ts_delta(close, 5), industry) + rank(volume/ts_mean(volume, 90))"
w109_h,LL9odxav,4.5,2.74,1.76,0.2691,2.01,0.0324,4,0.8452,npKGgKLw,3.575,j23Pl0e5,-0.835,NO,"group_rank(fnd6_xintopt/assets, bucket(rank(cap), range=""0.1, 1, 0.1"")) + group_rank(anl4_fs_detail_estimate_1qf_v4_nd_totassets_mean/assets, bucket(rank(cap), range=""0.1, 1, 0.1"")) + group_rank(ts_av_diff(cash/assets, 45), bucket(rank(cap), range=""0.1, 1, 0.1"")) + group_rank(ts_av_diff(cashflow_op/enterprise_value, 45), bucket(rank(cap), range=""0.1, 1, 0.1"")) + group_rank(-ts_delta(close, 2), bucket(rank(cap), range=""0.1, 1, 0.1"")) + group_rank(volume/ts_mean(volume, 60), bucket(rank(cap), range=""0.1, 1, 0.1""))"
w118_f,xAYLAgOW,4.3,2.54,1.76,0.2191,1.77,0.0409,4,0.8452,akLmmvPW,2.728,akLmmvPW,-0.188,NO,"group_rank(fnd6_lifr/assets, bucket(rank(cash/assets), range=""0.1, 1, 0.1"")) + group_rank(fnd6_newqv1300_txdbq/assets, bucket(rank(cash/assets), range=""0.1, 1, 0.1"")) + group_rank(fnd6_intc/assets, bucket(rank(cash/assets), range=""0.1, 1, 0.1"")) + group_rank(ts_av_diff(cash/assets, 45), bucket(rank(cash/assets), range=""0.1, 1, 0.1"")) + group_rank(ts_av_diff(cashflow_op/enterprise_value, 45), bucket(rank(cash/assets), range=""0.1, 1, 0.1"")) + group_rank(-ts_delta(close, 2), bucket(rank(cash/assets), range=""0.1, 1, 0.1""))"
w66_e,A10r3d5d,4.2,2.72,1.48,0.412,2.73,0.038,2,0.8453,j23Pl0e5,3.795,0mR2K6lr,-1.075,NO,"group_rank(anl4_fs_detail_estimate_1qf_v4_nd_totgw_median/assets, subindustry) + group_rank(fnd6_txtubxintis/assets, subindustry) + group_rank(ts_av_diff(cash/assets, 45), subindustry) + group_rank(ts_av_diff(cashflow_op/enterprise_value, 45), subindustry) + group_rank(-ts_delta(close, 2), subindustry) + rank(volume/ts_mean(volume, 60))"
w114_i,ZY0V1zqY,4.68,2.72,1.96,0.2596,2.29,0.042,4,0.8454,kqVp6wnO,3.795,0mR2K6lr,-1.075,NO,"group_rank(fnd6_tstkc/assets, industry) + group_rank(fnd6_lifr/assets, industry) + group_rank(ts_av_diff(cash/assets, 45), industry) + group_rank(ts_av_diff(cashflow_op/enterprise_value, 45), industry) + group_rank(-ts_delta(close, 2), industry) + group_rank(volume/ts_mean(volume, 60), industry)"
w65_f,vRkpxElz,4.34,2.59,1.75,0.2622,1.96,0.0381,4,0.8455,N1QJPJE8,3.795,0mR2K6lr,-1.205,NO,"group_rank(anl4_fs_detail_estimate_1qf_v4_nd_ptpr_mean/assets, subindustry) + group_rank(fnd6_txtubxintis/assets, subindustry) + group_rank(ts_av_diff(cash/assets, 45), subindustry) + group_rank(ts_av_diff(cashflow_op/enterprise_value, 45), subindustry) + group_rank(-ts_delta(close, 2), subindustry) + rank(volume/ts_mean(volume, 60))"
w55_f,RRV9brza,6.09,3.0,3.09,0.144,2.38,0.0337,14,0.8463,mLgd6nwX,3.487,mLgd6nwX,-0.487,NO,"group_rank(fnd6_xrent/assets, subindustry) + group_rank(ts_av_diff(cash/assets, 42), subindustry) + group_rank(ts_av_diff(cashflow_op/enterprise_value, 42), subindustry) + group_rank(-ts_delta(close, 2), subindustry) + rank(volume/ts_mean(volume, 60))"
w53_f,Vk6Z6nmw,6.11,2.98,3.13,0.1409,2.43,0.0339,14,0.8464,rK59235m,3.487,mLgd6nwX,-0.507,NO,"group_rank(fnd6_xrent/assets, subindustry) + group_rank(ts_av_diff(cash/assets, 45), subindustry) + group_rank(ts_av_diff(cashflow_op/enterprise_value, 45), subindustry) + group_rank(-ts_delta(close, 3), subindustry) + rank(volume/ts_mean(volume, 60))"
w55_a,kqVvoRMP,6.05,2.96,3.09,0.1452,2.58,0.034,14,0.8465,rK59235m,3.487,mLgd6nwX,-0.527,NO,"group_rank(fnd6_xrent/assets, industry) + group_rank(ts_av_diff(cash/assets, 45), industry) + group_rank(ts_av_diff(cashflow_op/enterprise_value, 45), industry) + group_rank(-ts_delta(close, 2), industry) + rank(volume/ts_mean(volume, 60))"
w74_h,rK585G9E,4.4,2.65,1.75,0.2656,1.72,0.029,3,0.8468,E5vx6NJP,3.795,0mR2K6lr,-1.145,NO,"group_rank(anl4_fs_detail_estimate_1qf_v4_nd_sga_median/assets, subindustry) + group_rank(anl4_fs_detail_estimate_1qf_v4_nd_totgw_median/assets, subindustry) + group_rank(ts_av_diff(cash/assets, 45), subindustry) + group_rank(ts_av_diff(cashflow_op/enterprise_value, 45), subindustry) + group_rank(-ts_delta(close, 5), subindustry) + rank(volume/ts_mean(volume, 90))"
w55_b,JjxoNKAj,6.01,2.99,3.02,0.1579,2.64,0.0347,12,0.8472,rK59235m,3.487,mLgd6nwX,-0.497,NO,"group_rank(fnd6_xrent/assets, industry) + group_rank(ts_av_diff(cash/assets, 45), industry) + group_rank(ts_av_diff(cashflow_op/enterprise_value, 45), industry) + group_rank(-ts_delta(close, 2), industry) + rank(volume/ts_mean(volume, 60))"
w54_d,A10e0LQY,6.15,3.02,3.13,0.1443,2.53,0.0341,14,0.8474,mLgd6nwX,3.487,mLgd6nwX,-0.467,NO,"group_rank(fnd6_xrent/assets, subindustry) + group_rank(ts_av_diff(cash/assets, 45), subindustry) + group_rank(ts_av_diff(cashflow_op/enterprise_value, 40), subindustry) + group_rank(-ts_delta(close, 2), subindustry) + rank(volume/ts_mean(volume, 60))"
w51_a,KPOvGJRj,6.05,2.92,3.13,0.1299,2.48,0.031,16,0.8482,rK59235m,3.487,mLgd6nwX,-0.567,NO,"group_rank(fnd6_xrent/assets, subindustry) + group_rank(ts_av_diff(cash/assets, 45), subindustry) + group_rank(ts_av_diff(cashflow_op/enterprise_value, 60), subindustry) + group_rank(-ts_delta(close, 2), subindustry) + rank(volume/ts_mean(volume, 60))"
w35_o,LL95X8OM,5.1,2.97,2.13,0.3048,2.93,0.0368,4,0.8482,O0rZ90n1,3.487,mLgd6nwX,-0.517,NO,"group_rank(fnd6_xrent/assets, subindustry) + group_rank(ts_av_diff(cash/assets, 30), subindustry) + group_rank(ts_av_diff(cashflow_op/enterprise_value, 60), subindustry) + group_rank(-ts_delta(close, 2), subindustry) + rank(volume/ts_mean(volume, 60))"
w54_e,zqYgYexo,6.08,2.98,3.1,0.1412,2.51,0.0327,14,0.8486,rK59235m,3.487,mLgd6nwX,-0.507,NO,"group_rank(fnd6_xrent/assets, subindustry) + group_rank(ts_av_diff(cash/assets, 45), subindustry) + group_rank(ts_av_diff(cashflow_op/enterprise_value, 50), subindustry) + group_rank(-ts_delta(close, 2), subindustry) + rank(volume/ts_mean(volume, 60))"
w53_g,78Z3ZgrZ,6.06,3.0,3.06,0.1488,2.42,0.0355,14,0.849,mLgd6nwX,3.487,mLgd6nwX,-0.487,NO,"group_rank(fnd6_xrent/assets, subindustry) + group_rank(ts_av_diff(cash/assets, 45), subindustry) + group_rank(ts_av_diff(cashflow_op/enterprise_value, 30), subindustry) + group_rank(-ts_delta(close, 2), subindustry) + rank(volume/ts_mean(volume, 60))"
w56_c,GrdXOVGP,4.87,2.64,2.23,0.2,1.63,0.028,8,0.8495,RRV5l5Go,3.487,mLgd6nwX,-0.847,NO,"group_rank(fnd6_xrent/assets, subindustry) + group_rank(ts_av_diff(cash/assets, 45), subindustry) + group_rank(ts_av_diff(cashflow_op/enterprise_value, 45), subindustry) + group_rank(-ts_delta(close, 2), subindustry) + rank(volume/ts_mean(volume, 60))"
w52_d,78Z3jxx2,5.91,2.9,3.01,0.1385,2.58,0.0304,14,0.85,rK59235m,3.487,mLgd6nwX,-0.587,NO,"group_rank(fnd6_xrent/assets, subindustry) + group_rank(ts_av_diff(cash/assets, 50), subindustry) + group_rank(ts_av_diff(cashflow_op/enterprise_value, 60), subindustry) + group_rank(-ts_delta(close, 2), subindustry) + rank(volume/ts_mean(volume, 60))"
o1_xopr_vwap3,3q9lr9K0,4.21,2.42,1.79,0.1927,2.3,0.0454,8,0.8503,0mRwgR6k,3.102,O0rZ90n1,-0.682,NO,"group_rank(fnd6_xopr/assets, subindustry) + rank(-ts_delta(vwap, 3)) + rank(volume/ts_mean(volume, 60))"
y5_d0_d4,YP57z3wl,4.03,2.21,1.82,0.1329,2.21,0.0294,4,0.8505,ZY07MXgd,2.992,rK59235m,-0.782,NO,"group_rank(ts_av_diff(cashflow_op/enterprise_value,60),subindustry) + group_rank(ts_av_diff(cash/assets,30),subindustry)"
w54_f,JjxoxraA,5.94,2.94,3.0,0.1437,2.46,0.0352,14,0.8507,mLgd6nwX,3.487,mLgd6nwX,-0.547,NO,"group_rank(fnd6_xrent/assets, subindustry) + group_rank(ts_av_diff(cash/assets, 45), subindustry) + group_rank(ts_av_diff(cashflow_op/enterprise_value, 45), subindustry) + group_rank(-ts_delta(close, 2), subindustry) + rank(volume/ts_mean(volume, 40))"
w118_b,KPOoKzqk,4.84,2.83,2.01,0.2129,2.4,0.0224,4,0.8511,akLp3pzW,3.058,akLp3pzW,-0.228,NO,"group_rank(fnd6_intc/assets, bucket(rank(ts_std_dev(returns, 60)), range=""0.1, 1, 0.1"")) + group_rank(fnd6_cicurr/assets, bucket(rank(ts_std_dev(returns, 60)), range=""0.1, 1, 0.1"")) + group_rank(fnd6_newqv1300_glcea12/assets, bucket(rank(ts_std_dev(returns, 60)), range=""0.1, 1, 0.1"")) + group_rank(ts_av_diff(cash/assets, 45), bucket(rank(ts_std_dev(returns, 60)), range=""0.1, 1, 0.1"")) + group_rank(ts_av_diff(cashflow_op/enterprise_value, 45), bucket(rank(ts_std_dev(returns, 60)), range=""0.1, 1, 0.1"")) + group_rank(-ts_delta(close, 2), bucket(rank(ts_std_dev(returns, 60)), range=""0.1, 1, 0.1""))"
w91_d,qMWpGw3Z,4.54,2.42,2.12,0.1404,1.36,0.0358,4,0.8526,e79PvPpE,3.795,0mR2K6lr,-1.375,NO,"group_rank(authorized_stock_buyback_amount/assets, subindustry) + group_rank(anl4_fs_detail_estimate_1qf_v4_nd_sga_median/assets, subindustry) + 0.45*group_rank(ts_av_diff(cash/assets, 45), subindustry) + 0.45*group_rank(ts_av_diff(cashflow_op/enterprise_value, 45), subindustry) + 0.5*group_rank(-ts_delta(close, 10), subindustry) + 0.5*rank(volume/ts_mean(volume, 120))"
w31_cimiiq,YP5xPLNv,4.01,2.35,1.66,0.2467,3.08,0.0586,8,0.8526,rK59235m,3.443,e79PvPpE,-1.093,NO,"group_rank(fnd6_newqv1300_cimiiq/assets, subindustry) + group_rank(ts_av_diff(cashflow_op/enterprise_value, 60), subindustry) + group_rank(-ts_delta(close, 2), subindustry) + rank(volume/ts_mean(volume, 60))"
w48_b,YP58017J,5.27,2.61,2.66,0.092,1.88,0.0284,40,0.8528,RRV5l5Go,3.102,O0rZ90n1,-0.492,NO,"group_rank(fnd6_xrent/assets, subindustry) + group_rank(ts_av_diff(cash/assets, 30), subindustry) + group_rank(ts_av_diff(cashflow_op/enterprise_value, 60), subindustry) + group_rank(-ts_delta(close, 2), subindustry) + rank(volume/ts_mean(volume, 60))"
w110_h,blR0Q6oZ,4.22,2.5,1.72,0.2094,1.57,0.0271,4,0.8529,npKGgKLw,3.443,e79PvPpE,-0.943,NO,"group_rank(fnd6_xintopt/assets, bucket(rank(ts_std_dev(returns, 20)), range=""0.1, 1, 0.1"")) + group_rank(anl4_fs_detail_estimate_1qf_v4_nd_totassets_mean/assets, bucket(rank(ts_std_dev(returns, 20)), range=""0.1, 1, 0.1"")) + group_rank(-anl4_fs_detail_estimates_advanced_af_nd_capex_median/assets, bucket(rank(ts_std_dev(returns, 20)), range=""0.1, 1, 0.1"")) + group_rank(ts_av_diff(cash/assets, 75), bucket(rank(ts_std_dev(returns, 20)), range=""0.1, 1, 0.1"")) + group_rank(ts_av_diff(cashflow_op/enterprise_value, 60), bucket(rank(ts_std_dev(returns, 20)), range=""0.1, 1, 0.1"")) + group_rank(-ts_delta(close, 5), bucket(rank(ts_std_dev(returns, 20)), range=""0.1, 1, 0.1"")) + group_rank(volume/ts_mean(volume, 120), bucket(rank(ts_std_dev(returns, 20)), range=""0.1, 1, 0.1""))"
w51_b,vRkZN1gG,6.0,2.94,3.06,0.1393,2.52,0.0311,14,0.8531,rK59235m,3.487,mLgd6nwX,-0.547,NO,"group_rank(fnd6_xrent/assets, subindustry) + group_rank(ts_av_diff(cash/assets, 45), subindustry) + group_rank(ts_av_diff(cashflow_op/enterprise_value, 60), subindustry) + group_rank(-ts_delta(close, 2), subindustry) + rank(volume/ts_mean(volume, 60))"
w52_b,ZY0g7q2d,5.84,2.84,3.0,0.1358,2.3,0.0311,14,0.854,rK59235m,3.487,mLgd6nwX,-0.647,NO,"group_rank(fnd6_xrent/assets, subindustry) + group_rank(ts_av_diff(cash/assets, 45), subindustry) + group_rank(ts_av_diff(cashflow_op/enterprise_value, 60), subindustry) + group_rank(-ts_delta(close, 4), subindustry) + rank(volume/ts_mean(volume, 60))"
w36_f,MP105pX6,5.54,2.82,2.72,0.1534,2.04,0.0321,12,0.854,RRV5l5Go,3.487,mLgd6nwX,-0.667,NO,"group_rank(fnd6_xrent/assets, subindustry) + group_rank(ts_av_diff(cash/assets, 30), subindustry) + group_rank(ts_av_diff(cashflow_op/enterprise_value, 60), subindustry) + group_rank(-ts_delta(close, 2), subindustry) + rank(volume/ts_mean(volume, 60))"
w65_d,zqY2QQa8,4.36,2.75,1.61,0.3712,2.33,0.0389,2,0.8544,N1QJPJE8,3.795,0mR2K6lr,-1.045,NO,"group_rank(anl4_fs_detail_estimate_1qf_v4_nd_ptpr_mean/assets, subindustry) + group_rank(fnd6_txtubxintis/assets, subindustry) + group_rank(ts_av_diff(cash/assets, 45), subindustry) + group_rank(ts_av_diff(cashflow_op/enterprise_value, 45), subindustry) + group_rank(-ts_delta(close, 3), subindustry) + rank(volume/ts_mean(volume, 60))"
w51_c,vRkZNpEb,5.91,2.95,2.96,0.1517,2.56,0.0314,12,0.855,rK59235m,3.487,mLgd6nwX,-0.537,NO,"group_rank(fnd6_xrent/assets, subindustry) + group_rank(ts_av_diff(cash/assets, 45), subindustry) + group_rank(ts_av_diff(cashflow_op/enterprise_value, 60), subindustry) + group_rank(-ts_delta(close, 2), subindustry) + rank(volume/ts_mean(volume, 60))"
w74_c,blRARE9K,4.33,2.82,1.51,0.4513,3.24,0.0423,2,0.8551,j23Pl0e5,3.795,0mR2K6lr,-0.975,NO,"group_rank(anl4_fs_detail_estimate_1qf_v4_nd_totgw_median/assets, subindustry) + group_rank(ts_av_diff(cash/assets, 45), subindustry) + group_rank(ts_av_diff(cashflow_op/enterprise_value, 45), subindustry) + group_rank(-ts_delta(close, 2), subindustry) + rank(volume/ts_mean(volume, 60))"
w68_a,9qVdGqg1,4.36,2.48,1.88,0.2653,2.41,0.0385,3,0.8552,N1QJPJE8,2.717,N1QJPJE8,-0.237,NO,"group_rank(anl4_fs_detail_estimate_1qf_v4_nd_ptpr_mean/assets, industry) + group_rank(ts_av_diff(cashflow_op/enterprise_value, 60), industry) + group_rank(-ts_rank(close, 10), industry)"
w52_a,d5OYjqdY,5.98,2.91,3.07,0.1376,2.42,0.0316,14,0.8557,rK59235m,3.487,mLgd6nwX,-0.577,NO,"group_rank(fnd6_xrent/assets, subindustry) + group_rank(ts_av_diff(cash/assets, 45), subindustry) + group_rank(ts_av_diff(cashflow_op/enterprise_value, 60), subindustry) + group_rank(-ts_delta(close, 3), subindustry) + rank(volume/ts_mean(volume, 60))"
p4_np_mkt,Vk67nkXY,4.4,2.34,2.06,0.1356,2.67,0.0547,8,0.856,9qVrJkYe,3.102,O0rZ90n1,-0.762,NO,"rank(-ts_delta(close, 2)) * rank(volume/ts_mean(volume, 60)) + group_rank(operating_expense/assets, subindustry) + group_rank(ts_av_diff(cash/assets, 30), subindustry)"
w58_e,883VvlzX,4.25,2.66,1.59,0.3958,3.6,0.0635,3,0.8563,le8EAJLO,3.795,0mR2K6lr,-1.135,NO,"group_rank(fnd6_newqv1300_cimiiq/assets, subindustry) + group_rank(ts_av_diff(cash/assets, 45), subindustry) + group_rank(ts_av_diff(cashflow_op/enterprise_value, 45), subindustry) + group_rank(-ts_delta(close, 2), subindustry) + rank(volume/ts_mean(volume, 60))"
w111_f,le8wjM3n,4.5,2.67,1.83,0.2376,1.73,0.0332,4,0.8566,npKGgKLw,3.575,j23Pl0e5,-0.905,NO,"group_rank(anl4_fs_detail_estimate_1qf_v4_nd_ebit_low/assets, bucket(rank(cap), range=""0.05, 1, 0.05"")) + group_rank(anl4_fs_detail_estimate_1qf_v4_nd_totassets_median/assets, bucket(rank(cap), range=""0.05, 1, 0.05"")) + group_rank(ts_av_diff(cash/assets, 45), bucket(rank(cap), range=""0.05, 1, 0.05"")) + group_rank(ts_av_diff(cashflow_op/enterprise_value, 45), bucket(rank(cap), range=""0.05, 1, 0.05"")) + group_rank(-ts_delta(close, 2), bucket(rank(cap), range=""0.05, 1, 0.05"")) + group_rank(volume/ts_mean(volume, 60), bucket(rank(cap), range=""0.05, 1, 0.05""))"
w67_e,XgWvJ9Na,4.36,2.48,1.88,0.2699,2.47,0.0381,3,0.8569,N1QJPJE8,2.717,N1QJPJE8,-0.237,NO,"group_rank(anl4_fs_detail_estimate_1qf_v4_nd_ptpr_mean/assets, industry) + group_rank(ts_av_diff(cashflow_op/enterprise_value, 45), industry) + group_rank(-ts_rank(close, 10), industry)"
w48_a,N1QLrPN7,5.85,2.83,3.02,0.1185,2.12,0.0324,20,0.857,RRV5l5Go,3.487,mLgd6nwX,-0.657,NO,"group_rank(fnd6_xrent/assets, subindustry) + group_rank(ts_av_diff(cash/assets, 30), subindustry) + group_rank(ts_av_diff(cashflow_op/enterprise_value, 60), subindustry) + group_rank(-ts_delta(close, 2), subindustry) + rank(volume/ts_mean(volume, 60))"
w119_f,blRmGJ9r,4.88,2.86,2.02,0.2487,2.69,0.0288,4,0.8572,akLmmvPW,2.992,rK59235m,-0.132,NO,"group_rank(fnd6_newqv1300_glcea12/assets, bucket(rank(assets_curr/assets), range=""0.1, 1, 0.1"")) + group_rank(fnd6_intc/assets, bucket(rank(assets_curr/assets), range=""0.1, 1, 0.1"")) + group_rank(fnd6_newqv1300_xoptq/assets, bucket(rank(assets_curr/assets), range=""0.1, 1, 0.1"")) + group_rank(ts_av_diff(cash/assets, 45), bucket(rank(assets_curr/assets), range=""0.1, 1, 0.1"")) + group_rank(ts_av_diff(cashflow_op/enterprise_value, 45), bucket(rank(assets_curr/assets), range=""0.1, 1, 0.1"")) + group_rank(-ts_delta(close, 2), bucket(rank(assets_curr/assets), range=""0.1, 1, 0.1""))"
w52_c,O0rR7mmR,5.91,2.93,2.98,0.1497,2.46,0.0318,12,0.8573,rK59235m,3.487,mLgd6nwX,-0.557,NO,"group_rank(fnd6_xrent/assets, subindustry) + group_rank(ts_av_diff(cash/assets, 45), subindustry) + group_rank(ts_av_diff(cashflow_op/enterprise_value, 60), subindustry) + group_rank(-ts_delta(close, 3), subindustry) + rank(volume/ts_mean(volume, 60))"
w32_m,6XrA7rEG,5.25,2.82,2.43,0.1957,2.42,0.0328,8,0.8574,O0rZ90n1,3.487,mLgd6nwX,-0.667,NO,"group_rank(fnd6_xrent/assets, subindustry) + group_rank(ts_av_diff(cashflow_op/enterprise_value, 60), subindustry) + group_rank(ts_av_diff(cash/assets, 30), subindustry) + group_rank(-ts_delta(close, 2), subindustry) + rank(volume/ts_mean(volume, 60))"
w36_d,zqYrJaxX,4.96,2.48,2.48,0.0919,1.42,0.0324,40,0.8575,RRV5l5Go,3.102,O0rZ90n1,-0.622,NO,"group_rank(fnd6_xrent/assets, subindustry) + group_rank(ts_av_diff(cash/assets, 30), subindustry) + group_rank(ts_av_diff(cashflow_op/enterprise_value, 60), subindustry) + group_rank(-ts_delta(close, 2), subindustry) + rank(volume/ts_mean(volume, 60))"
w112_g,xAY7YbKp,4.26,2.51,1.75,0.2439,2.11,0.035,4,0.8576,akLp3pzW,3.575,j23Pl0e5,-1.065,NO,"group_rank(fnd6_cicurr/assets, bucket(rank(ts_mean(volume*close, 20)), range=""0.1, 1, 0.1"")) + group_rank(-anl4_fs_detail_estimate_1qf_v4_nd_fcf_low/assets, bucket(rank(ts_mean(volume*close, 20)), range=""0.1, 1, 0.1"")) + group_rank(ts_av_diff(cash/assets, 45), bucket(rank(ts_mean(volume*close, 20)), range=""0.1, 1, 0.1"")) + group_rank(ts_av_diff(cashflow_op/enterprise_value, 45), bucket(rank(ts_mean(volume*close, 20)), range=""0.1, 1, 0.1"")) + group_rank(-ts_delta(close, 2), bucket(rank(ts_mean(volume*close, 20)), range=""0.1, 1, 0.1"")) + group_rank(volume/ts_mean(volume, 60), bucket(rank(ts_mean(volume*close, 20)), range=""0.1, 1, 0.1""))"
w74_e,883X3K2X,4.55,2.95,1.6,0.4487,3.79,0.0409,2,0.8585,j23Pl0e5,3.795,0mR2K6lr,-0.845,NO,"group_rank(anl4_fs_detail_estimate_1qf_v4_nd_cfi_low/assets, subindustry) + group_rank(ts_av_diff(cash/assets, 45), subindustry) + group_rank(ts_av_diff(cashflow_op/enterprise_value, 45), subindustry) + group_rank(-ts_delta(close, 2), subindustry) + rank(volume/ts_mean(volume, 60))"
w114_d,xAY7E9EJ,4.9,2.91,1.99,0.2428,2.7,0.0319,4,0.8586,akLp3pzW,3.795,0mR2K6lr,-0.885,NO,"group_rank(fnd6_tstkc/assets, bucket(rank(ts_std_dev(returns, 20)), range=""0.1, 1, 0.1"")) + group_rank(fnd6_cicurr/assets, bucket(rank(ts_std_dev(returns, 20)), range=""0.1, 1, 0.1"")) + group_rank(ts_av_diff(cash/assets, 45), bucket(rank(ts_std_dev(returns, 20)), range=""0.1, 1, 0.1"")) + group_rank(ts_av_diff(cashflow_op/enterprise_value, 45), bucket(rank(ts_std_dev(returns, 20)), range=""0.1, 1, 0.1"")) + group_rank(-ts_delta(close, 2), bucket(rank(ts_std_dev(returns, 20)), range=""0.1, 1, 0.1"")) + group_rank(volume/ts_mean(volume, 60), bucket(rank(ts_std_dev(returns, 20)), range=""0.1, 1, 0.1""))"
w49_e,78Z3n6lO,5.48,2.69,2.79,0.101,1.97,0.0309,30,0.8603,RRV5l5Go,3.487,mLgd6nwX,-0.797,NO,"group_rank(fnd6_xrent/assets, subindustry) + group_rank(ts_av_diff(cash/assets, 30), subindustry) + group_rank(ts_av_diff(cashflow_op/enterprise_value, 60), subindustry) + group_rank(-ts_delta(close, 2), subindustry) + rank(volume/ts_mean(volume, 60))"
w115_f,d5OJrkmY,4.09,2.39,1.7,0.217,2.14,0.0352,4,0.8606,akLp3pzW,3.795,0mR2K6lr,-1.405,NO,"group_rank(fnd6_cicurr/assets, bucket(rank(ts_mean(volume*close, 20)), range=""0.1, 1, 0.1"")) + group_rank(fnd6_newqv1300_txdbq/assets, bucket(rank(ts_mean(volume*close, 20)), range=""0.1, 1, 0.1"")) + group_rank(fnd6_newqv1300_lnoq/assets, bucket(rank(ts_mean(volume*close, 20)), range=""0.1, 1, 0.1"")) + group_rank(fnd6_newqv1300_fcaq/assets, bucket(rank(ts_mean(volume*close, 20)), range=""0.1, 1, 0.1"")) + group_rank(ts_av_diff(cash/assets, 45), bucket(rank(ts_mean(volume*close, 20)), range=""0.1, 1, 0.1"")) + group_rank(ts_av_diff(cashflow_op/enterprise_value, 45), bucket(rank(ts_mean(volume*close, 20)), range=""0.1, 1, 0.1"")) + group_rank(-ts_delta(close, 2), bucket(rank(ts_mean(volume*close, 20)), range=""0.1, 1, 0.1"")) + group_rank(volume/ts_mean(volume, 60), bucket(rank(ts_mean(volume*close, 20)), range=""0.1, 1, 0.1""))"
w59_h,6XrZdlOK,5.01,3.12,1.89,0.4525,3.44,0.0461,2,0.8615,mLgd6nwX,3.575,j23Pl0e5,-0.455,NO,"group_rank(fnd6_newqv1300_cimiiq/assets, subindustry) + group_rank(fnd6_xrent/assets, subindustry) + group_rank(ts_av_diff(cash/assets, 45), subindustry) + group_rank(ts_av_diff(cashflow_op/enterprise_value, 45), subindustry) + group_rank(-ts_delta(close, 2), subindustry) + rank(volume/ts_mean(volume, 60))"
w66_f,LL9mR9LM,4.58,2.84,1.74,0.3183,2.94,0.0317,3,0.8617,j23Pl0e5,3.795,0mR2K6lr,-0.955,NO,"group_rank(anl4_fs_detail_estimate_1qf_v4_nd_cfi_low/assets, subindustry) + group_rank(fnd6_txtubxintis/assets, subindustry) + group_rank(ts_av_diff(cash/assets, 45), subindustry) + group_rank(ts_av_diff(cashflow_op/enterprise_value, 45), subindustry) + group_rank(-ts_delta(close, 2), subindustry) + rank(volume/ts_mean(volume, 60))"
w121_d,3q9NMgk6,5.3,3.02,2.28,0.2034,2.26,0.0277,4,0.8618,akLp3pzW,3.058,akLp3pzW,-0.038,NO,"group_rank(fnd6_tstkc/assets, bucket(rank(ts_std_dev(returns, 20)), range=""0.1, 1, 0.1"")) + group_rank(fnd6_cicurr/assets, bucket(rank(ts_std_dev(returns, 20)), range=""0.1, 1, 0.1"")) + group_rank(fnd6_intc/assets, bucket(rank(ts_std_dev(returns, 20)), range=""0.1, 1, 0.1"")) + group_rank(ts_av_diff(cash/assets, 45), bucket(rank(ts_std_dev(returns, 20)), range=""0.1, 1, 0.1"")) + group_rank(ts_av_diff(cashflow_op/enterprise_value, 45), bucket(rank(ts_std_dev(returns, 20)), range=""0.1, 1, 0.1"")) + group_rank(-ts_delta(close, 2), bucket(rank(ts_std_dev(returns, 20)), range=""0.1, 1, 0.1"")) + group_rank(if_else(rank(ts_regression(rank(returns), rank(vec_avg(anl4_fs_detail_rec_v4_nd_estimate)), 120, lag=0, rettype=2))>0.6, -ts_av_diff(vec_avg(anl4_fs_detail_rec_v4_nd_estimate), 120), 0), bucket(rank(ts_std_dev(returns, 20)), range=""0.1, 1, 0.1""))"
n02_xopr_vwap,QP37JW0G,4.33,2.5,1.83,0.1965,2.57,0.047,8,0.8623,0mRwgR6k,3.102,O0rZ90n1,-0.602,NO,"group_rank(fnd6_xopr/assets, subindustry) + rank(-ts_delta(vwap, 2)) + rank(volume/ts_mean(volume, 60))"
w74_b,mLgQjWEX,4.33,2.55,1.78,0.2837,1.47,0.043,3,0.8623,E5vx6NJP,3.795,0mR2K6lr,-1.245,NO,"group_rank(anl4_fs_detail_estimate_1qf_v4_nd_sga_median/assets, industry) + group_rank(ts_av_diff(cash/assets, 45), industry) + group_rank(ts_av_diff(cashflow_op/enterprise_value, 45), industry) + group_rank(-ts_delta(close, 5), industry) + rank(volume/ts_mean(volume, 90))"
w109_g,GrdjepNP,4.4,2.56,1.84,0.2071,1.41,0.0259,4,0.8626,npKGgKLw,3.795,0mR2K6lr,-1.235,NO,"group_rank(fnd6_xintopt/assets, bucket(rank(cap), range=""0.1, 1, 0.1"")) + group_rank(anl4_fs_detail_estimate_1qf_v4_nd_totassets_mean/assets, bucket(rank(cap), range=""0.1, 1, 0.1"")) + group_rank(-anl4_fs_detail_estimates_advanced_af_nd_capex_median/assets, bucket(rank(cap), range=""0.1, 1, 0.1"")) + group_rank(ts_av_diff(cash/assets, 75), bucket(rank(cap), range=""0.1, 1, 0.1"")) + group_rank(ts_av_diff(cashflow_op/enterprise_value, 60), bucket(rank(cap), range=""0.1, 1, 0.1"")) + group_rank(-ts_delta(close, 5), bucket(rank(cap), range=""0.1, 1, 0.1"")) + group_rank(volume/ts_mean(volume, 120), bucket(rank(cap), range=""0.1, 1, 0.1""))"
w32_b,LL95Va2M,5.36,2.87,2.49,0.1951,2.4,0.0317,8,0.8627,O0rZ90n1,3.487,mLgd6nwX,-0.617,NO,"group_rank(fnd6_xrent/assets, subindustry) + group_rank(ts_av_diff(cash/assets, 30), subindustry) + group_rank(ts_av_diff(cashflow_op/enterprise_value, 60), subindustry) + group_rank(-ts_delta(close, 2), subindustry) + rank(volume/ts_mean(volume, 60))"
w35_l,LL95Va2M,5.36,2.87,2.49,0.1951,2.4,0.0317,8,0.8627,O0rZ90n1,3.487,mLgd6nwX,-0.617,NO,"group_rank(fnd6_xrent/assets, subindustry) + group_rank(ts_av_diff(cash/assets, 30), subindustry) + group_rank(ts_av_diff(cashflow_op/enterprise_value, 60), subindustry) + group_rank(-ts_delta(close, 2), subindustry) + rank(volume/ts_mean(volume, 60))"
w35_m,om6oz6dl,5.36,2.87,2.49,0.1951,2.4,0.0317,8,0.8628,O0rZ90n1,3.487,mLgd6nwX,-0.617,NO,"group_rank(fnd6_xrent/assets, subindustry) + group_rank(ts_av_diff(cash/assets, 30), subindustry) + group_rank(ts_av_diff(cashflow_op/enterprise_value, 60), subindustry) + group_rank(-ts_delta(close, 2), subindustry) + rank(volume/ts_mean(volume, 60))"
w76_f,mLgQYaVK,4.26,2.38,1.88,0.2149,1.52,0.0485,4,0.8628,e79PvPpE,3.795,0mR2K6lr,-1.415,NO,"group_rank(anl4_fs_detail_estimate_1qf_v4_nd_netdebt_high/assets, industry) + group_rank(ts_av_diff(cash/assets, 60), industry) + group_rank(ts_av_diff(cashflow_op/enterprise_value, 75), industry) + group_rank(-ts_delta(close, 8), industry) + rank(volume/ts_mean(volume, 120))"
m09_xopr_vol,883lo1m7,4.34,2.5,1.84,0.196,2.56,0.0474,8,0.863,0mRwgR6k,3.102,O0rZ90n1,-0.602,NO,"group_rank(fnd6_xopr/assets, subindustry) + rank(-ts_delta(close, 2)) + rank(volume/ts_mean(volume, 60))"
w114_e,zqY7L5No,4.76,2.8,1.96,0.257,2.3,0.031,4,0.8631,akLp3pzW,3.795,0mR2K6lr,-0.995,NO,"group_rank(fnd6_intc/assets, bucket(rank(ts_mean(volume, 20)), range=""0.1, 1, 0.1"")) + group_rank(fnd6_lifr/assets, bucket(rank(ts_mean(volume, 20)), range=""0.1, 1, 0.1"")) + group_rank(ts_av_diff(cash/assets, 45), bucket(rank(ts_mean(volume, 20)), range=""0.1, 1, 0.1"")) + group_rank(ts_av_diff(cashflow_op/enterprise_value, 45), bucket(rank(ts_mean(volume, 20)), range=""0.1, 1, 0.1"")) + group_rank(-ts_delta(close, 2), bucket(rank(ts_mean(volume, 20)), range=""0.1, 1, 0.1"")) + group_rank(volume/ts_mean(volume, 60), bucket(rank(ts_mean(volume, 20)), range=""0.1, 1, 0.1""))"
w77_i,LL93K5JL,4.22,2.45,1.77,0.2213,1.81,0.0356,4,0.8633,E5vx6NJP,3.795,0mR2K6lr,-1.345,NO,"group_rank(anl4_fs_detail_estimates_advanced_af_nd_capex_std/assets, subindustry) + group_rank(ts_av_diff(cash/assets, 45), industry) + group_rank(ts_av_diff(cashflow_op/enterprise_value, 45), subindustry) + group_rank(-ts_delta(close, 10), subindustry) + rank(volume/ts_mean(volume, 120))"
w32_e,A10Qjn3Q,4.19,2.44,1.75,0.2339,1.68,0.0386,8,0.8637,O0rZ90n1,3.102,O0rZ90n1,-0.662,NO,"group_rank(fnd6_xrent/assets, subindustry) + group_rank(ts_av_diff(cash/assets, 30), subindustry) + group_rank(fnd6_newqv1300_lnoq/assets, subindustry) + group_rank(-ts_delta(close, 2), subindustry) + rank(volume/ts_mean(volume, 60))"
w53_a,MP1d7Nvk,6.05,3.02,3.03,0.1552,2.57,0.0339,12,0.8638,mLgd6nwX,3.487,mLgd6nwX,-0.467,NO,"group_rank(fnd6_xrent/assets, subindustry) + group_rank(ts_av_diff(cash/assets, 45), subindustry) + group_rank(ts_av_diff(cashflow_op/enterprise_value, 45), subindustry) + group_rank(-ts_delta(close, 2), subindustry) + rank(volume/ts_mean(volume, 60))"
w119_i,j23pv2ej,4.54,2.61,1.93,0.2055,2.47,0.0338,4,0.8639,kqVp6wnO,3.795,0mR2K6lr,-1.185,NO,"group_rank(fnd6_intc/assets, bucket(rank(ts_corr(close, volume, 60)), range=""0.1, 1, 0.1"")) + group_rank(fnd6_newqv1300_lnoq/assets, bucket(rank(ts_corr(close, volume, 60)), range=""0.1, 1, 0.1"")) + group_rank(fnd6_tfvce/assets, bucket(rank(ts_corr(close, volume, 60)), range=""0.1, 1, 0.1"")) + group_rank(ts_av_diff(cash/assets, 45), bucket(rank(ts_corr(close, volume, 60)), range=""0.1, 1, 0.1"")) + group_rank(ts_av_diff(cashflow_op/enterprise_value, 45), bucket(rank(ts_corr(close, volume, 60)), range=""0.1, 1, 0.1"")) + group_rank(-ts_delta(close, 2), bucket(rank(ts_corr(close, volume, 60)), range=""0.1, 1, 0.1""))"
w58_b,xAYV1mnp,4.23,2.74,1.49,0.4976,3.83,0.0636,2,0.8647,le8EAJLO,3.575,j23Pl0e5,-0.835,NO,"group_rank(fnd6_newqv1300_cimiiq/assets, subindustry) + group_rank(ts_av_diff(cash/assets, 45), subindustry) + group_rank(ts_av_diff(cashflow_op/enterprise_value, 45), subindustry) + group_rank(-ts_delta(close, 2), subindustry) + rank(volume/ts_mean(volume, 60))"
w58_g,vRkZO1qw,4.23,2.74,1.49,0.4975,3.82,0.0637,2,0.8648,le8EAJLO,3.575,j23Pl0e5,-0.835,NO,"group_rank(fnd6_newqv1300_cimiiq/assets, subindustry) + group_rank(ts_av_diff(cash/assets, 45), subindustry) + group_rank(ts_av_diff(cashflow_op/enterprise_value, 45), subindustry) + group_rank(-ts_delta(close, 2), subindustry) + rank(volume/ts_mean(volume, 60))"
w118_k,pwP2wkkV,4.58,2.68,1.9,0.2307,2.19,0.0308,4,0.8649,akLmmvPW,3.795,0mR2K6lr,-1.115,NO,"group_rank(fnd6_lifr/assets, bucket(rank(ts_mean(volume*close, 20)), range=""0.1, 1, 0.1"")) + group_rank(fnd6_newqv1300_xoptq/assets, bucket(rank(ts_mean(volume*close, 20)), range=""0.1, 1, 0.1"")) + group_rank(fnd6_newqv1300_tfvceq/assets, bucket(rank(ts_mean(volume*close, 20)), range=""0.1, 1, 0.1"")) + group_rank(ts_av_diff(cash/assets, 45), bucket(rank(ts_mean(volume*close, 20)), range=""0.1, 1, 0.1"")) + group_rank(ts_av_diff(cashflow_op/enterprise_value, 45), bucket(rank(ts_mean(volume*close, 20)), range=""0.1, 1, 0.1"")) + group_rank(-ts_delta(close, 2), bucket(rank(ts_mean(volume*close, 20)), range=""0.1, 1, 0.1""))"
w80_b,kqVYEqKg,4.01,2.33,1.68,0.2205,1.26,0.0425,4,0.865,e79PvPpE,3.795,0mR2K6lr,-1.465,NO,"group_rank((anl4_fs_detail_estimate_1qf_v4_nd_sga_high - anl4_fs_detail_estimate_1qf_v4_nd_sga_low) / abs(anl4_fs_detail_estimate_1qf_v4_nd_sga_mean), subindustry) + group_rank(anl4_fs_detail_estimate_1qf_v4_nd_totgw_median/assets, subindustry) + group_rank(ts_av_diff(cashflow_op/enterprise_value, 60), subindustry) + group_rank(-ts_delta(close, 8), subindustry) + rank(volume/ts_mean(volume, 150))"
w106_b,blR10el6,4.77,2.89,1.88,0.2777,2.28,0.0317,4,0.8651,j23Pl0e5,3.795,0mR2K6lr,-0.905,NO,"group_rank(fnd6_xintopt/assets, subindustry) + group_rank(anl4_fs_detail_estimate_1qf_v4_nd_totassets_mean/assets, subindustry) + group_rank(ts_av_diff(cash/assets, 75), subindustry) + group_rank(ts_av_diff(cashflow_op/enterprise_value, 45), subindustry) + group_rank(-ts_delta(close, 2), subindustry) + rank(volume/ts_mean(volume, 90))"
w118_a,d5OM2KXE,4.41,2.58,1.83,0.2252,2.06,0.0337,4,0.8651,akLmmvPW,3.795,0mR2K6lr,-1.215,NO,"group_rank(fnd6_lifr/assets, bucket(rank(ts_mean(volume*close, 60)), range=""0.1, 1, 0.1"")) + group_rank(fnd6_tfvce/assets, bucket(rank(ts_mean(volume*close, 60)), range=""0.1, 1, 0.1"")) + group_rank(fnd6_newqv1300_xoptq/assets, bucket(rank(ts_mean(volume*close, 60)), range=""0.1, 1, 0.1"")) + group_rank(ts_av_diff(cash/assets, 45), bucket(rank(ts_mean(volume*close, 60)), range=""0.1, 1, 0.1"")) + group_rank(ts_av_diff(cashflow_op/enterprise_value, 45), bucket(rank(ts_mean(volume*close, 60)), range=""0.1, 1, 0.1"")) + group_rank(-ts_delta(close, 2), bucket(rank(ts_mean(volume*close, 60)), range=""0.1, 1, 0.1""))"
w116_l,KPOAAz2x,4.26,2.43,1.83,0.1912,1.74,0.0347,4,0.8654,kqVp6wnO,3.795,0mR2K6lr,-1.365,NO,"group_rank(fnd6_tstkc/assets, bucket(rank(cap), range=""0.1, 1, 0.1"")) + group_rank(fnd6_lifr/assets, bucket(rank(cap), range=""0.1, 1, 0.1"")) + group_rank(fnd6_cicurr/assets, bucket(rank(cap), range=""0.1, 1, 0.1"")) + group_rank(ts_av_diff(cash/assets, 45), bucket(rank(cap), range=""0.1, 1, 0.1"")) + group_rank(ts_av_diff(cashflow_op/enterprise_value, 45), bucket(rank(cap), range=""0.1, 1, 0.1"")) + group_rank(-ts_delta(close, 2), bucket(rank(cap), range=""0.1, 1, 0.1""))"
w106_e,vRkXEl9d,4.57,2.59,1.98,0.1885,1.77,0.0293,4,0.8655,e79PvPpE,3.795,0mR2K6lr,-1.205,NO,"group_rank(anl4_fs_detail_estimate_1qf_v4_nd_totassets_mean/assets, subindustry) + group_rank(-anl4_fs_detail_estimates_advanced_af_nd_capex_median/assets, subindustry) + group_rank(ts_av_diff(cash/assets, 60), subindustry) + group_rank(ts_av_diff(cashflow_op/enterprise_value, 45), subindustry) + group_rank(-ts_delta(close, 10), subindustry) + rank(volume/ts_mean(volume, 90))"
w68_h,KPO5vmEg,4.31,2.4,1.91,0.2314,2.22,0.037,4,0.866,N1QJPJE8,3.795,0mR2K6lr,-1.395,NO,"group_rank(anl4_fs_detail_estimate_1qf_v4_nd_ptpr_mean/assets, industry) + group_rank(ts_av_diff(cashflow_op/enterprise_value, 45), industry) + group_rank(-ts_rank(close, 10), industry)"
w77_h,d5Ova1gE,4.25,2.36,1.89,0.2066,1.49,0.0437,4,0.8667,e79PvPpE,3.795,0mR2K6lr,-1.435,NO,"group_rank(anl4_fs_detail_estimate_1qf_v4_nd_netdebt_high/assets, industry) + group_rank(ts_av_diff(cash/assets, 75), industry) + group_rank(ts_av_diff(cashflow_op/enterprise_value, 60), industry) + group_rank(-ts_delta(close, 10), industry) + rank(volume/ts_mean(volume, 120))"
w55_g,gJQXb8bg,5.87,2.99,2.88,0.1753,2.72,0.0351,10,0.867,mLgd6nwX,3.487,mLgd6nwX,-0.497,NO,"group_rank(fnd6_xrent/assets, industry) + group_rank(ts_av_diff(cash/assets, 45), industry) + group_rank(ts_av_diff(cashflow_op/enterprise_value, 45), industry) + group_rank(-ts_delta(close, 2), industry) + rank(volume/ts_mean(volume, 60))"
w52_h,qMWOjxW1,5.82,2.97,2.85,0.1687,2.64,0.0315,10,0.867,mLgd6nwX,3.487,mLgd6nwX,-0.517,NO,"group_rank(fnd6_xrent/assets, subindustry) + group_rank(ts_av_diff(cash/assets, 45), subindustry) + group_rank(ts_av_diff(cashflow_op/enterprise_value, 60), subindustry) + group_rank(-ts_delta(close, 2), subindustry) + rank(volume/ts_mean(volume, 60))"
w105_i,xAYp7Ojn,4.84,2.87,1.97,0.2498,2.57,0.029,4,0.8672,npKGgKLw,3.795,0mR2K6lr,-0.925,NO,"group_rank(anl4_fs_detail_estimate_1qf_v4_nd_totassets_mean/assets, subindustry) + group_rank(-anl4_fs_detail_estimates_advanced_af_nd_capex_median/assets, subindustry) + group_rank(ts_av_diff(cash/assets, 45), subindustry) + group_rank(ts_av_diff(cashflow_op/enterprise_value, 45), subindustry) + group_rank(-ts_delta(close, 2), subindustry) + rank(volume/ts_mean(volume, 60))"
w107_f,vRk7mlzb,4.79,3.13,1.66,0.4583,3.74,0.0387,1,0.8674,npKGgKLw,3.575,j23Pl0e5,-0.445,NO,"group_rank(fnd6_xintopt/assets, subindustry) + group_rank(anl4_fs_detail_estimate_1qf_v4_nd_totassets_mean/assets, subindustry) + group_rank(-anl4_fs_detail_estimates_advanced_af_nd_capex_median/assets, subindustry) + group_rank(ts_av_diff(cash/assets, 45), subindustry) + group_rank(ts_av_diff(cashflow_op/enterprise_value, 45), subindustry) + group_rank(-ts_delta(close, 2), subindustry)"
w87_g,1Yx2xnZJ,4.79,2.6,2.19,0.1433,1.64,0.0312,4,0.8679,e79PvPpE,3.795,0mR2K6lr,-1.195,NO,"group_rank(authorized_stock_buyback_amount/assets, subindustry) + group_rank(anl4_fs_detail_estimate_1qf_v4_nd_sga_median/assets, subindustry) + 0.45*group_rank(ts_av_diff(cash/assets, 45), subindustry) + 0.45*group_rank(ts_av_diff(cashflow_op/enterprise_value, 45), subindustry) + 0.5*group_rank(-ts_delta(close, 10), subindustry) + 0.5*rank(volume/ts_mean(volume, 120))"
w108_f,9qV5wdOx,4.66,2.9,1.76,0.3249,2.52,0.0287,1,0.8681,npKGgKLw,3.795,0mR2K6lr,-0.895,NO,"group_rank(fnd6_xintopt/assets, subindustry) + group_rank(anl4_fs_detail_estimate_1qf_v4_nd_totassets_mean/assets, subindustry) + group_rank(-anl4_fs_detail_estimates_advanced_af_nd_capex_median/assets, subindustry) + group_rank(ts_av_diff(cash/assets, 45), subindustry) + group_rank(ts_av_diff(cashflow_op/enterprise_value, 45), subindustry) + group_rank(-ts_delta(close, 5), subindustry)"
r6_p5_sec,akL7l22v,4.53,2.42,2.11,0.1047,2.06,0.036,12,0.8684,9qVrJkYe,3.102,O0rZ90n1,-0.682,NO,"rank(-ts_delta(close, 2)) * rank(volume/ts_mean(volume, 60)) + group_rank(operating_expense/assets, subindustry) + group_rank(ts_av_diff(cash/assets, 30), subindustry)"
w79_f,A10EXj1Y,4.11,2.36,1.75,0.2086,1.37,0.053,4,0.8712,E5vx6NJP,2.695,E5vx6NJP,-0.335,NO,"group_rank(anl4_fs_detail_estimate_1qf_v4_nd_netdebt_high/assets, subindustry) + group_rank(anl4_fs_detail_estimate_1qf_v4_nd_rd_exp_high/assets, subindustry) + group_rank(ts_av_diff(cash/assets, 75), subindustry) + group_rank(ts_av_diff(cashflow_op/enterprise_value, 60), subindustry) + group_rank(-ts_delta(close, 8), subindustry) + rank(volume/ts_mean(volume, 150))"
w36_e,1Yxjnnvm,5.49,2.69,2.8,0.1184,1.71,0.0322,20,0.8716,RRV5l5Go,3.487,mLgd6nwX,-0.797,NO,"group_rank(fnd6_xrent/assets, subindustry) + group_rank(ts_av_diff(cash/assets, 30), subindustry) + group_rank(ts_av_diff(cashflow_op/enterprise_value, 60), subindustry) + group_rank(-ts_delta(close, 2), subindustry) + rank(volume/ts_mean(volume, 60))"
w39_i,om6PG5Pv,4.63,2.49,2.14,0.1059,2.04,0.0423,40,0.8718,LL98E87L,2.706,9qVEA1ZV,-0.216,NO,"group_rank(fnd6_newqv1300_ivstq/assets, subindustry) + group_rank(fnd6_newqv1300_cimiiq/assets, subindustry) + group_rank(fnd6_xrent/assets, subindustry) + group_rank(ts_av_diff(cash/assets, 30), subindustry) + group_rank(-ts_delta(close, 2), subindustry) + rank(volume/ts_mean(volume, 60))"
w110_e,npKGNnbE,4.14,2.84,1.3,0.5378,3.38,0.0313,1,0.8718,npKGgKLw,3.575,j23Pl0e5,-0.735,NO,"group_rank(fnd6_xintopt/assets, bucket(rank(ts_std_dev(returns, 20)), range=""0.1, 1, 0.1"")) + group_rank(anl4_fs_detail_estimate_1qf_v4_nd_totassets_mean/assets, bucket(rank(ts_std_dev(returns, 20)), range=""0.1, 1, 0.1"")) + group_rank(-anl4_fs_detail_estimates_advanced_af_nd_capex_median/assets, bucket(rank(ts_std_dev(returns, 20)), range=""0.1, 1, 0.1"")) + group_rank(ts_av_diff(cash/assets, 45), bucket(rank(ts_std_dev(returns, 20)), range=""0.1, 1, 0.1"")) + group_rank(ts_av_diff(cashflow_op/enterprise_value, 45), bucket(rank(ts_std_dev(returns, 20)), range=""0.1, 1, 0.1"")) + group_rank(-ts_delta(close, 2), bucket(rank(ts_std_dev(returns, 20)), range=""0.1, 1, 0.1"")) + group_rank(volume/ts_mean(volume, 60), bucket(rank(ts_std_dev(returns, 20)), range=""0.1, 1, 0.1""))"
r3_p5_d14,QP37qxbG,4.33,2.35,1.98,0.0953,1.82,0.0338,14,0.8719,9qVrJkYe,3.102,O0rZ90n1,-0.752,NO,"rank(-ts_delta(close, 2)) * rank(volume/ts_mean(volume, 60)) + group_rank(operating_expense/assets, subindustry) + group_rank(ts_av_diff(cash/assets, 30), subindustry)"
g02_xrent_cash,npK2nONd,4.61,2.52,2.09,0.1619,1.36,0.0315,8,0.8722,O0rZ90n1,3.102,O0rZ90n1,-0.582,NO,"group_rank(fnd6_xrent/assets, subindustry) + group_rank(ts_av_diff(cash/assets, 30), subindustry) + rank(-ts_delta(close, 2))"
w78_d,XgWMNaO5,4.16,2.37,1.79,0.1914,1.52,0.0349,4,0.8728,e79PvPpE,3.795,0mR2K6lr,-1.425,NO,"group_rank(anl4_fs_actuals_basic_qf_nd_div_value/assets, subindustry) + group_rank(anl4_fs_detail_estimate_1qf_v4_nd_cfi_low/assets, subindustry) + group_rank(ts_av_diff(cash/assets, 60), subindustry) + group_rank(ts_av_diff(cashflow_op/enterprise_value, 45), subindustry) + group_rank(-ts_delta(close, 10), subindustry) + rank(volume/ts_mean(volume, 120))"
w78_h,1Yx0O5rJ,4.56,2.6,1.96,0.1998,1.35,0.0398,4,0.8734,e79PvPpE,3.795,0mR2K6lr,-1.195,NO,"group_rank(anl4_fs_actuals_basic_qf_nd_div_value/assets, subindustry) + group_rank(anl4_fs_detail_estimate_1qf_v4_nd_sga_median/assets, subindustry) + group_rank(ts_av_diff(cash/assets, 60), subindustry) + group_rank(ts_av_diff(cashflow_op/enterprise_value, 60), subindustry) + group_rank(-ts_delta(close, 8), subindustry) + rank(volume/ts_mean(volume, 150))"
w118_e,3q9Kqr7e,4.21,2.53,1.68,0.2246,2.18,0.0264,4,0.8735,akLmmvPW,2.728,akLmmvPW,-0.198,NO,"group_rank(fnd6_intc/assets, bucket(rank(sga_expense/sales), range=""0.1, 1, 0.1"")) + group_rank(fnd6_newqv1300_glcea12/assets, bucket(rank(sga_expense/sales), range=""0.1, 1, 0.1"")) + group_rank(fnd6_tstkc/assets, bucket(rank(sga_expense/sales), range=""0.1, 1, 0.1"")) + group_rank(ts_av_diff(cash/assets, 45), bucket(rank(sga_expense/sales), range=""0.1, 1, 0.1"")) + group_rank(ts_av_diff(cashflow_op/enterprise_value, 45), bucket(rank(sga_expense/sales), range=""0.1, 1, 0.1"")) + group_rank(-ts_delta(close, 2), bucket(rank(sga_expense/sales), range=""0.1, 1, 0.1""))"
w56_b,d5OY1Xgv,5.04,2.65,2.39,0.1753,1.61,0.0271,10,0.8737,RRV5l5Go,3.487,mLgd6nwX,-0.837,NO,"group_rank(fnd6_xrent/assets, subindustry) + group_rank(ts_av_diff(cash/assets, 45), subindustry) + group_rank(ts_av_diff(cashflow_op/enterprise_value, 45), subindustry) + group_rank(-ts_delta(close, 2), subindustry) + rank(volume/ts_mean(volume, 60))"
w56_f,O0rR8mjg,5.04,2.65,2.39,0.1753,1.61,0.0271,10,0.8737,RRV5l5Go,3.487,mLgd6nwX,-0.837,NO,"group_rank(fnd6_xrent/assets, subindustry) + group_rank(ts_av_diff(cash/assets, 45), subindustry) + group_rank(ts_av_diff(cashflow_op/enterprise_value, 45), subindustry) + group_rank(-ts_delta(close, 2), subindustry) + rank(volume/ts_mean(volume, 60))"
w79_g,e79EMRYM,4.12,2.39,1.73,0.1993,1.72,0.0362,4,0.8741,e79PvPpE,3.795,0mR2K6lr,-1.405,NO,"group_rank(anl4_fs_detail_estimates_advanced_af_nd_capex_std/assets, subindustry) + group_rank(anl4_fs_detail_estimate_1qf_v4_nd_totgw_median/assets, subindustry) + group_rank(ts_av_diff(cash/assets, 75), subindustry) + group_rank(ts_av_diff(cashflow_op/enterprise_value, 60), subindustry) + group_rank(-ts_delta(close, 8), subindustry) + rank(volume/ts_mean(volume, 150))"
o2_xopr_vwap_vol90,RRV7QVQn,4.53,2.58,1.95,0.1933,2.35,0.0428,8,0.8745,0mRwgR6k,3.102,O0rZ90n1,-0.522,NO,"group_rank(fnd6_xopr/assets, subindustry) + rank(-ts_delta(vwap, 2)) + rank(volume/ts_mean(volume, 90))"
w116_f,j23kkmdW,4.87,2.75,2.12,0.2076,2.15,0.0323,4,0.875,kqVp6wnO,3.795,0mR2K6lr,-1.045,NO,"group_rank(fnd6_intc/assets, sector) + group_rank(fnd6_tfvce/assets, sector) + group_rank(fnd6_lifr/assets, sector) + group_rank(ts_av_diff(cash/assets, 45), sector) + group_rank(ts_av_diff(cashflow_op/enterprise_value, 45), sector) + group_rank(-ts_delta(close, 2), sector)"
w66_a,RRVldAAe,4.57,2.94,1.63,0.4102,3.35,0.0341,2,0.8753,j23Pl0e5,3.795,0mR2K6lr,-0.855,NO,"group_rank(anl4_fs_detail_estimate_1qf_v4_nd_cfi_low/assets, subindustry) + group_rank(fnd6_txtubxintis/assets, subindustry) + group_rank(ts_av_diff(cash/assets, 45), subindustry) + group_rank(ts_av_diff(cashflow_op/enterprise_value, 45), subindustry) + group_rank(-ts_delta(close, 2), subindustry) + rank(volume/ts_mean(volume, 60))"
w41_c,O0r6VZzJ,4.72,2.38,2.34,0.122,1.99,0.0339,40,0.8763,RRV5l5Go,2.629,RRV5l5Go,-0.249,NO,"group_rank(fnd6_newqv1300_cimiiq/assets, subindustry) + group_rank(fnd6_xrent/assets, subindustry) + group_rank(ts_av_diff(cashflow_op/enterprise_value, 60), subindustry) + group_rank(-ts_delta(close, 2), subindustry) + rank(volume/ts_mean(volume, 60))"
w69_a,rK5NGW0d,4.01,2.38,1.63,0.3246,2.1,0.0584,3,0.8764,N1QJPJE8,3.795,0mR2K6lr,-1.415,NO,"group_rank(-anl4_fs_detail_estimate_1qf_v4_nd_sga_median/assets, industry) + group_rank(ts_av_diff(cashflow_op/enterprise_value, 45), industry) + group_rank(-ts_delta(close, 5), industry) + rank(volume/ts_mean(volume, 90))"
w119_d,ZY08P0nQ,4.74,2.68,2.06,0.2019,2.12,0.0321,4,0.8767,kqVp6wnO,3.795,0mR2K6lr,-1.115,NO,"group_rank(fnd6_intc/assets, bucket(rank(ts_std_dev(volume, 20)), range=""0.1, 1, 0.1"")) + group_rank(fnd6_tfvce/assets, bucket(rank(ts_std_dev(volume, 20)), range=""0.1, 1, 0.1"")) + group_rank(fnd6_lifr/assets, bucket(rank(ts_std_dev(volume, 20)), range=""0.1, 1, 0.1"")) + group_rank(ts_av_diff(cash/assets, 45), bucket(rank(ts_std_dev(volume, 20)), range=""0.1, 1, 0.1"")) + group_rank(ts_av_diff(cashflow_op/enterprise_value, 45), bucket(rank(ts_std_dev(volume, 20)), range=""0.1, 1, 0.1"")) + group_rank(-ts_delta(close, 2), bucket(rank(ts_std_dev(volume, 20)), range=""0.1, 1, 0.1""))"
w77_j,78ZlYlxO,4.02,2.32,1.7,0.2114,1.29,0.0439,4,0.8771,e79PvPpE,3.795,0mR2K6lr,-1.475,NO,"group_rank(anl4_fs_actuals_basic_qf_nd_div_value/assets, subindustry) + group_rank(ts_av_diff(cash/assets, 75), subindustry) + group_rank(ts_av_diff(cashflow_op/enterprise_value, 45), subindustry) + group_rank(-ts_delta(close, 10), subindustry) + rank(volume/ts_mean(volume, 120))"
w118_n,9qVeq3ld,4.09,2.43,1.66,0.2203,1.77,0.029,4,0.8773,akLmmvPW,3.795,0mR2K6lr,-1.365,NO,"group_rank(fnd6_intc/assets, bucket(rank(debt/assets), range=""0.1, 1, 0.1"")) + group_rank(fnd6_lifr/assets, bucket(rank(debt/assets), range=""0.1, 1, 0.1"")) + group_rank(fnd6_tfvce/assets, bucket(rank(debt/assets), range=""0.1, 1, 0.1"")) + group_rank(ts_av_diff(cash/assets, 45), bucket(rank(debt/assets), range=""0.1, 1, 0.1"")) + group_rank(ts_av_diff(cashflow_op/enterprise_value, 45), bucket(rank(debt/assets), range=""0.1, 1, 0.1"")) + group_rank(-ts_delta(close, 2), bucket(rank(debt/assets), range=""0.1, 1, 0.1""))"
w32_c,pwPvYJAX,4.75,2.66,2.09,0.1919,1.83,0.0298,8,0.8792,O0rZ90n1,3.102,O0rZ90n1,-0.442,NO,"group_rank(fnd6_xrent/assets, subindustry) + group_rank(ts_av_diff(cash/assets, 30), subindustry) + group_rank(fnd6_newqv1300_mibtq/assets, subindustry) + group_rank(-ts_delta(close, 2), subindustry) + rank(volume/ts_mean(volume, 60))"
w106_f,3q9vKRdz,4.9,2.93,1.97,0.2633,2.39,0.0356,4,0.8796,j23Pl0e5,3.795,0mR2K6lr,-0.865,NO,"group_rank(fnd6_xintopt/assets, subindustry) + group_rank(anl4_fs_detail_estimate_1qf_v4_nd_totassets_mean/assets, subindustry) + group_rank(ts_av_diff(cash/assets, 45), industry) + group_rank(ts_av_diff(cashflow_op/enterprise_value, 45), subindustry) + group_rank(-ts_delta(close, 2), industry) + rank(volume/ts_mean(volume, 60))"
w56_g,A10ev37X,5.19,2.67,2.52,0.16,1.5,0.0276,12,0.8797,RRV5l5Go,3.487,mLgd6nwX,-0.817,NO,"group_rank(fnd6_xrent/assets, subindustry) + group_rank(ts_av_diff(cash/assets, 45), subindustry) + group_rank(ts_av_diff(cashflow_op/enterprise_value, 40), subindustry) + group_rank(-ts_delta(close, 2), subindustry) + rank(volume/ts_mean(volume, 60))"
r4_p5_t006,QP37jPO5,4.42,2.39,2.03,0.1037,1.88,0.0323,12,0.8805,9qVrJkYe,3.102,O0rZ90n1,-0.712,NO,"rank(-ts_delta(close, 2)) * rank(volume/ts_mean(volume, 60)) + group_rank(operating_expense/assets, subindustry) + group_rank(ts_av_diff(cash/assets, 30), subindustry)"
r5_p5_t010,E5vlbAo0,4.42,2.39,2.03,0.1037,1.88,0.0323,12,0.8805,9qVrJkYe,3.102,O0rZ90n1,-0.712,NO,"rank(-ts_delta(close, 2)) * rank(volume/ts_mean(volume, 60)) + group_rank(operating_expense/assets, subindustry) + group_rank(ts_av_diff(cash/assets, 30), subindustry)"
w59_g,j23oY0Mo,4.98,3.2,1.78,0.4599,4.01,0.041,2,0.8808,j23Pl0e5,3.795,0mR2K6lr,-0.595,NO,"group_rank(fnd6_newqv1300_cimiiq/assets, subindustry) + group_rank(ts_av_diff(cash/assets, 45), subindustry) + group_rank(ts_av_diff(cashflow_op/enterprise_value, 45), subindustry) + group_rank(-ts_delta(close, 2), subindustry) + rank(volume/ts_mean(volume, 60))"
w92_b,RRVoK5ea,4.82,2.74,2.08,0.2399,2.38,0.0381,4,0.8817,E5vx6NJP,3.795,0mR2K6lr,-1.055,NO,"group_rank(ts_av_diff(cash/assets, 45), subindustry) + group_rank(ts_av_diff(cashflow_op/enterprise_value, 45), subindustry) + group_rank(-ts_delta(close, 10), subindustry) + rank(volume/ts_mean(volume, 120))"
w74_g,e79E997g,4.55,2.96,1.59,0.4644,3.72,0.0419,2,0.8822,j23Pl0e5,3.575,j23Pl0e5,-0.615,NO,"group_rank(anl4_fs_detail_estimates_advanced_af_nd_capex_std/assets, subindustry) + group_rank(ts_av_diff(cash/assets, 45), subindustry) + group_rank(ts_av_diff(cashflow_op/enterprise_value, 45), subindustry) + group_rank(-ts_delta(close, 2), subindustry) + rank(volume/ts_mean(volume, 60))"
w78_f,om6ZPxmk,4.16,2.41,1.75,0.199,1.46,0.0393,4,0.8822,E5vx6NJP,3.795,0mR2K6lr,-1.385,NO,"group_rank(anl4_fs_detail_estimate_1qf_v4_nd_totgw_median/assets, subindustry) + group_rank(anl4_fs_detail_estimate_1qf_v4_nd_sga_median/assets, subindustry) + group_rank(ts_av_diff(cash/assets, 75), subindustry) + group_rank(ts_av_diff(cashflow_op/enterprise_value, 60), subindustry) + group_rank(-ts_delta(close, 8), subindustry) + rank(volume/ts_mean(volume, 120))"
d6_d0_grev5_xr_vol,MP17nYN8,4.17,2.17,2.0,0.0789,1.41,0.0367,40,0.8839,XgWnklXa,3.102,O0rZ90n1,-0.932,NO,"group_rank(-ts_delta(close, 5), subindustry) + group_rank(fnd6_xrent/assets, subindustry) + rank(volume/ts_mean(volume, 60))"
w74_d,mLgQg35X,4.57,2.66,1.91,0.2871,1.93,0.049,3,0.8847,N1QJPJE8,3.795,0mR2K6lr,-1.135,NO,"group_rank(anl4_fs_detail_estimate_1qf_v4_nd_netdebt_high/assets, industry) + group_rank(ts_av_diff(cash/assets, 45), industry) + group_rank(ts_av_diff(cashflow_op/enterprise_value, 45), industry) + group_rank(-ts_delta(close, 5), industry) + rank(volume/ts_mean(volume, 90))"
w53_b,3q91lvxO,5.91,3.02,2.89,0.1724,2.64,0.0343,10,0.8849,mLgd6nwX,3.487,mLgd6nwX,-0.467,NO,"group_rank(fnd6_xrent/assets, subindustry) + group_rank(ts_av_diff(cash/assets, 45), subindustry) + group_rank(ts_av_diff(cashflow_op/enterprise_value, 45), subindustry) + group_rank(-ts_delta(close, 2), subindustry) + rank(volume/ts_mean(volume, 60))"
a3_g02_d40,om6qZ3Qm,4.27,2.27,2.0,0.0734,1.42,0.0346,40,0.8858,XgWnklXa,3.102,O0rZ90n1,-0.832,NO,"group_rank(fnd6_xrent/assets, subindustry) + rank(-ts_delta(close, 2)) + rank(volume/ts_mean(volume, 60))"
w62_h,ZY0dPjv1,5.02,3.12,1.9,0.4758,3.57,0.0508,2,0.8863,mLgd6nwX,3.575,j23Pl0e5,-0.455,NO,"group_rank(fnd6_xrent/assets, subindustry) + group_rank(ts_av_diff(cash/assets, 45), subindustry) + group_rank(ts_av_diff(cashflow_op/enterprise_value, 45), subindustry) + group_rank(-ts_delta(close, 2), subindustry) + rank(volume/ts_mean(volume, 60))"
w79_a,xAY5pxng,4.09,2.33,1.76,0.1945,1.3,0.0432,4,0.8871,e79PvPpE,3.795,0mR2K6lr,-1.465,NO,"group_rank(anl4_fs_detail_estimate_1qf_v4_nd_totgw_median/assets, subindustry) + group_rank(anl4_fs_detail_estimate_1qf_v4_nd_netdebt_high/assets, subindustry) + group_rank(ts_av_diff(cash/assets, 75), subindustry) + group_rank(ts_av_diff(cashflow_op/enterprise_value, 60), subindustry) + group_rank(-ts_delta(close, 8), subindustry) + rank(volume/ts_mean(volume, 150))"
w105_k,vRkX7z83,4.86,2.94,1.92,0.2819,2.45,0.0349,4,0.8874,j23Pl0e5,3.795,0mR2K6lr,-0.855,NO,"group_rank(fnd6_xintopt/assets, subindustry) + group_rank(anl4_fs_detail_estimate_1qf_v4_nd_totassets_mean/assets, subindustry) + group_rank(ts_av_diff(cash/assets, 45), subindustry) + group_rank(ts_av_diff(cashflow_op/enterprise_value, 45), subindustry) + group_rank(-ts_delta(close, 2), subindustry) + rank(volume/ts_mean(volume, 60))"
w109_b,YP530vzR,4.17,2.83,1.34,0.5337,3.23,0.0296,1,0.8881,npKGgKLw,3.575,j23Pl0e5,-0.745,NO,"group_rank(fnd6_xintopt/assets, bucket(rank(cap), range=""0.1, 1, 0.1"")) + group_rank(anl4_fs_detail_estimate_1qf_v4_nd_totassets_mean/assets, bucket(rank(cap), range=""0.1, 1, 0.1"")) + group_rank(-anl4_fs_detail_estimates_advanced_af_nd_capex_median/assets, bucket(rank(cap), range=""0.1, 1, 0.1"")) + group_rank(ts_av_diff(cash/assets, 45), bucket(rank(cap), range=""0.1, 1, 0.1"")) + group_rank(ts_av_diff(cashflow_op/enterprise_value, 45), bucket(rank(cap), range=""0.1, 1, 0.1"")) + group_rank(-ts_delta(close, 2), bucket(rank(cap), range=""0.1, 1, 0.1"")) + group_rank(volume/ts_mean(volume, 60), bucket(rank(cap), range=""0.1, 1, 0.1""))"
w78_i,kqV9v3dP,4.41,2.51,1.9,0.1985,1.81,0.0325,4,0.8886,E5vx6NJP,3.795,0mR2K6lr,-1.285,NO,"group_rank(anl4_fs_detail_estimate_1qf_v4_nd_netdebt_high/assets, subindustry) + group_rank(anl4_fs_detail_estimate_1qf_v4_nd_cfi_low/assets, subindustry) + group_rank(ts_av_diff(cash/assets, 75), subindustry) + group_rank(ts_av_diff(cashflow_op/enterprise_value, 45), subindustry) + group_rank(-ts_delta(close, 8), subindustry) + rank(volume/ts_mean(volume, 120))"
w67_d,O0rM8nNY,4.51,2.66,1.85,0.3225,3.13,0.0301,2,0.8891,9qX3M2mq,3.014,kqjpepz8,-0.354,NO,"group_rank(liabilities_curr/assets, industry) + group_rank(-anl4_fs_detail_estimate_1qf_v4_nd_netdebt_mean/assets, industry) + group_rank(-ts_rank(close, 10), industry)"
r2_p5_d10,78Zj035x,4.47,2.41,2.06,0.1152,2.02,0.0331,10,0.8912,9qVrJkYe,3.102,O0rZ90n1,-0.692,NO,"rank(-ts_delta(close, 2)) * rank(volume/ts_mean(volume, 60)) + group_rank(operating_expense/assets, subindustry) + group_rank(ts_av_diff(cash/assets, 30), subindustry)"
w110_d,xAY7Ngjm,4.47,2.84,1.63,0.377,3.09,0.0316,2,0.8915,npKGgKLw,3.795,0mR2K6lr,-0.955,NO,"group_rank(fnd6_xintopt/assets, bucket(rank(ts_mean(volume*close, 20)), range=""0.1, 1, 0.1"")) + group_rank(anl4_fs_detail_estimate_1qf_v4_nd_totassets_mean/assets, bucket(rank(ts_mean(volume*close, 20)), range=""0.1, 1, 0.1"")) + group_rank(-anl4_fs_detail_estimates_advanced_af_nd_capex_median/assets, bucket(rank(ts_mean(volume*close, 20)), range=""0.1, 1, 0.1"")) + group_rank(ts_av_diff(cash/assets, 45), bucket(rank(ts_mean(volume*close, 20)), range=""0.1, 1, 0.1"")) + group_rank(ts_av_diff(cashflow_op/enterprise_value, 45), bucket(rank(ts_mean(volume*close, 20)), range=""0.1, 1, 0.1"")) + group_rank(-ts_delta(close, 2), bucket(rank(ts_mean(volume*close, 20)), range=""0.1, 1, 0.1"")) + group_rank(volume/ts_mean(volume, 60), bucket(rank(ts_mean(volume*close, 20)), range=""0.1, 1, 0.1""))"
o4_xopr_vwap_d10,d5OjVGxx,4.45,2.49,1.96,0.1657,2.5,0.0446,10,0.8919,0mRwgR6k,3.102,O0rZ90n1,-0.612,NO,"group_rank(fnd6_xopr/assets, subindustry) + rank(-ts_delta(vwap, 2)) + rank(volume/ts_mean(volume, 60))"
w58_d,vRkZOLP3,4.72,2.91,1.81,0.4122,3.78,0.0524,3,0.892,mLgd6nwX,3.795,0mR2K6lr,-0.885,NO,"group_rank(ts_av_diff(cash/assets, 45), subindustry) + group_rank(ts_av_diff(cashflow_op/enterprise_value, 45), subindustry) + group_rank(-ts_delta(close, 2), subindustry) + rank(volume/ts_mean(volume, 60))"
s5_xo06,QP3706eK,4.15,2.39,1.76,0.1655,2.38,0.0471,6,0.8921,0mRwgR6k,3.102,O0rZ90n1,-0.712,NO,"group_rank(fnd6_xopr/assets, subindustry) + 0.6 * rank(-ts_delta(vwap, 2)) + 0.6 * rank(volume/ts_mean(volume, 60))"
w27_ivstq_xrent,d5O1Pz5j,4.61,2.48,2.13,0.1732,2.35,0.0341,8,0.8933,le8EMjoN,3.069,le8EMjoN,-0.589,NO,"group_rank(fnd6_newqv1300_ivstq/assets, subindustry) + group_rank(fnd6_xrent/assets, subindustry) + group_rank(ts_av_diff(cashflow_op/enterprise_value, 60), subindustry) + rank(-ts_delta(close, 2)) + rank(volume/ts_mean(volume, 60))"
w76_h,78ZloP9L,4.48,2.69,1.79,0.2814,1.89,0.0319,3,0.8948,E5vx6NJP,3.795,0mR2K6lr,-1.105,NO,"group_rank(anl4_fs_detail_estimate_1qf_v4_nd_sga_median/assets, subindustry) + group_rank(ts_av_diff(cash/assets, 45), industry) + group_rank(ts_av_diff(cashflow_op/enterprise_value, 45), subindustry) + group_rank(-ts_delta(close, 5), industry) + rank(volume/ts_mean(volume, 90))"
w100_c,wpYkX9Rx,5.47,3.08,2.39,0.2163,3.39,0.0276,1,0.8964,e79PvPpE,3.795,0mR2K6lr,-0.715,NO,"trade_when(ts_std_dev(returns, 20) > ts_std_dev(returns, 60), group_rank(authorized_stock_buyback_amount/assets, subindustry) + group_rank(-annual_intangible_assets_net_carrying_value/assets, subindustry) + group_rank(ts_av_diff(cash/assets, 45), subindustry) + group_rank(ts_av_diff(cashflow_op/enterprise_value, 45), subindustry) + group_rank(-ts_delta(close, 10), subindustry) + rank(volume/ts_mean(volume, 120)), -1)"
w110_c,E5vnGJjK,4.24,2.76,1.48,0.3797,2.93,0.0319,2,0.8968,npKGgKLw,3.575,j23Pl0e5,-0.815,NO,"group_rank(fnd6_xintopt/assets, bucket(rank(ts_std_dev(returns, 20)), range=""0.1, 1, 0.1"")) + group_rank(anl4_fs_detail_estimate_1qf_v4_nd_totassets_mean/assets, bucket(rank(ts_std_dev(returns, 20)), range=""0.1, 1, 0.1"")) + group_rank(-anl4_fs_detail_estimates_advanced_af_nd_capex_median/assets, bucket(rank(ts_std_dev(returns, 20)), range=""0.1, 1, 0.1"")) + group_rank(ts_av_diff(cash/assets, 45), bucket(rank(ts_std_dev(returns, 20)), range=""0.1, 1, 0.1"")) + group_rank(ts_av_diff(cashflow_op/enterprise_value, 45), bucket(rank(ts_std_dev(returns, 20)), range=""0.1, 1, 0.1"")) + group_rank(-ts_delta(close, 2), bucket(rank(ts_std_dev(returns, 20)), range=""0.1, 1, 0.1"")) + group_rank(volume/ts_mean(volume, 60), bucket(rank(ts_std_dev(returns, 20)), range=""0.1, 1, 0.1""))"
p5_np_ind,gJQjvq2J,4.52,2.45,2.07,0.1318,2.15,0.0346,8,0.899,9qVrJkYe,3.102,O0rZ90n1,-0.652,NO,"rank(-ts_delta(close, 2)) * rank(volume/ts_mean(volume, 60)) + group_rank(operating_expense/assets, subindustry) + group_rank(ts_av_diff(cash/assets, 30), subindustry)"
w32_d,0mRjO9dv,5.05,2.86,2.19,0.2104,2.15,0.0391,8,0.8993,O0rZ90n1,3.102,O0rZ90n1,-0.242,NO,"group_rank(fnd6_xrent/assets, subindustry) + group_rank(ts_av_diff(cash/assets, 30), subindustry) + group_rank(fnd6_newqv1300_cimiiq/assets, subindustry) + group_rank(-ts_delta(close, 2), subindustry) + rank(volume/ts_mean(volume, 60))"
w85_g,npKXNnRM,4.14,2.58,1.56,0.3277,2.31,0.0416,2,0.8996,e79PvPpE,3.795,0mR2K6lr,-1.215,NO,"group_rank(authorized_stock_buyback_amount/assets, subindustry) + group_rank(-annual_intangible_assets_net_carrying_value/assets, subindustry) + group_rank(-ts_delta(close, 10), subindustry) + rank(volume/ts_mean(volume, 120))"
d3_d0_grev_xr_vol,3q9lO6rO,4.47,2.34,2.13,0.0821,1.52,0.0321,40,0.9001,XgWnklXa,3.102,O0rZ90n1,-0.762,NO,"group_rank(-ts_delta(close, 2), subindustry) + group_rank(fnd6_xrent/assets, subindustry) + rank(volume/ts_mean(volume, 60))"
w85_e,om6kN2Ym,4.05,2.23,1.82,0.1652,1.55,0.0488,4,0.9001,6Xr2eQaJ,3.795,0mR2K6lr,-1.565,NO,"group_rank(authorized_stock_buyback_amount/assets, subindustry) + 0.4*group_rank(ts_av_diff(cashflow_op/enterprise_value, 45), subindustry) + 0.4*group_rank(-ts_delta(close, 10), subindustry) + 0.4*rank(volume/ts_mean(volume, 120))"
r1_p5_d6,E5vlYzQL,4.44,2.49,1.95,0.158,2.35,0.0347,6,0.9004,9qVrJkYe,3.102,O0rZ90n1,-0.612,NO,"rank(-ts_delta(close, 2)) * rank(volume/ts_mean(volume, 60)) + group_rank(operating_expense/assets, subindustry) + group_rank(ts_av_diff(cash/assets, 30), subindustry)"
l03_k02_cash,npK7xbrq,4.38,2.39,1.99,0.1271,2.0,0.0342,8,0.9011,9qVrJkYe,3.102,O0rZ90n1,-0.712,NO,"rank(-ts_delta(close, 2)) * rank(volume/ts_mean(volume, 60)) + group_rank(operating_expense/assets, subindustry) + group_rank(ts_av_diff(cash/assets, 30), subindustry)"
w82_a,YP59AEKW,4.11,2.36,1.75,0.2147,1.25,0.0436,4,0.9011,E5vx6NJP,2.695,E5vx6NJP,-0.335,NO,"quantile(group_rank(anl4_fs_detail_estimate_1qf_v4_nd_rd_exp_high/assets, subindustry) + group_rank(anl4_fs_detail_estimate_1qf_v4_nd_netdebt_high/assets, subindustry) + group_rank(ts_av_diff(cash/assets, 45), subindustry) + group_rank(ts_av_diff(cashflow_op/enterprise_value, 45), subindustry) + group_rank(-ts_delta(close, 10), subindustry) + rank(volume/ts_mean(volume, 120)), driver=gaussian)"
w58_a,E5vNVa2L,4.61,2.95,1.66,0.5208,3.88,0.0527,2,0.9024,mLgd6nwX,3.575,j23Pl0e5,-0.625,NO,"group_rank(ts_av_diff(cash/assets, 45), subindustry) + group_rank(ts_av_diff(cashflow_op/enterprise_value, 45), subindustry) + group_rank(-ts_delta(close, 2), subindustry) + rank(volume/ts_mean(volume, 60))"
s1_np06,XgW7aK6m,4.04,2.24,1.8,0.1178,1.94,0.0349,6,0.9049,9qVrJkYe,2.519,9qVrJkYe,-0.279,NO,"0.6 * rank(-ts_delta(close, 2)) * rank(volume/ts_mean(volume, 60)) + group_rank(operating_expense/assets, subindustry) + group_rank(ts_av_diff(cash/assets, 30), subindustry)"
w56_a,YP58Mr5l,5.33,2.68,2.65,0.1459,1.61,0.0274,14,0.9063,RRV5l5Go,3.487,mLgd6nwX,-0.807,NO,"group_rank(fnd6_xrent/assets, subindustry) + group_rank(ts_av_diff(cash/assets, 45), subindustry) + group_rank(ts_av_diff(cashflow_op/enterprise_value, 45), subindustry) + group_rank(-ts_delta(close, 2), subindustry) + rank(volume/ts_mean(volume, 60))"
w121_c,58QXZ7eX,4.64,2.74,1.9,0.2182,2.46,0.0244,4,0.9069,akLmmvPW,2.761,kqVp6wnO,-0.021,NO,"group_rank(fnd6_tstkc/assets, bucket(rank(sales/assets), range=""0.1, 1, 0.1"")) + group_rank(fnd6_cicurr/assets, bucket(rank(sales/assets), range=""0.1, 1, 0.1"")) + group_rank(fnd6_intc/assets, bucket(rank(sales/assets), range=""0.1, 1, 0.1"")) + group_rank(ts_av_diff(cash/assets, 45), bucket(rank(sales/assets), range=""0.1, 1, 0.1"")) + group_rank(ts_av_diff(cashflow_op/enterprise_value, 45), bucket(rank(sales/assets), range=""0.1, 1, 0.1"")) + group_rank(-ts_delta(close, 2), bucket(rank(sales/assets), range=""0.1, 1, 0.1"")) + group_rank(if_else(rank(ts_regression(rank(returns), rank(vec_avg(anl4_basicdetailrec_ratingvalue)), 120, lag=0, rettype=2))>0.6, -ts_av_diff(vec_avg(anl4_basicdetailrec_ratingvalue), 120), 0), bucket(rank(sales/assets), range=""0.1, 1, 0.1""))"
w37_j,YP5l8n7A,4.45,2.31,2.14,0.1216,2.55,0.0343,20,0.9071,9qVEA1ZV,2.706,9qVEA1ZV,-0.396,NO,"group_rank(fnd6_newqv1300_ivstq/assets, subindustry) + group_rank(fnd6_newqv1300_lol2q/assets, subindustry) + group_rank(fnd6_xrent/assets, subindustry) + group_rank(ts_av_diff(cash/assets, 30), subindustry) + group_rank(-ts_delta(close, 2), subindustry) + rank(volume/ts_mean(volume, 60))"
w53_h,om6R6zo6,5.77,3.04,2.73,0.1975,2.72,0.0345,8,0.9082,mLgd6nwX,3.487,mLgd6nwX,-0.447,NO,"group_rank(fnd6_xrent/assets, subindustry) + group_rank(ts_av_diff(cash/assets, 45), subindustry) + group_rank(ts_av_diff(cashflow_op/enterprise_value, 45), subindustry) + group_rank(-ts_delta(close, 2), subindustry) + rank(volume/ts_mean(volume, 60))"
w110_b,58QKkXKo,4.5,2.66,1.84,0.2385,2.34,0.029,4,0.9086,npKGgKLw,3.795,0mR2K6lr,-1.135,NO,"group_rank(fnd6_xintopt/assets, bucket(rank(ts_mean(volume*close, 20)), range=""0.1, 1, 0.1"")) + group_rank(anl4_fs_detail_estimate_1qf_v4_nd_totassets_mean/assets, bucket(rank(ts_mean(volume*close, 20)), range=""0.1, 1, 0.1"")) + group_rank(-anl4_fs_detail_estimates_advanced_af_nd_capex_median/assets, bucket(rank(ts_mean(volume*close, 20)), range=""0.1, 1, 0.1"")) + group_rank(ts_av_diff(cash/assets, 45), bucket(rank(ts_mean(volume*close, 20)), range=""0.1, 1, 0.1"")) + group_rank(ts_av_diff(cashflow_op/enterprise_value, 45), bucket(rank(ts_mean(volume*close, 20)), range=""0.1, 1, 0.1"")) + group_rank(-ts_delta(close, 2), bucket(rank(ts_mean(volume*close, 20)), range=""0.1, 1, 0.1"")) + group_rank(volume/ts_mean(volume, 60), bucket(rank(ts_mean(volume*close, 20)), range=""0.1, 1, 0.1""))"
n03_xopr_int,le8jqgo8,4.37,2.39,1.98,0.1237,2.23,0.0417,8,0.9086,0mRwgR6k,3.102,O0rZ90n1,-0.712,NO,"rank(-ts_delta(close, 2)) * rank(volume/ts_mean(volume, 60)) + group_rank(fnd6_xopr/assets, subindustry)"
w38_g,3q9GkrAO,4.74,2.49,2.25,0.0766,2.16,0.0411,40,0.909,LL98E87L,3.102,O0rZ90n1,-0.612,NO,"group_rank(fnd6_newqv1300_ivstq/assets, subindustry) + group_rank(fnd6_xrent/assets, subindustry) + group_rank(ts_av_diff(cash/assets, 30), subindustry) + group_rank(-ts_delta(close, 2), subindustry) + rank(volume/ts_mean(volume, 60))"
w78_g,MP1VdqRk,4.18,2.4,1.78,0.1964,1.71,0.0366,4,0.9092,E5vx6NJP,3.443,e79PvPpE,-1.043,NO,"group_rank(anl4_fs_detail_estimates_advanced_af_nd_capex_std/assets, subindustry) + group_rank(anl4_fs_detail_estimate_1qf_v4_nd_sga_median/assets, subindustry) + group_rank(ts_av_diff(cash/assets, 45), subindustry) + group_rank(ts_av_diff(cashflow_op/enterprise_value, 75), subindustry) + group_rank(-ts_delta(close, 10), subindustry) + rank(volume/ts_mean(volume, 120))"
w110_a,E5vne9bR,4.17,2.54,1.63,0.2402,2.11,0.0293,4,0.9106,npKGgKLw,3.575,j23Pl0e5,-1.035,NO,"group_rank(fnd6_xintopt/assets, bucket(rank(ts_std_dev(returns, 20)), range=""0.1, 1, 0.1"")) + group_rank(anl4_fs_detail_estimate_1qf_v4_nd_totassets_mean/assets, bucket(rank(ts_std_dev(returns, 20)), range=""0.1, 1, 0.1"")) + group_rank(-anl4_fs_detail_estimates_advanced_af_nd_capex_median/assets, bucket(rank(ts_std_dev(returns, 20)), range=""0.1, 1, 0.1"")) + group_rank(ts_av_diff(cash/assets, 45), bucket(rank(ts_std_dev(returns, 20)), range=""0.1, 1, 0.1"")) + group_rank(ts_av_diff(cashflow_op/enterprise_value, 45), bucket(rank(ts_std_dev(returns, 20)), range=""0.1, 1, 0.1"")) + group_rank(-ts_delta(close, 2), bucket(rank(ts_std_dev(returns, 20)), range=""0.1, 1, 0.1"")) + group_rank(volume/ts_mean(volume, 60), bucket(rank(ts_std_dev(returns, 20)), range=""0.1, 1, 0.1""))"
w116_m,j23kkkKj,4.66,2.64,2.02,0.1952,2.1,0.0266,4,0.9111,akLp3pzW,3.795,0mR2K6lr,-1.155,NO,"group_rank(fnd6_cicurr/assets, bucket(rank(ts_mean(volume*close, 20)), range=""0.1, 1, 0.1"")) + group_rank(fnd6_intc/assets, bucket(rank(ts_mean(volume*close, 20)), range=""0.1, 1, 0.1"")) + group_rank(fnd6_lifr/assets, bucket(rank(ts_mean(volume*close, 20)), range=""0.1, 1, 0.1"")) + group_rank(ts_av_diff(cash/assets, 45), bucket(rank(ts_mean(volume*close, 20)), range=""0.1, 1, 0.1"")) + group_rank(ts_av_diff(cashflow_op/enterprise_value, 45), bucket(rank(ts_mean(volume*close, 20)), range=""0.1, 1, 0.1"")) + group_rank(-ts_delta(close, 2), bucket(rank(ts_mean(volume*close, 20)), range=""0.1, 1, 0.1""))"
w60_e,LL9EMQv6,5.0,3.12,1.88,0.4691,3.4,0.0456,2,0.9117,mLgd6nwX,3.575,j23Pl0e5,-0.455,NO,"group_rank(fnd6_xrent/assets, subindustry) + group_rank(ts_av_diff(cash/assets, 45), subindustry) + group_rank(ts_av_diff(cashflow_op/enterprise_value, 45), subindustry) + group_rank(-ts_delta(close, 2), subindustry) + rank(volume/ts_mean(volume, 60))"
w32_j,XgWRG68l,4.91,2.85,2.06,0.2634,2.09,0.0441,4,0.9119,O0rZ90n1,3.102,O0rZ90n1,-0.252,NO,"group_rank(fnd6_xrent/assets, subindustry) + group_rank(fnd6_xopr/assets, subindustry) + group_rank(ts_av_diff(cash/assets, 30), subindustry) + group_rank(-ts_delta(close, 2), subindustry) + rank(volume/ts_mean(volume, 60))"
w80_h,gJQ0k0V0,4.17,2.41,1.76,0.2192,1.7,0.0335,4,0.9127,E5vx6NJP,3.795,0mR2K6lr,-1.385,NO,"group_rank((anl4_fs_detail_estimate_1qf_v4_nd_sga_high - anl4_fs_detail_estimate_1qf_v4_nd_sga_low) / abs(anl4_fs_detail_estimate_1qf_v4_nd_sga_mean), subindustry) + group_rank(anl4_fs_detail_estimate_1qf_v4_nd_cfi_low/assets, subindustry) + group_rank(ts_av_diff(cashflow_op/enterprise_value, 60), subindustry) + group_rank(-ts_delta(close, 8), subindustry) + rank(volume/ts_mean(volume, 150))"
w119_l,npKj9Orw,4.75,2.68,2.07,0.2058,2.4,0.0351,4,0.9147,kqVp6wnO,3.795,0mR2K6lr,-1.115,NO,"group_rank(fnd6_newq_xoptepsqp/assets, bucket(rank(ts_mean(volume*close, 20)), range=""0.1, 1, 0.1"")) + group_rank(fnd6_cicurr/assets, bucket(rank(ts_mean(volume*close, 20)), range=""0.1, 1, 0.1"")) + group_rank(fnd6_tstkc/assets, bucket(rank(ts_mean(volume*close, 20)), range=""0.1, 1, 0.1"")) + group_rank(ts_av_diff(cash/assets, 45), bucket(rank(ts_mean(volume*close, 20)), range=""0.1, 1, 0.1"")) + group_rank(ts_av_diff(cashflow_op/enterprise_value, 45), bucket(rank(ts_mean(volume*close, 20)), range=""0.1, 1, 0.1"")) + group_rank(-ts_delta(close, 2), bucket(rank(ts_mean(volume*close, 20)), range=""0.1, 1, 0.1""))"
w34_l,E5vVAoJK,4.68,2.61,2.07,0.2106,2.61,0.044,8,0.9164,O0rZ90n1,3.102,O0rZ90n1,-0.492,NO,"group_rank(fnd6_xrent/assets, subindustry) + group_rank(ts_av_diff(cash/assets, 30), subindustry) + group_rank(-ts_delta(close, 2), subindustry) + rank(volume/ts_mean(volume, 60))"
w109_a,P0ZL37rq,4.31,2.77,1.54,0.3768,2.83,0.0275,2,0.917,npKGgKLw,3.575,j23Pl0e5,-0.805,NO,"group_rank(fnd6_xintopt/assets, bucket(rank(cap), range=""0.1, 1, 0.1"")) + group_rank(anl4_fs_detail_estimate_1qf_v4_nd_totassets_mean/assets, bucket(rank(cap), range=""0.1, 1, 0.1"")) + group_rank(-anl4_fs_detail_estimates_advanced_af_nd_capex_median/assets, bucket(rank(cap), range=""0.1, 1, 0.1"")) + group_rank(ts_av_diff(cash/assets, 45), bucket(rank(cap), range=""0.1, 1, 0.1"")) + group_rank(ts_av_diff(cashflow_op/enterprise_value, 45), bucket(rank(cap), range=""0.1, 1, 0.1"")) + group_rank(-ts_delta(close, 2), bucket(rank(cap), range=""0.1, 1, 0.1"")) + group_rank(volume/ts_mean(volume, 60), bucket(rank(cap), range=""0.1, 1, 0.1""))"
w64_g,xAY2ww1n,4.9,3.15,1.75,0.4233,3.68,0.0331,2,0.9171,j23Pl0e5,3.795,0mR2K6lr,-0.645,NO,"group_rank(-anl4_fs_detail_estimate_1qf_v4_nd_netdebt_mean/assets, subindustry) + group_rank(fnd6_txtubxintis/assets, subindustry) + group_rank(ts_av_diff(cash/assets, 45), subindustry) + group_rank(ts_av_diff(cashflow_op/enterprise_value, 45), subindustry) + group_rank(-ts_delta(close, 2), subindustry) + rank(volume/ts_mean(volume, 60))"
w78_c,YP5YllvM,4.52,2.59,1.93,0.2051,2.1,0.0282,4,0.918,E5vx6NJP,3.795,0mR2K6lr,-1.205,NO,"group_rank(anl4_fs_detail_estimates_advanced_af_nd_capex_std/assets, subindustry) + group_rank(anl4_fs_detail_estimate_1qf_v4_nd_cfi_low/assets, subindustry) + group_rank(ts_av_diff(cash/assets, 45), subindustry) + group_rank(ts_av_diff(cashflow_op/enterprise_value, 45), subindustry) + group_rank(-ts_delta(close, 8), subindustry) + rank(volume/ts_mean(volume, 150))"
w83_b,A102woAW,4.27,2.47,1.8,0.217,1.94,0.0413,4,0.9185,6Xr2eQaJ,3.795,0mR2K6lr,-1.325,NO,"group_rank(authorized_stock_buyback_amount/assets, subindustry) + group_rank(-annual_intangible_assets_net_carrying_value/assets, subindustry) + group_rank(-ts_delta(close, 10), subindustry) + rank(volume/ts_mean(volume, 120))"
w83_e,blRKqE26,4.41,2.54,1.87,0.2398,1.89,0.0471,4,0.9195,e79PvPpE,3.795,0mR2K6lr,-1.255,NO,"group_rank(authorized_stock_buyback_amount/assets, subindustry) + group_rank(ts_av_diff(cashflow_op/enterprise_value, 45), subindustry) + group_rank(-ts_delta(close, 10), subindustry) + rank(volume/ts_mean(volume, 120))"
w32_a,1Yxjkb0K,5.12,2.72,2.4,0.1637,1.56,0.0414,8,0.9208,O0rZ90n1,3.102,O0rZ90n1,-0.382,NO,"group_rank(fnd6_xrent/assets, subindustry) + group_rank(ts_av_diff(cash/assets, 30), subindustry) + group_rank(fnd6_xopr/assets, subindustry) + group_rank(-ts_delta(close, 2), subindustry) + rank(volume/ts_mean(volume, 60))"
w66_d,zqY2Wqkd,4.11,2.71,1.4,0.4054,3.08,0.0356,2,0.9209,j23Pl0e5,3.575,j23Pl0e5,-0.865,NO,"group_rank(anl4_fs_detail_estimate_1qf_v4_nd_sh_equity_median/assets, subindustry) + group_rank(fnd6_txtubxintis/assets, subindustry) + group_rank(ts_av_diff(cash/assets, 45), subindustry) + group_rank(ts_av_diff(cashflow_op/enterprise_value, 45), subindustry) + group_rank(-ts_delta(close, 2), subindustry) + rank(volume/ts_mean(volume, 60))"
w83_g,YP5900Qq,4.91,2.75,2.16,0.1958,1.79,0.0357,4,0.9218,e79PvPpE,3.795,0mR2K6lr,-1.045,NO,"group_rank(authorized_stock_buyback_amount/assets, subindustry) + group_rank(anl4_fs_detail_estimate_1qf_v4_nd_sga_median/assets, subindustry) + group_rank(ts_av_diff(cash/assets, 45), subindustry) + group_rank(ts_av_diff(cashflow_op/enterprise_value, 45), subindustry) + group_rank(-ts_delta(close, 10), subindustry) + rank(volume/ts_mean(volume, 120))"
w116_c,P0ZLmLMp,4.98,2.79,2.19,0.1943,2.34,0.0332,4,0.922,akLp3pzW,3.443,e79PvPpE,-0.653,NO,"group_rank(fnd6_intc/assets, bucket(rank(ts_mean(volume, 20)), range=""0.1, 1, 0.1"")) + group_rank(fnd6_lifr/assets, bucket(rank(ts_mean(volume, 20)), range=""0.1, 1, 0.1"")) + group_rank(fnd6_cicurr/assets, bucket(rank(ts_mean(volume, 20)), range=""0.1, 1, 0.1"")) + group_rank(ts_av_diff(cash/assets, 45), bucket(rank(ts_mean(volume, 20)), range=""0.1, 1, 0.1"")) + group_rank(ts_av_diff(cashflow_op/enterprise_value, 45), bucket(rank(ts_mean(volume, 20)), range=""0.1, 1, 0.1"")) + group_rank(-ts_delta(close, 2), bucket(rank(ts_mean(volume, 20)), range=""0.1, 1, 0.1""))"
w85_f,1Yx2pLpK,4.07,2.27,1.8,0.161,1.85,0.0403,4,0.9225,6Xr2eQaJ,3.795,0mR2K6lr,-1.525,NO,"trade_when(ts_rank(volume, 5) > 0.5, group_rank(authorized_stock_buyback_amount/assets, subindustry) + group_rank(-annual_intangible_assets_net_carrying_value/assets, subindustry) + group_rank(-ts_delta(close, 10), subindustry) + rank(volume/ts_mean(volume, 120)), -1)"
w121_b,N1QZX9mq,4.97,2.86,2.11,0.2129,2.73,0.0297,4,0.9238,akLp3pzW,3.058,akLp3pzW,-0.198,NO,"group_rank(fnd6_intc/assets, bucket(rank(ts_mean(volume*close, 20)), range=""0.1, 1, 0.1"")) + group_rank(fnd6_lifr/assets, bucket(rank(ts_mean(volume*close, 20)), range=""0.1, 1, 0.1"")) + group_rank(fnd6_cicurr/assets, bucket(rank(ts_mean(volume*close, 20)), range=""0.1, 1, 0.1"")) + group_rank(ts_av_diff(cash/assets, 45), bucket(rank(ts_mean(volume*close, 20)), range=""0.1, 1, 0.1"")) + group_rank(ts_av_diff(cashflow_op/enterprise_value, 45), bucket(rank(ts_mean(volume*close, 20)), range=""0.1, 1, 0.1"")) + group_rank(-ts_delta(close, 2), bucket(rank(ts_mean(volume*close, 20)), range=""0.1, 1, 0.1"")) + group_rank(if_else(rank(ts_regression(rank(returns), rank(vec_avg(anl4_basicdetailrec_ratingvalue)), 120, lag=0, rettype=2))>0.6, -ts_av_diff(vec_avg(anl4_basicdetailrec_ratingvalue), 120), 0), bucket(rank(ts_mean(volume*close, 20)), range=""0.1, 1, 0.1""))"
w116_g,RRVxxkoo,4.99,2.78,2.21,0.2033,2.6,0.0408,4,0.9252,kqVp6wnO,3.795,0mR2K6lr,-1.015,NO,"group_rank(fnd6_tstkc/assets, industry) + group_rank(fnd6_lifr/assets, industry) + group_rank(fnd6_cicurr/assets, industry) + group_rank(ts_av_diff(cash/assets, 45), industry) + group_rank(ts_av_diff(cashflow_op/enterprise_value, 45), industry) + group_rank(-ts_delta(close, 2), industry)"
w96_g,rK5MKJoJ,5.17,3.17,2.0,0.3628,3.45,0.0384,1,0.926,e79PvPpE,3.795,0mR2K6lr,-0.625,NO,"group_rank(authorized_stock_buyback_amount/assets, subindustry) + group_rank(-annual_intangible_assets_net_carrying_value/assets, subindustry) + group_rank(ts_av_diff(cash/assets, 60), subindustry) + group_rank(ts_av_diff(cashflow_op/enterprise_value, 60), subindustry) + group_rank(-ts_delta(close, 20), subindustry) + rank(volume/ts_mean(volume, 250))"
w106_d,xAYpLX0b,4.83,2.85,1.98,0.2298,2.61,0.0363,4,0.9266,npKGgKLw,3.795,0mR2K6lr,-0.945,NO,"group_rank(fnd6_xintopt/assets, subindustry) + group_rank(anl4_fs_detail_estimate_1qf_v4_nd_totassets_mean/assets, subindustry) + group_rank(-anl4_fs_detail_estimates_advanced_af_nd_capex_median/assets, subindustry) + group_rank(ts_av_diff(cash/assets, 45), subindustry) + group_rank(ts_av_diff(cashflow_op/enterprise_value, 45), subindustry) + group_rank(-ts_delta(close, 2), subindustry)"
w85_h,wpYvaEZp,4.3,2.38,1.92,0.1697,1.77,0.04,6,0.9276,6Xr2eQaJ,3.795,0mR2K6lr,-1.415,NO,"group_rank(authorized_stock_buyback_amount/assets, subindustry) + group_rank(-annual_intangible_assets_net_carrying_value/assets, subindustry) + group_rank(-ts_delta(close, 10), subindustry) + rank(volume/ts_mean(volume, 120))"
o3_xopr_vwap_d14,blRjZzxM,4.6,2.45,2.15,0.1285,2.43,0.0429,14,0.9326,0mRwgR6k,3.102,O0rZ90n1,-0.652,NO,"group_rank(fnd6_xopr/assets, subindustry) + rank(-ts_delta(vwap, 2)) + rank(volume/ts_mean(volume, 60))"
w114_o,om6jXVml,5.32,3.05,2.27,0.2471,2.73,0.0239,4,0.9328,akLp3pzW,3.795,0mR2K6lr,-0.745,NO,"group_rank(fnd6_cicurr/assets, bucket(rank(ts_mean(volume*close, 20)), range=""0.1, 1, 0.1"")) + group_rank(fnd6_intc/assets, bucket(rank(ts_mean(volume*close, 20)), range=""0.1, 1, 0.1"")) + group_rank(ts_av_diff(cash/assets, 45), bucket(rank(ts_mean(volume*close, 20)), range=""0.1, 1, 0.1"")) + group_rank(ts_av_diff(cashflow_op/enterprise_value, 45), bucket(rank(ts_mean(volume*close, 20)), range=""0.1, 1, 0.1"")) + group_rank(-ts_delta(close, 2), bucket(rank(ts_mean(volume*close, 20)), range=""0.1, 1, 0.1"")) + group_rank(volume/ts_mean(volume, 60), bucket(rank(ts_mean(volume*close, 20)), range=""0.1, 1, 0.1""))"
w2_s8_rev4,gJQjgO1Q,4.37,2.31,2.06,0.1104,2.05,0.0441,20,0.9338,0mRwgR6k,3.102,O0rZ90n1,-0.792,NO,"group_rank(-ts_delta(close, 4), subindustry) + group_rank(fnd6_xopr/assets, subindustry) + rank(volume/ts_mean(volume, 60))"
w102_h,rK5Mb8Za,5.06,3.1,1.96,0.3473,3.16,0.0355,1,0.9353,0mR2K6lr,3.795,0mR2K6lr,-0.695,NO,"group_rank(authorized_stock_buyback_amount/assets, subindustry) + group_rank(-annual_intangible_assets_net_carrying_value/assets, subindustry) + group_rank(-news_open_gap/close, subindustry) + group_rank(ts_av_diff(cash/assets, 45), subindustry) + group_rank(ts_av_diff(cashflow_op/enterprise_value, 45), subindustry) + group_rank(-ts_delta(close, 10), subindustry)"
w109_c,RRVx896n,4.39,2.63,1.76,0.2393,2.05,0.0294,4,0.9353,npKGgKLw,3.575,j23Pl0e5,-0.945,NO,"group_rank(fnd6_xintopt/assets, bucket(rank(cap), range=""0.05, 1, 0.05"")) + group_rank(anl4_fs_detail_estimate_1qf_v4_nd_totassets_mean/assets, bucket(rank(cap), range=""0.05, 1, 0.05"")) + group_rank(-anl4_fs_detail_estimates_advanced_af_nd_capex_median/assets, bucket(rank(cap), range=""0.05, 1, 0.05"")) + group_rank(ts_av_diff(cash/assets, 45), bucket(rank(cap), range=""0.05, 1, 0.05"")) + group_rank(ts_av_diff(cashflow_op/enterprise_value, 45), bucket(rank(cap), range=""0.05, 1, 0.05"")) + group_rank(-ts_delta(close, 2), bucket(rank(cap), range=""0.05, 1, 0.05"")) + group_rank(volume/ts_mean(volume, 60), bucket(rank(cap), range=""0.05, 1, 0.05""))"
w109_d,58QKOAgJ,4.43,2.64,1.79,0.2375,2.07,0.0296,4,0.9365,npKGgKLw,3.575,j23Pl0e5,-0.935,NO,"group_rank(fnd6_xintopt/assets, bucket(rank(cap), range=""0.2, 1, 0.2"")) + group_rank(anl4_fs_detail_estimate_1qf_v4_nd_totassets_mean/assets, bucket(rank(cap), range=""0.2, 1, 0.2"")) + group_rank(-anl4_fs_detail_estimates_advanced_af_nd_capex_median/assets, bucket(rank(cap), range=""0.2, 1, 0.2"")) + group_rank(ts_av_diff(cash/assets, 45), bucket(rank(cap), range=""0.2, 1, 0.2"")) + group_rank(ts_av_diff(cashflow_op/enterprise_value, 45), bucket(rank(cap), range=""0.2, 1, 0.2"")) + group_rank(-ts_delta(close, 2), bucket(rank(cap), range=""0.2, 1, 0.2"")) + group_rank(volume/ts_mean(volume, 60), bucket(rank(cap), range=""0.2, 1, 0.2""))"
w97_h,mLgWwdEK,5.39,3.29,2.1,0.3681,3.36,0.0316,1,0.9371,0mR2K6lr,3.795,0mR2K6lr,-0.505,NO,"group_rank(authorized_stock_buyback_amount/assets, subindustry) + group_rank(-annual_intangible_assets_net_carrying_value/assets, subindustry) + group_rank(ts_av_diff(cash/assets, 45), subindustry) + group_rank(ts_av_diff(cashflow_op/enterprise_value, 45), subindustry) + group_rank(-ts_delta(close, 20), subindustry) + rank(volume/ts_mean(volume, 250))"
w114_f,xAY7Ek1m,4.15,2.46,1.69,0.2435,2.0,0.0427,4,0.9377,kqVp6wnO,3.443,e79PvPpE,-0.983,NO,"group_rank(fnd6_tstkc/assets, bucket(rank(ts_rank(cap, 250)), range=""0.1, 1, 0.1"")) + group_rank(fnd6_cicurr/assets, bucket(rank(ts_rank(cap, 250)), range=""0.1, 1, 0.1"")) + group_rank(ts_av_diff(cash/assets, 45), bucket(rank(ts_rank(cap, 250)), range=""0.1, 1, 0.1"")) + group_rank(ts_av_diff(cashflow_op/enterprise_value, 45), bucket(rank(ts_rank(cap, 250)), range=""0.1, 1, 0.1"")) + group_rank(-ts_delta(close, 2), bucket(rank(ts_rank(cap, 250)), range=""0.1, 1, 0.1"")) + group_rank(volume/ts_mean(volume, 60), bucket(rank(ts_rank(cap, 250)), range=""0.1, 1, 0.1""))"
w100_g,xAYpXZWq,5.6,3.06,2.54,0.1842,3.07,0.0233,1,0.938,e79PvPpE,3.795,0mR2K6lr,-0.735,NO,"trade_when(volume > ts_mean(volume, 60), group_rank(authorized_stock_buyback_amount/assets, subindustry) + group_rank(-annual_intangible_assets_net_carrying_value/assets, subindustry) + group_rank(ts_av_diff(cash/assets, 45), subindustry) + group_rank(ts_av_diff(cashflow_op/enterprise_value, 45), subindustry) + group_rank(-ts_delta(close, 10), subindustry) + rank(volume/ts_mean(volume, 120)), -1)"
w56_e,3q91V61Z,5.57,3.05,2.52,0.2372,2.8,0.0345,6,0.9386,mLgd6nwX,3.487,mLgd6nwX,-0.437,NO,"group_rank(fnd6_xrent/assets, subindustry) + group_rank(ts_av_diff(cash/assets, 45), subindustry) + group_rank(ts_av_diff(cashflow_op/enterprise_value, 45), subindustry) + group_rank(-ts_delta(close, 2), subindustry) + rank(volume/ts_mean(volume, 60))"
w32_i,ZY0mP96Y,4.81,2.92,1.89,0.333,2.74,0.0312,4,0.9391,O0rZ90n1,3.487,mLgd6nwX,-0.567,NO,"group_rank(fnd6_xrent/assets, subindustry) + group_rank(ts_av_diff(cash/assets, 30), subindustry) + group_rank(-ts_delta(close, 2), subindustry) + rank(volume/ts_mean(volume, 60))"
w99_i,YP5oZYxR,5.18,3.16,2.02,0.3755,3.55,0.0395,1,0.9394,0mR2K6lr,3.795,0mR2K6lr,-0.635,NO,"group_rank(authorized_stock_buyback_amount/assets, subindustry) + group_rank(-annual_intangible_assets_net_carrying_value/assets, subindustry) + group_rank((eps - est_epsr)/assets, subindustry) + group_rank(ts_av_diff(cash/assets, 45), subindustry) + group_rank(ts_av_diff(cashflow_op/enterprise_value, 45), subindustry) + group_rank(-ts_delta(close, 10), subindustry) + rank(volume/ts_mean(volume, 120))"
w119_a,RRVOj2G1,4.04,2.41,1.63,0.2167,1.93,0.0431,4,0.9418,akLmmvPW,2.728,akLmmvPW,-0.318,NO,"group_rank(fnd6_tstkc/assets, bucket(rank(capex/assets), range=""0.1, 1, 0.1"")) + group_rank(fnd6_lifr/assets, bucket(rank(capex/assets), range=""0.1, 1, 0.1"")) + group_rank(fnd6_intc/assets, bucket(rank(capex/assets), range=""0.1, 1, 0.1"")) + group_rank(ts_av_diff(cash/assets, 45), bucket(rank(capex/assets), range=""0.1, 1, 0.1"")) + group_rank(ts_av_diff(cashflow_op/enterprise_value, 45), bucket(rank(capex/assets), range=""0.1, 1, 0.1"")) + group_rank(-ts_delta(close, 2), bucket(rank(capex/assets), range=""0.1, 1, 0.1""))"
w118_g,E5vj5YdL,4.95,2.73,2.22,0.1897,2.38,0.0403,4,0.9457,kqVp6wnO,3.795,0mR2K6lr,-1.065,NO,"group_rank(fnd6_tstkc/assets, bucket(rank(ts_rank(volume, 250)), range=""0.1, 1, 0.1"")) + group_rank(fnd6_cicurr/assets, bucket(rank(ts_rank(volume, 250)), range=""0.1, 1, 0.1"")) + group_rank(fnd6_intc/assets, bucket(rank(ts_rank(volume, 250)), range=""0.1, 1, 0.1"")) + group_rank(ts_av_diff(cash/assets, 45), bucket(rank(ts_rank(volume, 250)), range=""0.1, 1, 0.1"")) + group_rank(ts_av_diff(cashflow_op/enterprise_value, 45), bucket(rank(ts_rank(volume, 250)), range=""0.1, 1, 0.1"")) + group_rank(-ts_delta(close, 2), bucket(rank(ts_rank(volume, 250)), range=""0.1, 1, 0.1""))"
w49_c,pwPxKKk3,5.0,2.52,2.48,0.1268,2.65,0.0301,20,0.9473,rK59235m,3.443,e79PvPpE,-0.923,NO,"group_rank(ts_av_diff(cash/assets, 30), subindustry) + group_rank(ts_av_diff(cashflow_op/enterprise_value, 60), subindustry) + group_rank(-ts_delta(close, 3), subindustry) + rank(volume/ts_mean(volume, 60))"
w78_b,KPOZV9Gz,4.65,2.62,2.03,0.1975,1.45,0.0357,4,0.9477,E5vx6NJP,3.795,0mR2K6lr,-1.175,NO,"group_rank(anl4_fs_detail_estimate_1qf_v4_nd_netdebt_high/assets, subindustry) + group_rank(anl4_fs_detail_estimate_1qf_v4_nd_sga_median/assets, subindustry) + group_rank(ts_av_diff(cash/assets, 45), subindustry) + group_rank(ts_av_diff(cashflow_op/enterprise_value, 60), subindustry) + group_rank(-ts_delta(close, 10), subindustry) + rank(volume/ts_mean(volume, 120))"
w77_e,A10ExKrd,4.49,2.59,1.9,0.2195,1.96,0.0317,4,0.9483,E5vx6NJP,3.795,0mR2K6lr,-1.205,NO,"group_rank(anl4_fs_detail_estimate_1qf_v4_nd_cfi_low/assets, subindustry) + group_rank(ts_av_diff(cash/assets, 45), subindustry) + group_rank(ts_av_diff(cashflow_op/enterprise_value, 45), subindustry) + group_rank(-ts_delta(close, 8), subindustry) + rank(volume/ts_mean(volume, 150))"
w1_s8_rev3,blRjrZoq,4.5,2.38,2.12,0.1124,2.14,0.0433,20,0.9484,0mRwgR6k,3.102,O0rZ90n1,-0.722,NO,"group_rank(-ts_delta(close, 3), subindustry) + group_rank(fnd6_xopr/assets, subindustry) + rank(volume/ts_mean(volume, 60))"
w5_s8_ind,zqYk25AG,4.72,2.47,2.25,0.115,2.55,0.0499,20,0.9494,0mRwgR6k,3.102,O0rZ90n1,-0.632,NO,"group_rank(-ts_delta(close, 2), subindustry) + group_rank(fnd6_xopr/assets, subindustry) + rank(volume/ts_mean(volume, 60))"
w77_b,LL93MEbe,4.14,2.4,1.74,0.2086,1.96,0.0325,4,0.9495,E5vx6NJP,3.795,0mR2K6lr,-1.395,NO,"group_rank(anl4_fs_detail_estimate_1qf_v4_nd_cfi_low/assets, subindustry) + group_rank(ts_av_diff(cash/assets, 75), subindustry) + group_rank(ts_av_diff(cashflow_op/enterprise_value, 45), subindustry) + group_rank(-ts_delta(close, 10), subindustry) + rank(volume/ts_mean(volume, 120))"
w108_a,npKGg92d,4.09,2.68,1.41,0.4159,3.02,0.0436,1,0.9497,npKGgKLw,3.575,j23Pl0e5,-0.895,NO,"group_rank(fnd6_xintopt/assets, bucket(rank(cap), range=""0.1, 1, 0.1"")) + group_rank(anl4_fs_detail_estimate_1qf_v4_nd_totassets_mean/assets, bucket(rank(cap), range=""0.1, 1, 0.1"")) + group_rank(-anl4_fs_detail_estimates_advanced_af_nd_capex_median/assets, bucket(rank(cap), range=""0.1, 1, 0.1"")) + group_rank(ts_av_diff(cash/assets, 45), bucket(rank(cap), range=""0.1, 1, 0.1"")) + group_rank(ts_av_diff(cashflow_op/enterprise_value, 45), bucket(rank(cap), range=""0.1, 1, 0.1"")) + group_rank(-ts_delta(close, 2), bucket(rank(cap), range=""0.1, 1, 0.1""))"
w48_c,pwPxlG7j,5.03,2.55,2.48,0.1286,2.76,0.0302,20,0.9506,rK59235m,3.443,e79PvPpE,-0.893,NO,"group_rank(ts_av_diff(cash/assets, 30), subindustry) + group_rank(ts_av_diff(cashflow_op/enterprise_value, 60), subindustry) + group_rank(-ts_delta(close, 2), subindustry) + rank(volume/ts_mean(volume, 60))"
w35_n,WjPLXObd,4.53,2.58,1.95,0.1991,2.5,0.0355,8,0.9508,9qVEA1ZV,3.102,O0rZ90n1,-0.522,NO,"group_rank(fnd6_newqv1300_ivstq/assets, subindustry) + group_rank(fnd6_newqv1300_lol2q/assets, subindustry) + group_rank(fnd6_xrent/assets, subindustry) + group_rank(ts_av_diff(cash/assets, 30), subindustry) + group_rank(-ts_delta(close, 2), subindustry) + rank(volume/ts_mean(volume, 60))"
w95_f,rK5wnZ6E,5.56,3.18,2.38,0.2681,3.38,0.0345,2,0.951,e79PvPpE,3.795,0mR2K6lr,-0.615,NO,"group_rank(authorized_stock_buyback_amount/assets, subindustry) + group_rank(-annual_intangible_assets_net_carrying_value/assets, subindustry) + group_rank(ts_av_diff(cash/assets, 60), subindustry) + group_rank(ts_av_diff(cashflow_op/enterprise_value, 30), subindustry) + group_rank(-ts_delta(close, 15), subindustry) + rank(volume/ts_mean(volume, 200))"
w94_f,QP3Aom95,5.6,2.98,2.62,0.1808,2.86,0.037,4,0.9542,e79PvPpE,3.795,0mR2K6lr,-0.815,NO,"group_rank(authorized_stock_buyback_amount/assets, subindustry) + group_rank(-annual_intangible_assets_net_carrying_value/assets, subindustry) + 1.0*group_rank(ts_av_diff(cash/assets, 60), subindustry) + 1.0*group_rank(ts_av_diff(cashflow_op/enterprise_value, 30), subindustry) + 1.0*group_rank(-ts_delta(close, 15), subindustry) + 1.0*rank(volume/ts_mean(volume, 200))"
w96_e,1YxAYVvK,5.23,3.22,2.01,0.4113,3.18,0.0374,1,0.9553,0mR2K6lr,3.795,0mR2K6lr,-0.575,NO,"group_rank(authorized_stock_buyback_amount/assets, subindustry) + group_rank(-common_stock_repurchase_payment/assets, subindustry) + group_rank(ts_av_diff(cash/assets, 45), subindustry) + group_rank(ts_av_diff(cashflow_op/enterprise_value, 45), subindustry) + group_rank(-ts_delta(close, 10), subindustry) + rank(volume/ts_mean(volume, 120))"
w56_h,le8EKVK8,5.47,3.06,2.41,0.2669,2.89,0.0336,5,0.9557,mLgd6nwX,3.487,mLgd6nwX,-0.427,NO,"group_rank(fnd6_xrent/assets, subindustry) + group_rank(ts_av_diff(cash/assets, 45), subindustry) + group_rank(ts_av_diff(cashflow_op/enterprise_value, 45), subindustry) + group_rank(-ts_delta(close, 2), subindustry) + rank(volume/ts_mean(volume, 60))"
w77_c,rK58Rx8E,4.26,2.46,1.8,0.2092,1.92,0.031,4,0.9557,E5vx6NJP,3.795,0mR2K6lr,-1.335,NO,"group_rank(anl4_fs_detail_estimate_1qf_v4_nd_cfi_low/assets, subindustry) + group_rank(ts_av_diff(cash/assets, 45), subindustry) + group_rank(ts_av_diff(cashflow_op/enterprise_value, 60), subindustry) + group_rank(-ts_delta(close, 10), subindustry) + rank(volume/ts_mean(volume, 120))"
w49_b,ZY0gKrlj,4.83,2.45,2.38,0.1221,3.08,0.0394,20,0.9572,rK59235m,2.992,rK59235m,-0.542,NO,"group_rank(ts_av_diff(cash/assets, 45), subindustry) + group_rank(ts_av_diff(cashflow_op/enterprise_value, 90), subindustry) + group_rank(-ts_delta(close, 2), subindustry) + rank(volume/ts_mean(volume, 60))"
w51_g,blRJQeGm,4.67,2.46,2.21,0.1478,3.06,0.0395,14,0.9573,rK59235m,3.487,mLgd6nwX,-1.027,NO,"group_rank(ts_av_diff(cash/assets, 45), subindustry) + group_rank(ts_av_diff(cashflow_op/enterprise_value, 105), subindustry) + group_rank(-ts_delta(close, 2), subindustry) + rank(volume/ts_mean(volume, 60))"
d2_d0_grev5_xo_vol,vRkjb0Vd,4.32,2.3,2.02,0.068,2.4,0.0461,40,0.9584,0mRwgR6k,2.684,XgWnklXa,-0.384,NO,"group_rank(-ts_delta(close, 5), subindustry) + group_rank(fnd6_xopr/assets, subindustry) + rank(volume/ts_mean(volume, 60))"
z8_d4_xo_mix,wpYjPko6,4.79,2.44,2.35,0.1256,2.09,0.032,4,0.9605,ZY07MXgd,2.992,rK59235m,-0.552,NO,"0.5*group_rank(ts_av_diff(cashflow_op/enterprise_value,60),subindustry) + 0.25*group_rank(ts_av_diff(cash/assets,30),subindustry) + 0.25*group_rank(fnd6_xopr/assets,subindustry)"
w77_d,d5OvWMlx,4.28,2.47,1.81,0.2135,1.9,0.0307,4,0.9612,E5vx6NJP,3.795,0mR2K6lr,-1.325,NO,"group_rank(anl4_fs_detail_estimate_1qf_v4_nd_cfi_low/assets, subindustry) + group_rank(ts_av_diff(cash/assets, 45), industry) + group_rank(ts_av_diff(cashflow_op/enterprise_value, 45), subindustry) + group_rank(-ts_delta(close, 10), subindustry) + rank(volume/ts_mean(volume, 120))"
j09_interact,om6NxxKb,4.31,2.32,1.99,0.1291,1.39,0.0287,8,0.9617,XgWnklXa,3.102,O0rZ90n1,-0.782,NO,"rank(-ts_delta(close, 2)) * rank(volume/ts_mean(volume, 60)) + group_rank(fnd6_xrent/assets, subindustry)"
u8_dec20,YP5789eR,4.65,2.46,2.19,0.1143,2.3,0.0423,20,0.962,0mRwgR6k,3.102,O0rZ90n1,-0.642,NO,"group_rank(-ts_delta(close, 2), subindustry) + group_rank(fnd6_xopr/assets, subindustry) + rank(volume/ts_mean(volume, 60))"
w4_s8_t005,akL7QMQ1,4.65,2.46,2.19,0.1143,2.3,0.0423,20,0.962,0mRwgR6k,3.102,O0rZ90n1,-0.642,NO,"group_rank(-ts_delta(close, 2), subindustry) + group_rank(fnd6_xopr/assets, subindustry) + rank(volume/ts_mean(volume, 60))"
w76_b,P0ZKMapL,4.32,2.49,1.83,0.2119,1.94,0.0297,4,0.9624,E5vx6NJP,3.795,0mR2K6lr,-1.305,NO,"group_rank(anl4_fs_detail_estimate_1qf_v4_nd_cfi_low/assets, subindustry) + group_rank(ts_av_diff(cash/assets, 45), subindustry) + group_rank(ts_av_diff(cashflow_op/enterprise_value, 45), subindustry) + group_rank(-ts_delta(close, 10), subindustry) + rank(volume/ts_mean(volume, 120))"
w118_i,d5OM5QdJ,4.15,2.38,1.77,0.196,1.48,0.0423,4,0.9673,kqVp6wnO,3.058,akLp3pzW,-0.678,NO,"group_rank(fnd6_tstkc/assets, bucket(rank(ts_rank(cap, 250)), range=""0.1, 1, 0.1"")) + group_rank(fnd6_lifr/assets, bucket(rank(ts_rank(cap, 250)), range=""0.1, 1, 0.1"")) + group_rank(fnd6_intc/assets, bucket(rank(ts_rank(cap, 250)), range=""0.1, 1, 0.1"")) + group_rank(ts_av_diff(cash/assets, 45), bucket(rank(ts_rank(cap, 250)), range=""0.1, 1, 0.1"")) + group_rank(ts_av_diff(cashflow_op/enterprise_value, 45), bucket(rank(ts_rank(cap, 250)), range=""0.1, 1, 0.1"")) + group_rank(-ts_delta(close, 2), bucket(rank(ts_rank(cap, 250)), range=""0.1, 1, 0.1""))"
d4_d1_grev_xo_vol120,A10l5PKQ,4.25,2.29,1.96,0.0683,1.87,0.0438,40,0.9676,0mRwgR6k,2.585,0mRwgR6k,-0.295,NO,"group_rank(-ts_delta(close, 2), subindustry) + group_rank(fnd6_xopr/assets, subindustry) + rank(volume/ts_mean(volume, 120))"
w94_h,e79PWqMg,5.33,2.82,2.51,0.1797,2.16,0.0385,4,0.9688,e79PvPpE,3.795,0mR2K6lr,-0.975,NO,"group_rank(authorized_stock_buyback_amount/assets, subindustry) + group_rank(-annual_intangible_assets_net_carrying_value/assets, subindustry) + group_rank(-actual_return_on_pension_plan_assets/assets, subindustry) + group_rank(ts_av_diff(cash/assets, 45), subindustry) + group_rank(ts_av_diff(cashflow_op/enterprise_value, 45), subindustry) + group_rank(-ts_delta(close, 10), subindustry) + rank(volume/ts_mean(volume, 120))"
w103_g,LL9YRO2e,5.32,3.55,1.77,0.6195,3.66,0.0262,1,0.9692,0mR2K6lr,3.795,0mR2K6lr,-0.245,NO,"group_rank(authorized_stock_buyback_amount/assets, subindustry) + group_rank(-annual_intangible_assets_net_carrying_value/assets, subindustry) + group_rank(ts_delta(scl12_sentiment, 22), subindustry) + group_rank(ts_av_diff(cash/assets, 45), subindustry) + group_rank(ts_av_diff(cashflow_op/enterprise_value, 45), subindustry) + group_rank(-ts_delta(close, 10), subindustry) + rank(volume/ts_mean(volume, 120))"
w102_e,qMWJnAQK,5.39,3.38,2.01,0.4621,3.35,0.0408,1,0.971,0mR2K6lr,3.795,0mR2K6lr,-0.415,NO,"group_rank(authorized_stock_buyback_amount/assets, subindustry) + group_rank(-annual_intangible_assets_net_carrying_value/assets, subindustry) + group_rank(-news_open_gap/close, subindustry) + group_rank(ts_av_diff(cash/assets, 45), subindustry) + group_rank(ts_av_diff(cashflow_op/enterprise_value, 45), subindustry) + group_rank(-ts_delta(close, 10), subindustry) + rank(volume/ts_mean(volume, 120))"
w37_k,blRxJWpR,4.86,2.55,2.31,0.1103,1.86,0.0352,20,0.971,LL98E87L,3.102,O0rZ90n1,-0.552,NO,"group_rank(fnd6_newqv1300_ivstq/assets, subindustry) + group_rank(fnd6_xrent/assets, subindustry) + group_rank(ts_av_diff(cash/assets, 30), subindustry) + group_rank(-ts_delta(close, 2), subindustry) + rank(volume/ts_mean(volume, 60))"
w100_j,j23KlL3o,5.03,2.93,2.1,0.2689,2.7,0.0355,1,0.9717,e79PvPpE,3.795,0mR2K6lr,-0.865,NO,"trade_when(returns < 0, group_rank(authorized_stock_buyback_amount/assets, subindustry) + group_rank(-annual_intangible_assets_net_carrying_value/assets, subindustry) + group_rank(ts_av_diff(cash/assets, 45), subindustry) + group_rank(ts_av_diff(cashflow_op/enterprise_value, 45), subindustry) + group_rank(-ts_delta(close, 10), subindustry) + rank(volume/ts_mean(volume, 120)), -1)"
w51_e,QP3OGAG5,5.24,2.72,2.52,0.1545,2.77,0.0291,14,0.9719,rK59235m,3.795,0mR2K6lr,-1.075,NO,"group_rank(ts_av_diff(cash/assets, 35), subindustry) + group_rank(ts_av_diff(cashflow_op/enterprise_value, 60), subindustry) + group_rank(-ts_delta(close, 2), subindustry) + rank(volume/ts_mean(volume, 60))"
w57_a,E5vNRQpR,5.4,3.1,2.3,0.3084,3.0,0.0322,4,0.9729,mLgd6nwX,3.487,mLgd6nwX,-0.387,NO,"group_rank(fnd6_xrent/assets, subindustry) + group_rank(ts_av_diff(cash/assets, 45), subindustry) + group_rank(ts_av_diff(cashflow_op/enterprise_value, 45), subindustry) + group_rank(-ts_delta(close, 2), subindustry) + rank(volume/ts_mean(volume, 60))"
w57_d,npKmPQO3,5.4,3.1,2.3,0.3084,3.0,0.0322,4,0.9729,mLgd6nwX,3.487,mLgd6nwX,-0.387,NO,"group_rank(fnd6_xrent/assets, subindustry) + group_rank(ts_av_diff(cash/assets, 45), subindustry) + group_rank(ts_av_diff(cashflow_op/enterprise_value, 45), subindustry) + group_rank(-ts_delta(close, 2), subindustry) + rank(volume/ts_mean(volume, 60))"
w100_h,e79Z8AkN,5.37,3.26,2.11,0.3591,3.05,0.0354,1,0.9753,e79PvPpE,3.795,0mR2K6lr,-0.535,NO,"trade_when(rank(abs(returns)) < 0.8, group_rank(authorized_stock_buyback_amount/assets, subindustry) + group_rank(-annual_intangible_assets_net_carrying_value/assets, subindustry) + group_rank(ts_av_diff(cash/assets, 45), subindustry) + group_rank(ts_av_diff(cashflow_op/enterprise_value, 45), subindustry) + group_rank(-ts_delta(close, 10), subindustry) + rank(volume/ts_mean(volume, 120)), -1)"
w95_d,d5O6PPXK,5.43,3.11,2.32,0.2813,2.89,0.0398,2,0.9756,e79PvPpE,3.795,0mR2K6lr,-0.685,NO,"group_rank(authorized_stock_buyback_amount/assets, subindustry) + group_rank(-annual_intangible_assets_net_carrying_value/assets, subindustry) + group_rank(ts_av_diff(cash/assets, 45), subindustry) + group_rank(ts_av_diff(cashflow_op/enterprise_value, 45), subindustry) + group_rank(-ts_delta(close, 10), subindustry) + rank(volume/ts_mean(volume, 120))"
w96_j,0mR2mjNp,5.36,3.28,2.08,0.4095,3.19,0.035,1,0.9771,0mR2K6lr,3.795,0mR2K6lr,-0.515,NO,"group_rank(authorized_stock_buyback_amount/assets, subindustry) + group_rank(-annual_intangible_assets_net_carrying_value/assets, subindustry) + group_rank(ts_av_diff(cash/assets, 45), subindustry) + group_rank(ts_av_diff(cashflow_op/enterprise_value, 45), subindustry) + group_rank(-ts_delta(close, 10), subindustry) + rank(volume/ts_mean(volume, 120))"
w36_a,N1Qe50Mp,4.51,2.37,2.14,0.113,1.98,0.037,40,0.9774,9qVEA1ZV,2.706,9qVEA1ZV,-0.336,NO,"group_rank(fnd6_newqv1300_ivstq/assets, subindustry) + group_rank(fnd6_newqv1300_lol2q/assets, subindustry) + group_rank(fnd6_xrent/assets, subindustry) + group_rank(ts_av_diff(cash/assets, 30), subindustry) + group_rank(-ts_delta(close, 2), subindustry) + rank(volume/ts_mean(volume, 60))"
w97_d,QP3pZlqr,5.4,3.32,2.08,0.4145,3.52,0.0515,1,0.979,0mR2K6lr,3.795,0mR2K6lr,-0.475,NO,"group_rank(authorized_stock_buyback_amount/assets, market) + group_rank(-annual_intangible_assets_net_carrying_value/assets, sector) + group_rank(ts_av_diff(cash/assets, 45), industry) + group_rank(ts_av_diff(cashflow_op/enterprise_value, 45), sector) + group_rank(-ts_delta(close, 10), market) + rank(volume/ts_mean(volume, 120))"
w121_h,j2375g8Z,4.08,2.39,1.69,0.2185,1.82,0.0458,4,0.979,kqVp6wnO,3.058,akLp3pzW,-0.668,NO,"group_rank(fnd6_tstkc/assets, bucket(rank(ts_rank(cap, 250)), range=""0.1, 1, 0.1"")) + group_rank(fnd6_cicurr/assets, bucket(rank(ts_rank(cap, 250)), range=""0.1, 1, 0.1"")) + group_rank(fnd6_intc/assets, bucket(rank(ts_rank(cap, 250)), range=""0.1, 1, 0.1"")) + group_rank(ts_av_diff(cash/assets, 45), bucket(rank(ts_rank(cap, 250)), range=""0.1, 1, 0.1"")) + group_rank(ts_av_diff(cashflow_op/enterprise_value, 45), bucket(rank(ts_rank(cap, 250)), range=""0.1, 1, 0.1"")) + group_rank(-ts_delta(close, 2), bucket(rank(ts_rank(cap, 250)), range=""0.1, 1, 0.1"")) + group_rank(if_else(rank(ts_regression(rank(returns), rank(vec_avg(anl4_basicdetailrec_ratingvalue)), 120, lag=0, rettype=0))>0.6, -ts_av_diff(vec_avg(anl4_basicdetailrec_ratingvalue), 120), 0), bucket(rank(ts_rank(cap, 250)), range=""0.1, 1, 0.1""))"
w88_f,xAYE3mjg,4.11,2.22,1.89,0.1295,1.38,0.0408,4,0.9792,6Xr2eQaJ,3.795,0mR2K6lr,-1.575,NO,"group_rank(authorized_stock_repurchase_amount/assets, subindustry) + group_rank(-annual_intangible_assets_net_carrying_value/assets, subindustry) + 0.5*group_rank(-ts_delta(close, 10), subindustry) + 0.5*rank(volume/ts_mean(volume, 120))"
w50_d,P0ZxGdYK,5.15,2.58,2.57,0.12,2.9,0.0322,22,0.9807,rK59235m,2.992,rK59235m,-0.412,NO,"group_rank(ts_av_diff(cash/assets, 45), subindustry) + group_rank(ts_av_diff(cashflow_op/enterprise_value, 60), subindustry) + group_rank(-ts_delta(close, 2), subindustry) + rank(volume/ts_mean(volume, 60))"
w50_g,xAYVNz8N,5.06,2.56,2.5,0.1306,3.0,0.0356,18,0.9809,rK59235m,3.443,e79PvPpE,-0.883,NO,"group_rank(ts_av_diff(cash/assets, 45), subindustry) + group_rank(ts_av_diff(cashflow_op/enterprise_value, 75), subindustry) + group_rank(-ts_delta(close, 2), subindustry) + rank(volume/ts_mean(volume, 60))"
a2_o4_d40,2rOleE3x,4.09,2.23,1.86,0.0609,1.96,0.0425,40,0.9814,0mRwgR6k,2.585,0mRwgR6k,-0.355,NO,"group_rank(fnd6_xopr/assets, subindustry) + rank(-ts_delta(vwap, 2)) + rank(volume/ts_mean(volume, 90))"
w3_s8_d25,3q9lk3vP,4.52,2.41,2.11,0.0971,2.29,0.042,25,0.9816,0mRwgR6k,3.102,O0rZ90n1,-0.692,NO,"group_rank(-ts_delta(close, 2), subindustry) + group_rank(fnd6_xopr/assets, subindustry) + rank(volume/ts_mean(volume, 60))"
w97_j,mLgWpLQx,5.56,3.42,2.14,0.417,3.23,0.0299,1,0.9819,0mR2K6lr,3.795,0mR2K6lr,-0.375,NO,"group_rank(ts_delta(authorized_stock_buyback_amount/assets, 66), subindustry) + group_rank(-annual_intangible_assets_net_carrying_value/assets, subindustry) + group_rank(ts_av_diff(cash/assets, 45), subindustry) + group_rank(ts_av_diff(cashflow_op/enterprise_value, 45), subindustry) + group_rank(-ts_delta(close, 10), subindustry) + rank(volume/ts_mean(volume, 120))"
w100_b,A108qgaY,5.47,3.3,2.17,0.3486,3.36,0.0321,1,0.9829,0mR2K6lr,3.795,0mR2K6lr,-0.495,NO,"trade_when(abs(ts_zscore(close, 20)) > 0.5, group_rank(authorized_stock_buyback_amount/assets, subindustry) + group_rank(-annual_intangible_assets_net_carrying_value/assets, subindustry) + group_rank(ts_av_diff(cash/assets, 45), subindustry) + group_rank(ts_av_diff(cashflow_op/enterprise_value, 45), subindustry) + group_rank(-ts_delta(close, 10), subindustry) + rank(volume/ts_mean(volume, 120)), -1)"
w51_f,58Qrp1q5,4.97,2.59,2.38,0.1502,3.09,0.0355,14,0.9832,rK59235m,3.795,0mR2K6lr,-1.205,NO,"group_rank(ts_av_diff(cash/assets, 55), subindustry) + group_rank(ts_av_diff(cashflow_op/enterprise_value, 60), subindustry) + group_rank(-ts_delta(close, 2), subindustry) + rank(volume/ts_mean(volume, 60))"
w50_e,0mRxpoEK,5.19,2.63,2.56,0.1339,2.79,0.0328,18,0.9836,rK59235m,3.443,e79PvPpE,-0.813,NO,"group_rank(ts_av_diff(cash/assets, 40), subindustry) + group_rank(ts_av_diff(cashflow_op/enterprise_value, 60), subindustry) + group_rank(-ts_delta(close, 2), subindustry) + rank(volume/ts_mean(volume, 60))"
w102_b,KPOMXQWE,5.55,3.51,2.04,0.4718,3.75,0.0402,1,0.9837,0mR2K6lr,3.795,0mR2K6lr,-0.285,NO,"group_rank(authorized_stock_buyback_amount/assets, subindustry) + group_rank(-annual_intangible_assets_net_carrying_value/assets, subindustry) + group_rank(-news_open_gap/close, subindustry) + group_rank(dividend/(sharesout*close), subindustry) + group_rank(ts_av_diff(cash/assets, 45), subindustry) + group_rank(ts_av_diff(cashflow_op/enterprise_value, 45), subindustry) + group_rank(-ts_delta(close, 10), subindustry) + rank(volume/ts_mean(volume, 120))"
w101_e,P0ZmX82J,5.56,3.51,2.05,0.4658,3.71,0.0402,1,0.9838,0mR2K6lr,3.795,0mR2K6lr,-0.285,NO,"group_rank(authorized_stock_buyback_amount/assets, subindustry) + group_rank(-annual_intangible_assets_net_carrying_value/assets, subindustry) + group_rank(-news_open_gap/close, subindustry) + group_rank(ts_av_diff(cash/assets, 45), subindustry) + group_rank(ts_av_diff(cashflow_op/enterprise_value, 45), subindustry) + group_rank(-ts_delta(close, 10), subindustry) + rank(volume/ts_mean(volume, 120))"
w102_c,QP3pnmO5,5.56,3.51,2.05,0.4659,3.72,0.0402,0,0.9838,0mR2K6lr,3.795,0mR2K6lr,-0.285,NO,"group_rank(authorized_stock_buyback_amount/assets, subindustry) + group_rank(-annual_intangible_assets_net_carrying_value/assets, subindustry) + group_rank(-news_open_gap/close, subindustry) + group_rank(ts_av_diff(cash/assets, 45), subindustry) + group_rank(ts_av_diff(cashflow_op/enterprise_value, 45), subindustry) + group_rank(-ts_delta(close, 10), subindustry) + rank(volume/ts_mean(volume, 120))"
w102_g,58QdLeKM,5.56,3.51,2.05,0.4658,3.71,0.0402,1,0.9838,0mR2K6lr,3.795,0mR2K6lr,-0.285,NO,"group_rank(authorized_stock_buyback_amount/assets, subindustry) + group_rank(-annual_intangible_assets_net_carrying_value/assets, subindustry) + group_rank(-news_open_gap/close, subindustry) + group_rank(ts_av_diff(cash/assets, 45), subindustry) + group_rank(ts_av_diff(cashflow_op/enterprise_value, 45), subindustry) + group_rank(-ts_delta(close, 10), subindustry) + rank(volume/ts_mean(volume, 120))"
w50_f,Vk6ZGw35,5.0,2.54,2.46,0.1317,2.94,0.0339,18,0.9844,rK59235m,3.443,e79PvPpE,-0.903,NO,"group_rank(ts_av_diff(cash/assets, 50), subindustry) + group_rank(ts_av_diff(cashflow_op/enterprise_value, 60), subindustry) + group_rank(-ts_delta(close, 2), subindustry) + rank(volume/ts_mean(volume, 60))"
w51_h,LL9EG0bL,5.09,2.61,2.48,0.1475,2.84,0.034,14,0.9847,rK59235m,3.795,0mR2K6lr,-1.185,NO,"group_rank(ts_av_diff(cash/assets, 45), subindustry) + group_rank(ts_av_diff(cashflow_op/enterprise_value, 60), subindustry) + group_rank(-ts_delta(close, 4), subindustry) + rank(volume/ts_mean(volume, 60))"
l08_k04_ind,58QlnjpM,4.28,2.27,2.01,0.1485,2.14,0.0608,8,0.9854,YP57jVzo,2.354,YP57jVzo,-0.084,NO,"group_rank(fnd6_mfma2_revt/assets, subindustry) + group_rank(-ts_mean(abs(returns)/volume, 20), subindustry) + rank(-ts_delta(close, 2))"
w102_a,A108gEJw,5.53,3.5,2.03,0.4745,3.71,0.0394,1,0.9862,0mR2K6lr,3.795,0mR2K6lr,-0.295,NO,"group_rank(authorized_stock_buyback_amount/assets, subindustry) + group_rank(-annual_intangible_assets_net_carrying_value/assets, subindustry) + group_rank(-news_open_gap/close, subindustry) + group_rank(news_short_interest, subindustry) + group_rank(ts_av_diff(cash/assets, 45), subindustry) + group_rank(ts_av_diff(cashflow_op/enterprise_value, 45), subindustry) + group_rank(-ts_delta(close, 10), subindustry) + rank(volume/ts_mean(volume, 120))"
w102_f,gJQVm9KQ,5.53,3.5,2.03,0.4745,3.72,0.0393,0,0.9862,0mR2K6lr,3.795,0mR2K6lr,-0.295,NO,"group_rank(authorized_stock_buyback_amount/assets, subindustry) + group_rank(-annual_intangible_assets_net_carrying_value/assets, subindustry) + group_rank(-news_open_gap/close, subindustry) + group_rank(news_short_interest, subindustry) + group_rank(ts_av_diff(cash/assets, 45), subindustry) + group_rank(ts_av_diff(cashflow_op/enterprise_value, 45), subindustry) + group_rank(-ts_delta(close, 10), subindustry) + rank(volume/ts_mean(volume, 120))"
w102_d,O0rXnEa1,5.52,3.5,2.02,0.4803,3.75,0.0394,1,0.9863,0mR2K6lr,3.795,0mR2K6lr,-0.295,NO,"group_rank(authorized_stock_buyback_amount/assets, subindustry) + group_rank(-annual_intangible_assets_net_carrying_value/assets, subindustry) + group_rank(-news_open_gap/close, subindustry) + group_rank(news_short_interest, subindustry) + group_rank(dividend/(sharesout*close), subindustry) + group_rank(ts_av_diff(cash/assets, 45), subindustry) + group_rank(ts_av_diff(cashflow_op/enterprise_value, 45), subindustry) + group_rank(-ts_delta(close, 10), subindustry) + rank(volume/ts_mean(volume, 120))"
w121_f,j23759X5,4.13,2.4,1.73,0.194,1.53,0.0355,4,0.9863,kqVp6wnO,3.058,akLp3pzW,-0.658,NO,"group_rank(fnd6_tstkc/assets, bucket(rank(ts_rank(cap, 250)), range=""0.1, 1, 0.1"")) + group_rank(fnd6_cicurr/assets, bucket(rank(ts_rank(cap, 250)), range=""0.1, 1, 0.1"")) + group_rank(fnd6_intc/assets, bucket(rank(ts_rank(cap, 250)), range=""0.1, 1, 0.1"")) + group_rank(ts_av_diff(cash/assets, 45), bucket(rank(ts_rank(cap, 250)), range=""0.1, 1, 0.1"")) + group_rank(ts_av_diff(cashflow_op/enterprise_value, 45), bucket(rank(ts_rank(cap, 250)), range=""0.1, 1, 0.1"")) + group_rank(-ts_delta(close, 2), bucket(rank(ts_rank(cap, 250)), range=""0.1, 1, 0.1"")) + group_rank(if_else(rank(ts_regression(rank(returns), rank(vec_avg(anl4_eaz2lrec_ratingvalue)), 120, lag=0, rettype=2))>0.6, -ts_av_diff(vec_avg(anl4_eaz2lrec_ratingvalue), 120), 0), bucket(rank(ts_rank(cap, 250)), range=""0.1, 1, 0.1""))"
w120_r,MP1rjMj9,4.36,2.53,1.83,0.2089,2.08,0.0417,4,0.9868,kqVp6wnO,3.058,akLp3pzW,-0.528,NO,"group_rank(fnd6_tstkc/assets, bucket(rank(ts_rank(cap, 250)), range=""0.1, 1, 0.1"")) + group_rank(fnd6_cicurr/assets, bucket(rank(ts_rank(cap, 250)), range=""0.1, 1, 0.1"")) + group_rank(fnd6_intc/assets, bucket(rank(ts_rank(cap, 250)), range=""0.1, 1, 0.1"")) + group_rank(ts_av_diff(cash/assets, 45), bucket(rank(ts_rank(cap, 250)), range=""0.1, 1, 0.1"")) + group_rank(ts_av_diff(cashflow_op/enterprise_value, 45), bucket(rank(ts_rank(cap, 250)), range=""0.1, 1, 0.1"")) + group_rank(-ts_delta(close, 2), bucket(rank(ts_rank(cap, 250)), range=""0.1, 1, 0.1"")) + group_rank(if_else(rank(ts_regression(rank(returns), rank(vec_avg(anl4_basicdetailrec_ratingvalue)), 120, lag=0, rettype=2))>0.6, -ts_av_diff(vec_avg(anl4_basicdetailrec_ratingvalue), 120), 0), bucket(rank(ts_rank(cap, 250)), range=""0.1, 1, 0.1""))"
d1_d0_grev_xo_vol,xAYjommJ,4.55,2.44,2.11,0.0704,2.49,0.0437,40,0.9869,0mRwgR6k,2.684,XgWnklXa,-0.244,NO,"group_rank(-ts_delta(close, 2), subindustry) + group_rank(fnd6_xopr/assets, subindustry) + rank(volume/ts_mean(volume, 60))"
w49_a,om6RgVnE,5.25,2.62,2.63,0.1258,2.92,0.0315,20,0.9875,rK59235m,3.443,e79PvPpE,-0.823,NO,"group_rank(ts_av_diff(cash/assets, 45), subindustry) + group_rank(ts_av_diff(cashflow_op/enterprise_value, 60), subindustry) + group_rank(-ts_delta(close, 2), subindustry) + rank(volume/ts_mean(volume, 60))"
w57_e,2rO9mVR5,5.2,3.09,2.11,0.3696,3.14,0.0337,3,0.9875,mLgd6nwX,3.487,mLgd6nwX,-0.397,NO,"group_rank(fnd6_xrent/assets, subindustry) + group_rank(ts_av_diff(cash/assets, 44), subindustry) + group_rank(ts_av_diff(cashflow_op/enterprise_value, 46), subindustry) + group_rank(-ts_delta(close, 2), subindustry) + rank(volume/ts_mean(volume, 60))"
y8_rev1_d30,1YxwPYoX,4.36,2.37,1.99,0.0869,2.18,0.0398,30,0.9875,0mRwgR6k,2.585,0mRwgR6k,-0.215,NO,"group_rank(-ts_delta(close, 1), subindustry) + group_rank(fnd6_xopr/assets, subindustry) + rank(volume/ts_mean(volume, 60))"
w121_i,Jjx9VOze,4.25,2.48,1.77,0.2079,1.99,0.0384,4,0.9875,kqVp6wnO,3.058,akLp3pzW,-0.578,NO,"group_rank(fnd6_tstkc/assets, bucket(rank(ts_rank(cap, 250)), range=""0.1, 1, 0.1"")) + group_rank(fnd6_cicurr/assets, bucket(rank(ts_rank(cap, 250)), range=""0.1, 1, 0.1"")) + group_rank(fnd6_intc/assets, bucket(rank(ts_rank(cap, 250)), range=""0.1, 1, 0.1"")) + group_rank(ts_av_diff(cash/assets, 45), bucket(rank(ts_rank(cap, 250)), range=""0.1, 1, 0.1"")) + group_rank(ts_av_diff(cashflow_op/enterprise_value, 45), bucket(rank(ts_rank(cap, 250)), range=""0.1, 1, 0.1"")) + group_rank(-ts_delta(close, 2), bucket(rank(ts_rank(cap, 250)), range=""0.1, 1, 0.1"")) + group_rank(if_else(rank(ts_regression(rank(returns), rank(vec_avg(anl4_basicdetailrec_ratingvalue)), 120, lag=0, rettype=3))>0.6, -ts_av_diff(vec_avg(anl4_basicdetailrec_ratingvalue), 120), 0), bucket(rank(ts_rank(cap, 250)), range=""0.1, 1, 0.1""))"
w92_a,akL8wRoR,4.61,2.45,2.16,0.1316,2.14,0.0346,4,0.9884,6Xr2eQaJ,3.795,0mR2K6lr,-1.345,NO,"group_rank(authorized_stock_buyback_amount/assets, subindustry) + group_rank(-annual_intangible_assets_net_carrying_value/assets, subindustry) + 0.5*group_rank(-ts_delta(close, 10), subindustry) + 0.5*rank(volume/ts_mean(volume, 120))"
w39_e,mLgK0NVp,4.57,2.44,2.13,0.0828,1.41,0.036,40,0.989,LL98E87L,2.695,LL98E87L,-0.255,NO,"group_rank(fnd6_newqv1300_ivstq/assets, subindustry) + group_rank(fnd6_xrent/assets, subindustry) + group_rank(ts_av_diff(cash/assets, 30), subindustry) + group_rank(-ts_delta(close, 2), subindustry) + rank(volume/ts_mean(volume, 90))"
w39_g,d5O9z2qx,4.45,2.37,2.08,0.0815,1.59,0.0377,40,0.989,LL98E87L,2.695,LL98E87L,-0.325,NO,"group_rank(fnd6_newqv1300_ivstq/assets, subindustry) + group_rank(fnd6_xrent/assets, subindustry) + group_rank(ts_av_diff(cash/assets, 30), subindustry) + group_rank(-ts_delta(close, 4), subindustry) + rank(volume/ts_mean(volume, 60))"
w57_b,O0rR8WGv,5.26,3.12,2.14,0.37,3.15,0.0321,3,0.9892,mLgd6nwX,3.487,mLgd6nwX,-0.367,NO,"group_rank(fnd6_xrent/assets, subindustry) + group_rank(ts_av_diff(cash/assets, 45), subindustry) + group_rank(ts_av_diff(cashflow_op/enterprise_value, 45), subindustry) + group_rank(-ts_delta(close, 2), subindustry) + rank(volume/ts_mean(volume, 60))"
w57_g,vRkZOKWd,5.26,3.12,2.14,0.37,3.15,0.0321,3,0.9892,mLgd6nwX,3.487,mLgd6nwX,-0.367,NO,"group_rank(fnd6_xrent/assets, subindustry) + group_rank(ts_av_diff(cash/assets, 45), subindustry) + group_rank(ts_av_diff(cashflow_op/enterprise_value, 45), subindustry) + group_rank(-ts_delta(close, 2), subindustry) + rank(volume/ts_mean(volume, 60))"
w94_d,akL8gY01,5.69,3.28,2.41,0.2838,3.29,0.035,2,0.9895,e79PvPpE,3.795,0mR2K6lr,-0.515,NO,"group_rank(authorized_stock_buyback_amount/assets, subindustry) + group_rank(-annual_intangible_assets_net_carrying_value/assets, subindustry) + group_rank(ts_av_diff(cash/assets, 45), subindustry) + group_rank(ts_av_diff(cashflow_op/enterprise_value, 45), subindustry) + group_rank(-ts_delta(close, 10), subindustry) + rank(volume/ts_mean(volume, 120))"
w95_c,kqVMYO86,5.69,3.28,2.41,0.2838,3.29,0.035,2,0.9895,e79PvPpE,3.795,0mR2K6lr,-0.515,NO,"group_rank(authorized_stock_buyback_amount/assets, subindustry) + group_rank(-annual_intangible_assets_net_carrying_value/assets, subindustry) + group_rank(ts_av_diff(cash/assets, 45), subindustry) + group_rank(ts_av_diff(cashflow_op/enterprise_value, 45), subindustry) + group_rank(-ts_delta(close, 10), subindustry) + rank(volume/ts_mean(volume, 120))"
w95_e,d5O6PMAJ,5.67,3.28,2.39,0.2876,3.31,0.0356,2,0.9895,e79PvPpE,3.795,0mR2K6lr,-0.515,NO,"group_rank(authorized_stock_buyback_amount/assets, subindustry) + group_rank(-annual_intangible_assets_net_carrying_value/assets, subindustry) + group_rank(dividend/(sharesout*close), subindustry) + group_rank(ts_av_diff(cash/assets, 45), subindustry) + group_rank(ts_av_diff(cashflow_op/enterprise_value, 45), subindustry) + group_rank(-ts_delta(close, 10), subindustry) + rank(volume/ts_mean(volume, 120))"
w57_h,JjxoPMKl,5.3,3.14,2.16,0.3705,3.16,0.0329,3,0.9895,mLgd6nwX,3.487,mLgd6nwX,-0.347,NO,"group_rank(fnd6_xrent/assets, subindustry) + group_rank(ts_av_diff(cash/assets, 45), subindustry) + group_rank(ts_av_diff(cashflow_op/enterprise_value, 44), subindustry) + group_rank(-ts_delta(close, 2), subindustry) + rank(volume/ts_mean(volume, 60))"
w100_e,LL9YOo8a,5.55,3.36,2.19,0.3648,3.52,0.0324,1,0.9899,0mR2K6lr,3.795,0mR2K6lr,-0.435,NO,"trade_when(abs(ts_delta(close, 5)) > 0.3 * ts_std_dev(close, 20), group_rank(authorized_stock_buyback_amount/assets, subindustry) + group_rank(-annual_intangible_assets_net_carrying_value/assets, subindustry) + group_rank(ts_av_diff(cash/assets, 45), subindustry) + group_rank(ts_av_diff(cashflow_op/enterprise_value, 45), subindustry) + group_rank(-ts_delta(close, 10), subindustry) + rank(volume/ts_mean(volume, 120)), -1)"
w60_g,rK597g61,4.44,2.71,1.73,0.3715,3.06,0.0446,3,0.9906,le8EMjoN,3.487,mLgd6nwX,-0.777,NO,"group_rank(fnd6_newqv1300_ivstq/assets, subindustry) + group_rank(fnd6_xrent/assets, subindustry) + group_rank(ts_av_diff(cashflow_op/enterprise_value, 45), subindustry) + group_rank(-ts_delta(close, 2), subindustry) + rank(volume/ts_mean(volume, 60))"
w39_d,qMW5YOWE,4.21,2.29,1.92,0.0844,1.65,0.0363,40,0.9908,LL98E87L,2.695,LL98E87L,-0.405,NO,"group_rank(fnd6_newqv1300_ivstq/assets, subindustry) + group_rank(fnd6_xrent/assets, subindustry) + group_rank(ts_av_diff(cash/assets, 30), subindustry) + group_rank(-ts_delta(close, 2), subindustry) + rank(volume/ts_mean(volume, 40))"
w82_d,zqYL9ZJd,4.32,2.47,1.85,0.2023,1.85,0.0303,4,0.9918,E5vx6NJP,3.795,0mR2K6lr,-1.325,NO,"group_rank(anl4_fs_detail_estimate_1qf_v4_nd_cfi_low/assets, subindustry) + group_rank(anl4_fs_detail_estimate_1qf_v4_nd_sga_median/assets, bucket(rank(volume), range=""0,1,0.33"")) + group_rank(ts_av_diff(cash/assets, 45), subindustry) + group_rank(ts_av_diff(cashflow_op/enterprise_value, 45), subindustry) + group_rank(-ts_delta(close, 10), subindustry) + rank(volume/ts_mean(volume, 120))"
l02_revt_amb_rev3,xAYjOgRW,4.08,2.14,1.94,0.1322,1.89,0.0619,8,0.9921,YP57jVzo,2.354,YP57jVzo,-0.214,NO,"group_rank(fnd6_mfma2_revt/assets, subindustry) + group_rank(-ts_mean(abs(returns)/volume, 20), subindustry) + rank(-ts_delta(close, 3))"
y3_t010,6Xrl0ZlL,4.46,2.39,2.07,0.0853,2.32,0.0416,30,0.9926,0mRwgR6k,2.684,XgWnklXa,-0.294,NO,"group_rank(-ts_delta(close, 2), subindustry) + group_rank(fnd6_xopr/assets, subindustry) + rank(volume/ts_mean(volume, 60))"
y4_t006,E5vlzNPJ,4.46,2.39,2.07,0.0853,2.32,0.0416,30,0.9926,0mRwgR6k,2.684,XgWnklXa,-0.294,NO,"group_rank(-ts_delta(close, 2), subindustry) + group_rank(fnd6_xopr/assets, subindustry) + rank(volume/ts_mean(volume, 60))"
x7_s8_d30,Jjx7z0w2,4.45,2.39,2.06,0.0853,2.32,0.0416,30,0.9926,0mRwgR6k,2.684,XgWnklXa,-0.294,NO,"group_rank(-ts_delta(close, 2), subindustry) + group_rank(fnd6_xopr/assets, subindustry) + rank(volume/ts_mean(volume, 60))"
l01_revt_amb60,Grdl1PeQ,4.03,2.13,1.9,0.1341,2.27,0.0602,8,0.9929,YP57jVzo,2.354,YP57jVzo,-0.224,NO,"group_rank(fnd6_mfma2_revt/assets, subindustry) + group_rank(-ts_mean(abs(returns)/volume, 60), subindustry) + rank(-ts_delta(close, 2))"
w50_a,ZY0gKO9j,5.29,2.66,2.63,0.1328,2.98,0.0305,18,0.9931,rK59235m,3.443,e79PvPpE,-0.783,NO,"group_rank(ts_av_diff(cash/assets, 45), subindustry) + group_rank(ts_av_diff(cashflow_op/enterprise_value, 60), subindustry) + group_rank(-ts_delta(close, 2), subindustry) + rank(volume/ts_mean(volume, 60))"
w50_h,j23o69dk,5.29,2.66,2.63,0.1328,2.98,0.0305,18,0.9931,rK59235m,3.443,e79PvPpE,-0.783,NO,"group_rank(ts_av_diff(cash/assets, 45), subindustry) + group_rank(ts_av_diff(cashflow_op/enterprise_value, 60), subindustry) + group_rank(-ts_delta(close, 2), subindustry) + rank(volume/ts_mean(volume, 60))"
w94_e,xAYoEXvm,5.89,3.01,2.88,0.1524,2.53,0.0329,6,0.9936,e79PvPpE,3.795,0mR2K6lr,-0.785,NO,"group_rank(authorized_stock_buyback_amount/assets, subindustry) + group_rank(-annual_intangible_assets_net_carrying_value/assets, subindustry) + group_rank(ts_av_diff(cash/assets, 45), subindustry) + group_rank(ts_av_diff(cashflow_op/enterprise_value, 45), subindustry) + group_rank(-ts_delta(close, 10), subindustry) + rank(volume/ts_mean(volume, 120))"
w38_e,xAYl2K6b,4.67,2.48,2.19,0.0925,1.77,0.0367,30,0.9936,LL98E87L,3.102,O0rZ90n1,-0.622,NO,"group_rank(fnd6_newqv1300_ivstq/assets, subindustry) + group_rank(fnd6_xrent/assets, subindustry) + group_rank(ts_av_diff(cash/assets, 30), subindustry) + group_rank(-ts_delta(close, 2), subindustry) + rank(volume/ts_mean(volume, 60))"
w97_c,xAYpO9qn,5.6,3.46,2.14,0.4226,3.54,0.0303,1,0.9937,0mR2K6lr,3.795,0mR2K6lr,-0.335,NO,"quantile(group_rank(authorized_stock_buyback_amount/assets, subindustry) + group_rank(-annual_intangible_assets_net_carrying_value/assets, subindustry) + group_rank(ts_av_diff(cash/assets, 45), subindustry) + group_rank(ts_av_diff(cashflow_op/enterprise_value, 45), subindustry) + group_rank(-ts_delta(close, 10), subindustry) + rank(volume/ts_mean(volume, 120)), driver=""gaussian"")"
a1_o3_d40,P0Z7Kj0x,4.17,2.27,1.9,0.0619,2.29,0.0408,40,0.9938,0mRwgR6k,2.585,0mRwgR6k,-0.315,NO,"group_rank(fnd6_xopr/assets, subindustry) + rank(-ts_delta(vwap, 3)) + rank(volume/ts_mean(volume, 60))"
w34_o,wpY9V9vY,5.12,2.87,2.25,0.2095,2.1,0.0286,8,0.9939,O0rZ90n1,3.487,mLgd6nwX,-0.617,NO,"group_rank(fnd6_xrent/assets, subindustry) + group_rank(ts_av_diff(cash/assets, 30), subindustry) + group_rank(-ts_delta(close, 2), subindustry) + rank(volume/ts_mean(volume, 60))"
w96_b,A108RmPW,5.59,3.45,2.14,0.4186,3.66,0.0316,1,0.9944,0mR2K6lr,3.795,0mR2K6lr,-0.345,NO,"group_rank(authorized_stock_buyback_amount/assets, subindustry) + group_rank(-annual_intangible_assets_net_carrying_value/assets, subindustry) + group_rank(dividend/(sharesout*close), subindustry) + group_rank(ts_av_diff(cash/assets, 45), subindustry) + group_rank(ts_av_diff(cashflow_op/enterprise_value, 45), subindustry) + group_rank(-ts_delta(close, 10), subindustry) + rank(volume/ts_mean(volume, 120))"
w95_a,E5vM2QN1,5.61,3.45,2.16,0.4119,3.62,0.0313,1,0.9946,0mR2K6lr,3.795,0mR2K6lr,-0.345,NO,"group_rank(authorized_stock_buyback_amount/assets, subindustry) + group_rank(-annual_intangible_assets_net_carrying_value/assets, subindustry) + group_rank(ts_av_diff(cash/assets, 45), subindustry) + group_rank(ts_av_diff(cashflow_op/enterprise_value, 45), subindustry) + group_rank(-ts_delta(close, 10), subindustry) + rank(volume/ts_mean(volume, 120))"
w96_a,6XrLnJq5,5.61,3.45,2.16,0.4119,3.63,0.0312,0,0.9946,0mR2K6lr,3.795,0mR2K6lr,-0.345,NO,"group_rank(authorized_stock_buyback_amount/assets, subindustry) + group_rank(-annual_intangible_assets_net_carrying_value/assets, subindustry) + group_rank(ts_av_diff(cash/assets, 45), subindustry) + group_rank(ts_av_diff(cashflow_op/enterprise_value, 45), subindustry) + group_rank(-ts_delta(close, 10), subindustry) + rank(volume/ts_mean(volume, 120))"
w96_i,blR1lQEN,5.61,3.45,2.16,0.4119,3.62,0.0313,1,0.9946,0mR2K6lr,3.795,0mR2K6lr,-0.345,NO,"group_rank(authorized_stock_buyback_amount/assets, subindustry) + group_rank(-annual_intangible_assets_net_carrying_value/assets, subindustry) + group_rank(ts_av_diff(cash/assets, 45), subindustry) + group_rank(ts_av_diff(cashflow_op/enterprise_value, 45), subindustry) + group_rank(-ts_delta(close, 10), subindustry) + rank(volume/ts_mean(volume, 120))"
w97_b,vRkXww9G,5.61,3.45,2.16,0.4119,3.62,0.0313,1,0.9946,0mR2K6lr,3.795,0mR2K6lr,-0.345,NO,"group_neutralize(group_rank(authorized_stock_buyback_amount/assets, subindustry) + group_rank(-annual_intangible_assets_net_carrying_value/assets, subindustry) + group_rank(ts_av_diff(cash/assets, 45), subindustry) + group_rank(ts_av_diff(cashflow_op/enterprise_value, 45), subindustry) + group_rank(-ts_delta(close, 10), subindustry) + rank(volume/ts_mean(volume, 120)), subindustry)"
w97_g,E5vPOze9,5.61,3.45,2.16,0.4119,3.62,0.0313,1,0.9946,0mR2K6lr,3.795,0mR2K6lr,-0.345,NO,"normalize(scale(group_rank(authorized_stock_buyback_amount/assets, subindustry) + group_rank(-annual_intangible_assets_net_carrying_value/assets, subindustry) + group_rank(ts_av_diff(cash/assets, 45), subindustry) + group_rank(ts_av_diff(cashflow_op/enterprise_value, 45), subindustry) + group_rank(-ts_delta(close, 10), subindustry) + rank(volume/ts_mean(volume, 120))))"
w39_f,58QGA2QJ,4.5,2.4,2.1,0.0825,1.64,0.0373,40,0.995,LL98E87L,2.695,LL98E87L,-0.295,NO,"group_rank(fnd6_newqv1300_ivstq/assets, subindustry) + group_rank(fnd6_xrent/assets, subindustry) + group_rank(ts_av_diff(cash/assets, 30), subindustry) + group_rank(-ts_delta(close, 3), subindustry) + rank(volume/ts_mean(volume, 60))"
w121_g,3q9NME20,4.43,2.53,1.9,0.1966,1.99,0.042,4,0.996,kqVp6wnO,3.058,akLp3pzW,-0.528,NO,"group_rank(fnd6_tstkc/assets, bucket(rank(ts_rank(cap, 250)), range=""0.1, 1, 0.1"")) + group_rank(fnd6_cicurr/assets, bucket(rank(ts_rank(cap, 250)), range=""0.1, 1, 0.1"")) + group_rank(fnd6_intc/assets, bucket(rank(ts_rank(cap, 250)), range=""0.1, 1, 0.1"")) + group_rank(ts_av_diff(cash/assets, 45), bucket(rank(ts_rank(cap, 250)), range=""0.1, 1, 0.1"")) + group_rank(ts_av_diff(cashflow_op/enterprise_value, 45), bucket(rank(ts_rank(cap, 250)), range=""0.1, 1, 0.1"")) + group_rank(-ts_delta(close, 2), bucket(rank(ts_rank(cap, 250)), range=""0.1, 1, 0.1"")) + 0.5*group_rank(if_else(rank(ts_regression(rank(returns), rank(vec_avg(anl4_basicdetailrec_ratingvalue)), 120, lag=0, rettype=2))>0.6, -ts_av_diff(vec_avg(anl4_basicdetailrec_ratingvalue), 120), 0), bucket(rank(ts_rank(cap, 250)), range=""0.1, 1, 0.1""))"
w86_h,RRVv7mXj,4.08,2.19,1.89,0.1017,1.57,0.0382,6,0.9963,6Xr2eQaJ,3.795,0mR2K6lr,-1.605,NO,"group_rank(authorized_stock_buyback_amount/assets, subindustry) + group_rank(-annual_intangible_assets_net_carrying_value/assets, subindustry) + 0.5*group_rank(-ts_delta(close, 10), subindustry) + 0.5*rank(volume/ts_mean(volume, 120))"
w95_b,WjPRxY7x,5.8,3.2,2.6,0.226,2.97,0.0341,3,0.9969,e79PvPpE,3.795,0mR2K6lr,-0.595,NO,"group_rank(authorized_stock_buyback_amount/assets, subindustry) + group_rank(-annual_intangible_assets_net_carrying_value/assets, subindustry) + group_rank(ts_av_diff(cash/assets, 45), subindustry) + group_rank(ts_av_diff(cashflow_op/enterprise_value, 45), subindustry) + group_rank(-ts_delta(close, 10), subindustry) + rank(volume/ts_mean(volume, 120))"
w48_i,A10e7Zag,4.19,2.23,1.96,0.1416,2.49,0.0392,21,0.997,e791WzbO,2.992,rK59235m,-0.762,NO,"group_rank(fnd6_newqv1300_cimiiq/assets, subindustry) + group_rank(ts_av_diff(cash/assets, 30), subindustry) + group_rank(ts_av_diff(cashflow_op/enterprise_value, 60), subindustry) + group_rank(-ts_delta(close, 2), subindustry) + rank(volume/ts_mean(volume, 60))"
w50_b,YP58geov,5.28,2.69,2.59,0.1416,3.03,0.0302,16,0.9973,rK59235m,3.795,0mR2K6lr,-1.105,NO,"group_rank(ts_av_diff(cash/assets, 45), subindustry) + group_rank(ts_av_diff(cashflow_op/enterprise_value, 60), subindustry) + group_rank(-ts_delta(close, 2), subindustry) + rank(volume/ts_mean(volume, 60))"
z1_cfevcashxo,vRkj6JqA,4.71,2.42,2.29,0.0987,1.96,0.0369,6,0.9973,ZY07MXgd,2.706,ZY07MXgd,-0.286,NO,"group_rank(ts_av_diff(cashflow_op/enterprise_value,60),subindustry) + group_rank(ts_av_diff(cash/assets,30),subindustry) + group_rank(fnd6_xopr/assets,subindustry)"
w97_f,vRkXwvNA,5.88,3.07,2.81,0.1689,2.62,0.033,1,0.9975,e79PvPpE,3.795,0mR2K6lr,-0.725,NO,"ts_decay_linear(group_rank(authorized_stock_buyback_amount/assets, subindustry) + group_rank(-annual_intangible_assets_net_carrying_value/assets, subindustry) + group_rank(ts_av_diff(cash/assets, 45), subindustry) + group_rank(ts_av_diff(cashflow_op/enterprise_value, 45), subindustry) + group_rank(-ts_delta(close, 10), subindustry) + rank(volume/ts_mean(volume, 120)), 5)"
y1_d35,d5Ojz1kK,4.38,2.36,2.02,0.0768,2.33,0.0413,35,0.9977,0mRwgR6k,2.585,0mRwgR6k,-0.225,NO,"group_rank(-ts_delta(close, 2), subindustry) + group_rank(fnd6_xopr/assets, subindustry) + rank(volume/ts_mean(volume, 60))"
w57_c,ZY0gAMW8,5.09,3.15,1.94,0.4698,3.19,0.0316,2,0.9981,mLgd6nwX,3.487,mLgd6nwX,-0.337,NO,"group_rank(fnd6_xrent/assets, subindustry) + group_rank(ts_av_diff(cash/assets, 45), subindustry) + group_rank(ts_av_diff(cashflow_op/enterprise_value, 45), subindustry) + group_rank(-ts_delta(close, 2), subindustry) + rank(volume/ts_mean(volume, 60))"
w94_c,N1QG2wgq,5.82,3.12,2.7,0.1937,2.75,0.0342,4,0.9991,e79PvPpE,3.795,0mR2K6lr,-0.675,NO,"group_rank(authorized_stock_buyback_amount/assets, subindustry) + group_rank(-annual_intangible_assets_net_carrying_value/assets, subindustry) + group_rank(dividend/(sharesout*close), subindustry) + group_rank(ts_av_diff(cash/assets, 45), subindustry) + group_rank(ts_av_diff(cashflow_op/enterprise_value, 45), subindustry) + group_rank(-ts_delta(close, 10), subindustry) + rank(volume/ts_mean(volume, 120))"
w94_j,O0rj2Zw1,5.85,3.13,2.72,0.1918,2.75,0.0337,4,0.9992,e79PvPpE,3.795,0mR2K6lr,-0.665,NO,"group_rank(authorized_stock_buyback_amount/assets, subindustry) + group_rank(-annual_intangible_assets_net_carrying_value/assets, subindustry) + group_rank(ts_av_diff(cash/assets, 45), subindustry) + group_rank(ts_av_diff(cashflow_op/enterprise_value, 45), subindustry) + group_rank(-ts_delta(close, 10), subindustry) + rank(volume/ts_mean(volume, 120))"
