id,cid,SF,tS,corr,hit,neut,expr
O0NQxp71,x172_w164_05_TURND,4.82,1.74,0.686,pwRwWoJ3,SUBINDUSTRY,"1.5*group_rank(ts_av_diff(cashflow_op/enterprise_value,45), subindustry) + group_rank(fn_accrued_liab_curr_a/assets, subindustry) + group_rank(fnd6_xrent/assets, subindustry) + 0.75*group_rank(-ts_rank(returns, 20), subindustry) + 0.75*group_rank(-ts_mean(open/ts_delay(close,1) - 1, 5), subindustry) + 0.75*group_rank(-ts_rank(returns, 5), subindustry) + 0.75*group_rank(-ts_rank(volume/ts_mean(volume, 120), 20), subindustry)"
A1NjP9Vl,x172_w165_01_OVN,4.98,2.13,0.6987,akbjdK26,SUBINDUSTRY,"1.5*group_rank(fnd6_pstkl/cap, subindustry) + group_rank(ts_av_diff(cashflow_op/enterprise_value,45), subindustry) + group_rank(fnd6_xrent/assets, subindustry) + 2.0*group_rank(-ts_rank(returns, 5), subindustry) + 0.75*group_rank(-ts_rank(open/ts_delay(close, 1) - 1, 20), subindustry)"
O0N0l8LR,w165_01,4.86,2.12,0.7065,akLp3pzW,SUBINDUSTRY,"1.5*group_rank(fnd6_pstkl/cap, subindustry) + group_rank(ts_av_diff(cashflow_op/enterprise_value,45), subindustry) + group_rank(fnd6_xrent/assets, subindustry) + 2.0*group_rank(-ts_rank(returns, 5), subindustry)"
Xgbm8EGz,x172_w164_01_TURND,4.91,1.62,0.7066,akbjdK26,SUBINDUSTRY,"1.5*group_rank(ts_av_diff(cash/assets,45), subindustry) + group_rank(-annual_intangible_assets_net_carrying_value/assets, subindustry) + group_rank(fnd6_xrent/assets, subindustry) + 1.25*group_rank(-ts_rank(returns, 5), subindustry) + 0.75*group_rank(-ts_rank(volume/ts_mean(volume, 120), 20), subindustry)"
MPaPEQGn,w164_02,5.0,3.09,0.7068,kqVp6wnO,SUBINDUSTRY,"1.5*group_rank(fnd6_mfmq_mibtq/cap, subindustry) + group_rank(ts_av_diff(cashflow_op/enterprise_value,45), subindustry) + group_rank(fn_accrued_liab_curr_a/assets, subindustry) + 1.5*group_rank(-ts_rank(returns, 5), subindustry)"
Vka1oG6A,m161_e79PvPpE,4.6,1.48,0.7086,levpXXGl,MARKET,"group_rank(authorized_stock_buyback_amount/assets, subindustry) + group_rank(-annual_intangible_assets_net_carrying_value/assets, subindustry) + group_rank(ts_av_diff(cash/assets, 45), subindustry) + group_rank(ts_av_diff(cashflow_op/enterprise_value, 45), subindustry) + group_rank(-ts_delta(close, 10), subindustry) + rank(volume/ts_mean(volume, 120))"
A1Nj7wYe,x172_w164_02_INTRA,5.21,3.51,0.7101,pwRwWoJ3,SUBINDUSTRY,"1.5*group_rank(fnd6_mfmq_mibtq/cap, subindustry) + group_rank(ts_av_diff(cashflow_op/enterprise_value,45), subindustry) + group_rank(fn_accrued_liab_curr_a/assets, subindustry) + 1.5*group_rank(-ts_rank(returns, 5), subindustry) + 0.75*group_rank(-ts_rank(close/open - 1, 20), subindustry)"
9qjqeMn1,w164_05,5.11,1.86,0.7109,pwRwWoJ3,SUBINDUSTRY,"1.5*group_rank(ts_av_diff(cashflow_op/enterprise_value,45), subindustry) + group_rank(fn_accrued_liab_curr_a/assets, subindustry) + group_rank(fnd6_xrent/assets, subindustry) + 0.75*group_rank(-ts_rank(returns, 20), subindustry) + 0.75*group_rank(-ts_mean(open/ts_delay(close,1) - 1, 5), subindustry) + 0.75*group_rank(-ts_rank(returns, 5), subindustry)"
j23qYr8O,w125_d,4.13,2.49,0.7126,kqVp6wnO,SUBINDUSTRY,"group_rank(fnd6_newa2v1300_tstk/assets, bucket(rank(ts_std_dev(returns, 20)), range=""0.1, 1, 0.1"")) + group_rank(fnd6_newqv1300_loq/assets, bucket(rank(ts_std_dev(returns, 20)), range=""0.1, 1, 0.1"")) + group_rank(fnd6_newqv1300_cicurrq/assets, bucket(rank(ts_std_dev(returns, 20)), range=""0.1, 1, 0.1"")) + 0.5*group_rank(ts_av_diff(cash/assets, 45), bucket(rank(ts_std_dev(returns, 20)), range=""0.1, 1, 0.1"")) + 0.5*group_rank(ts_av_diff(cashflow_op/enterprise_value, 45), bucket(rank(ts_std_dev(returns, 20)), range=""0.1, 1, 0.1"")) + 0.5*group_rank(-ts_delta(close, 2), bucket(rank(ts_std_dev(returns, 20)), range=""0.1, 1, 0.1"")) + 0.5*group_rank(volume/ts_mean(volume, 60), bucket(rank(ts_std_dev(returns, 20)), range=""0.1, 1, 0.1""))"
omL8lP5n,x172_w166_02_OVN,4.79,2.23,0.7218,pwRwWoJ3,SUBINDUSTRY,"1.5*group_rank(-(fnd6_newa2v1300_ni - cashflow_op)/assets, subindustry) + group_rank(operating_expense/assets, subindustry) + 2.0*group_rank(-ts_mean(abs(returns)/volume, 20), subindustry) + 2.0*group_rank(-ts_rank(returns, 5), subindustry) + 0.75*group_rank(-ts_rank(open/ts_delay(close, 1) - 1, 20), subindustry)"
78N8e57v,w166_02,4.65,2.21,0.7223,pwRwWoJ3,SUBINDUSTRY,"1.5*group_rank(-(fnd6_newa2v1300_ni - cashflow_op)/assets, subindustry) + group_rank(operating_expense/assets, subindustry) + 2.0*group_rank(-ts_mean(abs(returns)/volume, 20), subindustry) + 2.0*group_rank(-ts_rank(returns, 5), subindustry)"
d5bkwLGX,m161_0mR2K6lr,4.07,2.04,0.7229,e79PvPpE,MARKET,"group_rank(authorized_stock_buyback_amount/assets, subindustry) + group_rank(-annual_intangible_assets_net_carrying_value/assets, subindustry) + group_rank(news_short_interest, subindustry) + group_rank(ts_av_diff(cash/assets, 45), subindustry) + group_rank(ts_av_diff(cashflow_op/enterprise_value, 45), subindustry) + group_rank(-ts_delta(close, 10), subindustry) + rank(volume/ts_mean(volume, 120))"
Vk6AxE1b,w125_c,4.33,3.01,0.725,akLp3pzW,SUBINDUSTRY,"group_rank(fnd6_newqv1300_cicurrq/assets, bucket(rank(ts_std_dev(returns, 20)), range=""0.1, 1, 0.1"")) + group_rank(fnd6_dxd5/assets, bucket(rank(ts_std_dev(returns, 20)), range=""0.1, 1, 0.1"")) + group_rank(fnd6_aqi/assets, bucket(rank(ts_std_dev(returns, 20)), range=""0.1, 1, 0.1"")) + 0.5*group_rank(ts_av_diff(cash/assets, 45), bucket(rank(ts_std_dev(returns, 20)), range=""0.1, 1, 0.1"")) + 0.5*group_rank(ts_av_diff(cashflow_op/enterprise_value, 45), bucket(rank(ts_std_dev(returns, 20)), range=""0.1, 1, 0.1"")) + 0.5*group_rank(-ts_delta(close, 2), bucket(rank(ts_std_dev(returns, 20)), range=""0.1, 1, 0.1"")) + 0.5*group_rank(volume/ts_mean(volume, 60), bucket(rank(ts_std_dev(returns, 20)), range=""0.1, 1, 0.1""))"
rKOpExXE,x164_w16402_SEC,4.96,2.21,0.7386,58znv2Y1,SECTOR,"1.5*group_rank(fnd6_mfmq_mibtq/cap, subindustry) + group_rank(ts_av_diff(cashflow_op/enterprise_value,45), subindustry) + group_rank(fn_accrued_liab_curr_a/assets, subindustry) + 1.5*group_rank(-ts_rank(returns, 5), subindustry)"
om6jX2Xn,w114_m,4.13,2.33,0.7387,j23Pl0e5,SUBINDUSTRY,"group_rank(ts_corr(cap, ts_mean(volume, 20), 60), bucket(rank(ts_mean(volume*close, 20)), range=""0.1, 1, 0.1"")) + group_rank(fnd6_intc/assets, bucket(rank(ts_mean(volume*close, 20)), range=""0.1, 1, 0.1"")) + group_rank(ts_av_diff(cash/assets, 45), bucket(rank(ts_mean(volume*close, 20)), range=""0.1, 1, 0.1"")) + group_rank(ts_av_diff(cashflow_op/enterprise_value, 45), bucket(rank(ts_mean(volume*close, 20)), range=""0.1, 1, 0.1"")) + group_rank(-ts_delta(close, 2), bucket(rank(ts_mean(volume*close, 20)), range=""0.1, 1, 0.1"")) + group_rank(volume/ts_mean(volume, 60), bucket(rank(ts_mean(volume*close, 20)), range=""0.1, 1, 0.1""))"
xAY7oGrn,w115_c,4.36,1.91,0.7394,akLp3pzW,SECTOR,"group_rank(fnd6_intc/assets, bucket(rank(cap), range=""0.1, 1, 0.1"")) + group_rank(fnd6_tfvce/assets, bucket(rank(cap), range=""0.1, 1, 0.1"")) + group_rank(ts_av_diff(cash/assets, 45), bucket(rank(cap), range=""0.1, 1, 0.1"")) + group_rank(ts_av_diff(cashflow_op/enterprise_value, 45), bucket(rank(cap), range=""0.1, 1, 0.1"")) + group_rank(-ts_delta(close, 2), bucket(rank(cap), range=""0.1, 1, 0.1"")) + group_rank(volume/ts_mean(volume, 60), bucket(rank(cap), range=""0.1, 1, 0.1""))"
vRrwaX7z,x163_w27lnoqxrent_MAR,4.15,1.28,0.7398,YPbLZK2W,MARKET,"group_rank(fnd6_newqv1300_lnoq/assets, subindustry) + group_rank(fnd6_xrent/assets, subindustry) + group_rank(ts_av_diff(cashflow_op/enterprise_value, 60), subindustry) + rank(-ts_delta(close, 2)) + rank(volume/ts_mean(volume, 60))"
N1a1Ewqp,w162_04,5.11,1.73,0.7415,pwRwWoJ3,SUBINDUSTRY,"1.5*group_rank(ts_av_diff(cashflow_op/enterprise_value,45), subindustry) + group_rank(fn_accrued_liab_curr_a/assets, subindustry) + group_rank(-annual_intangible_assets_net_carrying_value/assets, subindustry) + group_rank(fnd6_xrent/assets, subindustry) + 1.25*group_rank(volume/ts_mean(volume, 120), subindustry) + 1.25*group_rank(-ts_mean(open/ts_delay(close,1) - 1, 5), subindustry) + 1.25*group_rank(-ts_rank(returns, 5), subindustry)"
j238M38O,w27_lnoq_xrent,4.63,2.28,0.7418,XgWnklXa,SUBINDUSTRY,"group_rank(fnd6_newqv1300_lnoq/assets, subindustry) + group_rank(fnd6_xrent/assets, subindustry) + group_rank(ts_av_diff(cashflow_op/enterprise_value, 60), subindustry) + rank(-ts_delta(close, 2)) + rank(volume/ts_mean(volume, 60))"
mLmwAnW5,x164_w16602_SEC,4.82,2.16,0.7433,pwRwWoJ3,SECTOR,"1.5*group_rank(-(fnd6_newa2v1300_ni - cashflow_op)/assets, subindustry) + group_rank(operating_expense/assets, subindustry) + 2.0*group_rank(-ts_mean(abs(returns)/volume, 20), subindustry) + 2.0*group_rank(-ts_rank(returns, 5), subindustry)"
gJbk9V1K,x172_w164_06_TURND,4.98,2.43,0.7506,0mXm1neK,SUBINDUSTRY,"1.5*group_rank(fnd6_lqpl1/cap, subindustry) + group_rank(fn_accrued_liab_curr_a/assets, subindustry) + group_rank(-ts_delta(close, 2), subindustry) + group_rank(volume/ts_mean(volume, 120), subindustry) + group_rank(-ts_rank(returns, 5), subindustry) + 0.75*group_rank(-ts_rank(volume/ts_mean(volume, 120), 20), subindustry)"
Grbr2YO5,w164_01,5.31,1.76,0.751,O0N0R5NY,SUBINDUSTRY,"1.5*group_rank(ts_av_diff(cash/assets,45), subindustry) + group_rank(-annual_intangible_assets_net_carrying_value/assets, subindustry) + group_rank(fnd6_xrent/assets, subindustry) + 1.25*group_rank(-ts_rank(returns, 5), subindustry)"
58z8dKZJ,w162_02,4.92,2.25,0.7532,pwRwWoJ3,SUBINDUSTRY,"1.5*group_rank(-annual_intangible_assets_net_carrying_value/assets, subindustry) + 0.5*group_rank(-ts_delta(close, 5), subindustry) + 0.5*group_rank(-ts_mean(abs(returns)/volume, 20), subindustry) + 0.5*group_rank(-ts_rank(returns, 5), subindustry)"
pwRY1Ako,x162_w164_04_SEC,5.66,1.64,0.7563,pwRwWoJ3,SECTOR,"1.5*group_rank(fnd6_pstkl/cap, subindustry) + group_rank(fnd6_txtubadjust/cap, subindustry) + group_rank(fnd6_xrent/assets, subindustry) + 1.25*group_rank(-ts_delta(close, 5), subindustry) + 1.25*group_rank(-ts_mean(abs(returns)/volume, 20), subindustry) + 1.25*group_rank(-ts_rank(returns, 5), subindustry)"
QPbPpA8W,w162_03,4.95,2.28,0.7622,kqoq0zed,SUBINDUSTRY,"1.5*group_rank(fnd6_newa1v1300_aol2/cap, subindustry) + group_rank(ts_av_diff(assets_curr/assets,30), subindustry) + group_rank(-annual_intangible_assets_net_carrying_value/assets, subindustry) + group_rank(fnd6_xrent/assets, subindustry) + 2.0*group_rank(-ts_delta(close, 20), subindustry) + 2.0*group_rank(volume/ts_mean(volume, 120), subindustry) + 2.0*group_rank(-ts_rank(returns, 5), subindustry)"
RRV5zJX0,w39_h,4.85,1.35,0.7623,O0rZ90n1,SUBINDUSTRY,"group_rank(fnd6_newqv1300_cimiiq/assets, subindustry) + group_rank(fnd6_xrent/assets, subindustry) + group_rank(ts_av_diff(cash/assets, 30), subindustry) + group_rank(-ts_delta(close, 2), subindustry) + rank(volume/ts_mean(volume, 60))"
GrdZWbvO,w125_f,4.18,2.68,0.7635,akLp3pzW,SUBINDUSTRY,"group_rank(fnd6_newqv1300_spceepsp12/assets, bucket(rank(ts_mean(volume*close, 20)), range=""0.1, 1, 0.1"")) + group_rank(fnd6_newqv1300_prcepsq/assets, bucket(rank(ts_mean(volume*close, 20)), range=""0.1, 1, 0.1"")) + group_rank(fnd6_newqv1300_cicurrq/assets, bucket(rank(ts_mean(volume*close, 20)), range=""0.1, 1, 0.1"")) + group_rank(fnd6_dxd5/assets, bucket(rank(ts_mean(volume*close, 20)), range=""0.1, 1, 0.1"")) + 0.5*group_rank(ts_av_diff(cash/assets, 45), bucket(rank(ts_mean(volume*close, 20)), range=""0.1, 1, 0.1"")) + 0.5*group_rank(ts_av_diff(cashflow_op/enterprise_value, 45), bucket(rank(ts_mean(volume*close, 20)), range=""0.1, 1, 0.1"")) + 0.5*group_rank(-ts_delta(close, 2), bucket(rank(ts_mean(volume*close, 20)), range=""0.1, 1, 0.1"")) + 0.5*group_rank(volume/ts_mean(volume, 60), bucket(rank(ts_mean(volume*close, 20)), range=""0.1, 1, 0.1""))"
Grd7dq80,w87_d,4.24,1.43,0.7642,e79PvPpE,SUBINDUSTRY,"group_rank(authorized_stock_buyback_amount/assets, subindustry) + group_rank(anl4_fs_detail_estimate_1qf_v4_nd_sga_median/assets, subindustry) + 0.4*group_rank(ts_av_diff(cash/assets, 45), subindustry) + 0.4*group_rank(ts_av_diff(cashflow_op/enterprise_value, 45), subindustry) + 0.25*group_rank(-ts_delta(close, 10), subindustry) + 0.25*rank(volume/ts_mean(volume, 120))"
mLmwVok6,x172_w164_04_OVN,5.88,1.83,0.7644,pwRwWoJ3,SUBINDUSTRY,"1.5*group_rank(fnd6_pstkl/cap, subindustry) + group_rank(fnd6_txtubadjust/cap, subindustry) + group_rank(fnd6_xrent/assets, subindustry) + 1.25*group_rank(-ts_delta(close, 5), subindustry) + 1.25*group_rank(-ts_mean(abs(returns)/volume, 20), subindustry) + 1.25*group_rank(-ts_rank(returns, 5), subindustry) + 0.75*group_rank(-ts_rank(open/ts_delay(close, 1) - 1, 20), subindustry)"
blRJRxvl,w54_c,5.24,2.6,0.7645,O0rZ90n1,SUBINDUSTRY,"group_rank(fnd6_xrent/assets, subindustry) + group_rank(ts_av_diff(cash, 45)/assets, subindustry) + group_rank(ts_av_diff(cashflow_op, 45)/enterprise_value, subindustry) + group_rank(-ts_delta(close, 2), subindustry) + rank(volume/ts_mean(volume, 60))"
6XrkW6R5,w124_e,4.28,2.78,0.7672,akLp3pzW,SUBINDUSTRY,"group_rank(fnd6_newqv1300_cicurrq/assets, bucket(rank(ts_mean(volume*close, 20)), range=""0.1, 1, 0.1"")) + group_rank(fnd6_dxd5/assets, bucket(rank(ts_mean(volume*close, 20)), range=""0.1, 1, 0.1"")) + group_rank(fnd6_aqi/assets, bucket(rank(ts_mean(volume*close, 20)), range=""0.1, 1, 0.1"")) + 0.5*group_rank(ts_av_diff(cash/assets, 45), bucket(rank(ts_mean(volume*close, 20)), range=""0.1, 1, 0.1"")) + 0.5*group_rank(ts_av_diff(cashflow_op/enterprise_value, 45), bucket(rank(ts_mean(volume*close, 20)), range=""0.1, 1, 0.1"")) + 0.5*group_rank(-ts_delta(close, 2), bucket(rank(ts_mean(volume*close, 20)), range=""0.1, 1, 0.1"")) + 0.5*group_rank(volume/ts_mean(volume, 60), bucket(rank(ts_mean(volume*close, 20)), range=""0.1, 1, 0.1""))"
MPaPVYpM,w161_08,4.25,2.12,0.7677,kqoq0zed,SUBINDUSTRY,"1.5*group_rank(fnd6_newa1v1300_aol2/cap, subindustry) + 0.75*group_rank(-ts_delta(close, 2), subindustry) + 0.75*group_rank(volume/ts_mean(volume, 120), subindustry) + 0.75*group_rank(-ts_rank(returns, 20), subindustry)"
XgbgZLZX,w162_06,5.81,1.81,0.7678,pwRwWoJ3,SUBINDUSTRY,"1.5*group_rank(fnd6_pstkl/cap, subindustry) + group_rank(fn_accrued_liab_curr_a/assets, subindustry) + group_rank(fnd6_xrent/assets, subindustry) + 0.75*group_rank(-ts_delta(close, 5), subindustry) + 0.75*group_rank(-ts_mean(abs(returns)/volume, 20), subindustry) + 0.75*group_rank(-ts_rank(returns, 5), subindustry)"
KPNPoMAz,w164_04,5.86,1.82,0.7698,pwRwWoJ3,SUBINDUSTRY,"1.5*group_rank(fnd6_pstkl/cap, subindustry) + group_rank(fnd6_txtubadjust/cap, subindustry) + group_rank(fnd6_xrent/assets, subindustry) + 1.25*group_rank(-ts_delta(close, 5), subindustry) + 1.25*group_rank(-ts_mean(abs(returns)/volume, 20), subindustry) + 1.25*group_rank(-ts_rank(returns, 5), subindustry)"
gJQgpgGM,w63_f,4.1,3.5,0.7736,le8EAJLO,SUBINDUSTRY,"group_rank(fnd6_txtubpospinc/assets, subindustry) + group_rank(ts_av_diff(cash/assets, 45), subindustry) + group_rank(ts_av_diff(cashflow_op/enterprise_value, 45), subindustry) + group_rank(-ts_delta(close, 3), subindustry) + rank(volume/ts_mean(volume, 60))"
kqVMGzQ8,w91_f,4.25,1.44,0.7749,6Xr2eQaJ,SUBINDUSTRY,"group_rank(authorized_stock_buyback_amount/assets, subindustry) + group_rank(anl4_fs_detail_estimate_1qf_v4_nd_sga_median/assets, subindustry) + 0.30*group_rank(ts_av_diff(cash/assets, 45), subindustry) + 0.30*group_rank(ts_av_diff(cashflow_op/enterprise_value, 45), subindustry) + 0.30*group_rank(-ts_delta(close, 10), subindustry) + 0.30*rank(volume/ts_mean(volume, 120))"
kqVYj9X6,w87_b,4.25,1.44,0.7749,6Xr2eQaJ,SUBINDUSTRY,"group_rank(authorized_stock_buyback_amount/assets, subindustry) + group_rank(anl4_fs_detail_estimate_1qf_v4_nd_sga_median/assets, subindustry) + 0.3*group_rank(ts_av_diff(cash/assets, 45), subindustry) + 0.3*group_rank(ts_av_diff(cashflow_op/enterprise_value, 45), subindustry) + 0.3*group_rank(-ts_delta(close, 10), subindustry) + 0.3*rank(volume/ts_mean(volume, 120))"
qMxMV8NA,w161_03,5.68,2.19,0.7766,levpXXGl,SUBINDUSTRY,"1.5*group_rank(fnd6_pstkl/cap, subindustry) + group_rank(-annual_intangible_assets_net_carrying_value/assets, subindustry) + group_rank(fnd6_xrent/assets, subindustry) + 0.75*group_rank(-ts_delta(close, 20), subindustry) + 0.75*group_rank(-ts_rank(returns, 20), subindustry) + 0.75*group_rank(-ts_mean(abs(returns)/volume, 20), subindustry)"
78ZP2gj1,w114_c,4.81,2.46,0.7767,akLp3pzW,SUBINDUSTRY,"group_rank(fnd6_intc/assets, bucket(rank(ts_std_dev(returns, 20)), range=""0.1, 1, 0.1"")) + group_rank(fnd6_tfvce/assets, bucket(rank(ts_std_dev(returns, 20)), range=""0.1, 1, 0.1"")) + group_rank(ts_av_diff(cash/assets, 45), bucket(rank(ts_std_dev(returns, 20)), range=""0.1, 1, 0.1"")) + group_rank(ts_av_diff(cashflow_op/enterprise_value, 45), bucket(rank(ts_std_dev(returns, 20)), range=""0.1, 1, 0.1"")) + group_rank(-ts_delta(close, 2), bucket(rank(ts_std_dev(returns, 20)), range=""0.1, 1, 0.1"")) + group_rank(volume/ts_mean(volume, 60), bucket(rank(ts_std_dev(returns, 20)), range=""0.1, 1, 0.1""))"
wpZKwnv2,x162_w162_06_SEC,5.35,1.29,0.7771,levpXXGl,SECTOR,"1.5*group_rank(fnd6_pstkl/cap, subindustry) + group_rank(fn_accrued_liab_curr_a/assets, subindustry) + group_rank(fnd6_xrent/assets, subindustry) + 0.75*group_rank(-ts_delta(close, 5), subindustry) + 0.75*group_rank(-ts_mean(abs(returns)/volume, 20), subindustry) + 0.75*group_rank(-ts_rank(returns, 5), subindustry)"
P0ZPxpEM,w37_l,4.08,1.49,0.7785,9qVEA1ZV,SUBINDUSTRY,"group_rank(fnd6_newqv1300_lol2q/assets, subindustry) + group_rank(fnd6_xrent/assets, subindustry) + group_rank(ts_av_diff(cash/assets, 30), subindustry) + group_rank(-ts_delta(close, 2), subindustry) + rank(volume/ts_mean(volume, 60))"
MP1egvq6,w68_f,4.72,1.83,0.779,qMW92Az2,INDUSTRY,"group_rank(fnd6_xrent/assets, industry) + group_rank(ts_av_diff(cashflow_op/enterprise_value, 45), industry) + group_rank(-ts_rank(close, 10), industry)"
vRkp2VRv,w67_a,4.24,1.89,0.7794,A10a7pdY,INDUSTRY,"group_rank(liabilities_curr/assets, industry) + group_rank(anl4_fs_detail_estimate_1qf_v4_nd_ptpr_mean/assets, industry) + group_rank(-ts_rank(close, 10), industry)"
883GYlNo,w41_b,4.84,1.68,0.7795,RRV5l5Go,SUBINDUSTRY,"group_rank(fnd6_newqv1300_cimiiq/assets, subindustry) + group_rank(fnd6_xrent/assets, subindustry) + group_rank(ts_av_diff(cashflow_op/enterprise_value, 60), subindustry) + group_rank(-ts_delta(close, 2), subindustry) + rank(volume/ts_mean(volume, 60))"
omLmJvPl,w160_00,5.57,2.11,0.7798,pwRwWoJ3,SUBINDUSTRY,"1.5*group_rank(fnd6_lqpl1/cap, subindustry) + group_rank(ts_av_diff(cashflow_op/enterprise_value,45), subindustry) + group_rank(fn_accrued_liab_curr_a/assets, subindustry) + group_rank(fnd6_xrent/assets, subindustry) + 2.0*group_rank(-ts_rank(returns, 20), subindustry)"
mLgnlgo9,w114_g,4.0,2.78,0.7799,j23Pl0e5,SUBINDUSTRY,"group_rank(fnd6_newqv1300_xoptq/assets, bucket(rank(sales/assets), range=""0.1, 1, 0.1"")) + group_rank(fnd6_newqv1300_glcea12/assets, bucket(rank(sales/assets), range=""0.1, 1, 0.1"")) + group_rank(ts_av_diff(cash/assets, 45), bucket(rank(sales/assets), range=""0.1, 1, 0.1"")) + group_rank(ts_av_diff(cashflow_op/enterprise_value, 45), bucket(rank(sales/assets), range=""0.1, 1, 0.1"")) + group_rank(-ts_delta(close, 2), bucket(rank(sales/assets), range=""0.1, 1, 0.1"")) + group_rank(volume/ts_mean(volume, 60), bucket(rank(sales/assets), range=""0.1, 1, 0.1""))"
blRe65g6,w125_a,4.13,2.06,0.7812,kqVp6wnO,SUBINDUSTRY,"group_rank(fnd6_newqv1300_cicurrq/assets, bucket(rank(ts_mean(volume*close, 20)), range=""0.1, 1, 0.1"")) + group_rank(fnd6_dxd5/assets, bucket(rank(ts_mean(volume*close, 20)), range=""0.1, 1, 0.1"")) + group_rank(fnd6_aqi/assets, bucket(rank(ts_mean(volume*close, 20)), range=""0.1, 1, 0.1"")) + group_rank(fnd6_newa2v1300_tstk/assets, bucket(rank(ts_mean(volume*close, 20)), range=""0.1, 1, 0.1"")) + 0.5*group_rank(ts_av_diff(cash/assets, 45), bucket(rank(ts_mean(volume*close, 20)), range=""0.1, 1, 0.1"")) + 0.5*group_rank(ts_av_diff(cashflow_op/enterprise_value, 45), bucket(rank(ts_mean(volume*close, 20)), range=""0.1, 1, 0.1"")) + 0.5*group_rank(-ts_delta(close, 2), bucket(rank(ts_mean(volume*close, 20)), range=""0.1, 1, 0.1"")) + 0.5*group_rank(volume/ts_mean(volume, 60), bucket(rank(ts_mean(volume*close, 20)), range=""0.1, 1, 0.1""))"
LLNVeOVn,m161_gJQMxZoJ,4.81,1.46,0.7834,gJQMxZoJ,MARKET,"group_rank(-ts_mean(abs(returns)/volume, 20), subindustry) + group_rank(fnd6_xrent/assets, subindustry) + rank(-ts_delta(close, 2))"
6XjXk7nO,w164_06,4.8,2.47,0.7837,0mXm1neK,SUBINDUSTRY,"1.5*group_rank(fnd6_lqpl1/cap, subindustry) + group_rank(fn_accrued_liab_curr_a/assets, subindustry) + group_rank(-ts_delta(close, 2), subindustry) + group_rank(volume/ts_mean(volume, 120), subindustry) + group_rank(-ts_rank(returns, 5), subindustry)"
e7bkoYRJ,n160_MPaPVYpM_SEC,4.1,1.88,0.7849,58znv2Y1,SECTOR,"1.5*group_rank(fnd6_newa1v1300_aol2/cap, subindustry) + 0.75*group_rank(-ts_delta(close, 2), subindustry) + 0.75*group_rank(volume/ts_mean(volume, 120), subindustry) + 0.75*group_rank(-ts_rank(returns, 20), subindustry)"
2rO9wZvJ,w55_d,5.57,1.67,0.7856,RRV5l5Go,SUBINDUSTRY,"trade_when(volume > ts_mean(volume, 20), group_rank(fnd6_xrent/assets, subindustry) + group_rank(ts_av_diff(cash/assets, 45), subindustry) + group_rank(ts_av_diff(cashflow_op/enterprise_value, 45), subindustry) + group_rank(-ts_delta(close, 2), subindustry) + rank(volume/ts_mean(volume, 60)), -1)"
rK5NKRYd,w62_f,4.39,3.79,0.7857,le8EAJLO,SUBINDUSTRY,"group_rank(fnd6_dxd2/assets, subindustry) + group_rank(ts_av_diff(cash/assets, 45), subindustry) + group_rank(ts_av_diff(cashflow_op/enterprise_value, 45), subindustry) + group_rank(-ts_delta(close, 2), subindustry) + rank(volume/ts_mean(volume, 60))"
78ZGmRV5,w40_e,4.92,1.71,0.7863,RRV5l5Go,SUBINDUSTRY,"group_rank(fnd6_newqv1300_cimiiq/assets, subindustry) + group_rank(fnd6_xrent/assets, subindustry) + group_rank(ts_av_diff(cashflow_op/enterprise_value, 60), subindustry) + group_rank(-ts_delta(close, 2), subindustry) + rank(volume/ts_mean(volume, 60))"
vRkY66xQ,w41_f,4.92,1.71,0.7863,RRV5l5Go,SUBINDUSTRY,"group_rank(fnd6_newqv1300_cimiiq/assets, subindustry) + group_rank(fnd6_xrent/assets, subindustry) + group_rank(ts_av_diff(cashflow_op/enterprise_value, 60), subindustry) + group_rank(-ts_delta(close, 2), subindustry) + rank(volume/ts_mean(volume, 60))"
WjPx1mjd,w80_c,4.09,1.46,0.7881,e79PvPpE,SUBINDUSTRY,"group_rank((anl4_fs_detail_estimate_1qf_v4_nd_cff_high - anl4_fs_detail_estimate_1qf_v4_nd_cff_low) / abs(anl4_fs_detail_estimate_1qf_v4_nd_cff_mean), subindustry) + group_rank(anl4_fs_detail_estimate_1qf_v4_nd_netdebt_high/assets, subindustry) + group_rank(ts_av_diff(cash/assets, 75), subindustry) + group_rank(-ts_delta(close, 8), subindustry) + rank(volume/ts_mean(volume, 150))"
kqoEeY8P,x162_w162_03_SEC,4.77,1.93,0.7882,kqoq0zed,SECTOR,"1.5*group_rank(fnd6_newa1v1300_aol2/cap, subindustry) + group_rank(ts_av_diff(assets_curr/assets,30), subindustry) + group_rank(-annual_intangible_assets_net_carrying_value/assets, subindustry) + group_rank(fnd6_xrent/assets, subindustry) + 2.0*group_rank(-ts_delta(close, 20), subindustry) + 2.0*group_rank(volume/ts_mean(volume, 120), subindustry) + 2.0*group_rank(-ts_rank(returns, 5), subindustry)"
O0rJObeJ,w32_k,4.26,1.77,0.7888,RRVLeabj,SUBINDUSTRY,"group_rank(fnd6_mfma2_revt/assets, subindustry) + group_rank(ts_av_diff(cash/assets, 30), subindustry) + group_rank(fnd6_xopr/assets, subindustry) + group_rank(-ts_delta(close, 2), subindustry) + rank(volume/ts_mean(volume, 60))"
kqV89LJd,w42_c,4.98,1.74,0.79,RRV5l5Go,SUBINDUSTRY,"group_rank(fnd6_newqv1300_cimiiq/assets, subindustry) + group_rank(fnd6_xrent/assets, subindustry) + group_rank(ts_av_diff(cashflow_op/enterprise_value, 60), subindustry) + group_rank(-ts_delta(close, 2), subindustry) + rank(volume/ts_mean(volume, 60))"
xAYEYdRq,w87_h,4.32,1.43,0.7905,e79PvPpE,SUBINDUSTRY,"group_rank(authorized_stock_buyback_amount/assets, subindustry) + group_rank(anl4_fs_detail_estimate_1qf_v4_nd_sga_median/assets, subindustry) + 0.35*group_rank(ts_av_diff(cash/assets, 45), subindustry) + 0.35*group_rank(ts_av_diff(cashflow_op/enterprise_value, 45), subindustry) + 0.35*group_rank(-ts_delta(close, 10), subindustry) + 0.35*rank(volume/ts_mean(volume, 120))"
O0rdjnrv,w114_n,4.62,2.0,0.7906,akLp3pzW,SUBINDUSTRY,"group_rank(fnd6_tstkc/assets, bucket(rank(cap), range=""0.1, 1, 0.1"")) + group_rank(fnd6_lifr/assets, bucket(rank(cap), range=""0.1, 1, 0.1"")) + group_rank(ts_av_diff(cash/assets, 45), bucket(rank(cap), range=""0.1, 1, 0.1"")) + group_rank(ts_av_diff(cashflow_op/enterprise_value, 45), bucket(rank(cap), range=""0.1, 1, 0.1"")) + group_rank(-ts_delta(close, 2), bucket(rank(cap), range=""0.1, 1, 0.1"")) + group_rank(volume/ts_mean(volume, 60), bucket(rank(cap), range=""0.1, 1, 0.1""))"
N1QK8ezq,w42_f,4.98,1.42,0.791,RRV5l5Go,SUBINDUSTRY,"group_rank(fnd6_newqv1300_cimiiq/assets, subindustry) + group_rank(fnd6_xrent/assets, subindustry) + group_rank(ts_av_diff(cashflow_op/enterprise_value, 60), subindustry) + group_rank(-ts_delta(close, 2), subindustry) + rank(volume/ts_mean(volume, 90))"
le8Evzp8,w55_c,5.68,1.9,0.7918,RRV5l5Go,SUBINDUSTRY,"quantile(group_rank(fnd6_xrent/assets, subindustry)) + quantile(group_rank(ts_av_diff(cash/assets, 45), subindustry)) + quantile(group_rank(ts_av_diff(cashflow_op/enterprise_value, 45), subindustry)) + group_rank(-ts_delta(close, 2), subindustry) + rank(volume/ts_mean(volume, 60))"
le8lQ3n7,f09_sector_grp,4.49,1.87,0.7926,9qX3M2mq,SUBINDUSTRY,"group_rank(liabilities_curr/assets, sector) + rank(-ts_delta(close, 2))"
6XrGNe8L,w42_e,4.81,1.7,0.7936,RRV5l5Go,SUBINDUSTRY,"group_rank(fnd6_newqv1300_cimiiq/assets, subindustry) + group_rank(fnd6_xrent/assets, subindustry) + group_rank(ts_av_diff(cashflow_op/enterprise_value, 60), subindustry) + group_rank(-ts_delta(close, 2), subindustry) + rank(volume/ts_mean(volume, 40))"
wpYNPJld,w41_a,5.06,1.78,0.7937,RRV5l5Go,SUBINDUSTRY,"group_rank(fnd6_newqv1300_cimiiq/assets, subindustry) + group_rank(fnd6_xrent/assets, subindustry) + group_rank(ts_av_diff(cashflow_op/enterprise_value, 60), subindustry) + group_rank(-ts_delta(close, 2), subindustry) + rank(volume/ts_mean(volume, 60))"
d5b5O2aw,w145_f,4.01,2.55,0.794,e79PvPpE,SUBINDUSTRY,"group_rank(authorized_stock_repurchase_amount/cap, subindustry) + group_rank(-annual_intangible_assets_net_carrying_value/cap, subindustry) + group_rank(ts_delta(scl12_sentiment, 22), subindustry) + group_rank(ts_av_diff(cash/cap, 45), subindustry) + group_rank(ts_av_diff(cashflow_op/cap, 45), subindustry) + 0.75*group_rank(-ts_delta(close, 10), subindustry) + 0.75*group_rank(volume/ts_mean(volume, 120), subindustry)"
P0ZLAN9J,w114_b,4.61,2.21,0.7942,e79PvPpE,SUBINDUSTRY,"group_rank(fnd6_newqv1300_fcaq/assets, bucket(rank(ts_mean(volume*close, 20)), range=""0.1, 1, 0.1"")) + group_rank(fnd6_newqv1300_tfvceq/assets, bucket(rank(ts_mean(volume*close, 20)), range=""0.1, 1, 0.1"")) + group_rank(ts_av_diff(cash/assets, 45), bucket(rank(ts_mean(volume*close, 20)), range=""0.1, 1, 0.1"")) + group_rank(ts_av_diff(cashflow_op/enterprise_value, 45), bucket(rank(ts_mean(volume*close, 20)), range=""0.1, 1, 0.1"")) + group_rank(-ts_delta(close, 2), bucket(rank(ts_mean(volume*close, 20)), range=""0.1, 1, 0.1"")) + group_rank(volume/ts_mean(volume, 60), bucket(rank(ts_mean(volume*close, 20)), range=""0.1, 1, 0.1""))"
A1N10ObY,w147_b,4.18,2.81,0.7942,0mR2K6lr,SUBINDUSTRY,"quantile(group_rank(authorized_stock_buyback_amount/cap, subindustry) + group_rank(-annual_intangible_assets_net_carrying_value/cap, subindustry) + group_rank(ts_delta(scl12_sentiment, 22), subindustry) + group_rank(ts_av_diff(cash/cap, 45), subindustry) + group_rank(ts_av_diff(cashflow_op/cap, 45), subindustry) + group_rank(-ts_delta(close, 10), subindustry) + rank(volume/ts_mean(volume, 120)), driver=""uniform"")"
om6Pkzak,w43_g,5.08,1.48,0.7946,RRV5l5Go,SUBINDUSTRY,"group_rank(fnd6_newqv1300_cimiiq/assets, subindustry) + group_rank(fnd6_xrent/assets, subindustry) + group_rank(ts_av_diff(cashflow_op/enterprise_value, 60), subindustry) + group_rank(-ts_delta(close, 2), subindustry) + rank(volume/ts_mean(volume, 90))"
A10QjL3l,w32_h,4.18,2.15,0.7949,9qVEA1ZV,SUBINDUSTRY,"group_rank(fnd6_xrent/assets, subindustry) + group_rank(ts_av_diff(cash/assets, 30), subindustry) + group_rank(fnd6_newqv1300_lol2q/assets, subindustry) + group_rank(-ts_delta(close, 2), subindustry) + rank(volume/ts_mean(volume, 60))"
zq8KwmA8,x162_w162_07_MAR,4.0,1.67,0.795,akbjdK26,MARKET,"1.5*group_rank(fn_accrued_liab_curr_a/assets, subindustry) + group_rank(authorized_stock_buyback_amount/assets, subindustry) + group_rank(-annual_intangible_assets_net_carrying_value/assets, subindustry) + 1.5*group_rank(-ts_rank(returns, 5), subindustry)"
akL0jNj1,w119_b,4.28,2.95,0.7952,akLmmvPW,SUBINDUSTRY,"group_rank(fnd6_cicurr/assets, bucket(rank(cashflow_op/assets), range=""0.1, 1, 0.1"")) + group_rank(fnd6_newqv1300_xoptq/assets, bucket(rank(cashflow_op/assets), range=""0.1, 1, 0.1"")) + group_rank(fnd6_tfvce/assets, bucket(rank(cashflow_op/assets), range=""0.1, 1, 0.1"")) + group_rank(ts_av_diff(cash/assets, 45), bucket(rank(cashflow_op/assets), range=""0.1, 1, 0.1"")) + group_rank(ts_av_diff(cashflow_op/enterprise_value, 45), bucket(rank(cashflow_op/assets), range=""0.1, 1, 0.1"")) + group_rank(-ts_delta(close, 2), bucket(rank(cashflow_op/assets), range=""0.1, 1, 0.1""))"
883G25GW,w43_c,5.1,1.8,0.7957,RRV5l5Go,SUBINDUSTRY,"group_rank(fnd6_newqv1300_cimiiq/assets, subindustry) + group_rank(fnd6_xrent/assets, subindustry) + group_rank(ts_av_diff(cashflow_op/enterprise_value, 60), subindustry) + group_rank(-ts_delta(close, 2), subindustry) + rank(volume/ts_mean(volume, 60))"
j23VMQlj,w43_f,4.87,1.73,0.7958,RRV5l5Go,SUBINDUSTRY,"group_rank(fnd6_newqv1300_cimiiq/assets, subindustry) + group_rank(fnd6_xrent/assets, subindustry) + group_rank(ts_av_diff(cashflow_op/enterprise_value, 60), subindustry) + group_rank(-ts_delta(close, 2), subindustry) + rank(volume/ts_mean(volume, 40))"
LLNVdxl9,x172_w164_03_OVN,5.0,1.4,0.7963,npdpEJ3l,SUBINDUSTRY,"1.5*group_rank(ts_av_diff(cash/assets,45), subindustry) + group_rank(ts_av_diff(assets_curr/assets,30), subindustry) + group_rank(fnd6_xrent/assets, subindustry) + 2.0*group_rank(-ts_mean(abs(returns)/volume, 20), subindustry) + 2.0*group_rank(-ts_rank(returns, 5), subindustry) + 0.75*group_rank(-ts_rank(open/ts_delay(close, 1) - 1, 20), subindustry)"
KPO5mKO1,w67_f,4.13,2.44,0.7966,qMW92Az2,INDUSTRY,"group_rank(-anl4_fs_detail_estimate_1qf_v4_nd_sga_median/assets, industry) + group_rank(ts_av_diff(cashflow_op/enterprise_value, 45), industry) + group_rank(-ts_rank(close, 10), industry)"
GrdQ7pmP,w43_e,5.12,1.82,0.7969,RRV5l5Go,SUBINDUSTRY,"group_rank(fnd6_newqv1300_cimiiq/assets, subindustry) + group_rank(fnd6_xrent/assets, subindustry) + group_rank(ts_av_diff(cashflow_op/enterprise_value, 60), subindustry) + group_rank(-ts_delta(close, 2), subindustry) + rank(volume/ts_mean(volume, 60))"
YPbP7YPo,w145_a,4.01,2.67,0.7969,e79PvPpE,SUBINDUSTRY,"group_rank(authorized_stock_buyback_amount/cap, subindustry) + group_rank(-annual_intangible_assets_net_carrying_value/cap, subindustry) + group_rank(ts_delta(scl12_sentiment, 22), subindustry) + group_rank(ts_av_diff(cash/cap, 45), subindustry) + group_rank(ts_av_diff(cashflow_op/cap, 45), subindustry) + 0.75*group_rank(-ts_delta(close, 10), subindustry) + 0.75*group_rank(volume/ts_mean(volume, 120), subindustry)"
vRkYPVZb,w42_b,5.12,1.82,0.797,RRV5l5Go,SUBINDUSTRY,"group_rank(fnd6_newqv1300_cimiiq/assets, subindustry) + group_rank(fnd6_xrent/assets, subindustry) + group_rank(ts_av_diff(cashflow_op/enterprise_value, 60), subindustry) + group_rank(-ts_delta(close, 2), subindustry) + rank(volume/ts_mean(volume, 60))"
QP3WoPmp,w43_d,5.12,1.82,0.797,RRV5l5Go,SUBINDUSTRY,"group_rank(fnd6_newqv1300_cimiiq/assets, subindustry) + group_rank(fnd6_xrent/assets, subindustry) + group_rank(ts_av_diff(cashflow_op/enterprise_value, 60), subindustry) + group_rank(-ts_delta(close, 2), subindustry) + rank(volume/ts_mean(volume, 60))"
WjPrPL0G,w112_f,4.44,2.42,0.7976,kqVp6wnO,SUBINDUSTRY,"group_rank(fnd6_tstkc/assets, bucket(rank(ts_std_dev(returns, 20)), range=""0.1, 1, 0.1"")) + group_rank(anl4_fs_detail_estimate_1qf_v4_nd_ebit_low/assets, bucket(rank(ts_std_dev(returns, 20)), range=""0.1, 1, 0.1"")) + group_rank(ts_av_diff(cash/assets, 45), bucket(rank(ts_std_dev(returns, 20)), range=""0.1, 1, 0.1"")) + group_rank(ts_av_diff(cashflow_op/enterprise_value, 45), bucket(rank(ts_std_dev(returns, 20)), range=""0.1, 1, 0.1"")) + group_rank(-ts_delta(close, 2), bucket(rank(ts_std_dev(returns, 20)), range=""0.1, 1, 0.1"")) + group_rank(volume/ts_mean(volume, 60), bucket(rank(ts_std_dev(returns, 20)), range=""0.1, 1, 0.1""))"
N1ax6O5p,x162_w165_01_SEC,4.58,1.7,0.7977,akbjdK26,SECTOR,"1.5*group_rank(fnd6_pstkl/cap, subindustry) + group_rank(ts_av_diff(cashflow_op/enterprise_value,45), subindustry) + group_rank(fnd6_xrent/assets, subindustry) + 2.0*group_rank(-ts_rank(returns, 5), subindustry)"
N1ax6O5p,x164_w16501_SEC,4.58,1.7,0.7977,akbjdK26,SECTOR,"1.5*group_rank(fnd6_pstkl/cap, subindustry) + group_rank(ts_av_diff(cashflow_op/enterprise_value,45), subindustry) + group_rank(fnd6_xrent/assets, subindustry) + 2.0*group_rank(-ts_rank(returns, 5), subindustry)"
9qVGkOLx,w43_b,5.14,1.85,0.7978,RRV5l5Go,SUBINDUSTRY,"group_rank(fnd6_newqv1300_cimiiq/assets, subindustry) + group_rank(fnd6_xrent/assets, subindustry) + group_rank(ts_av_diff(cashflow_op/enterprise_value, 60), subindustry) + group_rank(-ts_delta(close, 2), subindustry) + rank(volume/ts_mean(volume, 60))"
xAYl5pPJ,w43_a,5.15,1.87,0.7981,RRV5l5Go,SUBINDUSTRY,"group_rank(fnd6_newqv1300_cimiiq/assets, subindustry) + group_rank(fnd6_xrent/assets, subindustry) + group_rank(ts_av_diff(cashflow_op/enterprise_value, 60), subindustry) + group_rank(-ts_delta(close, 2), subindustry) + rank(volume/ts_mean(volume, 60))"
d5O9POpx,w44_g,5.18,1.89,0.7983,RRV5l5Go,SUBINDUSTRY,"group_rank(fnd6_newqv1300_cimiiq/assets, subindustry) + group_rank(fnd6_xrent/assets, subindustry) + group_rank(ts_av_diff(cashflow_op/enterprise_value, 60), subindustry) + group_rank(-ts_delta(close, 2), subindustry) + rank(volume/ts_mean(volume, 60))"
RRV5P0Yn,w42_a,5.21,1.91,0.7984,RRV5l5Go,SUBINDUSTRY,"group_rank(fnd6_newqv1300_cimiiq/assets, subindustry) + group_rank(fnd6_xrent/assets, subindustry) + group_rank(ts_av_diff(cashflow_op/enterprise_value, 60), subindustry) + group_rank(-ts_delta(close, 2), subindustry) + rank(volume/ts_mean(volume, 60))"
ZY0XNjnn,w42_d,5.21,1.91,0.7984,RRV5l5Go,SUBINDUSTRY,"group_rank(fnd6_newqv1300_cimiiq/assets, subindustry) + group_rank(fnd6_xrent/assets, subindustry) + group_rank(ts_av_diff(cashflow_op/enterprise_value, 60), subindustry) + group_rank(-ts_delta(close, 2), subindustry) + rank(volume/ts_mean(volume, 60))"
vRkp90Jw,w65_g,4.16,3.25,0.7986,N1QJPJE8,SUBINDUSTRY,"group_rank(anl4_fs_detail_estimate_1qf_v4_nd_ptpr_mean/assets, subindustry) + group_rank(fnd6_newqv1300_lol2q/assets, subindustry) + group_rank(ts_av_diff(cash/assets, 45), subindustry) + group_rank(ts_av_diff(cashflow_op/enterprise_value, 45), subindustry) + group_rank(-ts_delta(close, 2), subindustry) + rank(volume/ts_mean(volume, 60))"
58QPEeOM,w125_h,4.78,2.4,0.7987,akLp3pzW,SUBINDUSTRY,"group_rank(fnd6_newqv1300_cicurrq/assets, bucket(rank(ts_mean(volume*close, 20)), range=""0.1, 1, 0.1"")) + group_rank(fnd6_dxd5/assets, bucket(rank(ts_mean(volume*close, 20)), range=""0.1, 1, 0.1"")) + group_rank(fnd6_aqi/assets, bucket(rank(ts_mean(volume*close, 20)), range=""0.1, 1, 0.1"")) + group_rank(fnd6_xrent/assets, bucket(rank(ts_mean(volume*close, 20)), range=""0.1, 1, 0.1"")) + 0.5*group_rank(ts_av_diff(cash/assets, 45), bucket(rank(ts_mean(volume*close, 20)), range=""0.1, 1, 0.1"")) + 0.5*group_rank(ts_av_diff(cashflow_op/enterprise_value, 45), bucket(rank(ts_mean(volume*close, 20)), range=""0.1, 1, 0.1"")) + 0.5*group_rank(-ts_delta(close, 2), bucket(rank(ts_mean(volume*close, 20)), range=""0.1, 1, 0.1"")) + 0.5*group_rank(volume/ts_mean(volume, 60), bucket(rank(ts_mean(volume*close, 20)), range=""0.1, 1, 0.1""))"
3q9kzjxN,w66_b,4.12,2.78,0.7996,j23Pl0e5,SUBINDUSTRY,"group_rank(anl4_fs_detail_estimate_1qf_v4_nd_cff_mean/assets, subindustry) + group_rank(fnd6_txtubxintis/assets, subindustry) + group_rank(ts_av_diff(cash/assets, 45), subindustry) + group_rank(ts_av_diff(cashflow_op/enterprise_value, 45), subindustry) + group_rank(-ts_delta(close, 2), subindustry) + rank(volume/ts_mean(volume, 60))"
LL97eZ6m,p10_tw02_xopr,4.02,2.29,0.8004,9qVrJkYe,SUBINDUSTRY,"trade_when(ts_rank(volume, 60) > 0.2, group_rank(fnd6_xopr/assets, subindustry) + rank(-ts_delta(close, 2)), -1)"
1YXYrYLm,w165_02,4.52,1.59,0.8008,akbjdK26,SUBINDUSTRY,"1.5*group_rank(fnd6_txtubadjust/cap, subindustry) + group_rank(-annual_intangible_assets_net_carrying_value/assets, subindustry) + group_rank(fnd6_xrent/assets, subindustry) + 2.0*group_rank(-ts_rank(returns, 5), subindustry)"
rKOKjQP8,w141_a,4.11,2.67,0.8013,e79PvPpE,SUBINDUSTRY,"group_rank(authorized_stock_buyback_amount/cap, subindustry) + group_rank(-annual_intangible_assets_net_carrying_value/cap, subindustry) + group_rank(ts_delta(scl12_sentiment, 22), subindustry) + group_rank(ts_av_diff(cash/cap, 45), subindustry) + group_rank(ts_av_diff(cashflow_op/cap, 45), subindustry) + group_rank(-ts_delta(close, 10), subindustry) + rank(volume/ts_mean(volume, 120))"
akLGLQL9,w74_i,4.28,2.89,0.8014,j23Pl0e5,SUBINDUSTRY,"group_rank(anl4_fs_actuals_basic_qf_nd_div_value/assets, subindustry) + group_rank(ts_av_diff(cash/assets, 45), subindustry) + group_rank(ts_av_diff(cashflow_op/enterprise_value, 45), subindustry) + group_rank(-ts_delta(close, 2), subindustry) + rank(volume/ts_mean(volume, 60))"
QPbP3nwQ,w147_a,4.14,2.65,0.8017,e79PvPpE,SUBINDUSTRY,"quantile(group_rank(authorized_stock_buyback_amount/cap, subindustry) + group_rank(-annual_intangible_assets_net_carrying_value/cap, subindustry) + group_rank(ts_delta(scl12_sentiment, 22), subindustry) + group_rank(ts_av_diff(cash/cap, 45), subindustry) + group_rank(ts_av_diff(cashflow_op/cap, 45), subindustry) + group_rank(-ts_delta(close, 10), subindustry) + rank(volume/ts_mean(volume, 120)), driver=""gaussian"")"
le856bwO,w64_f,4.29,2.9,0.8024,j23Pl0e5,SUBINDUSTRY,"group_rank(-anl4_fs_detail_estimate_1qf_v4_nd_sga_median/assets, subindustry) + group_rank(fnd6_txtubxintis/assets, subindustry) + group_rank(ts_av_diff(cash/assets, 45), subindustry) + group_rank(ts_av_diff(cashflow_op/enterprise_value, 45), subindustry) + group_rank(-ts_delta(close, 2), subindustry) + rank(volume/ts_mean(volume, 60))"
3q9kLnGN,w63_c,4.64,2.24,0.8027,mLgd6nwX,SUBINDUSTRY,"group_rank(fnd6_xrent/assets, subindustry) + group_rank(ts_av_diff(cash/assets, 45), subindustry) + group_rank(ts_av_diff(cashflow_op/enterprise_value, 45), subindustry) + group_rank(-ts_rank(close, 10), subindustry)"
E5v8P8AJ,w71_d,4.6,2.42,0.8036,N1QJPJE8,INDUSTRY,"group_rank(-anl4_fs_detail_estimate_1qf_v4_nd_netdebt_mean/assets, industry) + group_rank(liabilities_curr/assets, industry) + group_rank(-ts_delta(close, 5), industry) + rank(volume/ts_mean(volume, 90))"
KPOAOXEE,w112_a,4.31,1.52,0.8047,kqVp6wnO,SUBINDUSTRY,"group_rank(fnd6_tstkc/assets, bucket(rank(cap), range=""0.1, 1, 0.1"")) + group_rank(anl4_fs_detail_estimate_1qf_v4_nd_ebit_low/assets, bucket(rank(cap), range=""0.1, 1, 0.1"")) + group_rank(ts_av_diff(cash/assets, 45), bucket(rank(cap), range=""0.1, 1, 0.1"")) + group_rank(ts_av_diff(cashflow_op/enterprise_value, 45), bucket(rank(cap), range=""0.1, 1, 0.1"")) + group_rank(-ts_delta(close, 2), bucket(rank(cap), range=""0.1, 1, 0.1"")) + group_rank(volume/ts_mean(volume, 60), bucket(rank(cap), range=""0.1, 1, 0.1""))"
LLNLv7b9,w164_03,4.92,1.37,0.8048,npdpEJ3l,SUBINDUSTRY,"1.5*group_rank(ts_av_diff(cash/assets,45), subindustry) + group_rank(ts_av_diff(assets_curr/assets,30), subindustry) + group_rank(fnd6_xrent/assets, subindustry) + 2.0*group_rank(-ts_mean(abs(returns)/volume, 20), subindustry) + 2.0*group_rank(-ts_rank(returns, 5), subindustry)"
78ZPZWM5,w111_j,4.15,2.92,0.8048,npKGgKLw,SUBINDUSTRY,"group_rank(anl4_fs_detail_estimate_1qf_v4_nd_cfo_median/assets, bucket(rank(ts_mean(volume*close, 20)), range=""0.1, 1, 0.1"")) + group_rank(-anl4_fs_detail_estimate_1qf_v4_nd_fcf_low/assets, bucket(rank(ts_mean(volume*close, 20)), range=""0.1, 1, 0.1"")) + group_rank(ts_av_diff(cash/assets, 45), bucket(rank(ts_mean(volume*close, 20)), range=""0.1, 1, 0.1"")) + group_rank(ts_av_diff(cashflow_op/enterprise_value, 45), bucket(rank(ts_mean(volume*close, 20)), range=""0.1, 1, 0.1"")) + group_rank(-ts_delta(close, 2), bucket(rank(ts_mean(volume*close, 20)), range=""0.1, 1, 0.1"")) + group_rank(volume/ts_mean(volume, 60), bucket(rank(ts_mean(volume*close, 20)), range=""0.1, 1, 0.1""))"
LL9Qekxa,w122_j,4.33,2.65,0.8049,j23Pl0e5,SUBINDUSTRY,"group_rank(fnd6_newqv1300_spcep12/assets, bucket(rank(ts_std_dev(returns, 20)), range=""0.1, 1, 0.1"")) + group_rank(fnd6_newqv1300_xoptepsq/assets, bucket(rank(ts_std_dev(returns, 20)), range=""0.1, 1, 0.1"")) + group_rank(fnd6_newqv1300_prcepsq/assets, bucket(rank(ts_std_dev(returns, 20)), range=""0.1, 1, 0.1"")) + 0.5*group_rank(ts_av_diff(cash/assets, 45), bucket(rank(ts_std_dev(returns, 20)), range=""0.1, 1, 0.1"")) + 0.5*group_rank(ts_av_diff(cashflow_op/enterprise_value, 45), bucket(rank(ts_std_dev(returns, 20)), range=""0.1, 1, 0.1"")) + 0.5*group_rank(-ts_delta(close, 2), bucket(rank(ts_std_dev(returns, 20)), range=""0.1, 1, 0.1"")) + 0.5*group_rank(volume/ts_mean(volume, 60), bucket(rank(ts_std_dev(returns, 20)), range=""0.1, 1, 0.1""))"
1YXkd8vk,x172_w165_02_INTRA,4.74,1.93,0.8051,akbjdK26,SUBINDUSTRY,"1.5*group_rank(fnd6_txtubadjust/cap, subindustry) + group_rank(-annual_intangible_assets_net_carrying_value/assets, subindustry) + group_rank(fnd6_xrent/assets, subindustry) + 2.0*group_rank(-ts_rank(returns, 5), subindustry) + 0.75*group_rank(-ts_rank(close/open - 1, 20), subindustry)"
KPOMAjvz,w105_j,4.13,2.48,0.8054,E5vx6NJP,SUBINDUSTRY,"group_rank(anl4_fs_detail_estimate_1qf_v4_nd_cff_high/assets, subindustry) + group_rank(anl4_fs_detail_estimate_1qf_v4_nd_totgw_mean/assets, subindustry) + group_rank(ts_av_diff(cash/assets, 45), subindustry) + group_rank(ts_av_diff(cashflow_op/enterprise_value, 45), subindustry) + group_rank(-ts_delta(close, 2), subindustry) + rank(volume/ts_mean(volume, 60))"
zqY2qQqK,w62_e,4.13,3.55,0.8055,le8EAJLO,SUBINDUSTRY,"group_rank(fnd6_ivch/assets, subindustry) + group_rank(ts_av_diff(cash/assets, 45), subindustry) + group_rank(ts_av_diff(cashflow_op/enterprise_value, 45), subindustry) + group_rank(-ts_delta(close, 2), subindustry) + rank(volume/ts_mean(volume, 60))"
xAY5plkN,w79_c,4.55,1.52,0.8059,E5vx6NJP,SUBINDUSTRY,"group_rank(anl4_fs_actuals_basic_qf_nd_div_value/assets, subindustry) + group_rank(anl4_fs_detail_estimate_1qf_v4_nd_rd_exp_high/assets, subindustry) + group_rank(ts_av_diff(cash/assets, 75), subindustry) + group_rank(ts_av_diff(cashflow_op/enterprise_value, 60), subindustry) + group_rank(-ts_delta(close, 8), subindustry) + rank(volume/ts_mean(volume, 150))"
88j8WlMl,w162_07,4.32,2.4,0.8064,QPbP6aRQ,SUBINDUSTRY,"1.5*group_rank(fn_accrued_liab_curr_a/assets, subindustry) + group_rank(authorized_stock_buyback_amount/assets, subindustry) + group_rank(-annual_intangible_assets_net_carrying_value/assets, subindustry) + 1.5*group_rank(-ts_rank(returns, 5), subindustry)"
qMWVEYzP,w76_g,4.22,2.48,0.8067,N1QJPJE8,SUBINDUSTRY,"trade_when(ts_rank(volume, 5) > 0.2, group_rank(anl4_fs_actuals_basic_qf_nd_div_value/assets, subindustry) + group_rank(ts_av_diff(cash/assets, 45), industry) + group_rank(ts_av_diff(cashflow_op/enterprise_value, 45), subindustry) + group_rank(-ts_delta(close, 2), subindustry) + rank(volume/ts_mean(volume, 60)), -1)"
npK701Q8,p3_pw_sec,4.04,2.51,0.8071,gJQMxZoJ,SECTOR,"group_rank(-ts_mean(abs(returns)/volume, 20), subindustry) + group_rank(operating_expense/assets, subindustry) + rank(-ts_delta(close, 2))"
mLgN7EYp,w91_g,4.49,1.51,0.8076,e79PvPpE,SUBINDUSTRY,"group_rank(authorized_stock_buyback_amount/assets, subindustry) + group_rank(anl4_fs_detail_estimate_1qf_v4_nd_sga_median/assets, subindustry) + 0.35*group_rank(ts_av_diff(cash/assets, 45), subindustry) + 0.35*group_rank(ts_av_diff(cashflow_op/enterprise_value, 45), subindustry) + 0.35*group_rank(-ts_delta(close, 10), subindustry) + 0.35*rank(volume/ts_mean(volume, 120))"
Jjx27rMn,w87_a,4.49,1.51,0.8076,e79PvPpE,SUBINDUSTRY,"group_rank(authorized_stock_buyback_amount/assets, subindustry) + group_rank(anl4_fs_detail_estimate_1qf_v4_nd_sga_median/assets, subindustry) + 0.35*group_rank(ts_av_diff(cash/assets, 45), subindustry) + 0.35*group_rank(ts_av_diff(cashflow_op/enterprise_value, 45), subindustry) + 0.35*group_rank(-ts_delta(close, 10), subindustry) + 0.35*rank(volume/ts_mean(volume, 120))"
xA3O90dJ,x162_w164_00_SEC,5.14,1.98,0.8083,omL8Mazn,SECTOR,"1.5*group_rank(fnd6_txtubadjust/cap, subindustry) + group_rank(fnd6_newqv1300_dpactq/cap, subindustry) + group_rank(fnd6_xrent/assets, subindustry) + 1.5*group_rank(-ts_rank(returns, 20), subindustry) + 1.5*group_rank(-ts_mean(abs(returns)/volume, 20), subindustry) + 1.5*group_rank(-ts_rank(returns, 5), subindustry)"
A10lrkJl,w6_s10_d20,4.11,2.65,0.8084,gJQMxZoJ,INDUSTRY,"group_rank(-ts_delta(close, 2), subindustry) + group_rank(-ts_mean(abs(returns)/volume, 20), subindustry) + group_rank(operating_expense/assets, subindustry)"
E5vNEL1K,w48_d,5.4,1.99,0.8094,RRV5l5Go,SUBINDUSTRY,"group_rank(fnd6_xrent/assets, subindustry) + group_rank(ts_av_diff(cashflow_op/enterprise_value, 60), subindustry) + group_rank(-ts_delta(close, 2), subindustry) + rank(volume/ts_mean(volume, 60))"
Vk6mMEe5,w68_d,4.09,2.43,0.8095,qMW92Az2,INDUSTRY,"group_rank(-anl4_fs_detail_estimate_1qf_v4_nd_sga_median/assets, industry) + group_rank(ts_av_diff(cashflow_op/enterprise_value, 60), industry) + group_rank(-ts_rank(close, 10), industry)"
kqVpMxKl,w114_k,4.67,2.31,0.8096,j23Pl0e5,SUBINDUSTRY,"group_rank(ts_zscore(fnd6_tfvce/assets, 120), bucket(rank(ts_mean(volume*close, 20)), range=""0.1, 1, 0.1"")) + group_rank(ts_zscore(fnd6_cicurr/assets, 120), bucket(rank(ts_mean(volume*close, 20)), range=""0.1, 1, 0.1"")) + group_rank(ts_av_diff(cash/assets, 45), bucket(rank(ts_mean(volume*close, 20)), range=""0.1, 1, 0.1"")) + group_rank(ts_av_diff(cashflow_op/enterprise_value, 45), bucket(rank(ts_mean(volume*close, 20)), range=""0.1, 1, 0.1"")) + group_rank(-ts_delta(close, 2), bucket(rank(ts_mean(volume*close, 20)), range=""0.1, 1, 0.1"")) + group_rank(volume/ts_mean(volume, 60), bucket(rank(ts_mean(volume*close, 20)), range=""0.1, 1, 0.1""))"
0mR2VNQ8,w106_h,4.76,1.77,0.8096,N1QJPJE8,SUBINDUSTRY,"group_rank(fnd6_xintopt/assets, subindustry) + group_rank(anl4_fs_detail_estimate_1qf_v4_nd_totassets_mean/assets, subindustry) + group_rank(ts_av_diff(cash/assets, 60), subindustry) + group_rank(ts_av_diff(cashflow_op/enterprise_value, 60), subindustry) + group_rank(-ts_delta(close, 3), subindustry) + rank(volume/ts_mean(volume, 150))"
A1081j6E,w96_c,4.35,3.04,0.8099,0mR2K6lr,SUBINDUSTRY,"group_rank(authorized_stock_buyback_amount/assets, subindustry) + group_rank(-annual_intangible_assets_net_carrying_value/assets, subindustry) + group_rank(-ts_delta(close, 120)/assets, subindustry) + group_rank(ts_av_diff(cash/assets, 45), subindustry) + group_rank(ts_av_diff(cashflow_op/enterprise_value, 45), subindustry) + group_rank(-ts_delta(close, 10), subindustry) + rank(volume/ts_mean(volume, 120))"
Vk6P2G00,f10_mult_strc,4.19,1.71,0.8106,QP3V2bVG,SUBINDUSTRY,"group_rank(liabilities_curr/assets, subindustry) * rank(-ts_delta(close, 2))"
YP5VjRzJ,w118_d,4.41,2.21,0.811,akLmmvPW,SUBINDUSTRY,"group_rank(fnd6_cicurr/assets, bucket(rank(inventory/assets), range=""0.1, 1, 0.1"")) + group_rank(fnd6_newqv1300_xoptq/assets, bucket(rank(inventory/assets), range=""0.1, 1, 0.1"")) + group_rank(fnd6_newqv1300_fcaq/assets, bucket(rank(inventory/assets), range=""0.1, 1, 0.1"")) + group_rank(ts_av_diff(cash/assets, 45), bucket(rank(inventory/assets), range=""0.1, 1, 0.1"")) + group_rank(ts_av_diff(cashflow_op/enterprise_value, 45), bucket(rank(inventory/assets), range=""0.1, 1, 0.1"")) + group_rank(-ts_delta(close, 2), bucket(rank(inventory/assets), range=""0.1, 1, 0.1""))"
Vk6mEdg0,w65_h,4.26,2.47,0.811,e79PvPpE,SUBINDUSTRY,"group_rank(-anl4_fs_detail_estimate_1qf_v4_nd_sga_median/assets, subindustry) + group_rank(fnd6_txtubxintis/assets, subindustry) + group_rank(ts_av_diff(cash/assets, 45), subindustry) + group_rank(ts_av_diff(cashflow_op/enterprise_value, 45), subindustry) + group_rank(-ts_delta(close, 2), subindustry) + rank(volume/ts_mean(volume, 60))"
E5pOemEm,x172_w164_00_INTRA,5.47,2.42,0.8113,pwRwWoJ3,SUBINDUSTRY,"1.5*group_rank(fnd6_txtubadjust/cap, subindustry) + group_rank(fnd6_newqv1300_dpactq/cap, subindustry) + group_rank(fnd6_xrent/assets, subindustry) + 1.5*group_rank(-ts_rank(returns, 20), subindustry) + 1.5*group_rank(-ts_mean(abs(returns)/volume, 20), subindustry) + 1.5*group_rank(-ts_rank(returns, 5), subindustry) + 0.75*group_rank(-ts_rank(close/open - 1, 20), subindustry)"
1YxwGxER,t1_d0_grp_xo,4.46,2.68,0.8114,XgWnklXa,SUBINDUSTRY,"group_rank(-ts_delta(close, 2), subindustry) + group_rank(fnd6_xopr/assets, subindustry) + rank(volume/ts_mean(volume, 60))"
ZY0vk2wx,w100_a,4.49,1.93,0.8116,e79PvPpE,SUBINDUSTRY,"trade_when(volume > adv20, group_rank(authorized_stock_buyback_amount/assets, subindustry) + group_rank(-annual_intangible_assets_net_carrying_value/assets, subindustry) + group_rank(ts_av_diff(cash/assets, 45), subindustry) + group_rank(ts_av_diff(cashflow_op/enterprise_value, 45), subindustry) + group_rank(-ts_delta(close, 10), subindustry) + rank(volume/ts_mean(volume, 120)), -1)"
WjPZ1PpP,w119_c,4.44,2.63,0.8124,akLmmvPW,SUBINDUSTRY,"group_rank(fnd6_newqv1300_lnoq/assets, bucket(rank(ebitda/enterprise_value), range=""0.1, 1, 0.1"")) + group_rank(fnd6_newqv1300_glcea12/assets, bucket(rank(ebitda/enterprise_value), range=""0.1, 1, 0.1"")) + group_rank(fnd6_tstkc/assets, bucket(rank(ebitda/enterprise_value), range=""0.1, 1, 0.1"")) + group_rank(ts_av_diff(cash/assets, 45), bucket(rank(ebitda/enterprise_value), range=""0.1, 1, 0.1"")) + group_rank(ts_av_diff(cashflow_op/enterprise_value, 45), bucket(rank(ebitda/enterprise_value), range=""0.1, 1, 0.1"")) + group_rank(-ts_delta(close, 2), bucket(rank(ebitda/enterprise_value), range=""0.1, 1, 0.1""))"
d5OJrkww,w115_e,4.51,1.69,0.8125,kqVp6wnO,SUBINDUSTRY,"group_rank(fnd6_tstkc/assets, bucket(rank(cap), range=""0.1, 1, 0.1"")) + group_rank(fnd6_lifr/assets, bucket(rank(cap), range=""0.1, 1, 0.1"")) + group_rank(fnd6_intc/assets, bucket(rank(cap), range=""0.1, 1, 0.1"")) + group_rank(fnd6_tfvce/assets, bucket(rank(cap), range=""0.1, 1, 0.1"")) + group_rank(ts_av_diff(cash/assets, 45), bucket(rank(cap), range=""0.1, 1, 0.1"")) + group_rank(ts_av_diff(cashflow_op/enterprise_value, 45), bucket(rank(cap), range=""0.1, 1, 0.1"")) + group_rank(-ts_delta(close, 2), bucket(rank(cap), range=""0.1, 1, 0.1"")) + group_rank(volume/ts_mean(volume, 60), bucket(rank(cap), range=""0.1, 1, 0.1""))"
1Yx3wgqk,w111_d,4.28,2.41,0.8129,npKGgKLw,SUBINDUSTRY,"group_rank(anl4_fs_detail_estimate_1qf_v4_nd_ebitda_median/assets, bucket(rank(ts_mean(volume*close, 20)), range=""0.1, 1, 0.1"")) + group_rank(-anl4_fs_detail_estimate_1qf_v4_nd_fcf_low/assets, bucket(rank(ts_mean(volume*close, 20)), range=""0.1, 1, 0.1"")) + group_rank(ts_av_diff(cash/assets, 45), bucket(rank(ts_mean(volume*close, 20)), range=""0.1, 1, 0.1"")) + group_rank(ts_av_diff(cashflow_op/enterprise_value, 45), bucket(rank(ts_mean(volume*close, 20)), range=""0.1, 1, 0.1"")) + group_rank(-ts_delta(close, 2), bucket(rank(ts_mean(volume*close, 20)), range=""0.1, 1, 0.1"")) + group_rank(volume/ts_mean(volume, 60), bucket(rank(ts_mean(volume*close, 20)), range=""0.1, 1, 0.1""))"
JjxJAWYl,w106_g,4.14,2.33,0.8137,E5vx6NJP,SUBINDUSTRY,"group_rank(anl4_fs_detail_estimate_1qf_v4_nd_cff_high/assets, subindustry) + group_rank(anl4_fs_detail_estimate_1qf_v4_nd_totgw_mean/assets, subindustry) + group_rank(ts_av_diff(cash/assets, 75), subindustry) + group_rank(ts_av_diff(cashflow_op/enterprise_value, 45), subindustry) + group_rank(-ts_delta(close, 2), subindustry) + rank(volume/ts_mean(volume, 120))"
P02JjJOx,w126_g,4.53,2.21,0.8141,e79PvPpE,SUBINDUSTRY,"group_rank(fnd6_newqv1300_spceepsp12/assets, bucket(rank(ts_mean(volume*close, 20)), range=""0.1, 1, 0.1"")) + group_rank(fnd6_newqv1300_prcepsq/assets, bucket(rank(ts_mean(volume*close, 20)), range=""0.1, 1, 0.1"")) + group_rank(fnd6_newqv1300_spcep12/assets, bucket(rank(ts_mean(volume*close, 20)), range=""0.1, 1, 0.1"")) + group_rank(fnd6_newqv1300_tfvceq/assets, bucket(rank(ts_mean(volume*close, 20)), range=""0.1, 1, 0.1"")) + 0.5*group_rank(ts_av_diff(cash/assets, 45), bucket(rank(ts_mean(volume*close, 20)), range=""0.1, 1, 0.1"")) + 0.5*group_rank(ts_av_diff(cashflow_op/enterprise_value, 45), bucket(rank(ts_mean(volume*close, 20)), range=""0.1, 1, 0.1"")) + 0.5*group_rank(-ts_delta(close, 2), bucket(rank(ts_mean(volume*close, 20)), range=""0.1, 1, 0.1"")) + 0.5*group_rank(volume/ts_mean(volume, 60), bucket(rank(ts_mean(volume*close, 20)), range=""0.1, 1, 0.1""))"
1YxdalNW,f12_vwap_rev,4.42,1.83,0.8142,QP3V2bVG,SUBINDUSTRY,"group_rank(liabilities_curr/assets, subindustry) + rank(-ts_delta(vwap, 2))"
XgWZApl8,w115_k,4.47,3.42,0.8145,j23Pl0e5,SUBINDUSTRY,"group_rank(fnd6_newqv1300_fcaq/assets, bucket(rank(ts_mean(volume*close, 20)), range=""0.1, 1, 0.1"")) + group_rank(fnd6_newqv1300_tfvceq/assets, bucket(rank(ts_mean(volume*close, 20)), range=""0.1, 1, 0.1"")) + group_rank(ts_av_diff(cash/assets, 45), bucket(rank(ts_mean(volume*close, 20)), range=""0.1, 1, 0.1"")) + group_rank(ts_av_diff(cashflow_op/enterprise_value, 45), bucket(rank(ts_mean(volume*close, 20)), range=""0.1, 1, 0.1"")) + group_rank(-ts_delta(close, 2), bucket(rank(ts_mean(volume*close, 20)), range=""0.1, 1, 0.1"")) + group_rank(volume/ts_mean(volume, 60), bucket(rank(ts_mean(volume*close, 20)), range=""0.1, 1, 0.1""))"
Vk6LRYAY,w94_g,4.82,2.26,0.8146,e79PvPpE,SUBINDUSTRY,"group_rank(authorized_stock_buyback_amount/assets, subindustry) + group_rank(-annual_intangible_assets_net_carrying_value/assets, subindustry) + group_rank(-ts_delta(close, 120), subindustry) + group_rank(ts_av_diff(cash/assets, 45), subindustry) + group_rank(ts_av_diff(cashflow_op/enterprise_value, 45), subindustry) + group_rank(-ts_delta(close, 10), subindustry) + rank(volume/ts_mean(volume, 120))"
akLmLgGx,w112_j,4.58,1.9,0.8155,akLp3pzW,SUBINDUSTRY,"group_rank(fnd6_tstkc/assets, bucket(rank(cap), range=""0.1, 1, 0.1"")) + group_rank(fnd6_lifr/assets, bucket(rank(cap), range=""0.1, 1, 0.1"")) + group_rank(ts_av_diff(cash/assets, 45), bucket(rank(cap), range=""0.1, 1, 0.1"")) + group_rank(ts_av_diff(cashflow_op/enterprise_value, 45), bucket(rank(cap), range=""0.1, 1, 0.1"")) + group_rank(-ts_delta(close, 2), bucket(rank(cap), range=""0.1, 1, 0.1"")) + group_rank(volume/ts_mean(volume, 60), bucket(rank(cap), range=""0.1, 1, 0.1""))"
A1N1mVMw,w161_00,6.18,2.37,0.8164,pwRwWoJ3,SUBINDUSTRY,"1.5*group_rank(ts_av_diff(cashflow_op/enterprise_value,45), subindustry) + group_rank(fn_accrued_liab_curr_a/assets, subindustry) + group_rank(-annual_intangible_assets_net_carrying_value/assets, subindustry) + group_rank(fnd6_xrent/assets, subindustry) + 2.0*group_rank(-ts_rank(returns, 20), subindustry)"
xAYVY3rw,w54_b,5.53,2.09,0.8164,O0rZ90n1,SUBINDUSTRY,"group_rank(fnd6_xrent/assets, subindustry) + group_rank(ts_av_diff(cash/assets, 45), subindustry) + group_rank(ts_av_diff(cashflow_op, 45)/enterprise_value, subindustry) + group_rank(-ts_delta(close, 2), subindustry) + rank(volume/ts_mean(volume, 60))"
KPOMlEbE,w97_e,4.75,3.07,0.8166,e79PvPpE,SUBINDUSTRY,"group_rank(authorized_stock_buyback_amount/assets, subindustry) + group_rank(-annual_intangible_assets_net_carrying_value/assets, subindustry) + group_rank(ts_av_diff(cash/assets, 45), subindustry) + group_rank(ts_av_diff(cashflow_op/enterprise_value, 45), subindustry) + group_rank(-ts_corr(close, volume, 10), subindustry) + rank(volume/ts_mean(volume, 120))"
d5O31wJw,w67_b,4.37,2.41,0.8177,9qX3M2mq,INDUSTRY,"group_rank(liabilities_curr/assets, industry) + group_rank(-anl4_fs_detail_estimate_1qf_v4_nd_sga_median/assets, industry) + group_rank(-ts_rank(close, 10), industry)"
88j5Qwem,x172_w166_00_INTRA,4.88,3.0,0.8177,0mXm1neK,SUBINDUSTRY,"1.5*group_rank(-annual_intangible_assets_net_carrying_value/assets, industry) + 0.5*group_rank(volume/ts_mean(volume, 90), subindustry) + 0.5*group_rank(-ts_rank(returns, 20), subindustry) + 0.5*group_rank(-ts_rank(returns, 5), subindustry) + 0.75*group_rank(-ts_rank(close/open - 1, 20), subindustry)"
LL9ZwVqe,w27_lnoq_d12,4.07,3.04,0.818,rK59235m,SUBINDUSTRY,"group_rank(fnd6_newqv1300_lnoq/assets, subindustry) + group_rank(ts_av_diff(cashflow_op/enterprise_value, 60), subindustry) + rank(-ts_delta(close, 2)) + rank(volume/ts_mean(volume, 60))"
78Z1qvnv,e04_liab_rev,4.48,1.94,0.8185,QP3V2bVG,SUBINDUSTRY,"group_rank(liabilities_curr / assets, subindustry) + rank(-ts_delta(close, 2))"
xAY77jLb,w116_i,4.87,2.07,0.8198,kqVp6wnO,SUBINDUSTRY,"group_rank(ts_zscore(fnd6_tfvce/assets, 120), bucket(rank(ts_mean(volume*close, 20)), range=""0.1, 1, 0.1"")) + group_rank(ts_zscore(fnd6_cicurr/assets, 120), bucket(rank(ts_mean(volume*close, 20)), range=""0.1, 1, 0.1"")) + group_rank(fnd6_intc/assets, bucket(rank(ts_mean(volume*close, 20)), range=""0.1, 1, 0.1"")) + group_rank(ts_av_diff(cash/assets, 45), bucket(rank(ts_mean(volume*close, 20)), range=""0.1, 1, 0.1"")) + group_rank(ts_av_diff(cashflow_op/enterprise_value, 45), bucket(rank(ts_mean(volume*close, 20)), range=""0.1, 1, 0.1"")) + group_rank(-ts_delta(close, 2), bucket(rank(ts_mean(volume*close, 20)), range=""0.1, 1, 0.1""))"
Grdj5G8o,w115_l,4.76,4.02,0.8202,akLp3pzW,SUBINDUSTRY,"group_rank(fnd6_tstkc/assets, bucket(rank(ts_std_dev(returns, 20)), range=""0.1, 1, 0.1"")) + group_rank(fnd6_cicurr/assets, bucket(rank(ts_std_dev(returns, 20)), range=""0.1, 1, 0.1"")) + group_rank(ts_av_diff(cash/assets, 45), bucket(rank(ts_std_dev(returns, 20)), range=""0.1, 1, 0.1"")) + group_rank(ts_av_diff(cashflow_op/enterprise_value, 45), bucket(rank(ts_std_dev(returns, 20)), range=""0.1, 1, 0.1"")) + group_rank(-ts_delta(close, 2), bucket(rank(ts_std_dev(returns, 20)), range=""0.1, 1, 0.1"")) + group_rank(volume/ts_mean(volume, 60), bucket(rank(ts_std_dev(returns, 20)), range=""0.1, 1, 0.1""))"
78ZR5Vpb,w106_c,4.55,1.7,0.8231,e79PvPpE,SUBINDUSTRY,"group_rank(anl4_fs_detail_estimate_1qf_v4_nd_totassets_mean/assets, subindustry) + group_rank(-anl4_fs_detail_estimates_advanced_af_nd_capex_median/assets, subindustry) + group_rank(ts_av_diff(cash/assets, 75), subindustry) + group_rank(ts_av_diff(cashflow_op/enterprise_value, 60), subindustry) + group_rank(-ts_delta(close, 5), subindustry) + rank(volume/ts_mean(volume, 120))"
MP1vv5Ea,w116_h,4.63,1.85,0.8234,kqVp6wnO,SUBINDUSTRY,"group_rank(ts_delta(fnd6_tstkc/assets, 60), bucket(rank(cap), range=""0.1, 1, 0.1"")) + group_rank(ts_delta(fnd6_intc/assets, 60), bucket(rank(cap), range=""0.1, 1, 0.1"")) + group_rank(fnd6_tstkc/assets, bucket(rank(cap), range=""0.1, 1, 0.1"")) + group_rank(ts_av_diff(cash/assets, 45), bucket(rank(cap), range=""0.1, 1, 0.1"")) + group_rank(ts_av_diff(cashflow_op/enterprise_value, 45), bucket(rank(cap), range=""0.1, 1, 0.1"")) + group_rank(-ts_delta(close, 2), bucket(rank(cap), range=""0.1, 1, 0.1""))"
YP57mQ6o,r7_n2_d6,4.17,2.7,0.8238,XgWnklXa,SUBINDUSTRY,"group_rank(fnd6_xopr/assets, subindustry) + rank(-ts_delta(vwap, 2)) + rank(volume/ts_mean(volume, 60))"
58QrQzeM,w54_a,5.96,3.11,0.8239,rK59235m,SUBINDUSTRY,"group_rank(fnd6_xrent/assets, subindustry) + group_rank(ts_av_diff(cash, 45)/assets, subindustry) + group_rank(ts_av_diff(cashflow_op/enterprise_value, 45), subindustry) + group_rank(-ts_delta(close, 2), subindustry) + rank(volume/ts_mean(volume, 60))"
RRV9Ewa1,w60_c,4.22,3.39,0.8239,le8EAJLO,SUBINDUSTRY,"group_rank(fnd6_newqv1300_mibtq/assets, subindustry) + group_rank(ts_av_diff(cash/assets, 45), subindustry) + group_rank(ts_av_diff(cashflow_op/enterprise_value, 45), subindustry) + group_rank(-ts_delta(close, 2), subindustry) + rank(volume/ts_mean(volume, 60))"
0mRZLbvr,w114_j,4.78,2.26,0.8241,akLp3pzW,SUBINDUSTRY,"group_rank(ts_delta(fnd6_tstkc/assets, 60), bucket(rank(cap), range=""0.1, 1, 0.1"")) + group_rank(ts_delta(fnd6_intc/assets, 60), bucket(rank(cap), range=""0.1, 1, 0.1"")) + group_rank(ts_av_diff(cash/assets, 45), bucket(rank(cap), range=""0.1, 1, 0.1"")) + group_rank(ts_av_diff(cashflow_op/enterprise_value, 45), bucket(rank(cap), range=""0.1, 1, 0.1"")) + group_rank(-ts_delta(close, 2), bucket(rank(cap), range=""0.1, 1, 0.1"")) + group_rank(volume/ts_mean(volume, 60), bucket(rank(cap), range=""0.1, 1, 0.1""))"
xA3ALQgw,w164_00,5.43,2.18,0.8244,omL8Mazn,SUBINDUSTRY,"1.5*group_rank(fnd6_txtubadjust/cap, subindustry) + group_rank(fnd6_newqv1300_dpactq/cap, subindustry) + group_rank(fnd6_xrent/assets, subindustry) + 1.5*group_rank(-ts_rank(returns, 20), subindustry) + 1.5*group_rank(-ts_mean(abs(returns)/volume, 20), subindustry) + 1.5*group_rank(-ts_rank(returns, 5), subindustry)"
1YXkdgqK,x172_w165_04_TURND,4.56,1.73,0.8245,akbjdK26,SUBINDUSTRY,"1.5*group_rank(fnd6_pstkl/cap, subindustry) + group_rank(-annual_intangible_assets_net_carrying_value/assets, subindustry) + group_rank(fnd6_xrent/assets, subindustry) + 1.25*group_rank(-ts_rank(returns, 20), subindustry) + 0.75*group_rank(-ts_rank(volume/ts_mean(volume, 120), 20), subindustry)"
883wm6LV,w121_e,4.05,2.83,0.8247,akLmmvPW,SUBINDUSTRY,"group_rank(fnd6_newqv1300_glcea12/assets, bucket(rank(cashflow_op/assets), range=""0.1, 1, 0.1"")) + group_rank(fnd6_newqv1300_xoptq/assets, bucket(rank(cashflow_op/assets), range=""0.1, 1, 0.1"")) + group_rank(fnd6_tstkc/assets, bucket(rank(cashflow_op/assets), range=""0.1, 1, 0.1"")) + group_rank(ts_av_diff(cash/assets, 45), bucket(rank(cashflow_op/assets), range=""0.1, 1, 0.1"")) + group_rank(ts_av_diff(cashflow_op/enterprise_value, 45), bucket(rank(cashflow_op/assets), range=""0.1, 1, 0.1"")) + group_rank(-ts_delta(close, 2), bucket(rank(cashflow_op/assets), range=""0.1, 1, 0.1"")) + group_rank(if_else(rank(ts_regression(rank(returns), rank(vec_avg(anl4_basicdetailrec_ratingvalue)), 120, lag=0, rettype=2))>0.6, -ts_av_diff(vec_avg(anl4_basicdetailrec_ratingvalue), 120), 0), bucket(rank(cashflow_op/assets), range=""0.1, 1, 0.1""))"
Vk6bQrQ8,w106_a,4.42,1.42,0.8247,N1QJPJE8,SUBINDUSTRY,"group_rank(fnd6_xintopt/assets, subindustry) + group_rank(anl4_fs_detail_estimate_1qf_v4_nd_totassets_mean/assets, subindustry) + group_rank(ts_av_diff(cash/assets, 75), subindustry) + group_rank(ts_av_diff(cashflow_op/enterprise_value, 60), subindustry) + group_rank(-ts_delta(close, 5), subindustry) + rank(volume/ts_mean(volume, 120))"
P0ZYqrqE,w65_c,4.42,2.99,0.8256,j23Pl0e5,SUBINDUSTRY,"group_rank(anl4_fs_detail_estimate_1qf_v4_nd_ptpr_mean/assets, subindustry) + group_rank(fnd6_txtubxintis/assets, subindustry) + group_rank(ts_av_diff(cash/assets, 30), subindustry) + group_rank(ts_av_diff(cashflow_op/enterprise_value, 45), subindustry) + group_rank(-ts_delta(close, 2), subindustry) + rank(volume/ts_mean(volume, 60))"
LLNPbLx6,w126_h,4.77,2.82,0.8257,akLp3pzW,SUBINDUSTRY,"group_rank(fnd6_newqv1300_spceepsq/assets, bucket(rank(ts_mean(volume*close, 20)), range=""0.1, 1, 0.1"")) + group_rank(fnd6_newqv1300_prcaq/assets, bucket(rank(ts_mean(volume*close, 20)), range=""0.1, 1, 0.1"")) + group_rank(fnd6_dxd5/assets, bucket(rank(ts_mean(volume*close, 20)), range=""0.1, 1, 0.1"")) + group_rank(fnd6_aqi/assets, bucket(rank(ts_mean(volume*close, 20)), range=""0.1, 1, 0.1"")) + 0.5*group_rank(ts_av_diff(cash/assets, 45), bucket(rank(ts_mean(volume*close, 20)), range=""0.1, 1, 0.1"")) + 0.5*group_rank(ts_av_diff(cashflow_op/enterprise_value, 45), bucket(rank(ts_mean(volume*close, 20)), range=""0.1, 1, 0.1"")) + 0.5*group_rank(-ts_delta(close, 2), bucket(rank(ts_mean(volume*close, 20)), range=""0.1, 1, 0.1"")) + 0.5*group_rank(volume/ts_mean(volume, 60), bucket(rank(ts_mean(volume*close, 20)), range=""0.1, 1, 0.1""))"
2rOlGd9Z,s10_grp_pw,4.43,2.75,0.8275,gJQMxZoJ,INDUSTRY,"group_rank(-ts_delta(close, 2), subindustry) + group_rank(-ts_mean(abs(returns)/volume, 20), subindustry) + group_rank(operating_expense/assets, subindustry)"
akL73wMO,p2_pw_ind,4.37,2.64,0.8279,gJQMxZoJ,INDUSTRY,"group_rank(-ts_mean(abs(returns)/volume, 20), subindustry) + group_rank(operating_expense/assets, subindustry) + rank(-ts_delta(close, 2))"
le8g9an7,w41_e,4.95,1.73,0.8281,e791WzbO,SUBINDUSTRY,"group_rank(fnd6_newqv1300_cimiiq/assets, subindustry) + group_rank(fnd6_xrent/assets, subindustry) + group_rank(ts_av_diff(cash/assets, 30), subindustry) + group_rank(ts_av_diff(cashflow_op/enterprise_value, 60), subindustry) + group_rank(-ts_delta(close, 2), subindustry) + rank(volume/ts_mean(volume, 60))"
LL9ENRX2,w55_e,5.86,2.22,0.8283,rK59235m,SUBINDUSTRY,"ts_decay_linear(group_rank(fnd6_xrent/assets, subindustry) + group_rank(ts_av_diff(cash/assets, 45), subindustry) + group_rank(ts_av_diff(cashflow_op/enterprise_value, 45), subindustry) + group_rank(-ts_delta(close, 2), subindustry) + rank(volume/ts_mean(volume, 60)), 5)"
le8Ej3kx,w52_f,5.62,2.69,0.8283,rK59235m,SUBINDUSTRY,"group_rank(fnd6_xrent/assets, subindustry) + group_rank(ts_av_diff(cash/assets, 45), subindustry) + group_rank(ts_av_diff(cashflow_op/enterprise_value, 90), subindustry) + group_rank(-ts_delta(close, 2), subindustry) + rank(volume/ts_mean(volume, 60))"
mLgnglzE,w112_h,4.85,2.19,0.8286,akLp3pzW,SUBINDUSTRY,"group_rank(fnd6_intc/assets, bucket(rank(cap), range=""0.1, 1, 0.1"")) + group_rank(fnd6_tfvce/assets, bucket(rank(cap), range=""0.1, 1, 0.1"")) + group_rank(ts_av_diff(cash/assets, 45), bucket(rank(cap), range=""0.1, 1, 0.1"")) + group_rank(ts_av_diff(cashflow_op/enterprise_value, 45), bucket(rank(cap), range=""0.1, 1, 0.1"")) + group_rank(-ts_delta(close, 2), bucket(rank(cap), range=""0.1, 1, 0.1"")) + group_rank(volume/ts_mean(volume, 60), bucket(rank(cap), range=""0.1, 1, 0.1""))"
2rO9LxgJ,w48_e,4.88,1.74,0.83,RRV5l5Go,SUBINDUSTRY,"group_rank(fnd6_xrent/assets, subindustry) + group_rank(ts_av_diff(cash/assets, 30), subindustry) + group_rank(ts_av_diff(cashflow_op/enterprise_value, 60), subindustry) + group_rank(-ts_delta(close, 2), subindustry) + rank(volume/ts_mean(volume, 60))"
blRJdJ6r,w49_h,5.62,2.54,0.8307,RRV5l5Go,SUBINDUSTRY,"group_rank(fnd6_xrent/assets, subindustry) + group_rank(ts_av_diff(cash/assets, 45), subindustry) + group_rank(ts_av_diff(cashflow_op/enterprise_value, 90), subindustry) + group_rank(-ts_delta(close, 2), subindustry) + rank(volume/ts_mean(volume, 60))"
2rOeAzk8,w76_j,4.32,2.84,0.8323,j23Pl0e5,SUBINDUSTRY,"trade_when(ts_rank(volume, 5) > 0.2, group_rank(anl4_fs_detail_estimate_1qf_v4_nd_totgw_median/assets, subindustry) + group_rank(ts_av_diff(cash/assets, 45), subindustry) + group_rank(ts_av_diff(cashflow_op/enterprise_value, 45), subindustry) + group_rank(-ts_delta(close, 2), subindustry) + rank(volume/ts_mean(volume, 60)), -1)"
e79VZ1rd,w71_c,4.09,1.78,0.8328,N1QJPJE8,INDUSTRY,"group_rank(-anl4_fs_detail_estimate_1qf_v4_nd_sga_median/assets, industry) + group_rank(liabilities_curr/assets, industry) + group_rank(-ts_delta(close, 5), industry) + rank(volume/ts_mean(volume, 90))"
MP1NKOXM,w101_g,4.48,2.63,0.8334,0mR2K6lr,SUBINDUSTRY,"group_rank(news_prev_day_ret, subindustry) + group_rank(ts_av_diff(cash/assets, 45), subindustry) + group_rank(ts_av_diff(cashflow_op/enterprise_value, 45), subindustry) + group_rank(-ts_delta(close, 10), subindustry) + rank(volume/ts_mean(volume, 120))"
gJQlJjbg,w118_j,4.48,2.49,0.8336,akLp3pzW,SUBINDUSTRY,"group_rank(fnd6_cicurr/assets, bucket(rank(cap), range=""0.1, 1, 0.1"")) + group_rank(fnd6_newqv1300_lnoq/assets, bucket(rank(cap), range=""0.1, 1, 0.1"")) + group_rank(fnd6_newqv1300_glcea12/assets, bucket(rank(cap), range=""0.1, 1, 0.1"")) + group_rank(ts_av_diff(cash/assets, 45), bucket(rank(cap), range=""0.1, 1, 0.1"")) + group_rank(ts_av_diff(cashflow_op/enterprise_value, 45), bucket(rank(cap), range=""0.1, 1, 0.1"")) + group_rank(-ts_delta(close, 2), bucket(rank(cap), range=""0.1, 1, 0.1""))"
883EgXQV,w64_e,4.39,2.74,0.834,j23Pl0e5,SUBINDUSTRY,"group_rank(anl4_fs_detail_estimate_1qf_v4_nd_ptpr_mean/assets, subindustry) + group_rank(fnd6_txtubxintis/assets, subindustry) + group_rank(ts_av_diff(cash/assets, 45), subindustry) + group_rank(ts_av_diff(cashflow_op/enterprise_value, 45), subindustry) + group_rank(-ts_delta(close, 2), subindustry) + rank(volume/ts_mean(volume, 60))"
rK5NEp6j,w65_b,4.41,2.75,0.8342,j23Pl0e5,SUBINDUSTRY,"group_rank(anl4_fs_detail_estimate_1qf_v4_nd_ptpr_median/assets, subindustry) + group_rank(fnd6_txtubxintis/assets, subindustry) + group_rank(ts_av_diff(cash/assets, 45), subindustry) + group_rank(ts_av_diff(cashflow_op/enterprise_value, 45), subindustry) + group_rank(-ts_delta(close, 2), subindustry) + rank(volume/ts_mean(volume, 60))"
O0rMq0Wv,w65_a,4.35,2.29,0.8343,N1QJPJE8,SUBINDUSTRY,"group_rank(anl4_fs_detail_estimate_1qf_v4_nd_ptpr_mean/assets, subindustry) + group_rank(fnd6_txtubxintis/assets, subindustry) + group_rank(ts_av_diff(cash/assets, 45), subindustry) + group_rank(ts_av_diff(cashflow_op/enterprise_value, 45), subindustry) + group_rank(-ts_delta(close, 2), subindustry) + rank(volume/ts_mean(volume, 60))"
mLgl5Rkx,w85_d,4.7,1.57,0.8345,e79PvPpE,SUBINDUSTRY,"group_rank(authorized_stock_buyback_amount/assets, subindustry) + group_rank(anl4_fs_detail_estimate_1qf_v4_nd_sga_median/assets, subindustry) + 0.4*group_rank(ts_av_diff(cash/assets, 45), subindustry) + 0.4*group_rank(ts_av_diff(cashflow_op/enterprise_value, 45), subindustry) + 0.4*group_rank(-ts_delta(close, 10), subindustry) + 0.4*rank(volume/ts_mean(volume, 120))"
gJQgwb7v,w65_e,4.41,2.77,0.8357,j23Pl0e5,SUBINDUSTRY,"group_rank(anl4_fs_detail_estimate_1qf_v4_nd_ptpr_high/assets, subindustry) + group_rank(fnd6_txtubxintis/assets, subindustry) + group_rank(ts_av_diff(cash/assets, 45), subindustry) + group_rank(ts_av_diff(cashflow_op/enterprise_value, 45), subindustry) + group_rank(-ts_delta(close, 2), subindustry) + rank(volume/ts_mean(volume, 60))"
JjNVlJWW,w126_c,4.4,2.55,0.8361,j23Pl0e5,SUBINDUSTRY,"group_rank(fnd6_newqv1300_pncq/assets, bucket(rank(ts_mean(volume*close, 20)), range=""0.1, 1, 0.1"")) + group_rank(fnd6_newqv1300_glced12/assets, bucket(rank(ts_mean(volume*close, 20)), range=""0.1, 1, 0.1"")) + group_rank(fnd6_newqv1300_prcdq/assets, bucket(rank(ts_mean(volume*close, 20)), range=""0.1, 1, 0.1"")) + 0.5*group_rank(ts_av_diff(cash/assets, 45), bucket(rank(ts_mean(volume*close, 20)), range=""0.1, 1, 0.1"")) + 0.5*group_rank(ts_av_diff(cashflow_op/enterprise_value, 45), bucket(rank(ts_mean(volume*close, 20)), range=""0.1, 1, 0.1"")) + 0.5*group_rank(-ts_delta(close, 2), bucket(rank(ts_mean(volume*close, 20)), range=""0.1, 1, 0.1"")) + 0.5*group_rank(volume/ts_mean(volume, 60), bucket(rank(ts_mean(volume*close, 20)), range=""0.1, 1, 0.1""))"
E5pZ3zEK,w126_d,4.4,2.55,0.8361,j23Pl0e5,SUBINDUSTRY,"group_rank(fnd6_newqv1300_spcedq/assets, bucket(rank(ts_mean(volume*close, 20)), range=""0.1, 1, 0.1"")) + group_rank(fnd6_newq_xoptepsqp/assets, bucket(rank(ts_mean(volume*close, 20)), range=""0.1, 1, 0.1"")) + group_rank(fnd6_pncdq/assets, bucket(rank(ts_mean(volume*close, 20)), range=""0.1, 1, 0.1"")) + group_rank(fnd6_newqv1300_glceeps12/assets, bucket(rank(ts_mean(volume*close, 20)), range=""0.1, 1, 0.1"")) + 0.5*group_rank(ts_av_diff(cash/assets, 45), bucket(rank(ts_mean(volume*close, 20)), range=""0.1, 1, 0.1"")) + 0.5*group_rank(ts_av_diff(cashflow_op/enterprise_value, 45), bucket(rank(ts_mean(volume*close, 20)), range=""0.1, 1, 0.1"")) + 0.5*group_rank(-ts_delta(close, 2), bucket(rank(ts_mean(volume*close, 20)), range=""0.1, 1, 0.1"")) + 0.5*group_rank(volume/ts_mean(volume, 60), bucket(rank(ts_mean(volume*close, 20)), range=""0.1, 1, 0.1""))"
pwPlK163,i05_amb_opex,4.42,3.09,0.8362,gJQMxZoJ,SUBINDUSTRY,"group_rank(-ts_mean(abs(returns)/volume, 20), subindustry) + group_rank(operating_expense/assets, subindustry) + rank(-ts_delta(close, 2))"
d5ONW3Kw,w125_g,4.4,2.56,0.8366,j23Pl0e5,SUBINDUSTRY,"group_rank(fnd6_newqv1300_spceepsp12/assets, bucket(rank(ts_mean(volume*close, 20)), range=""0.1, 1, 0.1"")) + group_rank(fnd6_newqv1300_prcepsq/assets, bucket(rank(ts_mean(volume*close, 20)), range=""0.1, 1, 0.1"")) + group_rank(fnd6_newqv1300_spcep12/assets, bucket(rank(ts_mean(volume*close, 20)), range=""0.1, 1, 0.1"")) + 0.5*group_rank(ts_av_diff(cash/assets, 45), bucket(rank(ts_mean(volume*close, 20)), range=""0.1, 1, 0.1"")) + 0.5*group_rank(ts_av_diff(cashflow_op/enterprise_value, 45), bucket(rank(ts_mean(volume*close, 20)), range=""0.1, 1, 0.1"")) + 0.5*group_rank(-ts_delta(close, 2), bucket(rank(ts_mean(volume*close, 20)), range=""0.1, 1, 0.1"")) + 0.5*group_rank(volume/ts_mean(volume, 60), bucket(rank(ts_mean(volume*close, 20)), range=""0.1, 1, 0.1""))"
le8mxdn7,w122_d,4.4,2.56,0.8366,j23Pl0e5,SUBINDUSTRY,"group_rank(fnd6_newqv1300_spcep12/assets, bucket(rank(ts_mean(volume*close, 20)), range=""0.1, 1, 0.1"")) + group_rank(fnd6_newqv1300_xoptepsq/assets, bucket(rank(ts_mean(volume*close, 20)), range=""0.1, 1, 0.1"")) + group_rank(fnd6_newqv1300_prcepsq/assets, bucket(rank(ts_mean(volume*close, 20)), range=""0.1, 1, 0.1"")) + 0.5*group_rank(ts_av_diff(cash/assets, 45), bucket(rank(ts_mean(volume*close, 20)), range=""0.1, 1, 0.1"")) + 0.5*group_rank(ts_av_diff(cashflow_op/enterprise_value, 45), bucket(rank(ts_mean(volume*close, 20)), range=""0.1, 1, 0.1"")) + 0.5*group_rank(-ts_delta(close, 2), bucket(rank(ts_mean(volume*close, 20)), range=""0.1, 1, 0.1"")) + 0.5*group_rank(volume/ts_mean(volume, 60), bucket(rank(ts_mean(volume*close, 20)), range=""0.1, 1, 0.1""))"
58zZRz9k,w126_b,4.4,2.56,0.8366,j23Pl0e5,SUBINDUSTRY,"group_rank(fnd6_newqv1300_spceepsq/assets, bucket(rank(ts_mean(volume*close, 20)), range=""0.1, 1, 0.1"")) + group_rank(fnd6_newqv1300_prcaq/assets, bucket(rank(ts_mean(volume*close, 20)), range=""0.1, 1, 0.1"")) + group_rank(fnd6_newqv1300_spceq/assets, bucket(rank(ts_mean(volume*close, 20)), range=""0.1, 1, 0.1"")) + 0.5*group_rank(ts_av_diff(cash/assets, 45), bucket(rank(ts_mean(volume*close, 20)), range=""0.1, 1, 0.1"")) + 0.5*group_rank(ts_av_diff(cashflow_op/enterprise_value, 45), bucket(rank(ts_mean(volume*close, 20)), range=""0.1, 1, 0.1"")) + 0.5*group_rank(-ts_delta(close, 2), bucket(rank(ts_mean(volume*close, 20)), range=""0.1, 1, 0.1"")) + 0.5*group_rank(volume/ts_mean(volume, 60), bucket(rank(ts_mean(volume*close, 20)), range=""0.1, 1, 0.1""))"
mLgvO9wp,w122_e,4.4,2.56,0.8366,j23Pl0e5,SUBINDUSTRY,"group_rank(fnd6_newqv1300_spceepsp12/assets, bucket(rank(ts_mean(volume*close, 20)), range=""0.1, 1, 0.1"")) + group_rank(fnd6_newqv1300_spcepd12/assets, bucket(rank(ts_mean(volume*close, 20)), range=""0.1, 1, 0.1"")) + group_rank(fnd6_newa2v1300_xoptd/assets, bucket(rank(ts_mean(volume*close, 20)), range=""0.1, 1, 0.1"")) + 0.5*group_rank(ts_av_diff(cash/assets, 45), bucket(rank(ts_mean(volume*close, 20)), range=""0.1, 1, 0.1"")) + 0.5*group_rank(ts_av_diff(cashflow_op/enterprise_value, 45), bucket(rank(ts_mean(volume*close, 20)), range=""0.1, 1, 0.1"")) + 0.5*group_rank(-ts_delta(close, 2), bucket(rank(ts_mean(volume*close, 20)), range=""0.1, 1, 0.1"")) + 0.5*group_rank(volume/ts_mean(volume, 60), bucket(rank(ts_mean(volume*close, 20)), range=""0.1, 1, 0.1""))"
KPNKY90N,w127_a,4.4,2.56,0.8366,j23Pl0e5,SUBINDUSTRY,"0.5*group_rank(ts_av_diff(cash/assets, 45), bucket(rank(ts_mean(volume*close, 20)), range=""0.1, 1, 0.1"")) + 0.5*group_rank(ts_av_diff(cashflow_op/enterprise_value, 45), bucket(rank(ts_mean(volume*close, 20)), range=""0.1, 1, 0.1"")) + 0.5*group_rank(-ts_delta(close, 2), bucket(rank(ts_mean(volume*close, 20)), range=""0.1, 1, 0.1"")) + 0.5*group_rank(volume/ts_mean(volume, 60), bucket(rank(ts_mean(volume*close, 20)), range=""0.1, 1, 0.1""))"
E5pZ3p0L,w126_a,4.4,2.56,0.8366,j23Pl0e5,SUBINDUSTRY,"group_rank(fnd6_newq_xoptdqp/assets, bucket(rank(ts_mean(volume*close, 20)), range=""0.1, 1, 0.1"")) + group_rank(fnd6_newqv1300_xoptdq/assets, bucket(rank(ts_mean(volume*close, 20)), range=""0.1, 1, 0.1"")) + group_rank(fnd6_newqv1300_xoptepsq/assets, bucket(rank(ts_mean(volume*close, 20)), range=""0.1, 1, 0.1"")) + 0.5*group_rank(ts_av_diff(cash/assets, 45), bucket(rank(ts_mean(volume*close, 20)), range=""0.1, 1, 0.1"")) + 0.5*group_rank(ts_av_diff(cashflow_op/enterprise_value, 45), bucket(rank(ts_mean(volume*close, 20)), range=""0.1, 1, 0.1"")) + 0.5*group_rank(-ts_delta(close, 2), bucket(rank(ts_mean(volume*close, 20)), range=""0.1, 1, 0.1"")) + 0.5*group_rank(volume/ts_mean(volume, 60), bucket(rank(ts_mean(volume*close, 20)), range=""0.1, 1, 0.1""))"
3q9kPP1Q,w69_b,4.33,2.66,0.8367,N1QJPJE8,INDUSTRY,"group_rank(-anl4_fs_detail_estimate_1qf_v4_nd_netdebt_mean/assets, industry) + group_rank(ts_av_diff(cashflow_op/enterprise_value, 45), industry) + group_rank(-ts_delta(close, 5), industry) + rank(volume/ts_mean(volume, 90))"
d5OJJb2g,w116_j,4.04,1.69,0.8376,kqVp6wnO,SUBINDUSTRY,"group_rank(ts_corr(cap, ts_mean(volume, 20), 60), bucket(rank(ts_mean(volume*close, 20)), range=""0.1, 1, 0.1"")) + group_rank(fnd6_intc/assets, bucket(rank(ts_mean(volume*close, 20)), range=""0.1, 1, 0.1"")) + group_rank(fnd6_tstkc/assets, bucket(rank(ts_mean(volume*close, 20)), range=""0.1, 1, 0.1"")) + group_rank(ts_av_diff(cash/assets, 45), bucket(rank(ts_mean(volume*close, 20)), range=""0.1, 1, 0.1"")) + group_rank(ts_av_diff(cashflow_op/enterprise_value, 45), bucket(rank(ts_mean(volume*close, 20)), range=""0.1, 1, 0.1"")) + group_rank(-ts_delta(close, 2), bucket(rank(ts_mean(volume*close, 20)), range=""0.1, 1, 0.1""))"
A10exRzR,w60_f,4.14,3.39,0.8376,le8EAJLO,SUBINDUSTRY,"group_rank(fnd6_newqv1300_cimiiq/assets, subindustry) + group_rank(ts_av_diff(cash/assets, 45), subindustry) + group_rank(ts_av_diff(cashflow_op/enterprise_value, 45), subindustry) + group_rank(-ts_delta(close, 3), subindustry) + rank(volume/ts_mean(volume, 60))"
E5vxPwjL,w79_b,4.56,1.78,0.8377,e79PvPpE,SUBINDUSTRY,"group_rank(anl4_fs_detail_estimates_advanced_af_nd_capex_std/assets, subindustry) + group_rank(anl4_fs_detail_estimate_1qf_v4_nd_netdebt_high/assets, subindustry) + group_rank(ts_av_diff(cash/assets, 75), subindustry) + group_rank(ts_av_diff(cashflow_op/enterprise_value, 60), subindustry) + group_rank(-ts_delta(close, 8), subindustry) + rank(volume/ts_mean(volume, 150))"
e79E6jjl,w76_i,4.46,1.92,0.8379,N1QJPJE8,INDUSTRY,"group_rank(anl4_fs_detail_estimate_1qf_v4_nd_cfi_low/assets, industry) + group_rank(anl4_fs_detail_estimate_1qf_v4_nd_netdebt_high/assets, industry) + group_rank(ts_av_diff(cash/assets, 60), industry) + group_rank(ts_av_diff(cashflow_op/enterprise_value, 60), industry) + group_rank(-ts_delta(close, 5), industry) + rank(volume/ts_mean(volume, 120))"
kqVpP8Yd,w110_i,4.48,1.64,0.8379,npKGgKLw,SUBINDUSTRY,"group_rank(fnd6_xintopt/assets, bucket(rank(ts_mean(volume*close, 20)), range=""0.1, 1, 0.1"")) + group_rank(anl4_fs_detail_estimate_1qf_v4_nd_totassets_mean/assets, bucket(rank(ts_mean(volume*close, 20)), range=""0.1, 1, 0.1"")) + group_rank(-anl4_fs_detail_estimates_advanced_af_nd_capex_median/assets, bucket(rank(ts_mean(volume*close, 20)), range=""0.1, 1, 0.1"")) + group_rank(ts_av_diff(cash/assets, 75), bucket(rank(ts_mean(volume*close, 20)), range=""0.1, 1, 0.1"")) + group_rank(ts_av_diff(cashflow_op/enterprise_value, 60), bucket(rank(ts_mean(volume*close, 20)), range=""0.1, 1, 0.1"")) + group_rank(-ts_delta(close, 5), bucket(rank(ts_mean(volume*close, 20)), range=""0.1, 1, 0.1"")) + group_rank(volume/ts_mean(volume, 120), bucket(rank(ts_mean(volume*close, 20)), range=""0.1, 1, 0.1""))"
xAY57eRn,w79_i,4.22,1.6,0.8381,e79PvPpE,SUBINDUSTRY,"group_rank(anl4_fs_detail_estimates_advanced_af_nd_capex_std/assets, subindustry) + group_rank(anl4_fs_actuals_basic_qf_nd_div_value/assets, subindustry) + group_rank(ts_av_diff(cash/assets, 75), subindustry) + group_rank(ts_av_diff(cashflow_op/enterprise_value, 60), subindustry) + group_rank(-ts_delta(close, 8), subindustry) + rank(volume/ts_mean(volume, 150))"
MP1v2gGn,w114_h,4.9,2.4,0.8386,e79PvPpE,SUBINDUSTRY,"group_rank(fnd6_intc/assets, sector) + group_rank(fnd6_tfvce/assets, sector) + group_rank(ts_av_diff(cash/assets, 45), sector) + group_rank(ts_av_diff(cashflow_op/enterprise_value, 45), sector) + group_rank(-ts_delta(close, 2), sector) + group_rank(volume/ts_mean(volume, 60), sector)"
9qjqNl1r,w166_00,4.86,2.5,0.8392,0mXm1neK,SUBINDUSTRY,"1.5*group_rank(-annual_intangible_assets_net_carrying_value/assets, industry) + 0.5*group_rank(volume/ts_mean(volume, 90), subindustry) + 0.5*group_rank(-ts_rank(returns, 20), subindustry) + 0.5*group_rank(-ts_rank(returns, 5), subindustry)"
pwRYz9pg,x162_w164_04_MAR,4.95,1.41,0.84,levpXXGl,MARKET,"1.5*group_rank(fnd6_pstkl/cap, subindustry) + group_rank(fnd6_txtubadjust/cap, subindustry) + group_rank(fnd6_xrent/assets, subindustry) + 1.25*group_rank(-ts_delta(close, 5), subindustry) + 1.25*group_rank(-ts_mean(abs(returns)/volume, 20), subindustry) + 1.25*group_rank(-ts_rank(returns, 5), subindustry)"
gJbkzk0m,n160_qMxMV8NA_SEC,5.1,1.61,0.8403,akbjdK26,SECTOR,"1.5*group_rank(fnd6_pstkl/cap, subindustry) + group_rank(-annual_intangible_assets_net_carrying_value/assets, subindustry) + group_rank(fnd6_xrent/assets, subindustry) + 0.75*group_rank(-ts_delta(close, 20), subindustry) + 0.75*group_rank(-ts_rank(returns, 20), subindustry) + 0.75*group_rank(-ts_mean(abs(returns)/volume, 20), subindustry)"
j23orrMk,w49_d,5.95,2.4,0.8404,RRV5l5Go,SUBINDUSTRY,"group_rank(fnd6_xrent/assets, subindustry) + group_rank(ts_av_diff(cash/assets, 45), subindustry) + group_rank(ts_av_diff(cashflow_op/enterprise_value, 60), subindustry) + group_rank(-ts_delta(close, 2), subindustry) + rank(volume/ts_mean(volume, 60))"
le8Ej0a8,w52_e,5.72,2.42,0.8404,rK59235m,SUBINDUSTRY,"group_rank(fnd6_xrent/assets, subindustry) + group_rank(ts_av_diff(cash/assets, 60), subindustry) + group_rank(ts_av_diff(cashflow_op/enterprise_value, 60), subindustry) + group_rank(-ts_delta(close, 2), subindustry) + rank(volume/ts_mean(volume, 60))"
wpY3Yxvd,w53_c,6.19,2.49,0.841,rK59235m,SUBINDUSTRY,"group_rank(fnd6_xrent/assets, subindustry) + group_rank(ts_av_diff(cash/assets, 45), subindustry) + group_rank(ts_av_diff(cashflow_op/enterprise_value, 45), subindustry) + group_rank(-ts_delta(close, 2), subindustry) + rank(volume/ts_mean(volume, 60))"
78Z3ZAe1,w53_e,6.04,2.59,0.8411,rK59235m,SUBINDUSTRY,"group_rank(fnd6_xrent/assets, subindustry) + group_rank(ts_av_diff(cash/assets, 50), subindustry) + group_rank(ts_av_diff(cashflow_op/enterprise_value, 45), subindustry) + group_rank(-ts_delta(close, 2), subindustry) + rank(volume/ts_mean(volume, 60))"
akLGaMox,w77_f,4.43,1.79,0.8413,E5vx6NJP,SUBINDUSTRY,"group_rank(anl4_fs_detail_estimate_1qf_v4_nd_sga_median/assets, subindustry) + group_rank(anl4_fs_detail_estimate_1qf_v4_nd_totgw_median/assets, subindustry) + group_rank(ts_av_diff(cash/assets, 45), industry) + group_rank(ts_av_diff(cashflow_op/enterprise_value, 45), subindustry) + group_rank(-ts_delta(close, 5), industry) + rank(volume/ts_mean(volume, 90))"
npKmP0Pd,w56_d,4.65,1.66,0.8415,mLgd6nwX,SUBINDUSTRY,"group_rank(fnd6_xrent/assets, subindustry) + group_rank(ts_av_diff(cash/assets, 45), subindustry) + group_rank(ts_av_diff(cashflow_op/enterprise_value, 45), subindustry) + group_rank(-ts_delta(close, 2), subindustry) + rank(volume/ts_mean(volume, 60))"
vRkZNpGw,w51_d,5.8,2.52,0.8421,rK59235m,SUBINDUSTRY,"group_rank(fnd6_xrent/assets, subindustry) + group_rank(ts_av_diff(cash/assets, 45), subindustry) + group_rank(ts_av_diff(cashflow_op/enterprise_value, 75), subindustry) + group_rank(-ts_delta(close, 2), subindustry) + rank(volume/ts_mean(volume, 60))"
P020P5MM,w158_06,6.43,1.71,0.8421,O0N0R5NY,SUBINDUSTRY,"1.5*group_rank(ts_av_diff(cash/assets,45), subindustry) + group_rank(fn_accrued_liab_curr_a/assets, subindustry) + group_rank(fnd6_xrent/assets, subindustry) + group_rank(volume/ts_mean(volume, 90), subindustry) + group_rank(-ts_rank(returns, 20), subindustry) + group_rank(-ts_mean(abs(returns)/volume, 20), subindustry)"
9qV558ae,w116_k,4.71,1.92,0.8425,akLmmvPW,SUBINDUSTRY,"group_rank(fnd6_newqv1300_fcaq/assets, bucket(rank(ts_mean(volume*close, 20)), range=""0.1, 1, 0.1"")) + group_rank(fnd6_newqv1300_tfvceq/assets, bucket(rank(ts_mean(volume*close, 20)), range=""0.1, 1, 0.1"")) + group_rank(fnd6_intc/assets, bucket(rank(ts_mean(volume*close, 20)), range=""0.1, 1, 0.1"")) + group_rank(ts_av_diff(cash/assets, 45), bucket(rank(ts_mean(volume*close, 20)), range=""0.1, 1, 0.1"")) + group_rank(ts_av_diff(cashflow_op/enterprise_value, 45), bucket(rank(ts_mean(volume*close, 20)), range=""0.1, 1, 0.1"")) + group_rank(-ts_delta(close, 2), bucket(rank(ts_mean(volume*close, 20)), range=""0.1, 1, 0.1""))"
WjP2jMrd,w96_d,4.63,2.27,0.8428,0mR2K6lr,SUBINDUSTRY,"group_rank(authorized_stock_buyback_amount/assets, subindustry) + group_rank(-annual_intangible_assets_net_carrying_value/assets, subindustry) + group_rank(-(close/vwap), subindustry) + group_rank(ts_av_diff(cash/assets, 45), subindustry) + group_rank(ts_av_diff(cashflow_op/enterprise_value, 45), subindustry) + group_rank(-ts_delta(close, 10), subindustry) + rank(volume/ts_mean(volume, 120))"
78Z3Z5m5,w54_g,6.04,2.65,0.8428,mLgd6nwX,SUBINDUSTRY,"group_rank(fnd6_xrent/assets, subindustry) + group_rank(ts_av_diff(cash/assets, 48), subindustry) + group_rank(ts_av_diff(cashflow_op/enterprise_value, 45), subindustry) + group_rank(-ts_delta(close, 2), subindustry) + rank(volume/ts_mean(volume, 60))"
P0Z75k3q,s8_grp_xo,4.32,2.57,0.8432,0mRwgR6k,SUBINDUSTRY,"group_rank(-ts_delta(close, 2), subindustry) + group_rank(fnd6_xopr/assets, subindustry) + rank(volume/ts_mean(volume, 60))"
O0rLOajJ,w119_j,4.7,2.06,0.8434,akLmmvPW,SUBINDUSTRY,"group_rank(fnd6_tstkc/assets, bucket(rank(ts_std_dev(returns, 250)), range=""0.1, 1, 0.1"")) + group_rank(fnd6_newqv1300_glcea12/assets, bucket(rank(ts_std_dev(returns, 250)), range=""0.1, 1, 0.1"")) + group_rank(fnd6_newqv1300_xoptq/assets, bucket(rank(ts_std_dev(returns, 250)), range=""0.1, 1, 0.1"")) + group_rank(ts_av_diff(cash/assets, 45), bucket(rank(ts_std_dev(returns, 250)), range=""0.1, 1, 0.1"")) + group_rank(ts_av_diff(cashflow_op/enterprise_value, 45), bucket(rank(ts_std_dev(returns, 250)), range=""0.1, 1, 0.1"")) + group_rank(-ts_delta(close, 2), bucket(rank(ts_std_dev(returns, 250)), range=""0.1, 1, 0.1""))"
d5OJRQ9g,w109_l,4.11,1.39,0.8434,npKGgKLw,SUBINDUSTRY,"group_rank(fnd6_xintopt/assets, bucket(rank(cap), range=""0.1, 1, 0.1"")) + group_rank(anl4_fs_detail_estimate_1qf_v4_nd_totassets_mean/assets, bucket(rank(cap), range=""0.1, 1, 0.1"")) + group_rank(-anl4_fs_detail_estimates_advanced_af_nd_capex_median/assets, bucket(rank(cap), range=""0.1, 1, 0.1"")) + group_rank(ts_av_diff(cash/assets, 45), bucket(rank(cap), range=""0.1, 1, 0.1"")) + group_rank(ts_av_diff(cashflow_op/enterprise_value, 45), bucket(rank(cap), range=""0.1, 1, 0.1"")) + group_rank(-ts_delta(close, 8), bucket(rank(cap), range=""0.1, 1, 0.1"")) + group_rank(volume/ts_mean(volume, 60), bucket(rank(cap), range=""0.1, 1, 0.1""))"
E5p5NVkR,w159_04,5.74,2.12,0.8442,58znv2Y1,SUBINDUSTRY,"1.5*group_rank(fnd6_newa1v1300_aol2/cap, subindustry) + group_rank(ts_av_diff(cashflow_op/enterprise_value,45), subindustry) + group_rank(fn_accrued_liab_curr_a/assets, subindustry) + group_rank(fnd6_xrent/assets, subindustry) + 2.0*group_rank(-ts_rank(returns, 20), subindustry)"
RRbR6Jjd,w154_h,4.08,2.2,0.8442,kqoq0zed,SUBINDUSTRY,"1.5*group_rank(fnd6_pstkl/cap, subindustry) + group_rank(fnd6_txs/cap, subindustry) + group_rank(fnd6_mfmq_mibtq/cap, subindustry) + group_rank(fnd6_lqpl1/cap, subindustry) + 1.5*group_rank(-ts_delta(close, 5), subindustry) + 1.5*group_rank(volume/ts_mean(volume, 90), subindustry) + 0.5*group_rank(-ts_rank(close, 20), subindustry)"
KPOAM5xk,w116_b,4.63,2.02,0.8442,kqVp6wnO,SUBINDUSTRY,"group_rank(fnd6_intc/assets, bucket(rank(ts_std_dev(returns, 20)), range=""0.1, 1, 0.1"")) + group_rank(fnd6_tfvce/assets, bucket(rank(ts_std_dev(returns, 20)), range=""0.1, 1, 0.1"")) + group_rank(fnd6_tstkc/assets, bucket(rank(ts_std_dev(returns, 20)), range=""0.1, 1, 0.1"")) + group_rank(ts_av_diff(cash/assets, 45), bucket(rank(ts_std_dev(returns, 20)), range=""0.1, 1, 0.1"")) + group_rank(ts_av_diff(cashflow_op/enterprise_value, 45), bucket(rank(ts_std_dev(returns, 20)), range=""0.1, 1, 0.1"")) + group_rank(-ts_delta(close, 2), bucket(rank(ts_std_dev(returns, 20)), range=""0.1, 1, 0.1""))"
kqVvjjnK,w52_g,6.14,2.53,0.8447,mLgd6nwX,SUBINDUSTRY,"group_rank(fnd6_xrent/assets, subindustry) + group_rank(ts_av_diff(cash/assets, 45), subindustry) + group_rank(ts_av_diff(cashflow_op/enterprise_value, 45), subindustry) + group_rank(-ts_delta(close, 2), subindustry) + rank(volume/ts_mean(volume, 60))"
qMWOWaE1,w54_h,6.14,2.53,0.8447,mLgd6nwX,SUBINDUSTRY,"group_rank(fnd6_xrent/assets, subindustry) + group_rank(ts_av_diff(cash/assets, 45), subindustry) + group_rank(ts_av_diff(cashflow_op/enterprise_value, 45), subindustry) + group_rank(-ts_delta(close, 2), subindustry) + rank(volume/ts_mean(volume, 60))"
kqVvVxag,w53_d,6.03,2.32,0.8448,mLgd6nwX,SUBINDUSTRY,"group_rank(fnd6_xrent/assets, subindustry) + group_rank(ts_av_diff(cash/assets, 40), subindustry) + group_rank(ts_av_diff(cashflow_op/enterprise_value, 45), subindustry) + group_rank(-ts_delta(close, 2), subindustry) + rank(volume/ts_mean(volume, 60))"
Grd2PVd0,w119_k,4.66,2.16,0.8449,akLp3pzW,SUBINDUSTRY,"group_rank(fnd6_pncepsq/assets, bucket(rank(ts_mean(volume*close, 20)), range=""0.1, 1, 0.1"")) + group_rank(fnd6_lifr/assets, bucket(rank(ts_mean(volume*close, 20)), range=""0.1, 1, 0.1"")) + group_rank(fnd6_intc/assets, bucket(rank(ts_mean(volume*close, 20)), range=""0.1, 1, 0.1"")) + group_rank(ts_av_diff(cash/assets, 45), bucket(rank(ts_mean(volume*close, 20)), range=""0.1, 1, 0.1"")) + group_rank(ts_av_diff(cashflow_op/enterprise_value, 45), bucket(rank(ts_mean(volume*close, 20)), range=""0.1, 1, 0.1"")) + group_rank(-ts_delta(close, 2), bucket(rank(ts_mean(volume*close, 20)), range=""0.1, 1, 0.1""))"
N1QE73Zo,w111_h,4.36,2.22,0.845,npKGgKLw,SUBINDUSTRY,"group_rank(anl4_fs_detail_estimate_1qf_v4_nd_ebitda_median/assets, bucket(rank(cap), range=""0.1, 1, 0.1"")) + group_rank(-anl4_fs_detail_estimate_1qf_v4_nd_fcf_low/assets, bucket(rank(cap), range=""0.1, 1, 0.1"")) + group_rank(ts_av_diff(cash/assets, 45), bucket(rank(cap), range=""0.1, 1, 0.1"")) + group_rank(ts_av_diff(cashflow_op/enterprise_value, 45), bucket(rank(cap), range=""0.1, 1, 0.1"")) + group_rank(-ts_delta(close, 2), bucket(rank(cap), range=""0.1, 1, 0.1"")) + group_rank(volume/ts_mean(volume, 60), bucket(rank(cap), range=""0.1, 1, 0.1""))"
Vk6Za7Lw,w55_h,6.15,2.54,0.8454,mLgd6nwX,SUBINDUSTRY,"group_neutralize(group_rank(fnd6_xrent/assets, subindustry) + group_rank(ts_av_diff(cash/assets, 45), subindustry) + group_rank(ts_av_diff(cashflow_op/enterprise_value, 45), subindustry) + group_rank(-ts_delta(close, 2), subindustry) + rank(volume/ts_mean(volume, 60)), industry)"
om6JrlxJ,w69_f,4.09,2.35,0.8456,E5vx6NJP,INDUSTRY,"group_rank(anl4_fs_detail_estimate_1qf_v4_nd_cfi_low/assets, industry) + group_rank(ts_av_diff(cashflow_op/enterprise_value, 45), industry) + group_rank(-ts_delta(close, 5), industry) + rank(volume/ts_mean(volume, 90))"
xAYLAgOW,w118_f,4.3,1.77,0.8459,akLmmvPW,SUBINDUSTRY,"group_rank(fnd6_lifr/assets, bucket(rank(cash/assets), range=""0.1, 1, 0.1"")) + group_rank(fnd6_newqv1300_txdbq/assets, bucket(rank(cash/assets), range=""0.1, 1, 0.1"")) + group_rank(fnd6_intc/assets, bucket(rank(cash/assets), range=""0.1, 1, 0.1"")) + group_rank(ts_av_diff(cash/assets, 45), bucket(rank(cash/assets), range=""0.1, 1, 0.1"")) + group_rank(ts_av_diff(cashflow_op/enterprise_value, 45), bucket(rank(cash/assets), range=""0.1, 1, 0.1"")) + group_rank(-ts_delta(close, 2), bucket(rank(cash/assets), range=""0.1, 1, 0.1""))"
LL9odxav,w109_h,4.5,2.01,0.8459,npKGgKLw,SUBINDUSTRY,"group_rank(fnd6_xintopt/assets, bucket(rank(cap), range=""0.1, 1, 0.1"")) + group_rank(anl4_fs_detail_estimate_1qf_v4_nd_totassets_mean/assets, bucket(rank(cap), range=""0.1, 1, 0.1"")) + group_rank(ts_av_diff(cash/assets, 45), bucket(rank(cap), range=""0.1, 1, 0.1"")) + group_rank(ts_av_diff(cashflow_op/enterprise_value, 45), bucket(rank(cap), range=""0.1, 1, 0.1"")) + group_rank(-ts_delta(close, 2), bucket(rank(cap), range=""0.1, 1, 0.1"")) + group_rank(volume/ts_mean(volume, 60), bucket(rank(cap), range=""0.1, 1, 0.1""))"
A10r3d5d,w66_e,4.2,2.73,0.8459,j23Pl0e5,SUBINDUSTRY,"group_rank(anl4_fs_detail_estimate_1qf_v4_nd_totgw_median/assets, subindustry) + group_rank(fnd6_txtubxintis/assets, subindustry) + group_rank(ts_av_diff(cash/assets, 45), subindustry) + group_rank(ts_av_diff(cashflow_op/enterprise_value, 45), subindustry) + group_rank(-ts_delta(close, 2), subindustry) + rank(volume/ts_mean(volume, 60))"
ZY0V1zqY,w114_i,4.68,2.29,0.8461,kqVp6wnO,SUBINDUSTRY,"group_rank(fnd6_tstkc/assets, industry) + group_rank(fnd6_lifr/assets, industry) + group_rank(ts_av_diff(cash/assets, 45), industry) + group_rank(ts_av_diff(cashflow_op/enterprise_value, 45), industry) + group_rank(-ts_delta(close, 2), industry) + group_rank(volume/ts_mean(volume, 60), industry)"
vRkpxElz,w65_f,4.34,1.96,0.8462,N1QJPJE8,SUBINDUSTRY,"group_rank(anl4_fs_detail_estimate_1qf_v4_nd_ptpr_mean/assets, subindustry) + group_rank(fnd6_txtubxintis/assets, subindustry) + group_rank(ts_av_diff(cash/assets, 45), subindustry) + group_rank(ts_av_diff(cashflow_op/enterprise_value, 45), subindustry) + group_rank(-ts_delta(close, 2), subindustry) + rank(volume/ts_mean(volume, 60))"
RRV9brza,w55_f,6.09,2.38,0.847,mLgd6nwX,SUBINDUSTRY,"group_rank(fnd6_xrent/assets, subindustry) + group_rank(ts_av_diff(cash/assets, 42), subindustry) + group_rank(ts_av_diff(cashflow_op/enterprise_value, 42), subindustry) + group_rank(-ts_delta(close, 2), subindustry) + rank(volume/ts_mean(volume, 60))"
Vk6Z6nmw,w53_f,6.11,2.43,0.8471,rK59235m,SUBINDUSTRY,"group_rank(fnd6_xrent/assets, subindustry) + group_rank(ts_av_diff(cash/assets, 45), subindustry) + group_rank(ts_av_diff(cashflow_op/enterprise_value, 45), subindustry) + group_rank(-ts_delta(close, 3), subindustry) + rank(volume/ts_mean(volume, 60))"
kqVvoRMP,w55_a,6.05,2.58,0.8472,rK59235m,SUBINDUSTRY,"group_rank(fnd6_xrent/assets, industry) + group_rank(ts_av_diff(cash/assets, 45), industry) + group_rank(ts_av_diff(cashflow_op/enterprise_value, 45), industry) + group_rank(-ts_delta(close, 2), industry) + rank(volume/ts_mean(volume, 60))"
rK585G9E,w74_h,4.4,1.72,0.8475,E5vx6NJP,SUBINDUSTRY,"group_rank(anl4_fs_detail_estimate_1qf_v4_nd_sga_median/assets, subindustry) + group_rank(anl4_fs_detail_estimate_1qf_v4_nd_totgw_median/assets, subindustry) + group_rank(ts_av_diff(cash/assets, 45), subindustry) + group_rank(ts_av_diff(cashflow_op/enterprise_value, 45), subindustry) + group_rank(-ts_delta(close, 5), subindustry) + rank(volume/ts_mean(volume, 90))"
d5b5voEJ,w161_06,5.56,2.12,0.8478,levpXXGl,SUBINDUSTRY,"1.5*group_rank(fn_accrued_liab_curr_a/assets, subindustry) + group_rank(-annual_intangible_assets_net_carrying_value/assets, subindustry) + group_rank(fnd6_xrent/assets, subindustry) + 1.5*group_rank(-ts_delta(close, 20), subindustry) + 1.5*group_rank(volume/ts_mean(volume, 60), subindustry) + 1.5*group_rank(-ts_mean(abs(returns)/volume, 20), subindustry)"
JjxoNKAj,w55_b,6.01,2.64,0.8479,rK59235m,SUBINDUSTRY,"group_rank(fnd6_xrent/assets, industry) + group_rank(ts_av_diff(cash/assets, 45), industry) + group_rank(ts_av_diff(cashflow_op/enterprise_value, 45), industry) + group_rank(-ts_delta(close, 2), industry) + rank(volume/ts_mean(volume, 60))"
A10e0LQY,w54_d,6.15,2.53,0.8481,mLgd6nwX,SUBINDUSTRY,"group_rank(fnd6_xrent/assets, subindustry) + group_rank(ts_av_diff(cash/assets, 45), subindustry) + group_rank(ts_av_diff(cashflow_op/enterprise_value, 40), subindustry) + group_rank(-ts_delta(close, 2), subindustry) + rank(volume/ts_mean(volume, 60))"
O0NQ1mpd,w165_08,4.22,1.59,0.8482,58znv2Y1,SUBINDUSTRY,"1.5*group_rank(fnd6_newa1v1300_aol2/cap, subindustry) + group_rank(fn_accrued_liab_curr_a/assets, subindustry) + group_rank(fnd6_xrent/assets, subindustry) + 0.75*group_rank(-ts_rank(returns, 20), subindustry) + 0.75*group_rank(-ts_mean(open/ts_delay(close,1) - 1, 5), subindustry) + 0.75*group_rank(-ts_rank(returns, 5), subindustry)"
0mXmakR1,w161_11,4.01,2.03,0.8488,58znv2Y1,SUBINDUSTRY,"1.5*group_rank(fnd6_lqpl1/cap, subindustry) + group_rank(fnd6_newa1v1300_aol2/cap, subindustry) + group_rank(fn_accrued_liab_curr_a/assets, subindustry) + group_rank(-annual_intangible_assets_net_carrying_value/assets, subindustry) + group_rank(-ts_rank(returns, 20), subindustry)"
KPOvGJRj,w51_a,6.05,2.48,0.8488,rK59235m,SUBINDUSTRY,"group_rank(fnd6_xrent/assets, subindustry) + group_rank(ts_av_diff(cash/assets, 45), subindustry) + group_rank(ts_av_diff(cashflow_op/enterprise_value, 60), subindustry) + group_rank(-ts_delta(close, 2), subindustry) + rank(volume/ts_mean(volume, 60))"
LL95X8OM,w35_o,5.1,2.93,0.8489,O0rZ90n1,SUBINDUSTRY,"group_rank(fnd6_xrent/assets, subindustry) + group_rank(ts_av_diff(cash/assets, 30), subindustry) + group_rank(ts_av_diff(cashflow_op/enterprise_value, 60), subindustry) + group_rank(-ts_delta(close, 2), subindustry) + rank(volume/ts_mean(volume, 60))"
RRbRGr0o,w165_04,4.99,1.89,0.8489,akbjdK26,SUBINDUSTRY,"1.5*group_rank(fnd6_pstkl/cap, subindustry) + group_rank(-annual_intangible_assets_net_carrying_value/assets, subindustry) + group_rank(fnd6_xrent/assets, subindustry) + 1.25*group_rank(-ts_rank(returns, 20), subindustry)"
zqYgYexo,w54_e,6.08,2.51,0.8493,rK59235m,SUBINDUSTRY,"group_rank(fnd6_xrent/assets, subindustry) + group_rank(ts_av_diff(cash/assets, 45), subindustry) + group_rank(ts_av_diff(cashflow_op/enterprise_value, 50), subindustry) + group_rank(-ts_delta(close, 2), subindustry) + rank(volume/ts_mean(volume, 60))"
78Z3ZgrZ,w53_g,6.06,2.42,0.8496,mLgd6nwX,SUBINDUSTRY,"group_rank(fnd6_xrent/assets, subindustry) + group_rank(ts_av_diff(cash/assets, 45), subindustry) + group_rank(ts_av_diff(cashflow_op/enterprise_value, 30), subindustry) + group_rank(-ts_delta(close, 2), subindustry) + rank(volume/ts_mean(volume, 60))"
GrdXOVGP,w56_c,4.87,1.63,0.8502,RRV5l5Go,SUBINDUSTRY,"group_rank(fnd6_xrent/assets, subindustry) + group_rank(ts_av_diff(cash/assets, 45), subindustry) + group_rank(ts_av_diff(cashflow_op/enterprise_value, 45), subindustry) + group_rank(-ts_delta(close, 2), subindustry) + rank(volume/ts_mean(volume, 60))"
78Z3jxx2,w52_d,5.91,2.58,0.8507,rK59235m,SUBINDUSTRY,"group_rank(fnd6_xrent/assets, subindustry) + group_rank(ts_av_diff(cash/assets, 50), subindustry) + group_rank(ts_av_diff(cashflow_op/enterprise_value, 60), subindustry) + group_rank(-ts_delta(close, 2), subindustry) + rank(volume/ts_mean(volume, 60))"
3q9lr9K0,o1_xopr_vwap3,4.21,2.3,0.851,0mRwgR6k,SUBINDUSTRY,"group_rank(fnd6_xopr/assets, subindustry) + rank(-ts_delta(vwap, 3)) + rank(volume/ts_mean(volume, 60))"
YP57z3wl,y5_d0_d4,4.03,2.21,0.8512,ZY07MXgd,SUBINDUSTRY,"group_rank(ts_av_diff(cashflow_op/enterprise_value,60),subindustry) + group_rank(ts_av_diff(cash/assets,30),subindustry)"
JjxoxraA,w54_f,5.94,2.46,0.8514,mLgd6nwX,SUBINDUSTRY,"group_rank(fnd6_xrent/assets, subindustry) + group_rank(ts_av_diff(cash/assets, 45), subindustry) + group_rank(ts_av_diff(cashflow_op/enterprise_value, 45), subindustry) + group_rank(-ts_delta(close, 2), subindustry) + rank(volume/ts_mean(volume, 40))"
A1N1NGjY,w152_g,4.06,1.92,0.8518,kqoq0zed,SUBINDUSTRY,"1.5*group_rank(fnd6_pstkl/cap, subindustry) + group_rank(fnd6_txs/cap, subindustry) + group_rank(fnd6_mfmq_mibtq/cap, subindustry) + 1.25*group_rank(-ts_delta(vwap, 5), subindustry) + 1.25*group_rank(volume/ts_mean(volume, 120), subindustry)"
KPOoKzqk,w118_b,4.84,2.4,0.8518,akLp3pzW,SUBINDUSTRY,"group_rank(fnd6_intc/assets, bucket(rank(ts_std_dev(returns, 60)), range=""0.1, 1, 0.1"")) + group_rank(fnd6_cicurr/assets, bucket(rank(ts_std_dev(returns, 60)), range=""0.1, 1, 0.1"")) + group_rank(fnd6_newqv1300_glcea12/assets, bucket(rank(ts_std_dev(returns, 60)), range=""0.1, 1, 0.1"")) + group_rank(ts_av_diff(cash/assets, 45), bucket(rank(ts_std_dev(returns, 60)), range=""0.1, 1, 0.1"")) + group_rank(ts_av_diff(cashflow_op/enterprise_value, 45), bucket(rank(ts_std_dev(returns, 60)), range=""0.1, 1, 0.1"")) + group_rank(-ts_delta(close, 2), bucket(rank(ts_std_dev(returns, 60)), range=""0.1, 1, 0.1""))"
YP5xPLNv,w31_cimiiq,4.01,3.08,0.8533,rK59235m,SUBINDUSTRY,"group_rank(fnd6_newqv1300_cimiiq/assets, subindustry) + group_rank(ts_av_diff(cashflow_op/enterprise_value, 60), subindustry) + group_rank(-ts_delta(close, 2), subindustry) + rank(volume/ts_mean(volume, 60))"
qMWpGw3Z,w91_d,4.54,1.36,0.8533,e79PvPpE,INDUSTRY,"group_rank(authorized_stock_buyback_amount/assets, subindustry) + group_rank(anl4_fs_detail_estimate_1qf_v4_nd_sga_median/assets, subindustry) + 0.45*group_rank(ts_av_diff(cash/assets, 45), subindustry) + 0.45*group_rank(ts_av_diff(cashflow_op/enterprise_value, 45), subindustry) + 0.5*group_rank(-ts_delta(close, 10), subindustry) + 0.5*rank(volume/ts_mean(volume, 120))"
YP58017J,w48_b,5.27,1.88,0.8535,RRV5l5Go,SUBINDUSTRY,"group_rank(fnd6_xrent/assets, subindustry) + group_rank(ts_av_diff(cash/assets, 30), subindustry) + group_rank(ts_av_diff(cashflow_op/enterprise_value, 60), subindustry) + group_rank(-ts_delta(close, 2), subindustry) + rank(volume/ts_mean(volume, 60))"
blR0Q6oZ,w110_h,4.22,1.57,0.8536,npKGgKLw,SUBINDUSTRY,"group_rank(fnd6_xintopt/assets, bucket(rank(ts_std_dev(returns, 20)), range=""0.1, 1, 0.1"")) + group_rank(anl4_fs_detail_estimate_1qf_v4_nd_totassets_mean/assets, bucket(rank(ts_std_dev(returns, 20)), range=""0.1, 1, 0.1"")) + group_rank(-anl4_fs_detail_estimates_advanced_af_nd_capex_median/assets, bucket(rank(ts_std_dev(returns, 20)), range=""0.1, 1, 0.1"")) + group_rank(ts_av_diff(cash/assets, 75), bucket(rank(ts_std_dev(returns, 20)), range=""0.1, 1, 0.1"")) + group_rank(ts_av_diff(cashflow_op/enterprise_value, 60), bucket(rank(ts_std_dev(returns, 20)), range=""0.1, 1, 0.1"")) + group_rank(-ts_delta(close, 5), bucket(rank(ts_std_dev(returns, 20)), range=""0.1, 1, 0.1"")) + group_rank(volume/ts_mean(volume, 120), bucket(rank(ts_std_dev(returns, 20)), range=""0.1, 1, 0.1""))"
vRkZN1gG,w51_b,6.0,2.52,0.8538,rK59235m,SUBINDUSTRY,"group_rank(fnd6_xrent/assets, subindustry) + group_rank(ts_av_diff(cash/assets, 45), subindustry) + group_rank(ts_av_diff(cashflow_op/enterprise_value, 60), subindustry) + group_rank(-ts_delta(close, 2), subindustry) + rank(volume/ts_mean(volume, 60))"
MP105pX6,w36_f,5.54,2.04,0.8547,RRV5l5Go,SUBINDUSTRY,"group_rank(fnd6_xrent/assets, subindustry) + group_rank(ts_av_diff(cash/assets, 30), subindustry) + group_rank(ts_av_diff(cashflow_op/enterprise_value, 60), subindustry) + group_rank(-ts_delta(close, 2), subindustry) + rank(volume/ts_mean(volume, 60))"
ZY0g7q2d,w52_b,5.84,2.3,0.8547,rK59235m,SUBINDUSTRY,"group_rank(fnd6_xrent/assets, subindustry) + group_rank(ts_av_diff(cash/assets, 45), subindustry) + group_rank(ts_av_diff(cashflow_op/enterprise_value, 60), subindustry) + group_rank(-ts_delta(close, 4), subindustry) + rank(volume/ts_mean(volume, 60))"
zqY2QQa8,w65_d,4.36,2.33,0.8551,N1QJPJE8,SUBINDUSTRY,"group_rank(anl4_fs_detail_estimate_1qf_v4_nd_ptpr_mean/assets, subindustry) + group_rank(fnd6_txtubxintis/assets, subindustry) + group_rank(ts_av_diff(cash/assets, 45), subindustry) + group_rank(ts_av_diff(cashflow_op/enterprise_value, 45), subindustry) + group_rank(-ts_delta(close, 3), subindustry) + rank(volume/ts_mean(volume, 60))"
vRkZNpEb,w51_c,5.91,2.56,0.8557,rK59235m,SUBINDUSTRY,"group_rank(fnd6_xrent/assets, subindustry) + group_rank(ts_av_diff(cash/assets, 45), subindustry) + group_rank(ts_av_diff(cashflow_op/enterprise_value, 60), subindustry) + group_rank(-ts_delta(close, 2), subindustry) + rank(volume/ts_mean(volume, 60))"
blRARE9K,w74_c,4.33,3.24,0.8558,j23Pl0e5,SUBINDUSTRY,"group_rank(anl4_fs_detail_estimate_1qf_v4_nd_totgw_median/assets, subindustry) + group_rank(ts_av_diff(cash/assets, 45), subindustry) + group_rank(ts_av_diff(cashflow_op/enterprise_value, 45), subindustry) + group_rank(-ts_delta(close, 2), subindustry) + rank(volume/ts_mean(volume, 60))"
9qVdGqg1,w68_a,4.36,2.41,0.8559,N1QJPJE8,INDUSTRY,"group_rank(anl4_fs_detail_estimate_1qf_v4_nd_ptpr_mean/assets, industry) + group_rank(ts_av_diff(cashflow_op/enterprise_value, 60), industry) + group_rank(-ts_rank(close, 10), industry)"
d5OYjqdY,w52_a,5.98,2.42,0.8564,rK59235m,SUBINDUSTRY,"group_rank(fnd6_xrent/assets, subindustry) + group_rank(ts_av_diff(cash/assets, 45), subindustry) + group_rank(ts_av_diff(cashflow_op/enterprise_value, 60), subindustry) + group_rank(-ts_delta(close, 3), subindustry) + rank(volume/ts_mean(volume, 60))"
Vk67nkXY,p4_np_mkt,4.4,2.67,0.8567,9qVrJkYe,MARKET,"rank(-ts_delta(close, 2)) * rank(volume/ts_mean(volume, 60)) + group_rank(operating_expense/assets, subindustry) + group_rank(ts_av_diff(cash/assets, 30), subindustry)"
883VvlzX,w58_e,4.25,3.6,0.857,le8EAJLO,SUBINDUSTRY,"group_rank(fnd6_newqv1300_cimiiq/assets, subindustry) + group_rank(ts_av_diff(cash/assets, 45), subindustry) + group_rank(ts_av_diff(cashflow_op/enterprise_value, 45), subindustry) + group_rank(-ts_delta(close, 2), subindustry) + rank(volume/ts_mean(volume, 60))"
le8wjM3n,w111_f,4.5,1.73,0.8573,npKGgKLw,SUBINDUSTRY,"group_rank(anl4_fs_detail_estimate_1qf_v4_nd_ebit_low/assets, bucket(rank(cap), range=""0.05, 1, 0.05"")) + group_rank(anl4_fs_detail_estimate_1qf_v4_nd_totassets_median/assets, bucket(rank(cap), range=""0.05, 1, 0.05"")) + group_rank(ts_av_diff(cash/assets, 45), bucket(rank(cap), range=""0.05, 1, 0.05"")) + group_rank(ts_av_diff(cashflow_op/enterprise_value, 45), bucket(rank(cap), range=""0.05, 1, 0.05"")) + group_rank(-ts_delta(close, 2), bucket(rank(cap), range=""0.05, 1, 0.05"")) + group_rank(volume/ts_mean(volume, 60), bucket(rank(cap), range=""0.05, 1, 0.05""))"
XgWvJ9Na,w67_e,4.36,2.47,0.8576,N1QJPJE8,INDUSTRY,"group_rank(anl4_fs_detail_estimate_1qf_v4_nd_ptpr_mean/assets, industry) + group_rank(ts_av_diff(cashflow_op/enterprise_value, 45), industry) + group_rank(-ts_rank(close, 10), industry)"
N1QLrPN7,w48_a,5.85,2.12,0.8577,RRV5l5Go,SUBINDUSTRY,"group_rank(fnd6_xrent/assets, subindustry) + group_rank(ts_av_diff(cash/assets, 30), subindustry) + group_rank(ts_av_diff(cashflow_op/enterprise_value, 60), subindustry) + group_rank(-ts_delta(close, 2), subindustry) + rank(volume/ts_mean(volume, 60))"
blRmGJ9r,w119_f,4.88,2.69,0.8579,akLmmvPW,SUBINDUSTRY,"group_rank(fnd6_newqv1300_glcea12/assets, bucket(rank(assets_curr/assets), range=""0.1, 1, 0.1"")) + group_rank(fnd6_intc/assets, bucket(rank(assets_curr/assets), range=""0.1, 1, 0.1"")) + group_rank(fnd6_newqv1300_xoptq/assets, bucket(rank(assets_curr/assets), range=""0.1, 1, 0.1"")) + group_rank(ts_av_diff(cash/assets, 45), bucket(rank(assets_curr/assets), range=""0.1, 1, 0.1"")) + group_rank(ts_av_diff(cashflow_op/enterprise_value, 45), bucket(rank(assets_curr/assets), range=""0.1, 1, 0.1"")) + group_rank(-ts_delta(close, 2), bucket(rank(assets_curr/assets), range=""0.1, 1, 0.1""))"
O0rR7mmR,w52_c,5.91,2.46,0.858,rK59235m,SUBINDUSTRY,"group_rank(fnd6_xrent/assets, subindustry) + group_rank(ts_av_diff(cash/assets, 45), subindustry) + group_rank(ts_av_diff(cashflow_op/enterprise_value, 60), subindustry) + group_rank(-ts_delta(close, 3), subindustry) + rank(volume/ts_mean(volume, 60))"
6XrA7rEG,w32_m,5.25,2.42,0.8581,O0rZ90n1,INDUSTRY,"group_rank(fnd6_xrent/assets, subindustry) + group_rank(ts_av_diff(cashflow_op/enterprise_value, 60), subindustry) + group_rank(ts_av_diff(cash/assets, 30), subindustry) + group_rank(-ts_delta(close, 2), subindustry) + rank(volume/ts_mean(volume, 60))"
zqYrJaxX,w36_d,4.96,1.42,0.8582,RRV5l5Go,SUBINDUSTRY,"group_rank(fnd6_xrent/assets, subindustry) + group_rank(ts_av_diff(cash/assets, 30), subindustry) + group_rank(ts_av_diff(cashflow_op/enterprise_value, 60), subindustry) + group_rank(-ts_delta(close, 2), subindustry) + rank(volume/ts_mean(volume, 60))"
xAY7YbKp,w112_g,4.26,2.11,0.8583,akLp3pzW,SUBINDUSTRY,"group_rank(fnd6_cicurr/assets, bucket(rank(ts_mean(volume*close, 20)), range=""0.1, 1, 0.1"")) + group_rank(-anl4_fs_detail_estimate_1qf_v4_nd_fcf_low/assets, bucket(rank(ts_mean(volume*close, 20)), range=""0.1, 1, 0.1"")) + group_rank(ts_av_diff(cash/assets, 45), bucket(rank(ts_mean(volume*close, 20)), range=""0.1, 1, 0.1"")) + group_rank(ts_av_diff(cashflow_op/enterprise_value, 45), bucket(rank(ts_mean(volume*close, 20)), range=""0.1, 1, 0.1"")) + group_rank(-ts_delta(close, 2), bucket(rank(ts_mean(volume*close, 20)), range=""0.1, 1, 0.1"")) + group_rank(volume/ts_mean(volume, 60), bucket(rank(ts_mean(volume*close, 20)), range=""0.1, 1, 0.1""))"
883X3K2X,w74_e,4.55,3.79,0.8592,j23Pl0e5,SUBINDUSTRY,"group_rank(anl4_fs_detail_estimate_1qf_v4_nd_cfi_low/assets, subindustry) + group_rank(ts_av_diff(cash/assets, 45), subindustry) + group_rank(ts_av_diff(cashflow_op/enterprise_value, 45), subindustry) + group_rank(-ts_delta(close, 2), subindustry) + rank(volume/ts_mean(volume, 60))"
xAY7E9EJ,w114_d,4.9,2.7,0.8593,akLp3pzW,SUBINDUSTRY,"group_rank(fnd6_tstkc/assets, bucket(rank(ts_std_dev(returns, 20)), range=""0.1, 1, 0.1"")) + group_rank(fnd6_cicurr/assets, bucket(rank(ts_std_dev(returns, 20)), range=""0.1, 1, 0.1"")) + group_rank(ts_av_diff(cash/assets, 45), bucket(rank(ts_std_dev(returns, 20)), range=""0.1, 1, 0.1"")) + group_rank(ts_av_diff(cashflow_op/enterprise_value, 45), bucket(rank(ts_std_dev(returns, 20)), range=""0.1, 1, 0.1"")) + group_rank(-ts_delta(close, 2), bucket(rank(ts_std_dev(returns, 20)), range=""0.1, 1, 0.1"")) + group_rank(volume/ts_mean(volume, 60), bucket(rank(ts_std_dev(returns, 20)), range=""0.1, 1, 0.1""))"
78Z3n6lO,w49_e,5.48,1.97,0.861,RRV5l5Go,SUBINDUSTRY,"group_rank(fnd6_xrent/assets, subindustry) + group_rank(ts_av_diff(cash/assets, 30), subindustry) + group_rank(ts_av_diff(cashflow_op/enterprise_value, 60), subindustry) + group_rank(-ts_delta(close, 2), subindustry) + rank(volume/ts_mean(volume, 60))"
d5OJrkmY,w115_f,4.09,2.14,0.8613,akLp3pzW,SUBINDUSTRY,"group_rank(fnd6_cicurr/assets, bucket(rank(ts_mean(volume*close, 20)), range=""0.1, 1, 0.1"")) + group_rank(fnd6_newqv1300_txdbq/assets, bucket(rank(ts_mean(volume*close, 20)), range=""0.1, 1, 0.1"")) + group_rank(fnd6_newqv1300_lnoq/assets, bucket(rank(ts_mean(volume*close, 20)), range=""0.1, 1, 0.1"")) + group_rank(fnd6_newqv1300_fcaq/assets, bucket(rank(ts_mean(volume*close, 20)), range=""0.1, 1, 0.1"")) + group_rank(ts_av_diff(cash/assets, 45), bucket(rank(ts_mean(volume*close, 20)), range=""0.1, 1, 0.1"")) + group_rank(ts_av_diff(cashflow_op/enterprise_value, 45), bucket(rank(ts_mean(volume*close, 20)), range=""0.1, 1, 0.1"")) + group_rank(-ts_delta(close, 2), bucket(rank(ts_mean(volume*close, 20)), range=""0.1, 1, 0.1"")) + group_rank(volume/ts_mean(volume, 60), bucket(rank(ts_mean(volume*close, 20)), range=""0.1, 1, 0.1""))"
6XrZdlOK,w59_h,5.01,3.44,0.8622,mLgd6nwX,SUBINDUSTRY,"group_rank(fnd6_newqv1300_cimiiq/assets, subindustry) + group_rank(fnd6_xrent/assets, subindustry) + group_rank(ts_av_diff(cash/assets, 45), subindustry) + group_rank(ts_av_diff(cashflow_op/enterprise_value, 45), subindustry) + group_rank(-ts_delta(close, 2), subindustry) + rank(volume/ts_mean(volume, 60))"
LL9mR9LM,w66_f,4.58,2.94,0.8624,j23Pl0e5,SUBINDUSTRY,"group_rank(anl4_fs_detail_estimate_1qf_v4_nd_cfi_low/assets, subindustry) + group_rank(fnd6_txtubxintis/assets, subindustry) + group_rank(ts_av_diff(cash/assets, 45), subindustry) + group_rank(ts_av_diff(cashflow_op/enterprise_value, 45), subindustry) + group_rank(-ts_delta(close, 2), subindustry) + rank(volume/ts_mean(volume, 60))"
3q9NMgk6,w121_d,5.3,2.26,0.8625,akLp3pzW,SUBINDUSTRY,"group_rank(fnd6_tstkc/assets, bucket(rank(ts_std_dev(returns, 20)), range=""0.1, 1, 0.1"")) + group_rank(fnd6_cicurr/assets, bucket(rank(ts_std_dev(returns, 20)), range=""0.1, 1, 0.1"")) + group_rank(fnd6_intc/assets, bucket(rank(ts_std_dev(returns, 20)), range=""0.1, 1, 0.1"")) + group_rank(ts_av_diff(cash/assets, 45), bucket(rank(ts_std_dev(returns, 20)), range=""0.1, 1, 0.1"")) + group_rank(ts_av_diff(cashflow_op/enterprise_value, 45), bucket(rank(ts_std_dev(returns, 20)), range=""0.1, 1, 0.1"")) + group_rank(-ts_delta(close, 2), bucket(rank(ts_std_dev(returns, 20)), range=""0.1, 1, 0.1"")) + group_rank(if_else(rank(ts_regression(rank(returns), rank(vec_avg(anl4_fs_detail_rec_v4_nd_estimate)), 120, lag=0, rettype=2))>0.6, -ts_av_diff(vec_avg(anl4_fs_detail_rec_v4_nd_estimate), 120), 0), bucket(rank(ts_std_dev(returns, 20)), range=""0.1, 1, 0.1""))"
mLgQjWEX,w74_b,4.33,1.47,0.863,E5vx6NJP,INDUSTRY,"group_rank(anl4_fs_detail_estimate_1qf_v4_nd_sga_median/assets, industry) + group_rank(ts_av_diff(cash/assets, 45), industry) + group_rank(ts_av_diff(cashflow_op/enterprise_value, 45), industry) + group_rank(-ts_delta(close, 5), industry) + rank(volume/ts_mean(volume, 90))"
QP37JW0G,n02_xopr_vwap,4.33,2.57,0.863,0mRwgR6k,SUBINDUSTRY,"group_rank(fnd6_xopr/assets, subindustry) + rank(-ts_delta(vwap, 2)) + rank(volume/ts_mean(volume, 60))"
GrdjepNP,w109_g,4.4,1.41,0.8633,npKGgKLw,SUBINDUSTRY,"group_rank(fnd6_xintopt/assets, bucket(rank(cap), range=""0.1, 1, 0.1"")) + group_rank(anl4_fs_detail_estimate_1qf_v4_nd_totassets_mean/assets, bucket(rank(cap), range=""0.1, 1, 0.1"")) + group_rank(-anl4_fs_detail_estimates_advanced_af_nd_capex_median/assets, bucket(rank(cap), range=""0.1, 1, 0.1"")) + group_rank(ts_av_diff(cash/assets, 75), bucket(rank(cap), range=""0.1, 1, 0.1"")) + group_rank(ts_av_diff(cashflow_op/enterprise_value, 60), bucket(rank(cap), range=""0.1, 1, 0.1"")) + group_rank(-ts_delta(close, 5), bucket(rank(cap), range=""0.1, 1, 0.1"")) + group_rank(volume/ts_mean(volume, 120), bucket(rank(cap), range=""0.1, 1, 0.1""))"
LL95Va2M,w32_b,5.36,2.4,0.8634,O0rZ90n1,SUBINDUSTRY,"group_rank(fnd6_xrent/assets, subindustry) + group_rank(ts_av_diff(cash/assets, 30), subindustry) + group_rank(ts_av_diff(cashflow_op/enterprise_value, 60), subindustry) + group_rank(-ts_delta(close, 2), subindustry) + rank(volume/ts_mean(volume, 60))"
LL95Va2M,w35_l,5.36,2.4,0.8634,O0rZ90n1,SUBINDUSTRY,"group_rank(fnd6_xrent/assets, subindustry) + group_rank(ts_av_diff(cash/assets, 30), subindustry) + group_rank(ts_av_diff(cashflow_op/enterprise_value, 60), subindustry) + group_rank(-ts_delta(close, 2), subindustry) + rank(volume/ts_mean(volume, 60))"
om6oz6dl,w35_m,5.36,2.4,0.8635,O0rZ90n1,SUBINDUSTRY,"group_rank(fnd6_xrent/assets, subindustry) + group_rank(ts_av_diff(cash/assets, 30), subindustry) + group_rank(ts_av_diff(cashflow_op/enterprise_value, 60), subindustry) + group_rank(-ts_delta(close, 2), subindustry) + rank(volume/ts_mean(volume, 60))"
mLgQYaVK,w76_f,4.26,1.52,0.8635,e79PvPpE,INDUSTRY,"group_rank(anl4_fs_detail_estimate_1qf_v4_nd_netdebt_high/assets, industry) + group_rank(ts_av_diff(cash/assets, 60), industry) + group_rank(ts_av_diff(cashflow_op/enterprise_value, 75), industry) + group_rank(-ts_delta(close, 8), industry) + rank(volume/ts_mean(volume, 120))"
883lo1m7,m09_xopr_vol,4.34,2.56,0.8637,0mRwgR6k,SUBINDUSTRY,"group_rank(fnd6_xopr/assets, subindustry) + rank(-ts_delta(close, 2)) + rank(volume/ts_mean(volume, 60))"
zqY7L5No,w114_e,4.76,2.3,0.8638,akLp3pzW,SUBINDUSTRY,"group_rank(fnd6_intc/assets, bucket(rank(ts_mean(volume, 20)), range=""0.1, 1, 0.1"")) + group_rank(fnd6_lifr/assets, bucket(rank(ts_mean(volume, 20)), range=""0.1, 1, 0.1"")) + group_rank(ts_av_diff(cash/assets, 45), bucket(rank(ts_mean(volume, 20)), range=""0.1, 1, 0.1"")) + group_rank(ts_av_diff(cashflow_op/enterprise_value, 45), bucket(rank(ts_mean(volume, 20)), range=""0.1, 1, 0.1"")) + group_rank(-ts_delta(close, 2), bucket(rank(ts_mean(volume, 20)), range=""0.1, 1, 0.1"")) + group_rank(volume/ts_mean(volume, 60), bucket(rank(ts_mean(volume, 20)), range=""0.1, 1, 0.1""))"
LL93K5JL,w77_i,4.22,1.81,0.864,E5vx6NJP,SUBINDUSTRY,"group_rank(anl4_fs_detail_estimates_advanced_af_nd_capex_std/assets, subindustry) + group_rank(ts_av_diff(cash/assets, 45), industry) + group_rank(ts_av_diff(cashflow_op/enterprise_value, 45), subindustry) + group_rank(-ts_delta(close, 10), subindustry) + rank(volume/ts_mean(volume, 120))"
A10Qjn3Q,w32_e,4.19,1.68,0.8644,O0rZ90n1,SUBINDUSTRY,"group_rank(fnd6_xrent/assets, subindustry) + group_rank(ts_av_diff(cash/assets, 30), subindustry) + group_rank(fnd6_newqv1300_lnoq/assets, subindustry) + group_rank(-ts_delta(close, 2), subindustry) + rank(volume/ts_mean(volume, 60))"
MP1d7Nvk,w53_a,6.05,2.57,0.8645,mLgd6nwX,SUBINDUSTRY,"group_rank(fnd6_xrent/assets, subindustry) + group_rank(ts_av_diff(cash/assets, 45), subindustry) + group_rank(ts_av_diff(cashflow_op/enterprise_value, 45), subindustry) + group_rank(-ts_delta(close, 2), subindustry) + rank(volume/ts_mean(volume, 60))"
j23pv2ej,w119_i,4.54,2.47,0.8646,kqVp6wnO,SUBINDUSTRY,"group_rank(fnd6_intc/assets, bucket(rank(ts_corr(close, volume, 60)), range=""0.1, 1, 0.1"")) + group_rank(fnd6_newqv1300_lnoq/assets, bucket(rank(ts_corr(close, volume, 60)), range=""0.1, 1, 0.1"")) + group_rank(fnd6_tfvce/assets, bucket(rank(ts_corr(close, volume, 60)), range=""0.1, 1, 0.1"")) + group_rank(ts_av_diff(cash/assets, 45), bucket(rank(ts_corr(close, volume, 60)), range=""0.1, 1, 0.1"")) + group_rank(ts_av_diff(cashflow_op/enterprise_value, 45), bucket(rank(ts_corr(close, volume, 60)), range=""0.1, 1, 0.1"")) + group_rank(-ts_delta(close, 2), bucket(rank(ts_corr(close, volume, 60)), range=""0.1, 1, 0.1""))"
9qjqjO7r,w154_g,4.02,2.11,0.8648,kqoq0zed,SUBINDUSTRY,"1.5*group_rank(fnd6_pstkl/cap, subindustry) + group_rank(fnd6_txs/cap, subindustry) + group_rank(fnd6_mfmq_mibtq/cap, subindustry) + group_rank(fnd6_lqpl1/cap, subindustry) + 1.75*group_rank(-ts_delta(close, 5), subindustry) + 1.75*group_rank(volume/ts_mean(volume, 90), subindustry)"
xAYV1mnp,w58_b,4.23,3.83,0.8654,le8EAJLO,SUBINDUSTRY,"group_rank(fnd6_newqv1300_cimiiq/assets, subindustry) + group_rank(ts_av_diff(cash/assets, 45), subindustry) + group_rank(ts_av_diff(cashflow_op/enterprise_value, 45), subindustry) + group_rank(-ts_delta(close, 2), subindustry) + rank(volume/ts_mean(volume, 60))"
vRkZO1qw,w58_g,4.23,3.82,0.8655,le8EAJLO,SUBINDUSTRY,"group_rank(fnd6_newqv1300_cimiiq/assets, subindustry) + group_rank(ts_av_diff(cash/assets, 45), subindustry) + group_rank(ts_av_diff(cashflow_op/enterprise_value, 45), subindustry) + group_rank(-ts_delta(close, 2), subindustry) + rank(volume/ts_mean(volume, 60))"
pwP2wkkV,w118_k,4.58,2.19,0.8656,akLmmvPW,SUBINDUSTRY,"group_rank(fnd6_lifr/assets, bucket(rank(ts_mean(volume*close, 20)), range=""0.1, 1, 0.1"")) + group_rank(fnd6_newqv1300_xoptq/assets, bucket(rank(ts_mean(volume*close, 20)), range=""0.1, 1, 0.1"")) + group_rank(fnd6_newqv1300_tfvceq/assets, bucket(rank(ts_mean(volume*close, 20)), range=""0.1, 1, 0.1"")) + group_rank(ts_av_diff(cash/assets, 45), bucket(rank(ts_mean(volume*close, 20)), range=""0.1, 1, 0.1"")) + group_rank(ts_av_diff(cashflow_op/enterprise_value, 45), bucket(rank(ts_mean(volume*close, 20)), range=""0.1, 1, 0.1"")) + group_rank(-ts_delta(close, 2), bucket(rank(ts_mean(volume*close, 20)), range=""0.1, 1, 0.1""))"
kqVYEqKg,w80_b,4.01,1.26,0.8657,e79PvPpE,SUBINDUSTRY,"group_rank((anl4_fs_detail_estimate_1qf_v4_nd_sga_high - anl4_fs_detail_estimate_1qf_v4_nd_sga_low) / abs(anl4_fs_detail_estimate_1qf_v4_nd_sga_mean), subindustry) + group_rank(anl4_fs_detail_estimate_1qf_v4_nd_totgw_median/assets, subindustry) + group_rank(ts_av_diff(cashflow_op/enterprise_value, 60), subindustry) + group_rank(-ts_delta(close, 8), subindustry) + rank(volume/ts_mean(volume, 150))"
d5OM2KXE,w118_a,4.41,2.06,0.8658,akLmmvPW,SUBINDUSTRY,"group_rank(fnd6_lifr/assets, bucket(rank(ts_mean(volume*close, 60)), range=""0.1, 1, 0.1"")) + group_rank(fnd6_tfvce/assets, bucket(rank(ts_mean(volume*close, 60)), range=""0.1, 1, 0.1"")) + group_rank(fnd6_newqv1300_xoptq/assets, bucket(rank(ts_mean(volume*close, 60)), range=""0.1, 1, 0.1"")) + group_rank(ts_av_diff(cash/assets, 45), bucket(rank(ts_mean(volume*close, 60)), range=""0.1, 1, 0.1"")) + group_rank(ts_av_diff(cashflow_op/enterprise_value, 45), bucket(rank(ts_mean(volume*close, 60)), range=""0.1, 1, 0.1"")) + group_rank(-ts_delta(close, 2), bucket(rank(ts_mean(volume*close, 60)), range=""0.1, 1, 0.1""))"
blR10el6,w106_b,4.77,2.28,0.8658,j23Pl0e5,SUBINDUSTRY,"group_rank(fnd6_xintopt/assets, subindustry) + group_rank(anl4_fs_detail_estimate_1qf_v4_nd_totassets_mean/assets, subindustry) + group_rank(ts_av_diff(cash/assets, 75), subindustry) + group_rank(ts_av_diff(cashflow_op/enterprise_value, 45), subindustry) + group_rank(-ts_delta(close, 2), subindustry) + rank(volume/ts_mean(volume, 90))"
KPOAAz2x,w116_l,4.26,1.74,0.8661,kqVp6wnO,SUBINDUSTRY,"group_rank(fnd6_tstkc/assets, bucket(rank(cap), range=""0.1, 1, 0.1"")) + group_rank(fnd6_lifr/assets, bucket(rank(cap), range=""0.1, 1, 0.1"")) + group_rank(fnd6_cicurr/assets, bucket(rank(cap), range=""0.1, 1, 0.1"")) + group_rank(ts_av_diff(cash/assets, 45), bucket(rank(cap), range=""0.1, 1, 0.1"")) + group_rank(ts_av_diff(cashflow_op/enterprise_value, 45), bucket(rank(cap), range=""0.1, 1, 0.1"")) + group_rank(-ts_delta(close, 2), bucket(rank(cap), range=""0.1, 1, 0.1""))"
vRkXEl9d,w106_e,4.57,1.77,0.8662,e79PvPpE,SUBINDUSTRY,"group_rank(anl4_fs_detail_estimate_1qf_v4_nd_totassets_mean/assets, subindustry) + group_rank(-anl4_fs_detail_estimates_advanced_af_nd_capex_median/assets, subindustry) + group_rank(ts_av_diff(cash/assets, 60), subindustry) + group_rank(ts_av_diff(cashflow_op/enterprise_value, 45), subindustry) + group_rank(-ts_delta(close, 10), subindustry) + rank(volume/ts_mean(volume, 90))"
KPO5vmEg,w68_h,4.31,2.22,0.8667,N1QJPJE8,INDUSTRY,"group_rank(anl4_fs_detail_estimate_1qf_v4_nd_ptpr_mean/assets, industry) + group_rank(ts_av_diff(cashflow_op/enterprise_value, 45), industry) + group_rank(-ts_rank(close, 10), industry)"
d5Ova1gE,w77_h,4.25,1.49,0.8674,e79PvPpE,INDUSTRY,"group_rank(anl4_fs_detail_estimate_1qf_v4_nd_netdebt_high/assets, industry) + group_rank(ts_av_diff(cash/assets, 75), industry) + group_rank(ts_av_diff(cashflow_op/enterprise_value, 60), industry) + group_rank(-ts_delta(close, 10), industry) + rank(volume/ts_mean(volume, 120))"
qMWOjxW1,w52_h,5.82,2.64,0.8677,mLgd6nwX,SUBINDUSTRY,"group_rank(fnd6_xrent/assets, subindustry) + group_rank(ts_av_diff(cash/assets, 45), subindustry) + group_rank(ts_av_diff(cashflow_op/enterprise_value, 60), subindustry) + group_rank(-ts_delta(close, 2), subindustry) + rank(volume/ts_mean(volume, 60))"
gJQXb8bg,w55_g,5.87,2.72,0.8677,mLgd6nwX,SUBINDUSTRY,"group_rank(fnd6_xrent/assets, industry) + group_rank(ts_av_diff(cash/assets, 45), industry) + group_rank(ts_av_diff(cashflow_op/enterprise_value, 45), industry) + group_rank(-ts_delta(close, 2), industry) + rank(volume/ts_mean(volume, 60))"
xAYp7Ojn,w105_i,4.84,2.57,0.8679,npKGgKLw,SUBINDUSTRY,"group_rank(anl4_fs_detail_estimate_1qf_v4_nd_totassets_mean/assets, subindustry) + group_rank(-anl4_fs_detail_estimates_advanced_af_nd_capex_median/assets, subindustry) + group_rank(ts_av_diff(cash/assets, 45), subindustry) + group_rank(ts_av_diff(cashflow_op/enterprise_value, 45), subindustry) + group_rank(-ts_delta(close, 2), subindustry) + rank(volume/ts_mean(volume, 60))"
vRk7mlzb,w107_f,4.79,3.74,0.8681,npKGgKLw,SUBINDUSTRY,"group_rank(fnd6_xintopt/assets, subindustry) + group_rank(anl4_fs_detail_estimate_1qf_v4_nd_totassets_mean/assets, subindustry) + group_rank(-anl4_fs_detail_estimates_advanced_af_nd_capex_median/assets, subindustry) + group_rank(ts_av_diff(cash/assets, 45), subindustry) + group_rank(ts_av_diff(cashflow_op/enterprise_value, 45), subindustry) + group_rank(-ts_delta(close, 2), subindustry)"
1Yx2xnZJ,w87_g,4.79,1.64,0.8686,e79PvPpE,SUBINDUSTRY,"group_rank(authorized_stock_buyback_amount/assets, subindustry) + group_rank(anl4_fs_detail_estimate_1qf_v4_nd_sga_median/assets, subindustry) + 0.45*group_rank(ts_av_diff(cash/assets, 45), subindustry) + 0.45*group_rank(ts_av_diff(cashflow_op/enterprise_value, 45), subindustry) + 0.5*group_rank(-ts_delta(close, 10), subindustry) + 0.5*rank(volume/ts_mean(volume, 120))"
9qV5wdOx,w108_f,4.66,2.52,0.8688,npKGgKLw,SUBINDUSTRY,"group_rank(fnd6_xintopt/assets, subindustry) + group_rank(anl4_fs_detail_estimate_1qf_v4_nd_totassets_mean/assets, subindustry) + group_rank(-anl4_fs_detail_estimates_advanced_af_nd_capex_median/assets, subindustry) + group_rank(ts_av_diff(cash/assets, 45), subindustry) + group_rank(ts_av_diff(cashflow_op/enterprise_value, 45), subindustry) + group_rank(-ts_delta(close, 5), subindustry)"
akL7l22v,r6_p5_sec,4.53,2.06,0.8691,9qVrJkYe,SECTOR,"rank(-ts_delta(close, 2)) * rank(volume/ts_mean(volume, 60)) + group_rank(operating_expense/assets, subindustry) + group_rank(ts_av_diff(cash/assets, 30), subindustry)"
vRrRrA2d,w154_b,4.01,2.13,0.8707,kqoq0zed,SUBINDUSTRY,"1.5*group_rank(fnd6_pstkl/cap, subindustry) + group_rank(fnd6_txs/cap, subindustry) + group_rank(fnd6_mfmq_mibtq/cap, subindustry) + group_rank(fnd6_lqpl1/cap, subindustry) + 1.6*group_rank(-ts_delta(close, 5), subindustry) + 1.6*group_rank(volume/ts_mean(volume, 90), subindustry)"
1YXkV3l6,x162_w164_00_MAR,4.6,1.6,0.871,YPbLZK2W,MARKET,"1.5*group_rank(fnd6_txtubadjust/cap, subindustry) + group_rank(fnd6_newqv1300_dpactq/cap, subindustry) + group_rank(fnd6_xrent/assets, subindustry) + 1.5*group_rank(-ts_rank(returns, 20), subindustry) + 1.5*group_rank(-ts_mean(abs(returns)/volume, 20), subindustry) + 1.5*group_rank(-ts_rank(returns, 5), subindustry)"
npdpKRMz,w146_c,4.47,3.12,0.8716,e79PvPpE,SUBINDUSTRY,"group_rank(authorized_stock_buyback_amount/cap, subindustry) + group_rank(-annual_intangible_assets_net_carrying_value/cap, subindustry) + group_rank(ts_delta(scl12_sentiment, 22), subindustry) + group_rank(ts_av_diff(cash/sqrt(cap), 45), subindustry) + group_rank(ts_av_diff(cashflow_op/sqrt(cap), 45), subindustry) + 0.75*group_rank(-ts_delta(close, 10), subindustry) + 0.75*group_rank(volume/ts_mean(volume, 120), subindustry)"
A10EXj1Y,w79_f,4.11,1.37,0.8719,E5vx6NJP,SUBINDUSTRY,"group_rank(anl4_fs_detail_estimate_1qf_v4_nd_netdebt_high/assets, subindustry) + group_rank(anl4_fs_detail_estimate_1qf_v4_nd_rd_exp_high/assets, subindustry) + group_rank(ts_av_diff(cash/assets, 75), subindustry) + group_rank(ts_av_diff(cashflow_op/enterprise_value, 60), subindustry) + group_rank(-ts_delta(close, 8), subindustry) + rank(volume/ts_mean(volume, 150))"
JjNjNmVA,w152_a,4.0,1.88,0.8721,kqoq0zed,SUBINDUSTRY,"1.5*group_rank(fnd6_pstkl/cap, subindustry) + group_rank(fnd6_txs/cap, subindustry) + group_rank(fnd6_mfmq_mibtq/cap, subindustry) + group_rank(fnd6_lqpl1/cap, subindustry) + 1.5*group_rank(-ts_delta(vwap, 5), subindustry) + 1.5*group_rank(volume/ts_mean(volume, 120), subindustry)"
1Yxjnnvm,w36_e,5.49,1.71,0.8723,RRV5l5Go,SUBINDUSTRY,"group_rank(fnd6_xrent/assets, subindustry) + group_rank(ts_av_diff(cash/assets, 30), subindustry) + group_rank(ts_av_diff(cashflow_op/enterprise_value, 60), subindustry) + group_rank(-ts_delta(close, 2), subindustry) + rank(volume/ts_mean(volume, 60))"
npKGNnbE,w110_e,4.14,3.38,0.8725,npKGgKLw,SUBINDUSTRY,"group_rank(fnd6_xintopt/assets, bucket(rank(ts_std_dev(returns, 20)), range=""0.1, 1, 0.1"")) + group_rank(anl4_fs_detail_estimate_1qf_v4_nd_totassets_mean/assets, bucket(rank(ts_std_dev(returns, 20)), range=""0.1, 1, 0.1"")) + group_rank(-anl4_fs_detail_estimates_advanced_af_nd_capex_median/assets, bucket(rank(ts_std_dev(returns, 20)), range=""0.1, 1, 0.1"")) + group_rank(ts_av_diff(cash/assets, 45), bucket(rank(ts_std_dev(returns, 20)), range=""0.1, 1, 0.1"")) + group_rank(ts_av_diff(cashflow_op/enterprise_value, 45), bucket(rank(ts_std_dev(returns, 20)), range=""0.1, 1, 0.1"")) + group_rank(-ts_delta(close, 2), bucket(rank(ts_std_dev(returns, 20)), range=""0.1, 1, 0.1"")) + group_rank(volume/ts_mean(volume, 60), bucket(rank(ts_std_dev(returns, 20)), range=""0.1, 1, 0.1""))"
om6PG5Pv,w39_i,4.63,2.04,0.8725,LL98E87L,SUBINDUSTRY,"group_rank(fnd6_newqv1300_ivstq/assets, subindustry) + group_rank(fnd6_newqv1300_cimiiq/assets, subindustry) + group_rank(fnd6_xrent/assets, subindustry) + group_rank(ts_av_diff(cash/assets, 30), subindustry) + group_rank(-ts_delta(close, 2), subindustry) + rank(volume/ts_mean(volume, 60))"
QP37qxbG,r3_p5_d14,4.33,1.82,0.8726,9qVrJkYe,INDUSTRY,"rank(-ts_delta(close, 2)) * rank(volume/ts_mean(volume, 60)) + group_rank(operating_expense/assets, subindustry) + group_rank(ts_av_diff(cash/assets, 30), subindustry)"
npK2nONd,g02_xrent_cash,4.61,1.36,0.873,O0rZ90n1,SUBINDUSTRY,"group_rank(fnd6_xrent/assets, subindustry) + group_rank(ts_av_diff(cash/assets, 30), subindustry) + rank(-ts_delta(close, 2))"
blblxz5M,w158_07,6.51,1.91,0.8731,pwRwWoJ3,SUBINDUSTRY,"1.5*group_rank(ts_av_diff(cash/assets,45), subindustry) + group_rank(fn_accrued_liab_curr_a/assets, subindustry) + group_rank(-annual_intangible_assets_net_carrying_value/assets, subindustry) + group_rank(fnd6_xrent/assets, subindustry) + 1.25*group_rank(volume/ts_mean(volume, 90), subindustry) + 1.25*group_rank(-ts_rank(returns, 20), subindustry) + 1.25*group_rank(-ts_mean(abs(returns)/volume, 20), subindustry)"
XgWMNaO5,w78_d,4.16,1.52,0.8735,e79PvPpE,SUBINDUSTRY,"group_rank(anl4_fs_actuals_basic_qf_nd_div_value/assets, subindustry) + group_rank(anl4_fs_detail_estimate_1qf_v4_nd_cfi_low/assets, subindustry) + group_rank(ts_av_diff(cash/assets, 60), subindustry) + group_rank(ts_av_diff(cashflow_op/enterprise_value, 45), subindustry) + group_rank(-ts_delta(close, 10), subindustry) + rank(volume/ts_mean(volume, 120))"
GrbrbxGP,w154_e,4.06,2.16,0.8736,kqoq0zed,SUBINDUSTRY,"1.5*group_rank(fnd6_pstkl/cap, subindustry) + group_rank(fnd6_txs/cap, subindustry) + group_rank(fnd6_mfmq_mibtq/cap, subindustry) + group_rank(fnd6_lqpl1/cap, subindustry) + 1.5*group_rank(-ts_delta(close, 5), subindustry) + 1.5*group_rank(volume/ts_mean(volume, 90), subindustry)"
P020Z02E,w146_b,4.47,2.72,0.8737,e79PvPpE,SUBINDUSTRY,"group_rank(authorized_stock_buyback_amount/cap, subindustry) + group_rank(-annual_intangible_assets_net_carrying_value/cap, subindustry) + group_rank(ts_delta(scl12_sentiment, 22), subindustry) + group_rank(ts_av_diff(cash/enterprise_value, 45), subindustry) + group_rank(ts_av_diff(cashflow_op/enterprise_value, 45), subindustry) + 0.75*group_rank(-ts_delta(close, 10), subindustry) + 0.75*group_rank(volume/ts_mean(volume, 120), subindustry)"
O0N0NAKv,w154_a,4.0,2.13,0.8741,kqoq0zed,SUBINDUSTRY,"1.5*group_rank(fnd6_pstkl/cap, subindustry) + group_rank(fnd6_txs/cap, subindustry) + group_rank(fnd6_mfmq_mibtq/cap, subindustry) + group_rank(fnd6_lqpl1/cap, subindustry) + 1.5*group_rank(-ts_delta(close, 5), subindustry) + 1.5*group_rank(volume/ts_mean(volume, 90), subindustry)"
1Yx0O5rJ,w78_h,4.56,1.35,0.8741,e79PvPpE,SUBINDUSTRY,"group_rank(anl4_fs_actuals_basic_qf_nd_div_value/assets, subindustry) + group_rank(anl4_fs_detail_estimate_1qf_v4_nd_sga_median/assets, subindustry) + group_rank(ts_av_diff(cash/assets, 60), subindustry) + group_rank(ts_av_diff(cashflow_op/enterprise_value, 60), subindustry) + group_rank(-ts_delta(close, 8), subindustry) + rank(volume/ts_mean(volume, 150))"
3q9Kqr7e,w118_e,4.21,2.18,0.8742,akLmmvPW,SUBINDUSTRY,"group_rank(fnd6_intc/assets, bucket(rank(sga_expense/sales), range=""0.1, 1, 0.1"")) + group_rank(fnd6_newqv1300_glcea12/assets, bucket(rank(sga_expense/sales), range=""0.1, 1, 0.1"")) + group_rank(fnd6_tstkc/assets, bucket(rank(sga_expense/sales), range=""0.1, 1, 0.1"")) + group_rank(ts_av_diff(cash/assets, 45), bucket(rank(sga_expense/sales), range=""0.1, 1, 0.1"")) + group_rank(ts_av_diff(cashflow_op/enterprise_value, 45), bucket(rank(sga_expense/sales), range=""0.1, 1, 0.1"")) + group_rank(-ts_delta(close, 2), bucket(rank(sga_expense/sales), range=""0.1, 1, 0.1""))"
d5OY1Xgv,w56_b,5.04,1.61,0.8744,RRV5l5Go,SUBINDUSTRY,"group_rank(fnd6_xrent/assets, subindustry) + group_rank(ts_av_diff(cash/assets, 45), subindustry) + group_rank(ts_av_diff(cashflow_op/enterprise_value, 45), subindustry) + group_rank(-ts_delta(close, 2), subindustry) + rank(volume/ts_mean(volume, 60))"
O0rR8mjg,w56_f,5.04,1.61,0.8744,RRV5l5Go,SUBINDUSTRY,"group_rank(fnd6_xrent/assets, subindustry) + group_rank(ts_av_diff(cash/assets, 45), subindustry) + group_rank(ts_av_diff(cashflow_op/enterprise_value, 45), subindustry) + group_rank(-ts_delta(close, 2), subindustry) + rank(volume/ts_mean(volume, 60))"
e79EMRYM,w79_g,4.12,1.72,0.8748,e79PvPpE,SUBINDUSTRY,"group_rank(anl4_fs_detail_estimates_advanced_af_nd_capex_std/assets, subindustry) + group_rank(anl4_fs_detail_estimate_1qf_v4_nd_totgw_median/assets, subindustry) + group_rank(ts_av_diff(cash/assets, 75), subindustry) + group_rank(ts_av_diff(cashflow_op/enterprise_value, 60), subindustry) + group_rank(-ts_delta(close, 8), subindustry) + rank(volume/ts_mean(volume, 150))"
RRV7QVQn,o2_xopr_vwap_vol90,4.53,2.35,0.8752,0mRwgR6k,SUBINDUSTRY,"group_rank(fnd6_xopr/assets, subindustry) + rank(-ts_delta(vwap, 2)) + rank(volume/ts_mean(volume, 90))"
j23kkmdW,w116_f,4.87,2.15,0.8757,kqVp6wnO,SUBINDUSTRY,"group_rank(fnd6_intc/assets, sector) + group_rank(fnd6_tfvce/assets, sector) + group_rank(fnd6_lifr/assets, sector) + group_rank(ts_av_diff(cash/assets, 45), sector) + group_rank(ts_av_diff(cashflow_op/enterprise_value, 45), sector) + group_rank(-ts_delta(close, 2), sector)"
LLNLvV82,w162_09,4.33,2.19,0.8759,0mXm1neK,SUBINDUSTRY,"1.5*group_rank(fnd6_newa1v1300_aol2/cap, subindustry) + group_rank(-annual_intangible_assets_net_carrying_value/assets, subindustry) + group_rank(volume/ts_mean(volume, 90), subindustry) + group_rank(-ts_rank(returns, 20), subindustry)"
RRVldAAe,w66_a,4.57,3.35,0.876,j23Pl0e5,SUBINDUSTRY,"group_rank(anl4_fs_detail_estimate_1qf_v4_nd_cfi_low/assets, subindustry) + group_rank(fnd6_txtubxintis/assets, subindustry) + group_rank(ts_av_diff(cash/assets, 45), subindustry) + group_rank(ts_av_diff(cashflow_op/enterprise_value, 45), subindustry) + group_rank(-ts_delta(close, 2), subindustry) + rank(volume/ts_mean(volume, 60))"
Xgbgb2Q1,w152_c,4.01,1.96,0.877,kqoq0zed,SUBINDUSTRY,"1.5*group_rank(fnd6_pstkl/cap, subindustry) + group_rank(fnd6_txs/cap, subindustry) + group_rank(fnd6_mfmq_mibtq/cap, subindustry) + group_rank(fnd6_lqpl1/cap, subindustry) + 1.25*group_rank(-ts_delta(vwap, 5), subindustry) + 1.25*group_rank(volume/ts_mean(volume, 120), subindustry)"
O0r6VZzJ,w41_c,4.72,1.99,0.877,RRV5l5Go,SUBINDUSTRY,"group_rank(fnd6_newqv1300_cimiiq/assets, subindustry) + group_rank(fnd6_xrent/assets, subindustry) + group_rank(ts_av_diff(cashflow_op/enterprise_value, 60), subindustry) + group_rank(-ts_delta(close, 2), subindustry) + rank(volume/ts_mean(volume, 60))"
rK5NGW0d,w69_a,4.01,2.1,0.8771,N1QJPJE8,INDUSTRY,"group_rank(-anl4_fs_detail_estimate_1qf_v4_nd_sga_median/assets, industry) + group_rank(ts_av_diff(cashflow_op/enterprise_value, 45), industry) + group_rank(-ts_delta(close, 5), industry) + rank(volume/ts_mean(volume, 90))"
58znNN8o,x162_w162_03_MAR,4.68,1.8,0.8771,levpXXGl,MARKET,"1.5*group_rank(fnd6_newa1v1300_aol2/cap, subindustry) + group_rank(ts_av_diff(assets_curr/assets,30), subindustry) + group_rank(-annual_intangible_assets_net_carrying_value/assets, subindustry) + group_rank(fnd6_xrent/assets, subindustry) + 2.0*group_rank(-ts_delta(close, 20), subindustry) + 2.0*group_rank(volume/ts_mean(volume, 120), subindustry) + 2.0*group_rank(-ts_rank(returns, 5), subindustry)"
ZY08P0nQ,w119_d,4.74,2.12,0.8774,kqVp6wnO,SUBINDUSTRY,"group_rank(fnd6_intc/assets, bucket(rank(ts_std_dev(volume, 20)), range=""0.1, 1, 0.1"")) + group_rank(fnd6_tfvce/assets, bucket(rank(ts_std_dev(volume, 20)), range=""0.1, 1, 0.1"")) + group_rank(fnd6_lifr/assets, bucket(rank(ts_std_dev(volume, 20)), range=""0.1, 1, 0.1"")) + group_rank(ts_av_diff(cash/assets, 45), bucket(rank(ts_std_dev(volume, 20)), range=""0.1, 1, 0.1"")) + group_rank(ts_av_diff(cashflow_op/enterprise_value, 45), bucket(rank(ts_std_dev(volume, 20)), range=""0.1, 1, 0.1"")) + group_rank(-ts_delta(close, 2), bucket(rank(ts_std_dev(volume, 20)), range=""0.1, 1, 0.1""))"
6XjXLKAO,w162_01,5.11,1.51,0.8775,npdpEJ3l,SUBINDUSTRY,"1.5*group_rank(ts_av_diff(cash/assets,45), subindustry) + group_rank(fn_accrued_liab_curr_a/assets, subindustry) + group_rank(volume/ts_mean(volume, 120), subindustry) + group_rank(-ts_mean(abs(returns)/volume, 20), subindustry) + group_rank(-ts_rank(returns, 5), subindustry)"
78ZlYlxO,w77_j,4.02,1.29,0.8779,e79PvPpE,SUBINDUSTRY,"group_rank(anl4_fs_actuals_basic_qf_nd_div_value/assets, subindustry) + group_rank(ts_av_diff(cash/assets, 75), subindustry) + group_rank(ts_av_diff(cashflow_op/enterprise_value, 45), subindustry) + group_rank(-ts_delta(close, 10), subindustry) + rank(volume/ts_mean(volume, 120))"
9qVeq3ld,w118_n,4.09,1.77,0.878,akLmmvPW,SUBINDUSTRY,"group_rank(fnd6_intc/assets, bucket(rank(debt/assets), range=""0.1, 1, 0.1"")) + group_rank(fnd6_lifr/assets, bucket(rank(debt/assets), range=""0.1, 1, 0.1"")) + group_rank(fnd6_tfvce/assets, bucket(rank(debt/assets), range=""0.1, 1, 0.1"")) + group_rank(ts_av_diff(cash/assets, 45), bucket(rank(debt/assets), range=""0.1, 1, 0.1"")) + group_rank(ts_av_diff(cashflow_op/enterprise_value, 45), bucket(rank(debt/assets), range=""0.1, 1, 0.1"")) + group_rank(-ts_delta(close, 2), bucket(rank(debt/assets), range=""0.1, 1, 0.1""))"
A1N1eOvd,w159_00,5.94,1.83,0.8791,9qjqm3Q9,SUBINDUSTRY,"1.5*group_rank(ts_av_diff(assets_curr/assets,30), subindustry) + group_rank(fnd6_xrent/assets, subindustry) + 0.75*group_rank(-ts_delta(close, 20), subindustry) + 0.75*group_rank(-ts_rank(returns, 20), subindustry) + 0.75*group_rank(-ts_mean(abs(returns)/volume, 20), subindustry)"
pwPvYJAX,w32_c,4.75,1.83,0.8799,O0rZ90n1,SUBINDUSTRY,"group_rank(fnd6_xrent/assets, subindustry) + group_rank(ts_av_diff(cash/assets, 30), subindustry) + group_rank(fnd6_newqv1300_mibtq/assets, subindustry) + group_rank(-ts_delta(close, 2), subindustry) + rank(volume/ts_mean(volume, 60))"
3q9vKRdz,w106_f,4.9,2.39,0.8803,j23Pl0e5,SUBINDUSTRY,"group_rank(fnd6_xintopt/assets, subindustry) + group_rank(anl4_fs_detail_estimate_1qf_v4_nd_totassets_mean/assets, subindustry) + group_rank(ts_av_diff(cash/assets, 45), industry) + group_rank(ts_av_diff(cashflow_op/enterprise_value, 45), subindustry) + group_rank(-ts_delta(close, 2), industry) + rank(volume/ts_mean(volume, 60))"
A10ev37X,w56_g,5.19,1.5,0.8804,RRV5l5Go,SUBINDUSTRY,"group_rank(fnd6_xrent/assets, subindustry) + group_rank(ts_av_diff(cash/assets, 45), subindustry) + group_rank(ts_av_diff(cashflow_op/enterprise_value, 40), subindustry) + group_rank(-ts_delta(close, 2), subindustry) + rank(volume/ts_mean(volume, 60))"
QP37jPO5,r4_p5_t006,4.42,1.88,0.8812,9qVrJkYe,INDUSTRY,"rank(-ts_delta(close, 2)) * rank(volume/ts_mean(volume, 60)) + group_rank(operating_expense/assets, subindustry) + group_rank(ts_av_diff(cash/assets, 30), subindustry)"
E5vlbAo0,r5_p5_t010,4.42,1.88,0.8812,9qVrJkYe,INDUSTRY,"rank(-ts_delta(close, 2)) * rank(volume/ts_mean(volume, 60)) + group_rank(operating_expense/assets, subindustry) + group_rank(ts_av_diff(cash/assets, 30), subindustry)"
j23oY0Mo,w59_g,4.98,4.01,0.8815,j23Pl0e5,SUBINDUSTRY,"group_rank(fnd6_newqv1300_cimiiq/assets, subindustry) + group_rank(ts_av_diff(cash/assets, 45), subindustry) + group_rank(ts_av_diff(cashflow_op/enterprise_value, 45), subindustry) + group_rank(-ts_delta(close, 2), subindustry) + rank(volume/ts_mean(volume, 60))"
ZYbPGzr1,n160_qMxMV8NA_MAR,4.73,1.58,0.8817,akbjdK26,MARKET,"1.5*group_rank(fnd6_pstkl/cap, subindustry) + group_rank(-annual_intangible_assets_net_carrying_value/assets, subindustry) + group_rank(fnd6_xrent/assets, subindustry) + 0.75*group_rank(-ts_delta(close, 20), subindustry) + 0.75*group_rank(-ts_rank(returns, 20), subindustry) + 0.75*group_rank(-ts_mean(abs(returns)/volume, 20), subindustry)"
RRVoK5ea,w92_b,4.82,2.38,0.8824,E5vx6NJP,SUBINDUSTRY,"group_rank(ts_av_diff(cash/assets, 45), subindustry) + group_rank(ts_av_diff(cashflow_op/enterprise_value, 45), subindustry) + group_rank(-ts_delta(close, 10), subindustry) + rank(volume/ts_mean(volume, 120))"
om6ZPxmk,w78_f,4.16,1.46,0.8829,E5vx6NJP,SUBINDUSTRY,"group_rank(anl4_fs_detail_estimate_1qf_v4_nd_totgw_median/assets, subindustry) + group_rank(anl4_fs_detail_estimate_1qf_v4_nd_sga_median/assets, subindustry) + group_rank(ts_av_diff(cash/assets, 75), subindustry) + group_rank(ts_av_diff(cashflow_op/enterprise_value, 60), subindustry) + group_rank(-ts_delta(close, 8), subindustry) + rank(volume/ts_mean(volume, 120))"
e79E997g,w74_g,4.55,3.72,0.8829,j23Pl0e5,SUBINDUSTRY,"group_rank(anl4_fs_detail_estimates_advanced_af_nd_capex_std/assets, subindustry) + group_rank(ts_av_diff(cash/assets, 45), subindustry) + group_rank(ts_av_diff(cashflow_op/enterprise_value, 45), subindustry) + group_rank(-ts_delta(close, 2), subindustry) + rank(volume/ts_mean(volume, 60))"
MP17nYN8,d6_d0_grev5_xr_vol,4.17,1.41,0.8846,XgWnklXa,SUBINDUSTRY,"group_rank(-ts_delta(close, 5), subindustry) + group_rank(fnd6_xrent/assets, subindustry) + rank(volume/ts_mean(volume, 60))"
pwRYOV8X,n160_d5b5voEJ_SEC,5.18,1.58,0.885,levpXXGl,SECTOR,"1.5*group_rank(fn_accrued_liab_curr_a/assets, subindustry) + group_rank(-annual_intangible_assets_net_carrying_value/assets, subindustry) + group_rank(fnd6_xrent/assets, subindustry) + 1.5*group_rank(-ts_delta(close, 20), subindustry) + 1.5*group_rank(volume/ts_mean(volume, 60), subindustry) + 1.5*group_rank(-ts_mean(abs(returns)/volume, 20), subindustry)"
mLgQg35X,w74_d,4.57,1.93,0.8854,N1QJPJE8,INDUSTRY,"group_rank(anl4_fs_detail_estimate_1qf_v4_nd_netdebt_high/assets, industry) + group_rank(ts_av_diff(cash/assets, 45), industry) + group_rank(ts_av_diff(cashflow_op/enterprise_value, 45), industry) + group_rank(-ts_delta(close, 5), industry) + rank(volume/ts_mean(volume, 90))"
3q91lvxO,w53_b,5.91,2.64,0.8856,mLgd6nwX,SUBINDUSTRY,"group_rank(fnd6_xrent/assets, subindustry) + group_rank(ts_av_diff(cash/assets, 45), subindustry) + group_rank(ts_av_diff(cashflow_op/enterprise_value, 45), subindustry) + group_rank(-ts_delta(close, 2), subindustry) + rank(volume/ts_mean(volume, 60))"
om6qZ3Qm,a3_g02_d40,4.27,1.42,0.8865,XgWnklXa,SUBINDUSTRY,"group_rank(fnd6_xrent/assets, subindustry) + rank(-ts_delta(close, 2)) + rank(volume/ts_mean(volume, 60))"
ZY0dPjv1,w62_h,5.02,3.57,0.887,mLgd6nwX,SECTOR,"group_rank(fnd6_xrent/assets, subindustry) + group_rank(ts_av_diff(cash/assets, 45), subindustry) + group_rank(ts_av_diff(cashflow_op/enterprise_value, 45), subindustry) + group_rank(-ts_delta(close, 2), subindustry) + rank(volume/ts_mean(volume, 60))"
xAY5pxng,w79_a,4.09,1.3,0.8878,e79PvPpE,SUBINDUSTRY,"group_rank(anl4_fs_detail_estimate_1qf_v4_nd_totgw_median/assets, subindustry) + group_rank(anl4_fs_detail_estimate_1qf_v4_nd_netdebt_high/assets, subindustry) + group_rank(ts_av_diff(cash/assets, 75), subindustry) + group_rank(ts_av_diff(cashflow_op/enterprise_value, 60), subindustry) + group_rank(-ts_delta(close, 8), subindustry) + rank(volume/ts_mean(volume, 150))"
vRkX7z83,w105_k,4.86,2.45,0.8881,j23Pl0e5,SUBINDUSTRY,"group_rank(fnd6_xintopt/assets, subindustry) + group_rank(anl4_fs_detail_estimate_1qf_v4_nd_totassets_mean/assets, subindustry) + group_rank(ts_av_diff(cash/assets, 45), subindustry) + group_rank(ts_av_diff(cashflow_op/enterprise_value, 45), subindustry) + group_rank(-ts_delta(close, 2), subindustry) + rank(volume/ts_mean(volume, 60))"
YP530vzR,w109_b,4.17,3.23,0.8888,npKGgKLw,SUBINDUSTRY,"group_rank(fnd6_xintopt/assets, bucket(rank(cap), range=""0.1, 1, 0.1"")) + group_rank(anl4_fs_detail_estimate_1qf_v4_nd_totassets_mean/assets, bucket(rank(cap), range=""0.1, 1, 0.1"")) + group_rank(-anl4_fs_detail_estimates_advanced_af_nd_capex_median/assets, bucket(rank(cap), range=""0.1, 1, 0.1"")) + group_rank(ts_av_diff(cash/assets, 45), bucket(rank(cap), range=""0.1, 1, 0.1"")) + group_rank(ts_av_diff(cashflow_op/enterprise_value, 45), bucket(rank(cap), range=""0.1, 1, 0.1"")) + group_rank(-ts_delta(close, 2), bucket(rank(cap), range=""0.1, 1, 0.1"")) + group_rank(volume/ts_mean(volume, 60), bucket(rank(cap), range=""0.1, 1, 0.1""))"
kqV9v3dP,w78_i,4.41,1.81,0.8893,E5vx6NJP,SUBINDUSTRY,"group_rank(anl4_fs_detail_estimate_1qf_v4_nd_netdebt_high/assets, subindustry) + group_rank(anl4_fs_detail_estimate_1qf_v4_nd_cfi_low/assets, subindustry) + group_rank(ts_av_diff(cash/assets, 75), subindustry) + group_rank(ts_av_diff(cashflow_op/enterprise_value, 45), subindustry) + group_rank(-ts_delta(close, 8), subindustry) + rank(volume/ts_mean(volume, 120))"
O0rM8nNY,w67_d,4.51,3.13,0.8898,9qX3M2mq,INDUSTRY,"group_rank(liabilities_curr/assets, industry) + group_rank(-anl4_fs_detail_estimate_1qf_v4_nd_netdebt_mean/assets, industry) + group_rank(-ts_rank(close, 10), industry)"
88j8jelq,w152_f,4.33,1.63,0.89,6Xr2eQaJ,SUBINDUSTRY,"group_rank(authorized_stock_repurchase_amount/cap, subindustry) + group_rank(-annual_intangible_assets_net_carrying_value/cap, subindustry) + group_rank(fnd6_pstkl/cap, subindustry) + group_rank(fnd6_txs/cap, subindustry) + 1.25*group_rank(-ts_delta(vwap, 5), subindustry) + 1.25*group_rank(volume/ts_mean(volume, 120), subindustry)"
1YXYX2WM,w154_f,4.04,2.07,0.8916,kqoq0zed,INDUSTRY,"1.5*group_rank(fnd6_pstkl/cap, subindustry) + group_rank(fnd6_txs/cap, subindustry) + group_rank(fnd6_mfmq_mibtq/cap, subindustry) + group_rank(fnd6_lqpl1/cap, subindustry) + 1.5*group_rank(-ts_delta(close, 5), subindustry) + 1.5*group_rank(volume/ts_mean(volume, 90), subindustry)"
78Zj035x,r2_p5_d10,4.47,2.02,0.892,9qVrJkYe,INDUSTRY,"rank(-ts_delta(close, 2)) * rank(volume/ts_mean(volume, 60)) + group_rank(operating_expense/assets, subindustry) + group_rank(ts_av_diff(cash/assets, 30), subindustry)"
xAY7Ngjm,w110_d,4.47,3.09,0.8922,npKGgKLw,SUBINDUSTRY,"group_rank(fnd6_xintopt/assets, bucket(rank(ts_mean(volume*close, 20)), range=""0.1, 1, 0.1"")) + group_rank(anl4_fs_detail_estimate_1qf_v4_nd_totassets_mean/assets, bucket(rank(ts_mean(volume*close, 20)), range=""0.1, 1, 0.1"")) + group_rank(-anl4_fs_detail_estimates_advanced_af_nd_capex_median/assets, bucket(rank(ts_mean(volume*close, 20)), range=""0.1, 1, 0.1"")) + group_rank(ts_av_diff(cash/assets, 45), bucket(rank(ts_mean(volume*close, 20)), range=""0.1, 1, 0.1"")) + group_rank(ts_av_diff(cashflow_op/enterprise_value, 45), bucket(rank(ts_mean(volume*close, 20)), range=""0.1, 1, 0.1"")) + group_rank(-ts_delta(close, 2), bucket(rank(ts_mean(volume*close, 20)), range=""0.1, 1, 0.1"")) + group_rank(volume/ts_mean(volume, 60), bucket(rank(ts_mean(volume*close, 20)), range=""0.1, 1, 0.1""))"
d5OjVGxx,o4_xopr_vwap_d10,4.45,2.5,0.8926,0mRwgR6k,SUBINDUSTRY,"group_rank(fnd6_xopr/assets, subindustry) + rank(-ts_delta(vwap, 2)) + rank(volume/ts_mean(volume, 60))"
vRkZOLP3,w58_d,4.72,3.78,0.8927,mLgd6nwX,SUBINDUSTRY,"group_rank(ts_av_diff(cash/assets, 45), subindustry) + group_rank(ts_av_diff(cashflow_op/enterprise_value, 45), subindustry) + group_rank(-ts_delta(close, 2), subindustry) + rank(volume/ts_mean(volume, 60))"
QP3706eK,s5_xo06,4.15,2.38,0.8929,0mRwgR6k,SUBINDUSTRY,"group_rank(fnd6_xopr/assets, subindustry) + 0.6 * rank(-ts_delta(vwap, 2)) + 0.6 * rank(volume/ts_mean(volume, 60))"
mLmLW6E6,w162_00,6.05,2.77,0.8931,omL8Mazn,SUBINDUSTRY,"1.5*group_rank(fnd6_newqv1300_dpactq/cap, subindustry) + group_rank(ts_av_diff(cash/assets,45), subindustry) + group_rank(ts_av_diff(cashflow_op/enterprise_value,45), subindustry) + group_rank(fnd6_xrent/assets, subindustry) + 1.5*group_rank(-ts_rank(returns, 20), subindustry) + 1.5*group_rank(-ts_mean(abs(returns)/volume, 20), subindustry) + 1.5*group_rank(-ts_rank(returns, 5), subindustry)"
d5O1Pz5j,w27_ivstq_xrent,4.61,2.35,0.894,le8EMjoN,SUBINDUSTRY,"group_rank(fnd6_newqv1300_ivstq/assets, subindustry) + group_rank(fnd6_xrent/assets, subindustry) + group_rank(ts_av_diff(cashflow_op/enterprise_value, 60), subindustry) + rank(-ts_delta(close, 2)) + rank(volume/ts_mean(volume, 60))"
78ZloP9L,w76_h,4.48,1.89,0.8956,E5vx6NJP,SUBINDUSTRY,"group_rank(anl4_fs_detail_estimate_1qf_v4_nd_sga_median/assets, subindustry) + group_rank(ts_av_diff(cash/assets, 45), industry) + group_rank(ts_av_diff(cashflow_op/enterprise_value, 45), subindustry) + group_rank(-ts_delta(close, 5), industry) + rank(volume/ts_mean(volume, 90))"
wpYkX9Rx,w100_c,5.47,3.39,0.8972,e79PvPpE,SUBINDUSTRY,"trade_when(ts_std_dev(returns, 20) > ts_std_dev(returns, 60), group_rank(authorized_stock_buyback_amount/assets, subindustry) + group_rank(-annual_intangible_assets_net_carrying_value/assets, subindustry) + group_rank(ts_av_diff(cash/assets, 45), subindustry) + group_rank(ts_av_diff(cashflow_op/enterprise_value, 45), subindustry) + group_rank(-ts_delta(close, 10), subindustry) + rank(volume/ts_mean(volume, 120)), -1)"
E5vnGJjK,w110_c,4.24,2.93,0.8975,npKGgKLw,SUBINDUSTRY,"group_rank(fnd6_xintopt/assets, bucket(rank(ts_std_dev(returns, 20)), range=""0.1, 1, 0.1"")) + group_rank(anl4_fs_detail_estimate_1qf_v4_nd_totassets_mean/assets, bucket(rank(ts_std_dev(returns, 20)), range=""0.1, 1, 0.1"")) + group_rank(-anl4_fs_detail_estimates_advanced_af_nd_capex_median/assets, bucket(rank(ts_std_dev(returns, 20)), range=""0.1, 1, 0.1"")) + group_rank(ts_av_diff(cash/assets, 45), bucket(rank(ts_std_dev(returns, 20)), range=""0.1, 1, 0.1"")) + group_rank(ts_av_diff(cashflow_op/enterprise_value, 45), bucket(rank(ts_std_dev(returns, 20)), range=""0.1, 1, 0.1"")) + group_rank(-ts_delta(close, 2), bucket(rank(ts_std_dev(returns, 20)), range=""0.1, 1, 0.1"")) + group_rank(volume/ts_mean(volume, 60), bucket(rank(ts_std_dev(returns, 20)), range=""0.1, 1, 0.1""))"
gJQjvq2J,p5_np_ind,4.52,2.15,0.8997,9qVrJkYe,INDUSTRY,"rank(-ts_delta(close, 2)) * rank(volume/ts_mean(volume, 60)) + group_rank(operating_expense/assets, subindustry) + group_rank(ts_av_diff(cash/assets, 30), subindustry)"
0mRjO9dv,w32_d,5.05,2.15,0.9001,O0rZ90n1,SUBINDUSTRY,"group_rank(fnd6_xrent/assets, subindustry) + group_rank(ts_av_diff(cash/assets, 30), subindustry) + group_rank(fnd6_newqv1300_cimiiq/assets, subindustry) + group_rank(-ts_delta(close, 2), subindustry) + rank(volume/ts_mean(volume, 60))"
npKXNnRM,w85_g,4.14,2.31,0.9003,e79PvPpE,SUBINDUSTRY,"group_rank(authorized_stock_buyback_amount/assets, subindustry) + group_rank(-annual_intangible_assets_net_carrying_value/assets, subindustry) + group_rank(-ts_delta(close, 10), subindustry) + rank(volume/ts_mean(volume, 120))"
3q9lO6rO,d3_d0_grev_xr_vol,4.47,1.52,0.9008,XgWnklXa,SUBINDUSTRY,"group_rank(-ts_delta(close, 2), subindustry) + group_rank(fnd6_xrent/assets, subindustry) + rank(volume/ts_mean(volume, 60))"
om6kN2Ym,w85_e,4.05,1.55,0.9008,6Xr2eQaJ,SUBINDUSTRY,"group_rank(authorized_stock_buyback_amount/assets, subindustry) + 0.4*group_rank(ts_av_diff(cashflow_op/enterprise_value, 45), subindustry) + 0.4*group_rank(-ts_delta(close, 10), subindustry) + 0.4*rank(volume/ts_mean(volume, 120))"
E5vlYzQL,r1_p5_d6,4.44,2.35,0.9011,9qVrJkYe,INDUSTRY,"rank(-ts_delta(close, 2)) * rank(volume/ts_mean(volume, 60)) + group_rank(operating_expense/assets, subindustry) + group_rank(ts_av_diff(cash/assets, 30), subindustry)"
YP59AEKW,w82_a,4.11,1.25,0.9018,E5vx6NJP,SUBINDUSTRY,"quantile(group_rank(anl4_fs_detail_estimate_1qf_v4_nd_rd_exp_high/assets, subindustry) + group_rank(anl4_fs_detail_estimate_1qf_v4_nd_netdebt_high/assets, subindustry) + group_rank(ts_av_diff(cash/assets, 45), subindustry) + group_rank(ts_av_diff(cashflow_op/enterprise_value, 45), subindustry) + group_rank(-ts_delta(close, 10), subindustry) + rank(volume/ts_mean(volume, 120)), driver=gaussian)"
npK7xbrq,l03_k02_cash,4.38,2.0,0.9018,9qVrJkYe,SUBINDUSTRY,"rank(-ts_delta(close, 2)) * rank(volume/ts_mean(volume, 60)) + group_rank(operating_expense/assets, subindustry) + group_rank(ts_av_diff(cash/assets, 30), subindustry)"
E5vNVa2L,w58_a,4.61,3.88,0.9031,mLgd6nwX,SUBINDUSTRY,"group_rank(ts_av_diff(cash/assets, 45), subindustry) + group_rank(ts_av_diff(cashflow_op/enterprise_value, 45), subindustry) + group_rank(-ts_delta(close, 2), subindustry) + rank(volume/ts_mean(volume, 60))"
XgW7aK6m,s1_np06,4.04,1.94,0.9056,9qVrJkYe,INDUSTRY,"0.6 * rank(-ts_delta(close, 2)) * rank(volume/ts_mean(volume, 60)) + group_rank(operating_expense/assets, subindustry) + group_rank(ts_av_diff(cash/assets, 30), subindustry)"
YP58Mr5l,w56_a,5.33,1.61,0.907,RRV5l5Go,SUBINDUSTRY,"group_rank(fnd6_xrent/assets, subindustry) + group_rank(ts_av_diff(cash/assets, 45), subindustry) + group_rank(ts_av_diff(cashflow_op/enterprise_value, 45), subindustry) + group_rank(-ts_delta(close, 2), subindustry) + rank(volume/ts_mean(volume, 60))"
58QXZ7eX,w121_c,4.64,2.46,0.9077,akLmmvPW,SUBINDUSTRY,"group_rank(fnd6_tstkc/assets, bucket(rank(sales/assets), range=""0.1, 1, 0.1"")) + group_rank(fnd6_cicurr/assets, bucket(rank(sales/assets), range=""0.1, 1, 0.1"")) + group_rank(fnd6_intc/assets, bucket(rank(sales/assets), range=""0.1, 1, 0.1"")) + group_rank(ts_av_diff(cash/assets, 45), bucket(rank(sales/assets), range=""0.1, 1, 0.1"")) + group_rank(ts_av_diff(cashflow_op/enterprise_value, 45), bucket(rank(sales/assets), range=""0.1, 1, 0.1"")) + group_rank(-ts_delta(close, 2), bucket(rank(sales/assets), range=""0.1, 1, 0.1"")) + group_rank(if_else(rank(ts_regression(rank(returns), rank(vec_avg(anl4_basicdetailrec_ratingvalue)), 120, lag=0, rettype=2))>0.6, -ts_av_diff(vec_avg(anl4_basicdetailrec_ratingvalue), 120), 0), bucket(rank(sales/assets), range=""0.1, 1, 0.1""))"
YP5l8n7A,w37_j,4.45,2.55,0.9078,9qVEA1ZV,MARKET,"group_rank(fnd6_newqv1300_ivstq/assets, subindustry) + group_rank(fnd6_newqv1300_lol2q/assets, subindustry) + group_rank(fnd6_xrent/assets, subindustry) + group_rank(ts_av_diff(cash/assets, 30), subindustry) + group_rank(-ts_delta(close, 2), subindustry) + rank(volume/ts_mean(volume, 60))"
om6R6zo6,w53_h,5.77,2.72,0.909,mLgd6nwX,SUBINDUSTRY,"group_rank(fnd6_xrent/assets, subindustry) + group_rank(ts_av_diff(cash/assets, 45), subindustry) + group_rank(ts_av_diff(cashflow_op/enterprise_value, 45), subindustry) + group_rank(-ts_delta(close, 2), subindustry) + rank(volume/ts_mean(volume, 60))"
58QKkXKo,w110_b,4.5,2.34,0.9093,npKGgKLw,SUBINDUSTRY,"group_rank(fnd6_xintopt/assets, bucket(rank(ts_mean(volume*close, 20)), range=""0.1, 1, 0.1"")) + group_rank(anl4_fs_detail_estimate_1qf_v4_nd_totassets_mean/assets, bucket(rank(ts_mean(volume*close, 20)), range=""0.1, 1, 0.1"")) + group_rank(-anl4_fs_detail_estimates_advanced_af_nd_capex_median/assets, bucket(rank(ts_mean(volume*close, 20)), range=""0.1, 1, 0.1"")) + group_rank(ts_av_diff(cash/assets, 45), bucket(rank(ts_mean(volume*close, 20)), range=""0.1, 1, 0.1"")) + group_rank(ts_av_diff(cashflow_op/enterprise_value, 45), bucket(rank(ts_mean(volume*close, 20)), range=""0.1, 1, 0.1"")) + group_rank(-ts_delta(close, 2), bucket(rank(ts_mean(volume*close, 20)), range=""0.1, 1, 0.1"")) + group_rank(volume/ts_mean(volume, 60), bucket(rank(ts_mean(volume*close, 20)), range=""0.1, 1, 0.1""))"
le8jqgo8,n03_xopr_int,4.37,2.23,0.9093,0mRwgR6k,SUBINDUSTRY,"rank(-ts_delta(close, 2)) * rank(volume/ts_mean(volume, 60)) + group_rank(fnd6_xopr/assets, subindustry)"
3q9GkrAO,w38_g,4.74,2.16,0.9097,LL98E87L,MARKET,"group_rank(fnd6_newqv1300_ivstq/assets, subindustry) + group_rank(fnd6_xrent/assets, subindustry) + group_rank(ts_av_diff(cash/assets, 30), subindustry) + group_rank(-ts_delta(close, 2), subindustry) + rank(volume/ts_mean(volume, 60))"
MP1VdqRk,w78_g,4.18,1.71,0.9099,E5vx6NJP,SUBINDUSTRY,"group_rank(anl4_fs_detail_estimates_advanced_af_nd_capex_std/assets, subindustry) + group_rank(anl4_fs_detail_estimate_1qf_v4_nd_sga_median/assets, subindustry) + group_rank(ts_av_diff(cash/assets, 45), subindustry) + group_rank(ts_av_diff(cashflow_op/enterprise_value, 75), subindustry) + group_rank(-ts_delta(close, 10), subindustry) + rank(volume/ts_mean(volume, 120))"
E5vne9bR,w110_a,4.17,2.11,0.9113,npKGgKLw,SUBINDUSTRY,"group_rank(fnd6_xintopt/assets, bucket(rank(ts_std_dev(returns, 20)), range=""0.1, 1, 0.1"")) + group_rank(anl4_fs_detail_estimate_1qf_v4_nd_totassets_mean/assets, bucket(rank(ts_std_dev(returns, 20)), range=""0.1, 1, 0.1"")) + group_rank(-anl4_fs_detail_estimates_advanced_af_nd_capex_median/assets, bucket(rank(ts_std_dev(returns, 20)), range=""0.1, 1, 0.1"")) + group_rank(ts_av_diff(cash/assets, 45), bucket(rank(ts_std_dev(returns, 20)), range=""0.1, 1, 0.1"")) + group_rank(ts_av_diff(cashflow_op/enterprise_value, 45), bucket(rank(ts_std_dev(returns, 20)), range=""0.1, 1, 0.1"")) + group_rank(-ts_delta(close, 2), bucket(rank(ts_std_dev(returns, 20)), range=""0.1, 1, 0.1"")) + group_rank(volume/ts_mean(volume, 60), bucket(rank(ts_std_dev(returns, 20)), range=""0.1, 1, 0.1""))"
j23kkkKj,w116_m,4.66,2.1,0.9119,akLp3pzW,SUBINDUSTRY,"group_rank(fnd6_cicurr/assets, bucket(rank(ts_mean(volume*close, 20)), range=""0.1, 1, 0.1"")) + group_rank(fnd6_intc/assets, bucket(rank(ts_mean(volume*close, 20)), range=""0.1, 1, 0.1"")) + group_rank(fnd6_lifr/assets, bucket(rank(ts_mean(volume*close, 20)), range=""0.1, 1, 0.1"")) + group_rank(ts_av_diff(cash/assets, 45), bucket(rank(ts_mean(volume*close, 20)), range=""0.1, 1, 0.1"")) + group_rank(ts_av_diff(cashflow_op/enterprise_value, 45), bucket(rank(ts_mean(volume*close, 20)), range=""0.1, 1, 0.1"")) + group_rank(-ts_delta(close, 2), bucket(rank(ts_mean(volume*close, 20)), range=""0.1, 1, 0.1""))"
LL9EMQv6,w60_e,5.0,3.4,0.9124,mLgd6nwX,SUBINDUSTRY,"group_rank(fnd6_xrent/assets, subindustry) + group_rank(ts_av_diff(cash/assets, 45), subindustry) + group_rank(ts_av_diff(cashflow_op/enterprise_value, 45), subindustry) + group_rank(-ts_delta(close, 2), subindustry) + rank(volume/ts_mean(volume, 60))"
XgWRG68l,w32_j,4.91,2.09,0.9126,O0rZ90n1,SUBINDUSTRY,"group_rank(fnd6_xrent/assets, subindustry) + group_rank(fnd6_xopr/assets, subindustry) + group_rank(ts_av_diff(cash/assets, 30), subindustry) + group_rank(-ts_delta(close, 2), subindustry) + rank(volume/ts_mean(volume, 60))"
d5b5YP8j,w159_06,5.65,2.02,0.913,O0N0R5NY,SUBINDUSTRY,"1.5*group_rank(fn_accrued_liab_curr_a/assets, subindustry) + group_rank(-annual_intangible_assets_net_carrying_value/assets, subindustry) + group_rank(fnd6_xrent/assets, subindustry) + 2.0*group_rank(volume/ts_mean(volume, 120), subindustry) + 2.0*group_rank(-ts_rank(returns, 20), subindustry)"
gJQ0k0V0,w80_h,4.17,1.7,0.9135,E5vx6NJP,SUBINDUSTRY,"group_rank((anl4_fs_detail_estimate_1qf_v4_nd_sga_high - anl4_fs_detail_estimate_1qf_v4_nd_sga_low) / abs(anl4_fs_detail_estimate_1qf_v4_nd_sga_mean), subindustry) + group_rank(anl4_fs_detail_estimate_1qf_v4_nd_cfi_low/assets, subindustry) + group_rank(ts_av_diff(cashflow_op/enterprise_value, 60), subindustry) + group_rank(-ts_delta(close, 8), subindustry) + rank(volume/ts_mean(volume, 150))"
6XjmE5vL,x170_P3_aol2_sales,4.46,1.54,0.914,58znv2Y1,SECTOR,"1.5*group_rank(fnd6_newa1v1300_aol2/sales, subindustry) + group_rank(ts_av_diff(cash/assets, 45), subindustry) + group_rank(fn_accrued_liab_curr_a/assets, subindustry) + 1.5*group_rank(-ts_rank(returns, 10), subindustry)"
xA3AVvGw,w159_05,5.65,2.17,0.9151,O0N0R5NY,SUBINDUSTRY,"1.5*group_rank(fn_accrued_liab_curr_a/assets, subindustry) + group_rank(-annual_intangible_assets_net_carrying_value/assets, subindustry) + group_rank(fnd6_xrent/assets, subindustry) + 2.0*group_rank(volume/ts_mean(volume, 90), subindustry) + 2.0*group_rank(-ts_rank(returns, 20), subindustry)"
npKj9Orw,w119_l,4.75,2.4,0.9155,kqVp6wnO,SUBINDUSTRY,"group_rank(fnd6_newq_xoptepsqp/assets, bucket(rank(ts_mean(volume*close, 20)), range=""0.1, 1, 0.1"")) + group_rank(fnd6_cicurr/assets, bucket(rank(ts_mean(volume*close, 20)), range=""0.1, 1, 0.1"")) + group_rank(fnd6_tstkc/assets, bucket(rank(ts_mean(volume*close, 20)), range=""0.1, 1, 0.1"")) + group_rank(ts_av_diff(cash/assets, 45), bucket(rank(ts_mean(volume*close, 20)), range=""0.1, 1, 0.1"")) + group_rank(ts_av_diff(cashflow_op/enterprise_value, 45), bucket(rank(ts_mean(volume*close, 20)), range=""0.1, 1, 0.1"")) + group_rank(-ts_delta(close, 2), bucket(rank(ts_mean(volume*close, 20)), range=""0.1, 1, 0.1""))"
E5vVAoJK,w34_l,4.68,2.61,0.9171,O0rZ90n1,MARKET,"group_rank(fnd6_xrent/assets, subindustry) + group_rank(ts_av_diff(cash/assets, 30), subindustry) + group_rank(-ts_delta(close, 2), subindustry) + rank(volume/ts_mean(volume, 60))"
P0ZL37rq,w109_a,4.31,2.83,0.9178,npKGgKLw,SUBINDUSTRY,"group_rank(fnd6_xintopt/assets, bucket(rank(cap), range=""0.1, 1, 0.1"")) + group_rank(anl4_fs_detail_estimate_1qf_v4_nd_totassets_mean/assets, bucket(rank(cap), range=""0.1, 1, 0.1"")) + group_rank(-anl4_fs_detail_estimates_advanced_af_nd_capex_median/assets, bucket(rank(cap), range=""0.1, 1, 0.1"")) + group_rank(ts_av_diff(cash/assets, 45), bucket(rank(cap), range=""0.1, 1, 0.1"")) + group_rank(ts_av_diff(cashflow_op/enterprise_value, 45), bucket(rank(cap), range=""0.1, 1, 0.1"")) + group_rank(-ts_delta(close, 2), bucket(rank(cap), range=""0.1, 1, 0.1"")) + group_rank(volume/ts_mean(volume, 60), bucket(rank(cap), range=""0.1, 1, 0.1""))"
blblwneR,w165_00,4.48,2.4,0.9178,58znv2Y1,SUBINDUSTRY,"1.5*group_rank(fnd6_newa1v1300_aol2/cap, subindustry) + group_rank(ts_av_diff(cash/assets,45), subindustry) + group_rank(fn_accrued_liab_curr_a/assets, subindustry) + 1.5*group_rank(-ts_rank(returns, 5), subindustry)"
xAY2ww1n,w64_g,4.9,3.68,0.9178,j23Pl0e5,SUBINDUSTRY,"group_rank(-anl4_fs_detail_estimate_1qf_v4_nd_netdebt_mean/assets, subindustry) + group_rank(fnd6_txtubxintis/assets, subindustry) + group_rank(ts_av_diff(cash/assets, 45), subindustry) + group_rank(ts_av_diff(cashflow_op/enterprise_value, 45), subindustry) + group_rank(-ts_delta(close, 2), subindustry) + rank(volume/ts_mean(volume, 60))"
YP5YllvM,w78_c,4.52,2.1,0.9187,E5vx6NJP,SUBINDUSTRY,"group_rank(anl4_fs_detail_estimates_advanced_af_nd_capex_std/assets, subindustry) + group_rank(anl4_fs_detail_estimate_1qf_v4_nd_cfi_low/assets, subindustry) + group_rank(ts_av_diff(cash/assets, 45), subindustry) + group_rank(ts_av_diff(cashflow_op/enterprise_value, 45), subindustry) + group_rank(-ts_delta(close, 8), subindustry) + rank(volume/ts_mean(volume, 150))"
A102woAW,w83_b,4.27,1.94,0.9193,6Xr2eQaJ,SUBINDUSTRY,"group_rank(authorized_stock_buyback_amount/assets, subindustry) + group_rank(-annual_intangible_assets_net_carrying_value/assets, subindustry) + group_rank(-ts_delta(close, 10), subindustry) + rank(volume/ts_mean(volume, 120))"
blRKqE26,w83_e,4.41,1.89,0.9203,e79PvPpE,SUBINDUSTRY,"group_rank(authorized_stock_buyback_amount/assets, subindustry) + group_rank(ts_av_diff(cashflow_op/enterprise_value, 45), subindustry) + group_rank(-ts_delta(close, 10), subindustry) + rank(volume/ts_mean(volume, 120))"
1Yxjkb0K,w32_a,5.12,1.56,0.9216,O0rZ90n1,SUBINDUSTRY,"group_rank(fnd6_xrent/assets, subindustry) + group_rank(ts_av_diff(cash/assets, 30), subindustry) + group_rank(fnd6_xopr/assets, subindustry) + group_rank(-ts_delta(close, 2), subindustry) + rank(volume/ts_mean(volume, 60))"
zqY2Wqkd,w66_d,4.11,3.08,0.9217,j23Pl0e5,SUBINDUSTRY,"group_rank(anl4_fs_detail_estimate_1qf_v4_nd_sh_equity_median/assets, subindustry) + group_rank(fnd6_txtubxintis/assets, subindustry) + group_rank(ts_av_diff(cash/assets, 45), subindustry) + group_rank(ts_av_diff(cashflow_op/enterprise_value, 45), subindustry) + group_rank(-ts_delta(close, 2), subindustry) + rank(volume/ts_mean(volume, 60))"
YP5900Qq,w83_g,4.91,1.79,0.9225,e79PvPpE,SUBINDUSTRY,"group_rank(authorized_stock_buyback_amount/assets, subindustry) + group_rank(anl4_fs_detail_estimate_1qf_v4_nd_sga_median/assets, subindustry) + group_rank(ts_av_diff(cash/assets, 45), subindustry) + group_rank(ts_av_diff(cashflow_op/enterprise_value, 45), subindustry) + group_rank(-ts_delta(close, 10), subindustry) + rank(volume/ts_mean(volume, 120))"
P0ZLmLMp,w116_c,4.98,2.34,0.9227,akLp3pzW,SUBINDUSTRY,"group_rank(fnd6_intc/assets, bucket(rank(ts_mean(volume, 20)), range=""0.1, 1, 0.1"")) + group_rank(fnd6_lifr/assets, bucket(rank(ts_mean(volume, 20)), range=""0.1, 1, 0.1"")) + group_rank(fnd6_cicurr/assets, bucket(rank(ts_mean(volume, 20)), range=""0.1, 1, 0.1"")) + group_rank(ts_av_diff(cash/assets, 45), bucket(rank(ts_mean(volume, 20)), range=""0.1, 1, 0.1"")) + group_rank(ts_av_diff(cashflow_op/enterprise_value, 45), bucket(rank(ts_mean(volume, 20)), range=""0.1, 1, 0.1"")) + group_rank(-ts_delta(close, 2), bucket(rank(ts_mean(volume, 20)), range=""0.1, 1, 0.1""))"
1Yx2pLpK,w85_f,4.07,1.85,0.9233,6Xr2eQaJ,SUBINDUSTRY,"trade_when(ts_rank(volume, 5) > 0.5, group_rank(authorized_stock_buyback_amount/assets, subindustry) + group_rank(-annual_intangible_assets_net_carrying_value/assets, subindustry) + group_rank(-ts_delta(close, 10), subindustry) + rank(volume/ts_mean(volume, 120)), -1)"
N1QZX9mq,w121_b,4.97,2.73,0.9246,akLp3pzW,SUBINDUSTRY,"group_rank(fnd6_intc/assets, bucket(rank(ts_mean(volume*close, 20)), range=""0.1, 1, 0.1"")) + group_rank(fnd6_lifr/assets, bucket(rank(ts_mean(volume*close, 20)), range=""0.1, 1, 0.1"")) + group_rank(fnd6_cicurr/assets, bucket(rank(ts_mean(volume*close, 20)), range=""0.1, 1, 0.1"")) + group_rank(ts_av_diff(cash/assets, 45), bucket(rank(ts_mean(volume*close, 20)), range=""0.1, 1, 0.1"")) + group_rank(ts_av_diff(cashflow_op/enterprise_value, 45), bucket(rank(ts_mean(volume*close, 20)), range=""0.1, 1, 0.1"")) + group_rank(-ts_delta(close, 2), bucket(rank(ts_mean(volume*close, 20)), range=""0.1, 1, 0.1"")) + group_rank(if_else(rank(ts_regression(rank(returns), rank(vec_avg(anl4_basicdetailrec_ratingvalue)), 120, lag=0, rettype=2))>0.6, -ts_av_diff(vec_avg(anl4_basicdetailrec_ratingvalue), 120), 0), bucket(rank(ts_mean(volume*close, 20)), range=""0.1, 1, 0.1""))"
QPbPVOn5,w131_h,4.0,1.48,0.9247,kqoq0zed,SUBINDUSTRY,"1.5*group_rank(fnd6_txtubadjust/assets, subindustry) + group_rank(fnd6_newa1v1300_aol2/assets, subindustry) + group_rank(fnd6_newqv1300_dpactq/assets, subindustry) + 0.75*group_rank(-ts_delta(vwap, 5), subindustry) + 0.75*group_rank(volume/ts_mean(volume, 120), subindustry)"
RRVxxkoo,w116_g,4.99,2.6,0.9259,kqVp6wnO,SUBINDUSTRY,"group_rank(fnd6_tstkc/assets, industry) + group_rank(fnd6_lifr/assets, industry) + group_rank(fnd6_cicurr/assets, industry) + group_rank(ts_av_diff(cash/assets, 45), industry) + group_rank(ts_av_diff(cashflow_op/enterprise_value, 45), industry) + group_rank(-ts_delta(close, 2), industry)"
rK5MKJoJ,w96_g,5.17,3.45,0.9268,e79PvPpE,SUBINDUSTRY,"group_rank(authorized_stock_buyback_amount/assets, subindustry) + group_rank(-annual_intangible_assets_net_carrying_value/assets, subindustry) + group_rank(ts_av_diff(cash/assets, 60), subindustry) + group_rank(ts_av_diff(cashflow_op/enterprise_value, 60), subindustry) + group_rank(-ts_delta(close, 20), subindustry) + rank(volume/ts_mean(volume, 250))"
xAYpLX0b,w106_d,4.83,2.61,0.9273,npKGgKLw,SUBINDUSTRY,"group_rank(fnd6_xintopt/assets, subindustry) + group_rank(anl4_fs_detail_estimate_1qf_v4_nd_totassets_mean/assets, subindustry) + group_rank(-anl4_fs_detail_estimates_advanced_af_nd_capex_median/assets, subindustry) + group_rank(ts_av_diff(cash/assets, 45), subindustry) + group_rank(ts_av_diff(cashflow_op/enterprise_value, 45), subindustry) + group_rank(-ts_delta(close, 2), subindustry)"
wpYvaEZp,w85_h,4.3,1.77,0.9283,6Xr2eQaJ,SUBINDUSTRY,"group_rank(authorized_stock_buyback_amount/assets, subindustry) + group_rank(-annual_intangible_assets_net_carrying_value/assets, subindustry) + group_rank(-ts_delta(close, 10), subindustry) + rank(volume/ts_mean(volume, 120))"
blRjZzxM,o3_xopr_vwap_d14,4.6,2.43,0.9333,0mRwgR6k,SUBINDUSTRY,"group_rank(fnd6_xopr/assets, subindustry) + rank(-ts_delta(vwap, 2)) + rank(volume/ts_mean(volume, 60))"
om6jXVml,w114_o,5.32,2.73,0.9336,akLp3pzW,SUBINDUSTRY,"group_rank(fnd6_cicurr/assets, bucket(rank(ts_mean(volume*close, 20)), range=""0.1, 1, 0.1"")) + group_rank(fnd6_intc/assets, bucket(rank(ts_mean(volume*close, 20)), range=""0.1, 1, 0.1"")) + group_rank(ts_av_diff(cash/assets, 45), bucket(rank(ts_mean(volume*close, 20)), range=""0.1, 1, 0.1"")) + group_rank(ts_av_diff(cashflow_op/enterprise_value, 45), bucket(rank(ts_mean(volume*close, 20)), range=""0.1, 1, 0.1"")) + group_rank(-ts_delta(close, 2), bucket(rank(ts_mean(volume*close, 20)), range=""0.1, 1, 0.1"")) + group_rank(volume/ts_mean(volume, 60), bucket(rank(ts_mean(volume*close, 20)), range=""0.1, 1, 0.1""))"
gJQjgO1Q,w2_s8_rev4,4.37,2.05,0.9346,0mRwgR6k,SUBINDUSTRY,"group_rank(-ts_delta(close, 4), subindustry) + group_rank(fnd6_xopr/assets, subindustry) + rank(volume/ts_mean(volume, 60))"
rK5Mb8Za,w102_h,5.06,3.16,0.936,0mR2K6lr,SUBINDUSTRY,"group_rank(authorized_stock_buyback_amount/assets, subindustry) + group_rank(-annual_intangible_assets_net_carrying_value/assets, subindustry) + group_rank(-news_open_gap/close, subindustry) + group_rank(ts_av_diff(cash/assets, 45), subindustry) + group_rank(ts_av_diff(cashflow_op/enterprise_value, 45), subindustry) + group_rank(-ts_delta(close, 10), subindustry)"
RRVx896n,w109_c,4.39,2.05,0.9361,npKGgKLw,SUBINDUSTRY,"group_rank(fnd6_xintopt/assets, bucket(rank(cap), range=""0.05, 1, 0.05"")) + group_rank(anl4_fs_detail_estimate_1qf_v4_nd_totassets_mean/assets, bucket(rank(cap), range=""0.05, 1, 0.05"")) + group_rank(-anl4_fs_detail_estimates_advanced_af_nd_capex_median/assets, bucket(rank(cap), range=""0.05, 1, 0.05"")) + group_rank(ts_av_diff(cash/assets, 45), bucket(rank(cap), range=""0.05, 1, 0.05"")) + group_rank(ts_av_diff(cashflow_op/enterprise_value, 45), bucket(rank(cap), range=""0.05, 1, 0.05"")) + group_rank(-ts_delta(close, 2), bucket(rank(cap), range=""0.05, 1, 0.05"")) + group_rank(volume/ts_mean(volume, 60), bucket(rank(cap), range=""0.05, 1, 0.05""))"
58QKOAgJ,w109_d,4.43,2.07,0.9372,npKGgKLw,SUBINDUSTRY,"group_rank(fnd6_xintopt/assets, bucket(rank(cap), range=""0.2, 1, 0.2"")) + group_rank(anl4_fs_detail_estimate_1qf_v4_nd_totassets_mean/assets, bucket(rank(cap), range=""0.2, 1, 0.2"")) + group_rank(-anl4_fs_detail_estimates_advanced_af_nd_capex_median/assets, bucket(rank(cap), range=""0.2, 1, 0.2"")) + group_rank(ts_av_diff(cash/assets, 45), bucket(rank(cap), range=""0.2, 1, 0.2"")) + group_rank(ts_av_diff(cashflow_op/enterprise_value, 45), bucket(rank(cap), range=""0.2, 1, 0.2"")) + group_rank(-ts_delta(close, 2), bucket(rank(cap), range=""0.2, 1, 0.2"")) + group_rank(volume/ts_mean(volume, 60), bucket(rank(cap), range=""0.2, 1, 0.2""))"
mLgWwdEK,w97_h,5.39,3.36,0.9379,0mR2K6lr,SUBINDUSTRY,"group_rank(authorized_stock_buyback_amount/assets, subindustry) + group_rank(-annual_intangible_assets_net_carrying_value/assets, subindustry) + group_rank(ts_av_diff(cash/assets, 45), subindustry) + group_rank(ts_av_diff(cashflow_op/enterprise_value, 45), subindustry) + group_rank(-ts_delta(close, 20), subindustry) + rank(volume/ts_mean(volume, 250))"
xAY7Ek1m,w114_f,4.15,2.0,0.9385,kqVp6wnO,SUBINDUSTRY,"group_rank(fnd6_tstkc/assets, bucket(rank(ts_rank(cap, 250)), range=""0.1, 1, 0.1"")) + group_rank(fnd6_cicurr/assets, bucket(rank(ts_rank(cap, 250)), range=""0.1, 1, 0.1"")) + group_rank(ts_av_diff(cash/assets, 45), bucket(rank(ts_rank(cap, 250)), range=""0.1, 1, 0.1"")) + group_rank(ts_av_diff(cashflow_op/enterprise_value, 45), bucket(rank(ts_rank(cap, 250)), range=""0.1, 1, 0.1"")) + group_rank(-ts_delta(close, 2), bucket(rank(ts_rank(cap, 250)), range=""0.1, 1, 0.1"")) + group_rank(volume/ts_mean(volume, 60), bucket(rank(ts_rank(cap, 250)), range=""0.1, 1, 0.1""))"
xAYpXZWq,w100_g,5.6,3.07,0.9388,e79PvPpE,SUBINDUSTRY,"trade_when(volume > ts_mean(volume, 60), group_rank(authorized_stock_buyback_amount/assets, subindustry) + group_rank(-annual_intangible_assets_net_carrying_value/assets, subindustry) + group_rank(ts_av_diff(cash/assets, 45), subindustry) + group_rank(ts_av_diff(cashflow_op/enterprise_value, 45), subindustry) + group_rank(-ts_delta(close, 10), subindustry) + rank(volume/ts_mean(volume, 120)), -1)"
3q91V61Z,w56_e,5.57,2.8,0.9394,mLgd6nwX,SUBINDUSTRY,"group_rank(fnd6_xrent/assets, subindustry) + group_rank(ts_av_diff(cash/assets, 45), subindustry) + group_rank(ts_av_diff(cashflow_op/enterprise_value, 45), subindustry) + group_rank(-ts_delta(close, 2), subindustry) + rank(volume/ts_mean(volume, 60))"
ZY0mP96Y,w32_i,4.81,2.74,0.9399,O0rZ90n1,SUBINDUSTRY,"group_rank(fnd6_xrent/assets, subindustry) + group_rank(ts_av_diff(cash/assets, 30), subindustry) + group_rank(-ts_delta(close, 2), subindustry) + rank(volume/ts_mean(volume, 60))"
YP5oZYxR,w99_i,5.18,3.55,0.9402,0mR2K6lr,SUBINDUSTRY,"group_rank(authorized_stock_buyback_amount/assets, subindustry) + group_rank(-annual_intangible_assets_net_carrying_value/assets, subindustry) + group_rank((eps - est_epsr)/assets, subindustry) + group_rank(ts_av_diff(cash/assets, 45), subindustry) + group_rank(ts_av_diff(cashflow_op/enterprise_value, 45), subindustry) + group_rank(-ts_delta(close, 10), subindustry) + rank(volume/ts_mean(volume, 120))"
RRVOj2G1,w119_a,4.04,1.93,0.9426,akLmmvPW,SUBINDUSTRY,"group_rank(fnd6_tstkc/assets, bucket(rank(capex/assets), range=""0.1, 1, 0.1"")) + group_rank(fnd6_lifr/assets, bucket(rank(capex/assets), range=""0.1, 1, 0.1"")) + group_rank(fnd6_intc/assets, bucket(rank(capex/assets), range=""0.1, 1, 0.1"")) + group_rank(ts_av_diff(cash/assets, 45), bucket(rank(capex/assets), range=""0.1, 1, 0.1"")) + group_rank(ts_av_diff(cashflow_op/enterprise_value, 45), bucket(rank(capex/assets), range=""0.1, 1, 0.1"")) + group_rank(-ts_delta(close, 2), bucket(rank(capex/assets), range=""0.1, 1, 0.1""))"
qMx9ZPaP,n160_pwRwWoJ3_SEC,6.21,1.5,0.9453,pwRwWoJ3,SECTOR,"1.5*group_rank(ts_av_diff(cashflow_op/enterprise_value,45), subindustry) + group_rank(fn_accrued_liab_curr_a/assets, subindustry) + group_rank(-annual_intangible_assets_net_carrying_value/assets, subindustry) + group_rank(fnd6_xrent/assets, subindustry) + 1.5*group_rank(-ts_rank(returns, 20), subindustry) + 1.5*group_rank(-ts_mean(abs(returns)/volume, 20), subindustry)"
E5vj5YdL,w118_g,4.95,2.38,0.9465,kqVp6wnO,SUBINDUSTRY,"group_rank(fnd6_tstkc/assets, bucket(rank(ts_rank(volume, 250)), range=""0.1, 1, 0.1"")) + group_rank(fnd6_cicurr/assets, bucket(rank(ts_rank(volume, 250)), range=""0.1, 1, 0.1"")) + group_rank(fnd6_intc/assets, bucket(rank(ts_rank(volume, 250)), range=""0.1, 1, 0.1"")) + group_rank(ts_av_diff(cash/assets, 45), bucket(rank(ts_rank(volume, 250)), range=""0.1, 1, 0.1"")) + group_rank(ts_av_diff(cashflow_op/enterprise_value, 45), bucket(rank(ts_rank(volume, 250)), range=""0.1, 1, 0.1"")) + group_rank(-ts_delta(close, 2), bucket(rank(ts_rank(volume, 250)), range=""0.1, 1, 0.1""))"
pwPxKKk3,w49_c,5.0,2.65,0.948,rK59235m,SUBINDUSTRY,"group_rank(ts_av_diff(cash/assets, 30), subindustry) + group_rank(ts_av_diff(cashflow_op/enterprise_value, 60), subindustry) + group_rank(-ts_delta(close, 3), subindustry) + rank(volume/ts_mean(volume, 60))"
KPOZV9Gz,w78_b,4.65,1.45,0.9485,E5vx6NJP,SUBINDUSTRY,"group_rank(anl4_fs_detail_estimate_1qf_v4_nd_netdebt_high/assets, subindustry) + group_rank(anl4_fs_detail_estimate_1qf_v4_nd_sga_median/assets, subindustry) + group_rank(ts_av_diff(cash/assets, 45), subindustry) + group_rank(ts_av_diff(cashflow_op/enterprise_value, 60), subindustry) + group_rank(-ts_delta(close, 10), subindustry) + rank(volume/ts_mean(volume, 120))"
A10ExKrd,w77_e,4.49,1.96,0.9491,E5vx6NJP,SUBINDUSTRY,"group_rank(anl4_fs_detail_estimate_1qf_v4_nd_cfi_low/assets, subindustry) + group_rank(ts_av_diff(cash/assets, 45), subindustry) + group_rank(ts_av_diff(cashflow_op/enterprise_value, 45), subindustry) + group_rank(-ts_delta(close, 8), subindustry) + rank(volume/ts_mean(volume, 150))"
blRjrZoq,w1_s8_rev3,4.5,2.14,0.9492,0mRwgR6k,SUBINDUSTRY,"group_rank(-ts_delta(close, 3), subindustry) + group_rank(fnd6_xopr/assets, subindustry) + rank(volume/ts_mean(volume, 60))"
zqYk25AG,w5_s8_ind,4.72,2.55,0.9501,0mRwgR6k,INDUSTRY,"group_rank(-ts_delta(close, 2), subindustry) + group_rank(fnd6_xopr/assets, subindustry) + rank(volume/ts_mean(volume, 60))"
LL93MEbe,w77_b,4.14,1.96,0.9503,E5vx6NJP,SUBINDUSTRY,"group_rank(anl4_fs_detail_estimate_1qf_v4_nd_cfi_low/assets, subindustry) + group_rank(ts_av_diff(cash/assets, 75), subindustry) + group_rank(ts_av_diff(cashflow_op/enterprise_value, 45), subindustry) + group_rank(-ts_delta(close, 10), subindustry) + rank(volume/ts_mean(volume, 120))"
npKGg92d,w108_a,4.09,3.02,0.9505,npKGgKLw,SUBINDUSTRY,"group_rank(fnd6_xintopt/assets, bucket(rank(cap), range=""0.1, 1, 0.1"")) + group_rank(anl4_fs_detail_estimate_1qf_v4_nd_totassets_mean/assets, bucket(rank(cap), range=""0.1, 1, 0.1"")) + group_rank(-anl4_fs_detail_estimates_advanced_af_nd_capex_median/assets, bucket(rank(cap), range=""0.1, 1, 0.1"")) + group_rank(ts_av_diff(cash/assets, 45), bucket(rank(cap), range=""0.1, 1, 0.1"")) + group_rank(ts_av_diff(cashflow_op/enterprise_value, 45), bucket(rank(cap), range=""0.1, 1, 0.1"")) + group_rank(-ts_delta(close, 2), bucket(rank(cap), range=""0.1, 1, 0.1""))"
pwPxlG7j,w48_c,5.03,2.76,0.9514,rK59235m,SUBINDUSTRY,"group_rank(ts_av_diff(cash/assets, 30), subindustry) + group_rank(ts_av_diff(cashflow_op/enterprise_value, 60), subindustry) + group_rank(-ts_delta(close, 2), subindustry) + rank(volume/ts_mean(volume, 60))"
WjPLXObd,w35_n,4.53,2.5,0.9516,9qVEA1ZV,SUBINDUSTRY,"group_rank(fnd6_newqv1300_ivstq/assets, subindustry) + group_rank(fnd6_newqv1300_lol2q/assets, subindustry) + group_rank(fnd6_xrent/assets, subindustry) + group_rank(ts_av_diff(cash/assets, 30), subindustry) + group_rank(-ts_delta(close, 2), subindustry) + rank(volume/ts_mean(volume, 60))"
rK5wnZ6E,w95_f,5.56,3.38,0.9518,e79PvPpE,SUBINDUSTRY,"group_rank(authorized_stock_buyback_amount/assets, subindustry) + group_rank(-annual_intangible_assets_net_carrying_value/assets, subindustry) + group_rank(ts_av_diff(cash/assets, 60), subindustry) + group_rank(ts_av_diff(cashflow_op/enterprise_value, 30), subindustry) + group_rank(-ts_delta(close, 15), subindustry) + rank(volume/ts_mean(volume, 200))"
1YXko7MM,x162_w165_04_SEC,4.32,1.25,0.9531,akbjdK26,SECTOR,"1.5*group_rank(fnd6_pstkl/cap, subindustry) + group_rank(-annual_intangible_assets_net_carrying_value/assets, subindustry) + group_rank(fnd6_xrent/assets, subindustry) + 1.25*group_rank(-ts_rank(returns, 20), subindustry)"
QP3Aom95,w94_f,5.6,2.86,0.9549,e79PvPpE,SUBINDUSTRY,"group_rank(authorized_stock_buyback_amount/assets, subindustry) + group_rank(-annual_intangible_assets_net_carrying_value/assets, subindustry) + 1.0*group_rank(ts_av_diff(cash/assets, 60), subindustry) + 1.0*group_rank(ts_av_diff(cashflow_op/enterprise_value, 30), subindustry) + 1.0*group_rank(-ts_delta(close, 15), subindustry) + 1.0*rank(volume/ts_mean(volume, 200))"
1YxAYVvK,w96_e,5.23,3.18,0.9561,0mR2K6lr,SUBINDUSTRY,"group_rank(authorized_stock_buyback_amount/assets, subindustry) + group_rank(-common_stock_repurchase_payment/assets, subindustry) + group_rank(ts_av_diff(cash/assets, 45), subindustry) + group_rank(ts_av_diff(cashflow_op/enterprise_value, 45), subindustry) + group_rank(-ts_delta(close, 10), subindustry) + rank(volume/ts_mean(volume, 120))"
rK58Rx8E,w77_c,4.26,1.92,0.9565,E5vx6NJP,SUBINDUSTRY,"group_rank(anl4_fs_detail_estimate_1qf_v4_nd_cfi_low/assets, subindustry) + group_rank(ts_av_diff(cash/assets, 45), subindustry) + group_rank(ts_av_diff(cashflow_op/enterprise_value, 60), subindustry) + group_rank(-ts_delta(close, 10), subindustry) + rank(volume/ts_mean(volume, 120))"
le8EKVK8,w56_h,5.47,2.89,0.9565,mLgd6nwX,SUBINDUSTRY,"group_rank(fnd6_xrent/assets, subindustry) + group_rank(ts_av_diff(cash/assets, 45), subindustry) + group_rank(ts_av_diff(cashflow_op/enterprise_value, 45), subindustry) + group_rank(-ts_delta(close, 2), subindustry) + rank(volume/ts_mean(volume, 60))"
ZY0gKrlj,w49_b,4.83,3.08,0.9579,rK59235m,SUBINDUSTRY,"group_rank(ts_av_diff(cash/assets, 45), subindustry) + group_rank(ts_av_diff(cashflow_op/enterprise_value, 90), subindustry) + group_rank(-ts_delta(close, 2), subindustry) + rank(volume/ts_mean(volume, 60))"
blRJQeGm,w51_g,4.67,3.06,0.9581,rK59235m,SUBINDUSTRY,"group_rank(ts_av_diff(cash/assets, 45), subindustry) + group_rank(ts_av_diff(cashflow_op/enterprise_value, 105), subindustry) + group_rank(-ts_delta(close, 2), subindustry) + rank(volume/ts_mean(volume, 60))"
vRkjb0Vd,d2_d0_grev5_xo_vol,4.32,2.4,0.9592,0mRwgR6k,SUBINDUSTRY,"group_rank(-ts_delta(close, 5), subindustry) + group_rank(fnd6_xopr/assets, subindustry) + rank(volume/ts_mean(volume, 60))"
O0N0GE6v,w135_a,4.3,1.49,0.961,kqoq0zed,SUBINDUSTRY,"1.5*group_rank(fnd6_txtubadjust/cap, subindustry) + group_rank(fnd6_newa1v1300_aol2/cap, subindustry) + group_rank(fnd6_newqv1300_dpactq/cap, subindustry) + 0.5*group_rank(ts_av_diff(cash/cap, 45), subindustry) + 0.5*group_rank(ts_av_diff(cashflow_op/cap, 45), subindustry) + 0.75*group_rank(-ts_delta(vwap, 5), subindustry) + 0.75*group_rank(volume/ts_mean(volume, 120), subindustry)"
wpYjPko6,z8_d4_xo_mix,4.79,2.09,0.9613,ZY07MXgd,SUBINDUSTRY,"0.5*group_rank(ts_av_diff(cashflow_op/enterprise_value,60),subindustry) + 0.25*group_rank(ts_av_diff(cash/assets,30),subindustry) + 0.25*group_rank(fnd6_xopr/assets,subindustry)"
58z8poa1,w135_b,4.29,1.35,0.9617,kqoq0zed,INDUSTRY,"1.5*group_rank(fnd6_txtubadjust/cap, subindustry) + group_rank(fnd6_newa1v1300_aol2/cap, subindustry) + group_rank(fnd6_newqv1300_dpactq/cap, subindustry) + 0.5*group_rank(ts_av_diff(cash/cap, 45), subindustry) + 0.5*group_rank(ts_av_diff(cashflow_op/cap, 45), subindustry) + 0.75*group_rank(-ts_delta(vwap, 5), subindustry) + 0.75*group_rank(volume/ts_mean(volume, 120), subindustry)"
d5OvWMlx,w77_d,4.28,1.9,0.962,E5vx6NJP,SUBINDUSTRY,"group_rank(anl4_fs_detail_estimate_1qf_v4_nd_cfi_low/assets, subindustry) + group_rank(ts_av_diff(cash/assets, 45), industry) + group_rank(ts_av_diff(cashflow_op/enterprise_value, 45), subindustry) + group_rank(-ts_delta(close, 10), subindustry) + rank(volume/ts_mean(volume, 120))"
om6NxxKb,j09_interact,4.31,1.39,0.9625,XgWnklXa,SUBINDUSTRY,"rank(-ts_delta(close, 2)) * rank(volume/ts_mean(volume, 60)) + group_rank(fnd6_xrent/assets, subindustry)"
YP5789eR,u8_dec20,4.65,2.3,0.9627,0mRwgR6k,SUBINDUSTRY,"group_rank(-ts_delta(close, 2), subindustry) + group_rank(fnd6_xopr/assets, subindustry) + rank(volume/ts_mean(volume, 60))"
akL7QMQ1,w4_s8_t005,4.65,2.3,0.9628,0mRwgR6k,SUBINDUSTRY,"group_rank(-ts_delta(close, 2), subindustry) + group_rank(fnd6_xopr/assets, subindustry) + rank(volume/ts_mean(volume, 60))"
P0ZKMapL,w76_b,4.32,1.94,0.9632,E5vx6NJP,SUBINDUSTRY,"group_rank(anl4_fs_detail_estimate_1qf_v4_nd_cfi_low/assets, subindustry) + group_rank(ts_av_diff(cash/assets, 45), subindustry) + group_rank(ts_av_diff(cashflow_op/enterprise_value, 45), subindustry) + group_rank(-ts_delta(close, 10), subindustry) + rank(volume/ts_mean(volume, 120))"
akbjdMpv,x170_P4_accr_sales,4.01,1.54,0.9633,58znv2Y1,SECTOR,"1.5*group_rank(fnd6_newa1v1300_aol2/cap, subindustry) + group_rank(ts_av_diff(cash/assets, 45), subindustry) + group_rank(fn_accrued_liab_curr_a/sales, subindustry) + 1.5*group_rank(-ts_rank(returns, 10), subindustry)"
d5b59n6K,w158_02,6.71,2.0,0.9639,pwRwWoJ3,SUBINDUSTRY,"1.5*group_rank(ts_av_diff(cashflow_op/enterprise_value,45), subindustry) + group_rank(fn_accrued_liab_curr_a/assets, subindustry) + group_rank(fnd6_xrent/assets, subindustry) + group_rank(-ts_rank(returns, 20), subindustry) + group_rank(-ts_mean(abs(returns)/volume, 20), subindustry)"
O0r3epMg,w122_k,5.02,2.7,0.967,akLp3pzW,SUBINDUSTRY,"group_rank(fnd6_cicurr/assets, bucket(rank(ts_mean(volume*close, 20)), range=""0.1, 1, 0.1"")) + group_rank(fnd6_intc/assets, bucket(rank(ts_mean(volume*close, 20)), range=""0.1, 1, 0.1"")) + group_rank(ts_av_diff(cash/assets, 45), bucket(rank(ts_mean(volume*close, 20)), range=""0.1, 1, 0.1"")) + group_rank(ts_av_diff(cashflow_op/enterprise_value, 45), bucket(rank(ts_mean(volume*close, 20)), range=""0.1, 1, 0.1"")) + group_rank(-ts_delta(close, 2), bucket(rank(ts_mean(volume*close, 20)), range=""0.1, 1, 0.1"")) + group_rank(volume/ts_mean(volume, 60), bucket(rank(ts_mean(volume*close, 20)), range=""0.1, 1, 0.1""))"
d5OM5QdJ,w118_i,4.15,1.48,0.968,kqVp6wnO,SUBINDUSTRY,"group_rank(fnd6_tstkc/assets, bucket(rank(ts_rank(cap, 250)), range=""0.1, 1, 0.1"")) + group_rank(fnd6_lifr/assets, bucket(rank(ts_rank(cap, 250)), range=""0.1, 1, 0.1"")) + group_rank(fnd6_intc/assets, bucket(rank(ts_rank(cap, 250)), range=""0.1, 1, 0.1"")) + group_rank(ts_av_diff(cash/assets, 45), bucket(rank(ts_rank(cap, 250)), range=""0.1, 1, 0.1"")) + group_rank(ts_av_diff(cashflow_op/enterprise_value, 45), bucket(rank(ts_rank(cap, 250)), range=""0.1, 1, 0.1"")) + group_rank(-ts_delta(close, 2), bucket(rank(ts_rank(cap, 250)), range=""0.1, 1, 0.1""))"
A10l5PKQ,d4_d1_grev_xo_vol120,4.25,1.87,0.9684,0mRwgR6k,SUBINDUSTRY,"group_rank(-ts_delta(close, 2), subindustry) + group_rank(fnd6_xopr/assets, subindustry) + rank(volume/ts_mean(volume, 120))"
QPbZ5pZW,x162_w165_00_SEC,4.16,1.55,0.9695,58znv2Y1,SECTOR,"1.5*group_rank(fnd6_newa1v1300_aol2/cap, subindustry) + group_rank(ts_av_diff(cash/assets,45), subindustry) + group_rank(fn_accrued_liab_curr_a/assets, subindustry) + 1.5*group_rank(-ts_rank(returns, 5), subindustry)"
e79PWqMg,w94_h,5.33,2.16,0.9696,e79PvPpE,SUBINDUSTRY,"group_rank(authorized_stock_buyback_amount/assets, subindustry) + group_rank(-annual_intangible_assets_net_carrying_value/assets, subindustry) + group_rank(-actual_return_on_pension_plan_assets/assets, subindustry) + group_rank(ts_av_diff(cash/assets, 45), subindustry) + group_rank(ts_av_diff(cashflow_op/enterprise_value, 45), subindustry) + group_rank(-ts_delta(close, 10), subindustry) + rank(volume/ts_mean(volume, 120))"
LL9YRO2e,w103_g,5.32,3.66,0.97,0mR2K6lr,SUBINDUSTRY,"group_rank(authorized_stock_buyback_amount/assets, subindustry) + group_rank(-annual_intangible_assets_net_carrying_value/assets, subindustry) + group_rank(ts_delta(scl12_sentiment, 22), subindustry) + group_rank(ts_av_diff(cash/assets, 45), subindustry) + group_rank(ts_av_diff(cashflow_op/enterprise_value, 45), subindustry) + group_rank(-ts_delta(close, 10), subindustry) + rank(volume/ts_mean(volume, 120))"
N1a18988,w161_04,4.56,2.12,0.9717,omL8Mazn,SUBINDUSTRY,"1.5*group_rank(fnd6_newqv1300_dpactq/cap, subindustry) + group_rank(ts_av_diff(cash/assets,45), subindustry) + group_rank(-ts_rank(returns, 20), subindustry) + group_rank(-ts_mean(abs(returns)/volume, 20), subindustry)"
blRxJWpR,w37_k,4.86,1.86,0.9718,LL98E87L,SUBINDUSTRY,"group_rank(fnd6_newqv1300_ivstq/assets, subindustry) + group_rank(fnd6_xrent/assets, subindustry) + group_rank(ts_av_diff(cash/assets, 30), subindustry) + group_rank(-ts_delta(close, 2), subindustry) + rank(volume/ts_mean(volume, 60))"
qMWJnAQK,w102_e,5.39,3.35,0.9718,0mR2K6lr,INDUSTRY,"group_rank(authorized_stock_buyback_amount/assets, subindustry) + group_rank(-annual_intangible_assets_net_carrying_value/assets, subindustry) + group_rank(-news_open_gap/close, subindustry) + group_rank(ts_av_diff(cash/assets, 45), subindustry) + group_rank(ts_av_diff(cashflow_op/enterprise_value, 45), subindustry) + group_rank(-ts_delta(close, 10), subindustry) + rank(volume/ts_mean(volume, 120))"
akbjOzwv,x170_P1_a1_turndist,4.28,1.52,0.9721,58znv2Y1,SECTOR,"1.5*group_rank(fnd6_newa1v1300_aol2/cap, subindustry) + group_rank(ts_av_diff(cash/assets, 45), subindustry) + group_rank(fn_accrued_liab_curr_a/assets, subindustry) + 1.5*group_rank(-ts_rank(returns, 10), subindustry) + 0.75*group_rank(-ts_rank(volume/ts_mean(volume, 120), 20), subindustry)"
j23KlL3o,w100_j,5.03,2.7,0.9725,e79PvPpE,SUBINDUSTRY,"trade_when(returns < 0, group_rank(authorized_stock_buyback_amount/assets, subindustry) + group_rank(-annual_intangible_assets_net_carrying_value/assets, subindustry) + group_rank(ts_av_diff(cash/assets, 45), subindustry) + group_rank(ts_av_diff(cashflow_op/enterprise_value, 45), subindustry) + group_rank(-ts_delta(close, 10), subindustry) + rank(volume/ts_mean(volume, 120)), -1)"
KPO1elgN,w122_c,4.63,2.03,0.9725,akLp3pzW,SUBINDUSTRY,"group_rank(fnd6_cicurr/assets, bucket(rank(ts_mean(volume*close, 20)), range=""0.1, 1, 0.1"")) + group_rank(fnd6_intc/assets, bucket(rank(ts_mean(volume*close, 20)), range=""0.1, 1, 0.1"")) + 0.25*group_rank(ts_av_diff(cash/assets, 45), bucket(rank(ts_mean(volume*close, 20)), range=""0.1, 1, 0.1"")) + 0.25*group_rank(ts_av_diff(cashflow_op/enterprise_value, 45), bucket(rank(ts_mean(volume*close, 20)), range=""0.1, 1, 0.1"")) + 0.25*group_rank(-ts_delta(close, 2), bucket(rank(ts_mean(volume*close, 20)), range=""0.1, 1, 0.1"")) + 0.25*group_rank(volume/ts_mean(volume, 60), bucket(rank(ts_mean(volume*close, 20)), range=""0.1, 1, 0.1""))"
QP3OGAG5,w51_e,5.24,2.77,0.9727,rK59235m,SUBINDUSTRY,"group_rank(ts_av_diff(cash/assets, 35), subindustry) + group_rank(ts_av_diff(cashflow_op/enterprise_value, 60), subindustry) + group_rank(-ts_delta(close, 2), subindustry) + rank(volume/ts_mean(volume, 60))"
E5vNRQpR,w57_a,5.4,3.0,0.9737,mLgd6nwX,SUBINDUSTRY,"group_rank(fnd6_xrent/assets, subindustry) + group_rank(ts_av_diff(cash/assets, 45), subindustry) + group_rank(ts_av_diff(cashflow_op/enterprise_value, 45), subindustry) + group_rank(-ts_delta(close, 2), subindustry) + rank(volume/ts_mean(volume, 60))"
npKmPQO3,w57_d,5.4,3.0,0.9737,mLgd6nwX,SUBINDUSTRY,"group_rank(fnd6_xrent/assets, subindustry) + group_rank(ts_av_diff(cash/assets, 45), subindustry) + group_rank(ts_av_diff(cashflow_op/enterprise_value, 45), subindustry) + group_rank(-ts_delta(close, 2), subindustry) + rank(volume/ts_mean(volume, 60))"
58z8eK91,w161_02,5.13,1.62,0.9741,npdpEJ3l,SUBINDUSTRY,"1.5*group_rank(ts_av_diff(cash/assets,45), subindustry) + group_rank(-annual_intangible_assets_net_carrying_value/assets, subindustry) + 0.75*group_rank(volume/ts_mean(volume, 90), subindustry) + 0.75*group_rank(-ts_rank(returns, 20), subindustry) + 0.75*group_rank(-ts_mean(abs(returns)/volume, 20), subindustry)"
e79Z8AkN,w100_h,5.37,3.05,0.9761,e79PvPpE,SUBINDUSTRY,"trade_when(rank(abs(returns)) < 0.8, group_rank(authorized_stock_buyback_amount/assets, subindustry) + group_rank(-annual_intangible_assets_net_carrying_value/assets, subindustry) + group_rank(ts_av_diff(cash/assets, 45), subindustry) + group_rank(ts_av_diff(cashflow_op/enterprise_value, 45), subindustry) + group_rank(-ts_delta(close, 10), subindustry) + rank(volume/ts_mean(volume, 120)), -1)"
d5O6PPXK,w95_d,5.43,2.89,0.9763,e79PvPpE,INDUSTRY,"group_rank(authorized_stock_buyback_amount/assets, subindustry) + group_rank(-annual_intangible_assets_net_carrying_value/assets, subindustry) + group_rank(ts_av_diff(cash/assets, 45), subindustry) + group_rank(ts_av_diff(cashflow_op/enterprise_value, 45), subindustry) + group_rank(-ts_delta(close, 10), subindustry) + rank(volume/ts_mean(volume, 120))"
0mR2mjNp,w96_j,5.36,3.19,0.9779,0mR2K6lr,INDUSTRY,"group_rank(authorized_stock_buyback_amount/assets, subindustry) + group_rank(-annual_intangible_assets_net_carrying_value/assets, subindustry) + group_rank(ts_av_diff(cash/assets, 45), subindustry) + group_rank(ts_av_diff(cashflow_op/enterprise_value, 45), subindustry) + group_rank(-ts_delta(close, 10), subindustry) + rank(volume/ts_mean(volume, 120))"
XgbgNwna,w158_01,6.82,2.07,0.9779,pwRwWoJ3,SUBINDUSTRY,"1.5*group_rank(ts_av_diff(cashflow_op/enterprise_value,45), subindustry) + group_rank(fn_accrued_liab_curr_a/assets, subindustry) + group_rank(fnd6_xrent/assets, subindustry) + 1.25*group_rank(-ts_rank(returns, 20), subindustry) + 1.25*group_rank(-ts_mean(abs(returns)/volume, 20), subindustry)"
N1Qe50Mp,w36_a,4.51,1.98,0.9782,9qVEA1ZV,SUBINDUSTRY,"group_rank(fnd6_newqv1300_ivstq/assets, subindustry) + group_rank(fnd6_newqv1300_lol2q/assets, subindustry) + group_rank(fnd6_xrent/assets, subindustry) + group_rank(ts_av_diff(cash/assets, 30), subindustry) + group_rank(-ts_delta(close, 2), subindustry) + rank(volume/ts_mean(volume, 60))"
omLm608J,w150_e,4.15,1.42,0.9784,kqoq0zed,SUBINDUSTRY,"1.5*group_rank(fnd6_txtubadjust/cap, subindustry) + group_rank(fnd6_newa1v1300_aol2/cap, subindustry) + group_rank(fnd6_newqv1300_dpactq/cap, subindustry) + group_rank(fnd6_pstkl/cap, subindustry) + 1.25*group_rank(-ts_delta(vwap, 5), subindustry) + 1.25*group_rank(volume/ts_mean(volume, 120), subindustry)"
QP3pZlqr,w97_d,5.4,3.52,0.9798,0mR2K6lr,SUBINDUSTRY,"group_rank(authorized_stock_buyback_amount/assets, market) + group_rank(-annual_intangible_assets_net_carrying_value/assets, sector) + group_rank(ts_av_diff(cash/assets, 45), industry) + group_rank(ts_av_diff(cashflow_op/enterprise_value, 45), sector) + group_rank(-ts_delta(close, 10), market) + rank(volume/ts_mean(volume, 120))"
j2375g8Z,w121_h,4.08,1.82,0.9798,kqVp6wnO,SUBINDUSTRY,"group_rank(fnd6_tstkc/assets, bucket(rank(ts_rank(cap, 250)), range=""0.1, 1, 0.1"")) + group_rank(fnd6_cicurr/assets, bucket(rank(ts_rank(cap, 250)), range=""0.1, 1, 0.1"")) + group_rank(fnd6_intc/assets, bucket(rank(ts_rank(cap, 250)), range=""0.1, 1, 0.1"")) + group_rank(ts_av_diff(cash/assets, 45), bucket(rank(ts_rank(cap, 250)), range=""0.1, 1, 0.1"")) + group_rank(ts_av_diff(cashflow_op/enterprise_value, 45), bucket(rank(ts_rank(cap, 250)), range=""0.1, 1, 0.1"")) + group_rank(-ts_delta(close, 2), bucket(rank(ts_rank(cap, 250)), range=""0.1, 1, 0.1"")) + group_rank(if_else(rank(ts_regression(rank(returns), rank(vec_avg(anl4_basicdetailrec_ratingvalue)), 120, lag=0, rettype=0))>0.6, -ts_av_diff(vec_avg(anl4_basicdetailrec_ratingvalue), 120), 0), bucket(rank(ts_rank(cap, 250)), range=""0.1, 1, 0.1""))"
xAYE3mjg,w88_f,4.11,1.38,0.98,6Xr2eQaJ,SUBINDUSTRY,"group_rank(authorized_stock_repurchase_amount/assets, subindustry) + group_rank(-annual_intangible_assets_net_carrying_value/assets, subindustry) + 0.5*group_rank(-ts_delta(close, 10), subindustry) + 0.5*rank(volume/ts_mean(volume, 120))"
vRrRYmxa,w158_03,6.71,2.1,0.9801,pwRwWoJ3,SUBINDUSTRY,"1.5*group_rank(ts_av_diff(cashflow_op/enterprise_value,45), subindustry) + group_rank(fn_accrued_liab_curr_a/assets, subindustry) + group_rank(fnd6_xrent/assets, subindustry) + 1.5*group_rank(-ts_rank(returns, 20), subindustry) + 1.5*group_rank(-ts_mean(abs(returns)/volume, 20), subindustry)"
P0ZxGdYK,w50_d,5.15,2.9,0.9815,rK59235m,SUBINDUSTRY,"group_rank(ts_av_diff(cash/assets, 45), subindustry) + group_rank(ts_av_diff(cashflow_op/enterprise_value, 60), subindustry) + group_rank(-ts_delta(close, 2), subindustry) + rank(volume/ts_mean(volume, 60))"
xAYVNz8N,w50_g,5.06,3.0,0.9817,rK59235m,SUBINDUSTRY,"group_rank(ts_av_diff(cash/assets, 45), subindustry) + group_rank(ts_av_diff(cashflow_op/enterprise_value, 75), subindustry) + group_rank(-ts_delta(close, 2), subindustry) + rank(volume/ts_mean(volume, 60))"
9qjZwJWr,x170_P6_b0_overnite,4.08,1.29,0.9819,akbjdK26,MARKET,"1.5*group_rank(fnd6_pstkl/cap, subindustry) + group_rank(-annual_intangible_assets_net_carrying_value/assets, subindustry) + group_rank(fnd6_xrent/assets, subindustry) + 1.25*group_rank(-ts_rank(returns, 20), subindustry) + 0.75*group_rank(-ts_rank(open/ts_delay(close, 1) - 1, 20), subindustry)"
2rOleE3x,a2_o4_d40,4.09,1.96,0.9822,0mRwgR6k,SUBINDUSTRY,"group_rank(fnd6_xopr/assets, subindustry) + rank(-ts_delta(vwap, 2)) + rank(volume/ts_mean(volume, 90))"
3q9lk3vP,w3_s8_d25,4.52,2.29,0.9824,0mRwgR6k,SUBINDUSTRY,"group_rank(-ts_delta(close, 2), subindustry) + group_rank(fnd6_xopr/assets, subindustry) + rank(volume/ts_mean(volume, 60))"
mLgWpLQx,w97_j,5.56,3.23,0.9827,0mR2K6lr,SUBINDUSTRY,"group_rank(ts_delta(authorized_stock_buyback_amount/assets, 66), subindustry) + group_rank(-annual_intangible_assets_net_carrying_value/assets, subindustry) + group_rank(ts_av_diff(cash/assets, 45), subindustry) + group_rank(ts_av_diff(cashflow_op/enterprise_value, 45), subindustry) + group_rank(-ts_delta(close, 10), subindustry) + rank(volume/ts_mean(volume, 120))"
A108qgaY,w100_b,5.47,3.36,0.9837,0mR2K6lr,SUBINDUSTRY,"trade_when(abs(ts_zscore(close, 20)) > 0.5, group_rank(authorized_stock_buyback_amount/assets, subindustry) + group_rank(-annual_intangible_assets_net_carrying_value/assets, subindustry) + group_rank(ts_av_diff(cash/assets, 45), subindustry) + group_rank(ts_av_diff(cashflow_op/enterprise_value, 45), subindustry) + group_rank(-ts_delta(close, 10), subindustry) + rank(volume/ts_mean(volume, 120)), -1)"
qMxM5j1A,w158_04,6.74,2.15,0.9839,pwRwWoJ3,SUBINDUSTRY,"1.5*group_rank(ts_av_diff(cashflow_op/enterprise_value,45), subindustry) + group_rank(-annual_intangible_assets_net_carrying_value/assets, subindustry) + group_rank(fnd6_xrent/assets, subindustry) + 1.25*group_rank(-ts_rank(returns, 20), subindustry) + 1.25*group_rank(-ts_mean(abs(returns)/volume, 20), subindustry)"
58Qrp1q5,w51_f,4.97,3.09,0.984,rK59235m,SUBINDUSTRY,"group_rank(ts_av_diff(cash/assets, 55), subindustry) + group_rank(ts_av_diff(cashflow_op/enterprise_value, 60), subindustry) + group_rank(-ts_delta(close, 2), subindustry) + rank(volume/ts_mean(volume, 60))"
0mRxpoEK,w50_e,5.19,2.79,0.9844,rK59235m,SUBINDUSTRY,"group_rank(ts_av_diff(cash/assets, 40), subindustry) + group_rank(ts_av_diff(cashflow_op/enterprise_value, 60), subindustry) + group_rank(-ts_delta(close, 2), subindustry) + rank(volume/ts_mean(volume, 60))"
KPOMXQWE,w102_b,5.55,3.75,0.9845,0mR2K6lr,SUBINDUSTRY,"group_rank(authorized_stock_buyback_amount/assets, subindustry) + group_rank(-annual_intangible_assets_net_carrying_value/assets, subindustry) + group_rank(-news_open_gap/close, subindustry) + group_rank(dividend/(sharesout*close), subindustry) + group_rank(ts_av_diff(cash/assets, 45), subindustry) + group_rank(ts_av_diff(cashflow_op/enterprise_value, 45), subindustry) + group_rank(-ts_delta(close, 10), subindustry) + rank(volume/ts_mean(volume, 120))"
P0ZmX82J,w101_e,5.56,3.71,0.9845,0mR2K6lr,SUBINDUSTRY,"group_rank(authorized_stock_buyback_amount/assets, subindustry) + group_rank(-annual_intangible_assets_net_carrying_value/assets, subindustry) + group_rank(-news_open_gap/close, subindustry) + group_rank(ts_av_diff(cash/assets, 45), subindustry) + group_rank(ts_av_diff(cashflow_op/enterprise_value, 45), subindustry) + group_rank(-ts_delta(close, 10), subindustry) + rank(volume/ts_mean(volume, 120))"
58QdLeKM,w102_g,5.56,3.71,0.9845,0mR2K6lr,SUBINDUSTRY,"group_rank(authorized_stock_buyback_amount/assets, subindustry) + group_rank(-annual_intangible_assets_net_carrying_value/assets, subindustry) + group_rank(-news_open_gap/close, subindustry) + group_rank(ts_av_diff(cash/assets, 45), subindustry) + group_rank(ts_av_diff(cashflow_op/enterprise_value, 45), subindustry) + group_rank(-ts_delta(close, 10), subindustry) + rank(volume/ts_mean(volume, 120))"
QP3pnmO5,w102_c,5.56,3.72,0.9846,0mR2K6lr,SUBINDUSTRY,"group_rank(authorized_stock_buyback_amount/assets, subindustry) + group_rank(-annual_intangible_assets_net_carrying_value/assets, subindustry) + group_rank(-news_open_gap/close, subindustry) + group_rank(ts_av_diff(cash/assets, 45), subindustry) + group_rank(ts_av_diff(cashflow_op/enterprise_value, 45), subindustry) + group_rank(-ts_delta(close, 10), subindustry) + rank(volume/ts_mean(volume, 120))"
Vk6ZGw35,w50_f,5.0,2.94,0.9852,rK59235m,SUBINDUSTRY,"group_rank(ts_av_diff(cash/assets, 50), subindustry) + group_rank(ts_av_diff(cashflow_op/enterprise_value, 60), subindustry) + group_rank(-ts_delta(close, 2), subindustry) + rank(volume/ts_mean(volume, 60))"
zq8qYeOR,w150_d,4.05,1.41,0.9855,kqoq0zed,SUBINDUSTRY,"1.5*group_rank(fnd6_txtubadjust/cap, subindustry) + group_rank(fnd6_newa1v1300_aol2/cap, subindustry) + group_rank(fnd6_newqv1300_dpactq/cap, subindustry) + group_rank(fnd6_pstkl/cap, subindustry) + 1.0*group_rank(-ts_delta(vwap, 5), subindustry) + 1.0*group_rank(volume/ts_mean(volume, 120), subindustry)"
LL9EG0bL,w51_h,5.09,2.84,0.9855,rK59235m,SUBINDUSTRY,"group_rank(ts_av_diff(cash/assets, 45), subindustry) + group_rank(ts_av_diff(cashflow_op/enterprise_value, 60), subindustry) + group_rank(-ts_delta(close, 4), subindustry) + rank(volume/ts_mean(volume, 60))"
58QlnjpM,l08_k04_ind,4.28,2.14,0.9862,YP57jVzo,INDUSTRY,"group_rank(fnd6_mfma2_revt/assets, subindustry) + group_rank(-ts_mean(abs(returns)/volume, 20), subindustry) + rank(-ts_delta(close, 2))"
gJQVm9KQ,w102_f,5.53,3.72,0.987,0mR2K6lr,SUBINDUSTRY,"group_rank(authorized_stock_buyback_amount/assets, subindustry) + group_rank(-annual_intangible_assets_net_carrying_value/assets, subindustry) + group_rank(-news_open_gap/close, subindustry) + group_rank(news_short_interest, subindustry) + group_rank(ts_av_diff(cash/assets, 45), subindustry) + group_rank(ts_av_diff(cashflow_op/enterprise_value, 45), subindustry) + group_rank(-ts_delta(close, 10), subindustry) + rank(volume/ts_mean(volume, 120))"
A108gEJw,w102_a,5.53,3.71,0.987,0mR2K6lr,SUBINDUSTRY,"group_rank(authorized_stock_buyback_amount/assets, subindustry) + group_rank(-annual_intangible_assets_net_carrying_value/assets, subindustry) + group_rank(-news_open_gap/close, subindustry) + group_rank(news_short_interest, subindustry) + group_rank(ts_av_diff(cash/assets, 45), subindustry) + group_rank(ts_av_diff(cashflow_op/enterprise_value, 45), subindustry) + group_rank(-ts_delta(close, 10), subindustry) + rank(volume/ts_mean(volume, 120))"
j23759X5,w121_f,4.13,1.53,0.9871,kqVp6wnO,SUBINDUSTRY,"group_rank(fnd6_tstkc/assets, bucket(rank(ts_rank(cap, 250)), range=""0.1, 1, 0.1"")) + group_rank(fnd6_cicurr/assets, bucket(rank(ts_rank(cap, 250)), range=""0.1, 1, 0.1"")) + group_rank(fnd6_intc/assets, bucket(rank(ts_rank(cap, 250)), range=""0.1, 1, 0.1"")) + group_rank(ts_av_diff(cash/assets, 45), bucket(rank(ts_rank(cap, 250)), range=""0.1, 1, 0.1"")) + group_rank(ts_av_diff(cashflow_op/enterprise_value, 45), bucket(rank(ts_rank(cap, 250)), range=""0.1, 1, 0.1"")) + group_rank(-ts_delta(close, 2), bucket(rank(ts_rank(cap, 250)), range=""0.1, 1, 0.1"")) + group_rank(if_else(rank(ts_regression(rank(returns), rank(vec_avg(anl4_eaz2lrec_ratingvalue)), 120, lag=0, rettype=2))>0.6, -ts_av_diff(vec_avg(anl4_eaz2lrec_ratingvalue), 120), 0), bucket(rank(ts_rank(cap, 250)), range=""0.1, 1, 0.1""))"
O0rXnEa1,w102_d,5.52,3.75,0.9871,0mR2K6lr,SUBINDUSTRY,"group_rank(authorized_stock_buyback_amount/assets, subindustry) + group_rank(-annual_intangible_assets_net_carrying_value/assets, subindustry) + group_rank(-news_open_gap/close, subindustry) + group_rank(news_short_interest, subindustry) + group_rank(dividend/(sharesout*close), subindustry) + group_rank(ts_av_diff(cash/assets, 45), subindustry) + group_rank(ts_av_diff(cashflow_op/enterprise_value, 45), subindustry) + group_rank(-ts_delta(close, 10), subindustry) + rank(volume/ts_mean(volume, 120))"
9qjZ9o3q,x162_w165_04_MAR,4.04,1.28,0.9875,akbjdK26,MARKET,"1.5*group_rank(fnd6_pstkl/cap, subindustry) + group_rank(-annual_intangible_assets_net_carrying_value/assets, subindustry) + group_rank(fnd6_xrent/assets, subindustry) + 1.25*group_rank(-ts_rank(returns, 20), subindustry)"
MP1rjMj9,w120_r,4.36,2.08,0.9876,kqVp6wnO,SUBINDUSTRY,"group_rank(fnd6_tstkc/assets, bucket(rank(ts_rank(cap, 250)), range=""0.1, 1, 0.1"")) + group_rank(fnd6_cicurr/assets, bucket(rank(ts_rank(cap, 250)), range=""0.1, 1, 0.1"")) + group_rank(fnd6_intc/assets, bucket(rank(ts_rank(cap, 250)), range=""0.1, 1, 0.1"")) + group_rank(ts_av_diff(cash/assets, 45), bucket(rank(ts_rank(cap, 250)), range=""0.1, 1, 0.1"")) + group_rank(ts_av_diff(cashflow_op/enterprise_value, 45), bucket(rank(ts_rank(cap, 250)), range=""0.1, 1, 0.1"")) + group_rank(-ts_delta(close, 2), bucket(rank(ts_rank(cap, 250)), range=""0.1, 1, 0.1"")) + group_rank(if_else(rank(ts_regression(rank(returns), rank(vec_avg(anl4_basicdetailrec_ratingvalue)), 120, lag=0, rettype=2))>0.6, -ts_av_diff(vec_avg(anl4_basicdetailrec_ratingvalue), 120), 0), bucket(rank(ts_rank(cap, 250)), range=""0.1, 1, 0.1""))"
xAYjommJ,d1_d0_grev_xo_vol,4.55,2.49,0.9877,0mRwgR6k,SUBINDUSTRY,"group_rank(-ts_delta(close, 2), subindustry) + group_rank(fnd6_xopr/assets, subindustry) + rank(volume/ts_mean(volume, 60))"
om6RgVnE,w49_a,5.25,2.92,0.9883,rK59235m,SUBINDUSTRY,"group_rank(ts_av_diff(cash/assets, 45), subindustry) + group_rank(ts_av_diff(cashflow_op/enterprise_value, 60), subindustry) + group_rank(-ts_delta(close, 2), subindustry) + rank(volume/ts_mean(volume, 60))"
1YxwPYoX,y8_rev1_d30,4.36,2.18,0.9883,0mRwgR6k,SUBINDUSTRY,"group_rank(-ts_delta(close, 1), subindustry) + group_rank(fnd6_xopr/assets, subindustry) + rank(volume/ts_mean(volume, 60))"
Jjx9VOze,w121_i,4.25,1.99,0.9883,kqVp6wnO,SUBINDUSTRY,"group_rank(fnd6_tstkc/assets, bucket(rank(ts_rank(cap, 250)), range=""0.1, 1, 0.1"")) + group_rank(fnd6_cicurr/assets, bucket(rank(ts_rank(cap, 250)), range=""0.1, 1, 0.1"")) + group_rank(fnd6_intc/assets, bucket(rank(ts_rank(cap, 250)), range=""0.1, 1, 0.1"")) + group_rank(ts_av_diff(cash/assets, 45), bucket(rank(ts_rank(cap, 250)), range=""0.1, 1, 0.1"")) + group_rank(ts_av_diff(cashflow_op/enterprise_value, 45), bucket(rank(ts_rank(cap, 250)), range=""0.1, 1, 0.1"")) + group_rank(-ts_delta(close, 2), bucket(rank(ts_rank(cap, 250)), range=""0.1, 1, 0.1"")) + group_rank(if_else(rank(ts_regression(rank(returns), rank(vec_avg(anl4_basicdetailrec_ratingvalue)), 120, lag=0, rettype=3))>0.6, -ts_av_diff(vec_avg(anl4_basicdetailrec_ratingvalue), 120), 0), bucket(rank(ts_rank(cap, 250)), range=""0.1, 1, 0.1""))"
2rO9mVR5,w57_e,5.2,3.14,0.9883,mLgd6nwX,SUBINDUSTRY,"group_rank(fnd6_xrent/assets, subindustry) + group_rank(ts_av_diff(cash/assets, 44), subindustry) + group_rank(ts_av_diff(cashflow_op/enterprise_value, 46), subindustry) + group_rank(-ts_delta(close, 2), subindustry) + rank(volume/ts_mean(volume, 60))"
GrbrQbWZ,w158_05,6.65,2.24,0.9888,pwRwWoJ3,SUBINDUSTRY,"1.5*group_rank(ts_av_diff(cashflow_op/enterprise_value,45), subindustry) + group_rank(fn_accrued_liab_curr_a/assets, subindustry) + group_rank(-annual_intangible_assets_net_carrying_value/assets, subindustry) + group_rank(fnd6_xrent/assets, subindustry) + 2.0*group_rank(-ts_rank(returns, 20), subindustry) + 2.0*group_rank(-ts_mean(abs(returns)/volume, 20), subindustry)"
akL8wRoR,w92_a,4.61,2.14,0.9892,6Xr2eQaJ,SUBINDUSTRY,"group_rank(authorized_stock_buyback_amount/assets, subindustry) + group_rank(-annual_intangible_assets_net_carrying_value/assets, subindustry) + 0.5*group_rank(-ts_delta(close, 10), subindustry) + 0.5*rank(volume/ts_mean(volume, 120))"
d5O9z2qx,w39_g,4.45,1.59,0.9898,LL98E87L,SUBINDUSTRY,"group_rank(fnd6_newqv1300_ivstq/assets, subindustry) + group_rank(fnd6_xrent/assets, subindustry) + group_rank(ts_av_diff(cash/assets, 30), subindustry) + group_rank(-ts_delta(close, 4), subindustry) + rank(volume/ts_mean(volume, 60))"
mLgK0NVp,w39_e,4.57,1.41,0.9898,LL98E87L,SUBINDUSTRY,"group_rank(fnd6_newqv1300_ivstq/assets, subindustry) + group_rank(fnd6_xrent/assets, subindustry) + group_rank(ts_av_diff(cash/assets, 30), subindustry) + group_rank(-ts_delta(close, 2), subindustry) + rank(volume/ts_mean(volume, 90))"
O0rR8WGv,w57_b,5.26,3.15,0.99,mLgd6nwX,SUBINDUSTRY,"group_rank(fnd6_xrent/assets, subindustry) + group_rank(ts_av_diff(cash/assets, 45), subindustry) + group_rank(ts_av_diff(cashflow_op/enterprise_value, 45), subindustry) + group_rank(-ts_delta(close, 2), subindustry) + rank(volume/ts_mean(volume, 60))"
vRkZOKWd,w57_g,5.26,3.15,0.99,mLgd6nwX,SUBINDUSTRY,"group_rank(fnd6_xrent/assets, subindustry) + group_rank(ts_av_diff(cash/assets, 45), subindustry) + group_rank(ts_av_diff(cashflow_op/enterprise_value, 45), subindustry) + group_rank(-ts_delta(close, 2), subindustry) + rank(volume/ts_mean(volume, 60))"
akL8gY01,w94_d,5.69,3.29,0.9903,e79PvPpE,SUBINDUSTRY,"group_rank(authorized_stock_buyback_amount/assets, subindustry) + group_rank(-annual_intangible_assets_net_carrying_value/assets, subindustry) + group_rank(ts_av_diff(cash/assets, 45), subindustry) + group_rank(ts_av_diff(cashflow_op/enterprise_value, 45), subindustry) + group_rank(-ts_delta(close, 10), subindustry) + rank(volume/ts_mean(volume, 120))"
kqVMYO86,w95_c,5.69,3.29,0.9903,e79PvPpE,SUBINDUSTRY,"group_rank(authorized_stock_buyback_amount/assets, subindustry) + group_rank(-annual_intangible_assets_net_carrying_value/assets, subindustry) + group_rank(ts_av_diff(cash/assets, 45), subindustry) + group_rank(ts_av_diff(cashflow_op/enterprise_value, 45), subindustry) + group_rank(-ts_delta(close, 10), subindustry) + rank(volume/ts_mean(volume, 120))"
d5O6PMAJ,w95_e,5.67,3.31,0.9903,e79PvPpE,SUBINDUSTRY,"group_rank(authorized_stock_buyback_amount/assets, subindustry) + group_rank(-annual_intangible_assets_net_carrying_value/assets, subindustry) + group_rank(dividend/(sharesout*close), subindustry) + group_rank(ts_av_diff(cash/assets, 45), subindustry) + group_rank(ts_av_diff(cashflow_op/enterprise_value, 45), subindustry) + group_rank(-ts_delta(close, 10), subindustry) + rank(volume/ts_mean(volume, 120))"
Grb1k8P3,x167_A1_swap_ret10,4.47,1.62,0.9903,58znv2Y1,SECTOR,"1.5*group_rank(fnd6_newa1v1300_aol2/cap, subindustry) + group_rank(ts_av_diff(cash/assets, 45), subindustry) + group_rank(fn_accrued_liab_curr_a/assets, subindustry) + 1.5*group_rank(-ts_rank(returns, 10), subindustry)"
JjxoPMKl,w57_h,5.3,3.16,0.9903,mLgd6nwX,SUBINDUSTRY,"group_rank(fnd6_xrent/assets, subindustry) + group_rank(ts_av_diff(cash/assets, 45), subindustry) + group_rank(ts_av_diff(cashflow_op/enterprise_value, 44), subindustry) + group_rank(-ts_delta(close, 2), subindustry) + rank(volume/ts_mean(volume, 60))"
LL9YOo8a,w100_e,5.55,3.52,0.9907,0mR2K6lr,SUBINDUSTRY,"trade_when(abs(ts_delta(close, 5)) > 0.3 * ts_std_dev(close, 20), group_rank(authorized_stock_buyback_amount/assets, subindustry) + group_rank(-annual_intangible_assets_net_carrying_value/assets, subindustry) + group_rank(ts_av_diff(cash/assets, 45), subindustry) + group_rank(ts_av_diff(cashflow_op/enterprise_value, 45), subindustry) + group_rank(-ts_delta(close, 10), subindustry) + rank(volume/ts_mean(volume, 120)), -1)"
rK597g61,w60_g,4.44,3.06,0.9914,le8EMjoN,SUBINDUSTRY,"group_rank(fnd6_newqv1300_ivstq/assets, subindustry) + group_rank(fnd6_xrent/assets, subindustry) + group_rank(ts_av_diff(cashflow_op/enterprise_value, 45), subindustry) + group_rank(-ts_delta(close, 2), subindustry) + rank(volume/ts_mean(volume, 60))"
A1N1e5pd,w159_07,5.43,1.49,0.9915,O0N0R5NY,SUBINDUSTRY,"1.5*group_rank(ts_av_diff(assets_curr/assets,30), subindustry) + group_rank(fn_accrued_liab_curr_a/assets, subindustry) + group_rank(fnd6_xrent/assets, subindustry) + 1.5*group_rank(volume/ts_mean(volume, 120), subindustry) + 1.5*group_rank(-ts_rank(returns, 20), subindustry)"
qMW5YOWE,w39_d,4.21,1.65,0.9916,LL98E87L,SUBINDUSTRY,"group_rank(fnd6_newqv1300_ivstq/assets, subindustry) + group_rank(fnd6_xrent/assets, subindustry) + group_rank(ts_av_diff(cash/assets, 30), subindustry) + group_rank(-ts_delta(close, 2), subindustry) + rank(volume/ts_mean(volume, 40))"
883wqwVX,w122_b,4.87,2.24,0.9917,akLp3pzW,SUBINDUSTRY,"group_rank(fnd6_cicurr/assets, bucket(rank(ts_mean(volume*close, 20)), range=""0.1, 1, 0.1"")) + group_rank(fnd6_intc/assets, bucket(rank(ts_mean(volume*close, 20)), range=""0.1, 1, 0.1"")) + 0.35*group_rank(ts_av_diff(cash/assets, 45), bucket(rank(ts_mean(volume*close, 20)), range=""0.1, 1, 0.1"")) + 0.35*group_rank(ts_av_diff(cashflow_op/enterprise_value, 45), bucket(rank(ts_mean(volume*close, 20)), range=""0.1, 1, 0.1"")) + 0.35*group_rank(-ts_delta(close, 2), bucket(rank(ts_mean(volume*close, 20)), range=""0.1, 1, 0.1"")) + 0.35*group_rank(volume/ts_mean(volume, 60), bucket(rank(ts_mean(volume*close, 20)), range=""0.1, 1, 0.1""))"
zqYL9ZJd,w82_d,4.32,1.85,0.9926,E5vx6NJP,SUBINDUSTRY,"group_rank(anl4_fs_detail_estimate_1qf_v4_nd_cfi_low/assets, subindustry) + group_rank(anl4_fs_detail_estimate_1qf_v4_nd_sga_median/assets, bucket(rank(volume), range=""0,1,0.33"")) + group_rank(ts_av_diff(cash/assets, 45), subindustry) + group_rank(ts_av_diff(cashflow_op/enterprise_value, 45), subindustry) + group_rank(-ts_delta(close, 10), subindustry) + rank(volume/ts_mean(volume, 120))"
xAYjOgRW,l02_revt_amb_rev3,4.08,1.89,0.9929,YP57jVzo,SUBINDUSTRY,"group_rank(fnd6_mfma2_revt/assets, subindustry) + group_rank(-ts_mean(abs(returns)/volume, 20), subindustry) + rank(-ts_delta(close, 3))"
Jjx7z0w2,x7_s8_d30,4.45,2.32,0.9934,0mRwgR6k,SUBINDUSTRY,"group_rank(-ts_delta(close, 2), subindustry) + group_rank(fnd6_xopr/assets, subindustry) + rank(volume/ts_mean(volume, 60))"
E5vlzNPJ,y4_t006,4.46,2.32,0.9934,0mRwgR6k,SUBINDUSTRY,"group_rank(-ts_delta(close, 2), subindustry) + group_rank(fnd6_xopr/assets, subindustry) + rank(volume/ts_mean(volume, 60))"
6Xrl0ZlL,y3_t010,4.46,2.32,0.9934,0mRwgR6k,SUBINDUSTRY,"group_rank(-ts_delta(close, 2), subindustry) + group_rank(fnd6_xopr/assets, subindustry) + rank(volume/ts_mean(volume, 60))"
Grdl1PeQ,l01_revt_amb60,4.03,2.27,0.9937,YP57jVzo,SUBINDUSTRY,"group_rank(fnd6_mfma2_revt/assets, subindustry) + group_rank(-ts_mean(abs(returns)/volume, 60), subindustry) + rank(-ts_delta(close, 2))"
ZY0gKO9j,w50_a,5.29,2.98,0.9939,rK59235m,SUBINDUSTRY,"group_rank(ts_av_diff(cash/assets, 45), subindustry) + group_rank(ts_av_diff(cashflow_op/enterprise_value, 60), subindustry) + group_rank(-ts_delta(close, 2), subindustry) + rank(volume/ts_mean(volume, 60))"
j23o69dk,w50_h,5.29,2.98,0.9939,rK59235m,SUBINDUSTRY,"group_rank(ts_av_diff(cash/assets, 45), subindustry) + group_rank(ts_av_diff(cashflow_op/enterprise_value, 60), subindustry) + group_rank(-ts_delta(close, 2), subindustry) + rank(volume/ts_mean(volume, 60))"
xAYoEXvm,w94_e,5.89,2.53,0.9944,e79PvPpE,SUBINDUSTRY,"group_rank(authorized_stock_buyback_amount/assets, subindustry) + group_rank(-annual_intangible_assets_net_carrying_value/assets, subindustry) + group_rank(ts_av_diff(cash/assets, 45), subindustry) + group_rank(ts_av_diff(cashflow_op/enterprise_value, 45), subindustry) + group_rank(-ts_delta(close, 10), subindustry) + rank(volume/ts_mean(volume, 120))"
xAYl2K6b,w38_e,4.67,1.77,0.9944,LL98E87L,SUBINDUSTRY,"group_rank(fnd6_newqv1300_ivstq/assets, subindustry) + group_rank(fnd6_xrent/assets, subindustry) + group_rank(ts_av_diff(cash/assets, 30), subindustry) + group_rank(-ts_delta(close, 2), subindustry) + rank(volume/ts_mean(volume, 60))"
xAYpO9qn,w97_c,5.6,3.54,0.9945,0mR2K6lr,SUBINDUSTRY,"quantile(group_rank(authorized_stock_buyback_amount/assets, subindustry) + group_rank(-annual_intangible_assets_net_carrying_value/assets, subindustry) + group_rank(ts_av_diff(cash/assets, 45), subindustry) + group_rank(ts_av_diff(cashflow_op/enterprise_value, 45), subindustry) + group_rank(-ts_delta(close, 10), subindustry) + rank(volume/ts_mean(volume, 120)), driver=""gaussian"")"
P0Z7Kj0x,a1_o3_d40,4.17,2.29,0.9947,0mRwgR6k,SUBINDUSTRY,"group_rank(fnd6_xopr/assets, subindustry) + rank(-ts_delta(vwap, 3)) + rank(volume/ts_mean(volume, 60))"
wpY9V9vY,w34_o,5.12,2.1,0.9947,O0rZ90n1,SUBINDUSTRY,"group_rank(fnd6_xrent/assets, subindustry) + group_rank(ts_av_diff(cash/assets, 30), subindustry) + group_rank(-ts_delta(close, 2), subindustry) + rank(volume/ts_mean(volume, 60))"
A108RmPW,w96_b,5.59,3.66,0.9952,0mR2K6lr,SUBINDUSTRY,"group_rank(authorized_stock_buyback_amount/assets, subindustry) + group_rank(-annual_intangible_assets_net_carrying_value/assets, subindustry) + group_rank(dividend/(sharesout*close), subindustry) + group_rank(ts_av_diff(cash/assets, 45), subindustry) + group_rank(ts_av_diff(cashflow_op/enterprise_value, 45), subindustry) + group_rank(-ts_delta(close, 10), subindustry) + rank(volume/ts_mean(volume, 120))"
A1N1e7YW,w159_03,5.45,1.38,0.9954,O0N0R5NY,SUBINDUSTRY,"1.5*group_rank(ts_av_diff(assets_curr/assets,30), subindustry) + group_rank(fn_accrued_liab_curr_a/assets, subindustry) + group_rank(fnd6_xrent/assets, subindustry) + 1.25*group_rank(volume/ts_mean(volume, 120), subindustry) + 1.25*group_rank(-ts_rank(returns, 20), subindustry)"
vRkXww9G,w97_b,5.61,3.62,0.9955,0mR2K6lr,SUBINDUSTRY,"group_neutralize(group_rank(authorized_stock_buyback_amount/assets, subindustry) + group_rank(-annual_intangible_assets_net_carrying_value/assets, subindustry) + group_rank(ts_av_diff(cash/assets, 45), subindustry) + group_rank(ts_av_diff(cashflow_op/enterprise_value, 45), subindustry) + group_rank(-ts_delta(close, 10), subindustry) + rank(volume/ts_mean(volume, 120)), subindustry)"
E5vPOze9,w97_g,5.61,3.62,0.9955,0mR2K6lr,SUBINDUSTRY,"normalize(scale(group_rank(authorized_stock_buyback_amount/assets, subindustry) + group_rank(-annual_intangible_assets_net_carrying_value/assets, subindustry) + group_rank(ts_av_diff(cash/assets, 45), subindustry) + group_rank(ts_av_diff(cashflow_op/enterprise_value, 45), subindustry) + group_rank(-ts_delta(close, 10), subindustry) + rank(volume/ts_mean(volume, 120))))"
E5vM2QN1,w95_a,5.61,3.62,0.9955,0mR2K6lr,SUBINDUSTRY,"group_rank(authorized_stock_buyback_amount/assets, subindustry) + group_rank(-annual_intangible_assets_net_carrying_value/assets, subindustry) + group_rank(ts_av_diff(cash/assets, 45), subindustry) + group_rank(ts_av_diff(cashflow_op/enterprise_value, 45), subindustry) + group_rank(-ts_delta(close, 10), subindustry) + rank(volume/ts_mean(volume, 120))"
blR1lQEN,w96_i,5.61,3.62,0.9955,0mR2K6lr,SUBINDUSTRY,"group_rank(authorized_stock_buyback_amount/assets, subindustry) + group_rank(-annual_intangible_assets_net_carrying_value/assets, subindustry) + group_rank(ts_av_diff(cash/assets, 45), subindustry) + group_rank(ts_av_diff(cashflow_op/enterprise_value, 45), subindustry) + group_rank(-ts_delta(close, 10), subindustry) + rank(volume/ts_mean(volume, 120))"
6XrLnJq5,w96_a,5.61,3.63,0.9955,0mR2K6lr,SUBINDUSTRY,"group_rank(authorized_stock_buyback_amount/assets, subindustry) + group_rank(-annual_intangible_assets_net_carrying_value/assets, subindustry) + group_rank(ts_av_diff(cash/assets, 45), subindustry) + group_rank(ts_av_diff(cashflow_op/enterprise_value, 45), subindustry) + group_rank(-ts_delta(close, 10), subindustry) + rank(volume/ts_mean(volume, 120))"
58QGA2QJ,w39_f,4.5,1.64,0.9958,LL98E87L,SUBINDUSTRY,"group_rank(fnd6_newqv1300_ivstq/assets, subindustry) + group_rank(fnd6_xrent/assets, subindustry) + group_rank(ts_av_diff(cash/assets, 30), subindustry) + group_rank(-ts_delta(close, 3), subindustry) + rank(volume/ts_mean(volume, 60))"
E5p5NGzr,w159_02,5.46,1.36,0.9959,O0N0R5NY,SUBINDUSTRY,"1.5*group_rank(ts_av_diff(assets_curr/assets,30), subindustry) + group_rank(fn_accrued_liab_curr_a/assets, subindustry) + group_rank(fnd6_xrent/assets, subindustry) + group_rank(volume/ts_mean(volume, 90), subindustry) + group_rank(-ts_rank(returns, 20), subindustry)"
3q9NME20,w121_g,4.43,1.99,0.9968,kqVp6wnO,SUBINDUSTRY,"group_rank(fnd6_tstkc/assets, bucket(rank(ts_rank(cap, 250)), range=""0.1, 1, 0.1"")) + group_rank(fnd6_cicurr/assets, bucket(rank(ts_rank(cap, 250)), range=""0.1, 1, 0.1"")) + group_rank(fnd6_intc/assets, bucket(rank(ts_rank(cap, 250)), range=""0.1, 1, 0.1"")) + group_rank(ts_av_diff(cash/assets, 45), bucket(rank(ts_rank(cap, 250)), range=""0.1, 1, 0.1"")) + group_rank(ts_av_diff(cashflow_op/enterprise_value, 45), bucket(rank(ts_rank(cap, 250)), range=""0.1, 1, 0.1"")) + group_rank(-ts_delta(close, 2), bucket(rank(ts_rank(cap, 250)), range=""0.1, 1, 0.1"")) + 0.5*group_rank(if_else(rank(ts_regression(rank(returns), rank(vec_avg(anl4_basicdetailrec_ratingvalue)), 120, lag=0, rettype=2))>0.6, -ts_av_diff(vec_avg(anl4_basicdetailrec_ratingvalue), 120), 0), bucket(rank(ts_rank(cap, 250)), range=""0.1, 1, 0.1""))"
RRVv7mXj,w86_h,4.08,1.57,0.9971,6Xr2eQaJ,SUBINDUSTRY,"group_rank(authorized_stock_buyback_amount/assets, subindustry) + group_rank(-annual_intangible_assets_net_carrying_value/assets, subindustry) + 0.5*group_rank(-ts_delta(close, 10), subindustry) + 0.5*rank(volume/ts_mean(volume, 120))"
WjPRxY7x,w95_b,5.8,2.97,0.9978,e79PvPpE,SUBINDUSTRY,"group_rank(authorized_stock_buyback_amount/assets, subindustry) + group_rank(-annual_intangible_assets_net_carrying_value/assets, subindustry) + group_rank(ts_av_diff(cash/assets, 45), subindustry) + group_rank(ts_av_diff(cashflow_op/enterprise_value, 45), subindustry) + group_rank(-ts_delta(close, 10), subindustry) + rank(volume/ts_mean(volume, 120))"
A10e7Zag,w48_i,4.19,2.49,0.9978,e791WzbO,SUBINDUSTRY,"group_rank(fnd6_newqv1300_cimiiq/assets, subindustry) + group_rank(ts_av_diff(cash/assets, 30), subindustry) + group_rank(ts_av_diff(cashflow_op/enterprise_value, 60), subindustry) + group_rank(-ts_delta(close, 2), subindustry) + rank(volume/ts_mean(volume, 60))"
vRkj6JqA,z1_cfevcashxo,4.71,1.96,0.9981,ZY07MXgd,SUBINDUSTRY,"group_rank(ts_av_diff(cashflow_op/enterprise_value,60),subindustry) + group_rank(ts_av_diff(cash/assets,30),subindustry) + group_rank(fnd6_xopr/assets,subindustry)"
YP58geov,w50_b,5.28,3.03,0.9981,rK59235m,SUBINDUSTRY,"group_rank(ts_av_diff(cash/assets, 45), subindustry) + group_rank(ts_av_diff(cashflow_op/enterprise_value, 60), subindustry) + group_rank(-ts_delta(close, 2), subindustry) + rank(volume/ts_mean(volume, 60))"
vRkXwvNA,w97_f,5.88,2.62,0.9983,e79PvPpE,SUBINDUSTRY,"ts_decay_linear(group_rank(authorized_stock_buyback_amount/assets, subindustry) + group_rank(-annual_intangible_assets_net_carrying_value/assets, subindustry) + group_rank(ts_av_diff(cash/assets, 45), subindustry) + group_rank(ts_av_diff(cashflow_op/enterprise_value, 45), subindustry) + group_rank(-ts_delta(close, 10), subindustry) + rank(volume/ts_mean(volume, 120)), 5)"
d5Ojz1kK,y1_d35,4.38,2.33,0.9986,0mRwgR6k,SUBINDUSTRY,"group_rank(-ts_delta(close, 2), subindustry) + group_rank(fnd6_xopr/assets, subindustry) + rank(volume/ts_mean(volume, 60))"
ZY0gAMW8,w57_c,5.09,3.19,0.9989,mLgd6nwX,SUBINDUSTRY,"group_rank(fnd6_xrent/assets, subindustry) + group_rank(ts_av_diff(cash/assets, 45), subindustry) + group_rank(ts_av_diff(cashflow_op/enterprise_value, 45), subindustry) + group_rank(-ts_delta(close, 2), subindustry) + rank(volume/ts_mean(volume, 60))"
N1QG2wgq,w94_c,5.82,2.75,0.9999,e79PvPpE,SUBINDUSTRY,"group_rank(authorized_stock_buyback_amount/assets, subindustry) + group_rank(-annual_intangible_assets_net_carrying_value/assets, subindustry) + group_rank(dividend/(sharesout*close), subindustry) + group_rank(ts_av_diff(cash/assets, 45), subindustry) + group_rank(ts_av_diff(cashflow_op/enterprise_value, 45), subindustry) + group_rank(-ts_delta(close, 10), subindustry) + rank(volume/ts_mean(volume, 120))"
O0rj2Zw1,w94_j,5.85,2.75,1.0,e79PvPpE,SUBINDUSTRY,"group_rank(authorized_stock_buyback_amount/assets, subindustry) + group_rank(-annual_intangible_assets_net_carrying_value/assets, subindustry) + group_rank(ts_av_diff(cash/assets, 45), subindustry) + group_rank(ts_av_diff(cashflow_op/enterprise_value, 45), subindustry) + group_rank(-ts_delta(close, 10), subindustry) + rank(volume/ts_mean(volume, 120))"
