id,description,dataset,category,subcategory,region,delay,universe,type,dateCoverage,coverage,userCount,alphaCount,themes,dateCreated
accrued_liabilities_total,Total amount of accrued liabilities.,"{'id': 'fundamental2', 'name': 'Report Footnotes'}","{'id': 'fundamental', 'name': 'Fundamental'}","{'id': 'fundamental-footnotes', 'name': 'Footnotes'}",USA,1,TOP3000,MATRIX,1.0,0.44,284,405,[],2026-03-01
accrued_liabilities_total_2,Total amount of liabilities that have been incurred but not yet paid.,"{'id': 'fundamental2', 'name': 'Report Footnotes'}","{'id': 'fundamental', 'name': 'Fundamental'}","{'id': 'fundamental-footnotes', 'name': 'Footnotes'}",USA,1,TOP3000,MATRIX,1.0,0.4701,131,152,[],2026-03-01
accumulated_amortization_customer_intangibles,Total accumulated amortization for customer-related finite-lived intangible assets.,"{'id': 'fundamental2', 'name': 'Report Footnotes'}","{'id': 'fundamental', 'name': 'Fundamental'}","{'id': 'fundamental-footnotes', 'name': 'Footnotes'}",USA,1,TOP3000,MATRIX,1.0,0.3144,425,489,[],2026-03-01
accumulated_amortization_customer_intangibles_2,Total amortization recorded for customer-related finite-lived intangible assets.,"{'id': 'fundamental2', 'name': 'Report Footnotes'}","{'id': 'fundamental', 'name': 'Fundamental'}","{'id': 'fundamental-footnotes', 'name': 'Footnotes'}",USA,1,TOP3000,MATRIX,1.0,0.4287,23,25,[],2026-03-01
accumulated_amortization_finite_intangibles,Total amortization recorded for finite-lived intangible assets.,"{'id': 'fundamental2', 'name': 'Report Footnotes'}","{'id': 'fundamental', 'name': 'Fundamental'}","{'id': 'fundamental-footnotes', 'name': 'Footnotes'}",USA,1,TOP3000,MATRIX,1.0,0.6623,32,32,[],2026-03-01
accumulated_depreciation_depletion_amortization_ppne,"Total accumulated depreciation, depletion, and amortization for property, plant, and equipment.","{'id': 'fundamental2', 'name': 'Report Footnotes'}","{'id': 'fundamental', 'name': 'Fundamental'}","{'id': 'fundamental-footnotes', 'name': 'Footnotes'}",USA,1,TOP3000,MATRIX,1.0,0.7855,95,120,[],2026-03-01
accumulated_oci_net_of_tax_value,Accumulated other comprehensive income or loss after tax adjustments.,"{'id': 'fundamental2', 'name': 'Report Footnotes'}","{'id': 'fundamental', 'name': 'Fundamental'}","{'id': 'fundamental-footnotes', 'name': 'Footnotes'}",USA,1,TOP3000,MATRIX,1.0,0.7351,25,30,[],2026-03-01
acquired_cash_equivalents_business_combination,Cash and equivalents acquired in a business combination.,"{'id': 'fundamental2', 'name': 'Report Footnotes'}","{'id': 'fundamental', 'name': 'Fundamental'}","{'id': 'fundamental-footnotes', 'name': 'Footnotes'}",USA,1,TOP3000,MATRIX,1.0,0.2835,7,7,[],2026-03-01
acquired_finite_intangible_assets,Finite-lived intangible assets acquired during the period.,"{'id': 'fundamental2', 'name': 'Report Footnotes'}","{'id': 'fundamental', 'name': 'Fundamental'}","{'id': 'fundamental-footnotes', 'name': 'Footnotes'}",USA,1,TOP3000,MATRIX,1.0,0.4213,6,8,[],2026-03-01
acquired_finite_intangible_assets_total,Total value of finite-lived intangible assets acquired.,"{'id': 'fundamental2', 'name': 'Report Footnotes'}","{'id': 'fundamental', 'name': 'Fundamental'}","{'id': 'fundamental-footnotes', 'name': 'Footnotes'}",USA,1,TOP3000,MATRIX,1.0,0.4097,8,9,[],2026-03-01
acquired_goodwill_value,Value of goodwill acquired in a business combination.,"{'id': 'fundamental2', 'name': 'Report Footnotes'}","{'id': 'fundamental', 'name': 'Fundamental'}","{'id': 'fundamental-footnotes', 'name': 'Footnotes'}",USA,1,TOP3000,MATRIX,1.0,0.4166,20,21,[],2026-03-01
acquired_intangible_avg_useful_life,Weighted average useful life of acquired finite-lived intangible assets.,"{'id': 'fundamental2', 'name': 'Report Footnotes'}","{'id': 'fundamental', 'name': 'Fundamental'}","{'id': 'fundamental-footnotes', 'name': 'Footnotes'}",USA,1,TOP3000,MATRIX,1.0,0.2801,7,7,[],2026-03-01
acquired_property_equipment_value,"Value of property, plant, and equipment acquired in a business combination.","{'id': 'fundamental2', 'name': 'Report Footnotes'}","{'id': 'fundamental', 'name': 'Fundamental'}","{'id': 'fundamental-footnotes', 'name': 'Footnotes'}",USA,1,TOP3000,MATRIX,1.0,0.3111,8,8,[],2026-03-01
acquisition_assets_property_plant_equipment,"Property, plant, and equipment assets acquired in a business combination.","{'id': 'fundamental2', 'name': 'Report Footnotes'}","{'id': 'fundamental', 'name': 'Fundamental'}","{'id': 'fundamental-footnotes', 'name': 'Footnotes'}",USA,1,TOP3000,MATRIX,1.0,0.3656,6,7,[],2026-03-01
acquisition_goodwill_amount,Amount of goodwill acquired in a business combination.,"{'id': 'fundamental2', 'name': 'Report Footnotes'}","{'id': 'fundamental', 'name': 'Fundamental'}","{'id': 'fundamental-footnotes', 'name': 'Footnotes'}",USA,1,TOP3000,MATRIX,1.0,0.452,32,52,[],2026-03-01
acquisition_identifiable_assets_recognized,Recognized identifiable assets acquired in a business combination.,"{'id': 'fundamental2', 'name': 'Report Footnotes'}","{'id': 'fundamental', 'name': 'Fundamental'}","{'id': 'fundamental-footnotes', 'name': 'Footnotes'}",USA,1,TOP3000,MATRIX,1.0,0.2728,216,242,[],2026-03-01
acquisition_liabilities_assumed,Liabilities assumed in a business combination.,"{'id': 'fundamental2', 'name': 'Report Footnotes'}","{'id': 'fundamental', 'name': 'Fundamental'}","{'id': 'fundamental-footnotes', 'name': 'Footnotes'}",USA,1,TOP3000,MATRIX,1.0,0.2575,14,14,[],2026-03-01
acquisition_proforma_revenue,Pro forma revenue from business acquisitions.,"{'id': 'fundamental2', 'name': 'Report Footnotes'}","{'id': 'fundamental', 'name': 'Fundamental'}","{'id': 'fundamental-footnotes', 'name': 'Footnotes'}",USA,1,TOP3000,MATRIX,1.0,0.4275,19,24,[],2026-03-01
acquisition_related_costs_expense,Costs incurred that are directly related to a business combination acquisition.,"{'id': 'fundamental2', 'name': 'Report Footnotes'}","{'id': 'fundamental', 'name': 'Fundamental'}","{'id': 'fundamental-footnotes', 'name': 'Footnotes'}",USA,1,TOP3000,MATRIX,1.0,0.3808,9,10,[],2026-03-01
acquisition_related_expenses,Costs incurred in relation to business combinations and acquisitions.,"{'id': 'fundamental2', 'name': 'Report Footnotes'}","{'id': 'fundamental', 'name': 'Fundamental'}","{'id': 'fundamental-footnotes', 'name': 'Footnotes'}",USA,1,TOP3000,MATRIX,1.0,0.4216,9,10,[],2026-03-01
acquisition_total_purchase_price,Total purchase price paid for a business combination.,"{'id': 'fundamental2', 'name': 'Report Footnotes'}","{'id': 'fundamental', 'name': 'Fundamental'}","{'id': 'fundamental-footnotes', 'name': 'Footnotes'}",USA,1,TOP3000,MATRIX,1.0,0.6087,13,17,[],2026-03-01
acquisition_total_purchase_value,Total purchase price paid in a business combination.,"{'id': 'fundamental2', 'name': 'Report Footnotes'}","{'id': 'fundamental', 'name': 'Fundamental'}","{'id': 'fundamental-footnotes', 'name': 'Footnotes'}",USA,1,TOP3000,MATRIX,1.0,0.6468,14,22,[],2026-03-01
actual_return_on_pension_plan_assets,Actual return generated by assets in a defined benefit plan.,"{'id': 'fundamental2', 'name': 'Report Footnotes'}","{'id': 'fundamental', 'name': 'Fundamental'}","{'id': 'fundamental-footnotes', 'name': 'Footnotes'}",USA,1,TOP3000,MATRIX,1.0,0.2869,62,94,[],2026-03-01
afss_accumulated_oci_adjustment_net_tax,Net of tax adjustment to accumulated other comprehensive income for available-for-sale securities.,"{'id': 'fundamental2', 'name': 'Report Footnotes'}","{'id': 'fundamental', 'name': 'Fundamental'}","{'id': 'fundamental-footnotes', 'name': 'Footnotes'}",USA,1,TOP3000,MATRIX,1.0,0.2523,8,11,[],2026-03-01
allocated_sbp_expense_rsu,Allocated expense for share-based compensation related to restricted stock units.,"{'id': 'fundamental2', 'name': 'Report Footnotes'}","{'id': 'fundamental', 'name': 'Fundamental'}","{'id': 'fundamental-footnotes', 'name': 'Footnotes'}",USA,1,TOP3000,MATRIX,1.0,0.4211,2,3,[],2026-03-01
allocated_sbp_expense_stock_options,Allocated expense for share-based compensation related to stock options.,"{'id': 'fundamental2', 'name': 'Report Footnotes'}","{'id': 'fundamental', 'name': 'Fundamental'}","{'id': 'fundamental-footnotes', 'name': 'Footnotes'}",USA,1,TOP3000,MATRIX,1.0,0.3147,16,18,[],2026-03-01
allocated_sbp_expense_total,Total allocated expense for share-based compensation.,"{'id': 'fundamental2', 'name': 'Report Footnotes'}","{'id': 'fundamental', 'name': 'Fundamental'}","{'id': 'fundamental-footnotes', 'name': 'Footnotes'}",USA,1,TOP3000,MATRIX,1.0,0.8562,110,156,[],2026-03-01
allowance_for_doubtful_accounts_2,Reserve set aside for potentially uncollectible accounts receivable.,"{'id': 'fundamental2', 'name': 'Report Footnotes'}","{'id': 'fundamental', 'name': 'Fundamental'}","{'id': 'fundamental-footnotes', 'name': 'Footnotes'}",USA,1,TOP3000,MATRIX,1.0,0.6344,27,42,[],2026-03-01
amortized_cost_available_securities,Amortized cost of securities classified as available for sale.,"{'id': 'fundamental2', 'name': 'Report Footnotes'}","{'id': 'fundamental', 'name': 'Fundamental'}","{'id': 'fundamental-footnotes', 'name': 'Footnotes'}",USA,1,TOP3000,MATRIX,1.0,0.2605,6,10,[],2026-03-01
annual_deferred_income_tax_expense,Expense recognized for deferred income taxes during the annual period.,"{'id': 'fundamental2', 'name': 'Report Footnotes'}","{'id': 'fundamental', 'name': 'Fundamental'}","{'id': 'fundamental-footnotes', 'name': 'Footnotes'}",USA,1,TOP3000,MATRIX,1.0,0.7828,20,28,[],2026-03-01
annual_intangible_amortization_expense_second_year,"Amortization expense for finite-lived intangible assets in the second year, annual basis.","{'id': 'fundamental2', 'name': 'Report Footnotes'}","{'id': 'fundamental', 'name': 'Fundamental'}","{'id': 'fundamental-footnotes', 'name': 'Footnotes'}",USA,1,TOP3000,MATRIX,1.0,0.6484,5,5,[],2026-03-01
annual_intangible_assets_net_carrying_value,Net carrying value of finite-lived intangible assets for the annual period.,"{'id': 'fundamental2', 'name': 'Report Footnotes'}","{'id': 'fundamental', 'name': 'Fundamental'}","{'id': 'fundamental-footnotes', 'name': 'Footnotes'}",USA,1,TOP3000,MATRIX,1.0,0.6131,9,9,[],2026-03-01
antidilutive_securities_eps_exclusion_count,Number of antidilutive securities excluded from EPS calculation.,"{'id': 'fundamental2', 'name': 'Report Footnotes'}","{'id': 'fundamental', 'name': 'Fundamental'}","{'id': 'fundamental-footnotes', 'name': 'Footnotes'}",USA,1,TOP3000,MATRIX,1.0,0.769,21,27,[],2026-03-01
antidilutive_securities_excluded_eps,Number of antidilutive securities excluded from earnings per share computation.,"{'id': 'fundamental2', 'name': 'Report Footnotes'}","{'id': 'fundamental', 'name': 'Fundamental'}","{'id': 'fundamental-footnotes', 'name': 'Footnotes'}",USA,1,TOP3000,MATRIX,1.0,0.7495,15,17,[],2026-03-01
antidilutive_stock_options_excluded_eps,Number of stock options excluded from EPS calculation due to antidilutive effect.,"{'id': 'fundamental2', 'name': 'Report Footnotes'}","{'id': 'fundamental', 'name': 'Fundamental'}","{'id': 'fundamental-footnotes', 'name': 'Footnotes'}",USA,1,TOP3000,MATRIX,1.0,0.3752,4,6,[],2026-03-01
antidilutive_stock_options_excluded_eps_2,Number of stock options excluded from earnings per share calculation due to antidilutive effect.,"{'id': 'fundamental2', 'name': 'Report Footnotes'}","{'id': 'fundamental', 'name': 'Fundamental'}","{'id': 'fundamental-footnotes', 'name': 'Footnotes'}",USA,1,TOP3000,MATRIX,1.0,0.3632,8,9,[],2026-03-01
assets_fair_value_lvl1,Recurring fair value of level 1 assets.,"{'id': 'fundamental2', 'name': 'Report Footnotes'}","{'id': 'fundamental', 'name': 'Fundamental'}","{'id': 'fundamental-footnotes', 'name': 'Footnotes'}",USA,1,TOP3000,MATRIX,1.0,0.4858,14,18,[],2026-03-01
assets_fair_value_lvl2,Recurring fair value of level 2 assets.,"{'id': 'fundamental2', 'name': 'Report Footnotes'}","{'id': 'fundamental', 'name': 'Fundamental'}","{'id': 'fundamental-footnotes', 'name': 'Footnotes'}",USA,1,TOP3000,MATRIX,1.0,0.4826,34,37,[],2026-03-01
authorized_exercisable_options_count_price_range,Number of exercisable options authorized under stock option plans within a specified exercise price range.,"{'id': 'fundamental2', 'name': 'Report Footnotes'}","{'id': 'fundamental', 'name': 'Fundamental'}","{'id': 'fundamental-footnotes', 'name': 'Footnotes'}",USA,1,TOP3000,MATRIX,1.0,0.3142,0,0,[],2026-03-01
authorized_option_shares_outstanding_count,Number of outstanding shares authorized under stock option plans within exercise price range.,"{'id': 'fundamental2', 'name': 'Report Footnotes'}","{'id': 'fundamental', 'name': 'Fundamental'}","{'id': 'fundamental-footnotes', 'name': 'Footnotes'}",USA,1,TOP3000,MATRIX,1.0,0.337,2,2,[],2026-03-01
authorized_share_award_total,Total number of shares authorized for share-based payment awards.,"{'id': 'fundamental2', 'name': 'Report Footnotes'}","{'id': 'fundamental', 'name': 'Fundamental'}","{'id': 'fundamental-footnotes', 'name': 'Footnotes'}",USA,1,TOP3000,MATRIX,1.0,0.343,6,7,[],2026-03-01
authorized_stock_buyback_amount,Maximum amount authorized for stock repurchase programs.,"{'id': 'fundamental2', 'name': 'Report Footnotes'}","{'id': 'fundamental', 'name': 'Fundamental'}","{'id': 'fundamental-footnotes', 'name': 'Footnotes'}",USA,1,TOP3000,MATRIX,1.0,0.3422,7,7,[],2026-03-01
authorized_stock_repurchase_amount,Total amount authorized for stock repurchase programs.,"{'id': 'fundamental2', 'name': 'Report Footnotes'}","{'id': 'fundamental', 'name': 'Fundamental'}","{'id': 'fundamental-footnotes', 'name': 'Footnotes'}",USA,1,TOP3000,MATRIX,1.0,0.3565,21,23,[],2026-03-01
available_debt_securities_value,Value of debt securities classified as available for sale.,"{'id': 'fundamental2', 'name': 'Report Footnotes'}","{'id': 'fundamental', 'name': 'Fundamental'}","{'id': 'fundamental-footnotes', 'name': 'Footnotes'}",USA,1,TOP3000,MATRIX,1.0,0.2591,20,24,[],2026-03-01
available_for_sale_securities_amortized_cost,Amortized cost of securities available for sale.,"{'id': 'fundamental2', 'name': 'Report Footnotes'}","{'id': 'fundamental', 'name': 'Fundamental'}","{'id': 'fundamental-footnotes', 'name': 'Footnotes'}",USA,1,TOP3000,MATRIX,1.0,0.2814,3,3,[],2026-03-01
available_for_sale_securities_oci_adjustment,Net-of-tax adjustment for available-for-sale securities in other comprehensive income.,"{'id': 'fundamental2', 'name': 'Report Footnotes'}","{'id': 'fundamental', 'name': 'Fundamental'}","{'id': 'fundamental-footnotes', 'name': 'Footnotes'}",USA,1,TOP3000,MATRIX,1.0,0.4233,3,3,[],2026-03-01
available_for_sale_securities_oci_net,"Net adjustment to accumulated other comprehensive income for available-for-sale securities, net of tax.","{'id': 'fundamental2', 'name': 'Report Footnotes'}","{'id': 'fundamental', 'name': 'Fundamental'}","{'id': 'fundamental-footnotes', 'name': 'Footnotes'}",USA,1,TOP3000,MATRIX,1.0,0.2943,3,5,[],2026-03-01
available_for_sale_securities_value,Value of securities classified as available for sale.,"{'id': 'fundamental2', 'name': 'Report Footnotes'}","{'id': 'fundamental', 'name': 'Fundamental'}","{'id': 'fundamental-footnotes', 'name': 'Footnotes'}",USA,1,TOP3000,MATRIX,1.0,0.2924,103,160,[],2026-03-01
available_for_sale_securities_value_2,Value of securities available for sale.,"{'id': 'fundamental2', 'name': 'Report Footnotes'}","{'id': 'fundamental', 'name': 'Fundamental'}","{'id': 'fundamental-footnotes', 'name': 'Footnotes'}",USA,1,TOP3000,MATRIX,1.0,0.3151,12,13,[],2026-03-01
avg_grant_date_fair_value_forfeited_equity_awards,"Weighted average grant date fair value of forfeited equity awards, excluding options.","{'id': 'fundamental2', 'name': 'Report Footnotes'}","{'id': 'fundamental', 'name': 'Fundamental'}","{'id': 'fundamental-footnotes', 'name': 'Footnotes'}",USA,1,TOP3000,MATRIX,1.0,0.3306,6,6,[],2026-03-01
benefit_obligation_interest_cost_change,Change in interest cost for defined benefit plan obligations.,"{'id': 'fundamental2', 'name': 'Report Footnotes'}","{'id': 'fundamental', 'name': 'Fundamental'}","{'id': 'fundamental-footnotes', 'name': 'Footnotes'}",USA,1,TOP3000,MATRIX,1.0,0.2755,5,9,[],2026-03-01
benefit_obligation_service_cost_change,Change in service cost for defined benefit plan obligations.,"{'id': 'fundamental2', 'name': 'Report Footnotes'}","{'id': 'fundamental', 'name': 'Fundamental'}","{'id': 'fundamental-footnotes', 'name': 'Footnotes'}",USA,1,TOP3000,MATRIX,1.0,0.254,2,2,[],2026-03-01
benefits_paid_defined_benefit_plan,Benefits paid out under a defined benefit plan.,"{'id': 'fundamental2', 'name': 'Report Footnotes'}","{'id': 'fundamental', 'name': 'Fundamental'}","{'id': 'fundamental-footnotes', 'name': 'Footnotes'}",USA,1,TOP3000,MATRIX,1.0,0.3125,4,5,[],2026-03-01
benefits_paid_defined_benefit_plan_assets,Assets paid out as benefits under a defined benefit plan.,"{'id': 'fundamental2', 'name': 'Report Footnotes'}","{'id': 'fundamental', 'name': 'Fundamental'}","{'id': 'fundamental-footnotes', 'name': 'Footnotes'}",USA,1,TOP3000,MATRIX,1.0,0.3108,4,4,[],2026-03-01
business_acquisition_payments_net,"Payments made to acquire businesses, net of cash acquired.","{'id': 'fundamental2', 'name': 'Report Footnotes'}","{'id': 'fundamental', 'name': 'Fundamental'}","{'id': 'fundamental-footnotes', 'name': 'Footnotes'}",USA,1,TOP3000,MATRIX,1.0,0.5226,14,15,[],2026-03-01
business_acquisition_total_payment,Total gross payments made to acquire businesses.,"{'id': 'fundamental2', 'name': 'Report Footnotes'}","{'id': 'fundamental', 'name': 'Fundamental'}","{'id': 'fundamental-footnotes', 'name': 'Footnotes'}",USA,1,TOP3000,MATRIX,1.0,0.4666,32,35,[],2026-03-01
capital_lease_liability_balance,Outstanding obligations under capital lease agreements.,"{'id': 'fundamental2', 'name': 'Report Footnotes'}","{'id': 'fundamental', 'name': 'Fundamental'}","{'id': 'fundamental-footnotes', 'name': 'Footnotes'}",USA,1,TOP3000,MATRIX,1.0,0.3565,29,37,[],2026-03-01
capital_lease_minimum_payment_due_thereafter,Future minimum payments due under capital leases after the specified period.,"{'id': 'fundamental2', 'name': 'Report Footnotes'}","{'id': 'fundamental', 'name': 'Fundamental'}","{'id': 'fundamental-footnotes', 'name': 'Footnotes'}",USA,1,TOP3000,MATRIX,1.0,0.2743,5,6,[],2026-03-01
capital_lease_minimum_payment_year_three,Minimum payments due under capital leases in the third year.,"{'id': 'fundamental2', 'name': 'Report Footnotes'}","{'id': 'fundamental', 'name': 'Fundamental'}","{'id': 'fundamental-footnotes', 'name': 'Footnotes'}",USA,1,TOP3000,MATRIX,1.0,0.3119,56,82,[],2026-03-01
capital_lease_obligation_total,Total obligations under capital lease agreements.,"{'id': 'fundamental2', 'name': 'Report Footnotes'}","{'id': 'fundamental', 'name': 'Fundamental'}","{'id': 'fundamental-footnotes', 'name': 'Footnotes'}",USA,1,TOP3000,MATRIX,1.0,0.3063,11,18,[],2026-03-01
capital_leases_min_payments_4y,Minimum payments due under capital leases in four years.,"{'id': 'fundamental2', 'name': 'Report Footnotes'}","{'id': 'fundamental', 'name': 'Fundamental'}","{'id': 'fundamental-footnotes', 'name': 'Footnotes'}",USA,1,TOP3000,MATRIX,1.0,0.3004,23,28,[],2026-03-01
capitalized_software_gross_value,Gross value of computer software capitalized as assets.,"{'id': 'fundamental2', 'name': 'Report Footnotes'}","{'id': 'fundamental', 'name': 'Fundamental'}","{'id': 'fundamental-footnotes', 'name': 'Footnotes'}",USA,1,TOP3000,MATRIX,1.0,0.3579,61,81,[],2026-03-01
common_shares_outstanding_total,Total number of common shares currently outstanding.,"{'id': 'fundamental2', 'name': 'Report Footnotes'}","{'id': 'fundamental', 'name': 'Fundamental'}","{'id': 'fundamental-footnotes', 'name': 'Footnotes'}",USA,1,TOP3000,MATRIX,1.0,0.8512,19,28,[],2026-03-01
common_stock_buyback_payments,Payments made for repurchasing common stock.,"{'id': 'fundamental2', 'name': 'Report Footnotes'}","{'id': 'fundamental', 'name': 'Fundamental'}","{'id': 'fundamental-footnotes', 'name': 'Footnotes'}",USA,1,TOP3000,MATRIX,1.0,0.5809,14,22,[],2026-03-01
common_stock_issuance_proceeds,Cash received from issuing common stock.,"{'id': 'fundamental2', 'name': 'Report Footnotes'}","{'id': 'fundamental', 'name': 'Fundamental'}","{'id': 'fundamental-footnotes', 'name': 'Footnotes'}",USA,1,TOP3000,MATRIX,1.0,0.5182,18,23,[],2026-03-01
common_stock_issuance_proceeds_2,Proceeds received from issuance of common stock.,"{'id': 'fundamental2', 'name': 'Report Footnotes'}","{'id': 'fundamental', 'name': 'Fundamental'}","{'id': 'fundamental-footnotes', 'name': 'Footnotes'}",USA,1,TOP3000,MATRIX,1.0,0.5855,11,12,[],2026-03-01
common_stock_repurchase_payment,Payments made for repurchasing common stock during the period.,"{'id': 'fundamental2', 'name': 'Report Footnotes'}","{'id': 'fundamental', 'name': 'Fundamental'}","{'id': 'fundamental-footnotes', 'name': 'Footnotes'}",USA,1,TOP3000,MATRIX,1.0,0.6185,18,24,[],2026-03-01
common_stock_shares_outstanding_count,Total number of common stock shares outstanding.,"{'id': 'fundamental2', 'name': 'Report Footnotes'}","{'id': 'fundamental', 'name': 'Fundamental'}","{'id': 'fundamental-footnotes', 'name': 'Footnotes'}",USA,1,TOP3000,MATRIX,1.0,0.9315,47,69,[],2026-03-01
comprehensive_income_net_tax,Comprehensive income after accounting for tax effects.,"{'id': 'fundamental2', 'name': 'Report Footnotes'}","{'id': 'fundamental', 'name': 'Fundamental'}","{'id': 'fundamental-footnotes', 'name': 'Footnotes'}",USA,1,TOP3000,MATRIX,1.0,0.7773,15,17,[],2026-03-01
comprehensive_income_net_tax_value,Comprehensive income value after tax adjustments.,"{'id': 'fundamental2', 'name': 'Report Footnotes'}","{'id': 'fundamental', 'name': 'Fundamental'}","{'id': 'fundamental-footnotes', 'name': 'Footnotes'}",USA,1,TOP3000,MATRIX,1.0,0.7538,3,4,[],2026-03-01
contingent_consideration_liability_acquisition,Liability for contingent consideration in a business combination.,"{'id': 'fundamental2', 'name': 'Report Footnotes'}","{'id': 'fundamental', 'name': 'Fundamental'}","{'id': 'fundamental-footnotes', 'name': 'Footnotes'}",USA,1,TOP3000,MATRIX,1.0,0.3475,35,37,[],2026-03-01
contingent_merger_liability,Liability for contingent consideration in a business combination.,"{'id': 'fundamental2', 'name': 'Report Footnotes'}","{'id': 'fundamental', 'name': 'Fundamental'}","{'id': 'fundamental-footnotes', 'name': 'Footnotes'}",USA,1,TOP3000,MATRIX,1.0,0.3291,9,9,[],2026-03-01
credit_facility_max_borrowing,Maximum amount that can be borrowed under a line of credit facility.,"{'id': 'fundamental2', 'name': 'Report Footnotes'}","{'id': 'fundamental', 'name': 'Fundamental'}","{'id': 'fundamental-footnotes', 'name': 'Footnotes'}",USA,1,TOP3000,MATRIX,1.0,0.6047,17,20,[],2026-03-01
credit_facility_max_borrowing_2,Maximum borrowing capacity under a line of credit facility.,"{'id': 'fundamental2', 'name': 'Report Footnotes'}","{'id': 'fundamental', 'name': 'Fundamental'}","{'id': 'fundamental-footnotes', 'name': 'Footnotes'}",USA,1,TOP3000,MATRIX,1.0,0.5891,6,8,[],2026-03-01
credit_facility_outstanding_amount,Outstanding amount under a line of credit facility.,"{'id': 'fundamental2', 'name': 'Report Footnotes'}","{'id': 'fundamental', 'name': 'Fundamental'}","{'id': 'fundamental-footnotes', 'name': 'Footnotes'}",USA,1,TOP3000,MATRIX,1.0,0.6923,14,14,[],2026-03-01
credit_facility_outstanding_balance,Outstanding balance under a line of credit facility.,"{'id': 'fundamental2', 'name': 'Report Footnotes'}","{'id': 'fundamental', 'name': 'Fundamental'}","{'id': 'fundamental-footnotes', 'name': 'Footnotes'}",USA,1,TOP3000,MATRIX,1.0,0.6495,76,113,[],2026-03-01
credit_facility_remaining_borrowing_capacity,Remaining borrowing capacity available under a line of credit facility.,"{'id': 'fundamental2', 'name': 'Report Footnotes'}","{'id': 'fundamental', 'name': 'Fundamental'}","{'id': 'fundamental-footnotes', 'name': 'Footnotes'}",USA,1,TOP3000,MATRIX,1.0,0.3563,13,19,[],2026-03-01
credit_facility_remaining_capacity,Amount of remaining borrowing capacity under a line of credit facility.,"{'id': 'fundamental2', 'name': 'Report Footnotes'}","{'id': 'fundamental', 'name': 'Fundamental'}","{'id': 'fundamental-footnotes', 'name': 'Footnotes'}",USA,1,TOP3000,MATRIX,1.0,0.3908,117,204,[],2026-03-01
credit_line_proceeds_total,Total proceeds received from lines of credit.,"{'id': 'fundamental2', 'name': 'Report Footnotes'}","{'id': 'fundamental', 'name': 'Fundamental'}","{'id': 'fundamental-footnotes', 'name': 'Footnotes'}",USA,1,TOP3000,MATRIX,1.0,0.2782,86,152,[],2026-03-01
cumulative_cash_flow_hedge_gain_loss_net_tax,"Total net gain or loss from cash flow hedges, after tax.","{'id': 'fundamental2', 'name': 'Report Footnotes'}","{'id': 'fundamental', 'name': 'Fundamental'}","{'id': 'fundamental-footnotes', 'name': 'Footnotes'}",USA,1,TOP3000,MATRIX,1.0,0.3032,8,12,[],2026-03-01
cumulative_oci_cash_flow_hedge_net,Cumulative net gain or loss from cash flow hedges included in other comprehensive income.,"{'id': 'fundamental2', 'name': 'Report Footnotes'}","{'id': 'fundamental', 'name': 'Fundamental'}","{'id': 'fundamental-footnotes', 'name': 'Footnotes'}",USA,1,TOP3000,MATRIX,1.0,0.3419,3,6,[],2026-03-01
current_accrued_liabilities,Total accrued liabilities due within one year.,"{'id': 'fundamental2', 'name': 'Report Footnotes'}","{'id': 'fundamental', 'name': 'Fundamental'}","{'id': 'fundamental-footnotes', 'name': 'Footnotes'}",USA,1,TOP3000,MATRIX,1.0,0.4343,36,67,[],2026-03-01
current_accrued_liabilities_total,Total amount of accrued liabilities due within one year.,"{'id': 'fundamental2', 'name': 'Report Footnotes'}","{'id': 'fundamental', 'name': 'Fundamental'}","{'id': 'fundamental-footnotes', 'name': 'Footnotes'}",USA,1,TOP3000,MATRIX,1.0,0.4086,46,52,[],2026-03-01
current_federal_tax_expense_amount,Expense recognized for current federal taxes during the period.,"{'id': 'fundamental2', 'name': 'Report Footnotes'}","{'id': 'fundamental', 'name': 'Fundamental'}","{'id': 'fundamental-footnotes', 'name': 'Footnotes'}",USA,1,TOP3000,MATRIX,1.0,0.7047,5,8,[],2026-03-01
current_foreign_tax_expense_value,Current expense for foreign income taxes.,"{'id': 'fundamental2', 'name': 'Report Footnotes'}","{'id': 'fundamental', 'name': 'Fundamental'}","{'id': 'fundamental-footnotes', 'name': 'Footnotes'}",USA,1,TOP3000,MATRIX,1.0,0.5203,4,6,[],2026-03-01
current_income_tax_expense_amount,Expense recognized for current income taxes during the period.,"{'id': 'fundamental2', 'name': 'Report Footnotes'}","{'id': 'fundamental', 'name': 'Fundamental'}","{'id': 'fundamental-footnotes', 'name': 'Footnotes'}",USA,1,TOP3000,MATRIX,1.0,0.7855,9,13,[],2026-03-01
current_minimum_capital_lease_payment,Minimum payments due currently under capital lease agreements.,"{'id': 'fundamental2', 'name': 'Report Footnotes'}","{'id': 'fundamental', 'name': 'Fundamental'}","{'id': 'fundamental-footnotes', 'name': 'Footnotes'}",USA,1,TOP3000,MATRIX,1.0,0.3076,31,37,[],2026-03-01
current_minimum_operating_lease_payment,Minimum payments due currently under operating lease agreements.,"{'id': 'fundamental2', 'name': 'Report Footnotes'}","{'id': 'fundamental', 'name': 'Fundamental'}","{'id': 'fundamental-footnotes', 'name': 'Footnotes'}",USA,1,TOP3000,MATRIX,1.0,0.8176,44,50,[],2026-03-01
current_state_local_tax_expense_amount,Expense recognized for current state and local taxes during the period.,"{'id': 'fundamental2', 'name': 'Report Footnotes'}","{'id': 'fundamental', 'name': 'Fundamental'}","{'id': 'fundamental-footnotes', 'name': 'Footnotes'}",USA,1,TOP3000,MATRIX,1.0,0.6528,3,3,[],2026-03-01
customer_related_intangibles_gross_value,Gross value of customer-related finite-lived intangible assets.,"{'id': 'fundamental2', 'name': 'Report Footnotes'}","{'id': 'fundamental', 'name': 'Fundamental'}","{'id': 'fundamental-footnotes', 'name': 'Footnotes'}",USA,1,TOP3000,MATRIX,1.0,0.4309,1,1,[],2026-03-01
db_plan_actuarial_gain_loss,Actuarial gain or loss recognized in defined benefit plans.,"{'id': 'fundamental2', 'name': 'Report Footnotes'}","{'id': 'fundamental', 'name': 'Fundamental'}","{'id': 'fundamental-footnotes', 'name': 'Footnotes'}",USA,1,TOP3000,MATRIX,1.0,0.3088,4,8,[],2026-03-01
db_plan_amortization_prior_service_credit,Amortization of prior service cost credit in defined benefit plans.,"{'id': 'fundamental2', 'name': 'Report Footnotes'}","{'id': 'fundamental', 'name': 'Fundamental'}","{'id': 'fundamental-footnotes', 'name': 'Footnotes'}",USA,1,TOP3000,MATRIX,1.0,0.258,10,10,[],2026-03-01
db_plan_future_payments_year4,Expected future benefit payments under defined benefit plans for the fourth year.,"{'id': 'fundamental2', 'name': 'Report Footnotes'}","{'id': 'fundamental', 'name': 'Fundamental'}","{'id': 'fundamental-footnotes', 'name': 'Footnotes'}",USA,1,TOP3000,MATRIX,1.0,0.3141,6,8,[],2026-03-01
db_plan_periodic_benefit_cost,Net periodic cost recognized for defined benefit plans.,"{'id': 'fundamental2', 'name': 'Report Footnotes'}","{'id': 'fundamental', 'name': 'Fundamental'}","{'id': 'fundamental-footnotes', 'name': 'Footnotes'}",USA,1,TOP3000,MATRIX,1.0,0.3201,2,2,[],2026-03-01
debt_basis_spread_variable_rate,Basis spread applied to variable rate debt instruments.,"{'id': 'fundamental2', 'name': 'Report Footnotes'}","{'id': 'fundamental', 'name': 'Fundamental'}","{'id': 'fundamental-footnotes', 'name': 'Footnotes'}",USA,1,TOP3000,MATRIX,1.0,0.3213,5,5,[],2026-03-01
debt_carrying_amount_total,Total carrying amount of debt instruments.,"{'id': 'fundamental2', 'name': 'Report Footnotes'}","{'id': 'fundamental', 'name': 'Fundamental'}","{'id': 'fundamental-footnotes', 'name': 'Footnotes'}",USA,1,TOP3000,MATRIX,1.0,0.6569,20,27,[],2026-03-01
debt_carrying_value,Carrying value of a debt instrument on the balance sheet.,"{'id': 'fundamental2', 'name': 'Report Footnotes'}","{'id': 'fundamental', 'name': 'Fundamental'}","{'id': 'fundamental-footnotes', 'name': 'Footnotes'}",USA,1,TOP3000,MATRIX,1.0,0.672,22,41,[],2026-03-01
debt_effective_interest_rate_pct,Effective interest rate percentage for a debt instrument.,"{'id': 'fundamental2', 'name': 'Report Footnotes'}","{'id': 'fundamental', 'name': 'Fundamental'}","{'id': 'fundamental-footnotes', 'name': 'Footnotes'}",USA,1,TOP3000,MATRIX,1.0,0.2615,9,10,[],2026-03-01
debt_effective_interest_rate_percent,"Effective interest rate, as a percentage, for a debt instrument.","{'id': 'fundamental2', 'name': 'Report Footnotes'}","{'id': 'fundamental', 'name': 'Fundamental'}","{'id': 'fundamental-footnotes', 'name': 'Footnotes'}",USA,1,TOP3000,MATRIX,1.0,0.2878,12,14,[],2026-03-01
debt_extinguishment_gain_loss_total,Total gains or losses recognized on extinguishment of debt.,"{'id': 'fundamental2', 'name': 'Report Footnotes'}","{'id': 'fundamental', 'name': 'Fundamental'}","{'id': 'fundamental-footnotes', 'name': 'Footnotes'}",USA,1,TOP3000,MATRIX,1.0,0.3678,39,40,[],2026-03-01
debt_extinguishment_gain_loss_value,Gains or losses recognized on extinguishment of debt.,"{'id': 'fundamental2', 'name': 'Report Footnotes'}","{'id': 'fundamental', 'name': 'Fundamental'}","{'id': 'fundamental-footnotes', 'name': 'Footnotes'}",USA,1,TOP3000,MATRIX,1.0,0.4137,51,57,[],2026-03-01
debt_instrument_face_value,Face value of issued debt instruments.,"{'id': 'fundamental2', 'name': 'Report Footnotes'}","{'id': 'fundamental', 'name': 'Fundamental'}","{'id': 'fundamental-footnotes', 'name': 'Footnotes'}",USA,1,TOP3000,MATRIX,1.0,0.4711,9,10,[],2026-03-01
debt_instrument_interest_rate_percent,Stated interest rate percentage for debt instruments.,"{'id': 'fundamental2', 'name': 'Report Footnotes'}","{'id': 'fundamental', 'name': 'Fundamental'}","{'id': 'fundamental-footnotes', 'name': 'Footnotes'}",USA,1,TOP3000,MATRIX,1.0,0.5399,47,59,[],2026-03-01
debt_issuance_costs_expense,Costs incurred for issuing debt instruments.,"{'id': 'fundamental2', 'name': 'Report Footnotes'}","{'id': 'fundamental', 'name': 'Fundamental'}","{'id': 'fundamental-footnotes', 'name': 'Footnotes'}",USA,1,TOP3000,MATRIX,1.0,0.5165,17,18,[],2026-03-01
debt_issuance_costs_total,Total costs incurred for issuing debt.,"{'id': 'fundamental2', 'name': 'Report Footnotes'}","{'id': 'fundamental', 'name': 'Fundamental'}","{'id': 'fundamental-footnotes', 'name': 'Footnotes'}",USA,1,TOP3000,MATRIX,1.0,0.4753,10,12,[],2026-03-01
debt_issuance_proceeds,Cash received from issuing debt.,"{'id': 'fundamental2', 'name': 'Report Footnotes'}","{'id': 'fundamental', 'name': 'Fundamental'}","{'id': 'fundamental-footnotes', 'name': 'Footnotes'}",USA,1,TOP3000,MATRIX,1.0,0.6904,14,20,[],2026-03-01
debt_issuance_proceeds_2,Total cash received from issuing debt instruments.,"{'id': 'fundamental2', 'name': 'Report Footnotes'}","{'id': 'fundamental', 'name': 'Fundamental'}","{'id': 'fundamental-footnotes', 'name': 'Footnotes'}",USA,1,TOP3000,MATRIX,1.0,0.7468,69,95,[],2026-03-01
debt_maturities_repayments_next12m,Repayments of long-term debt principal due in the next twelve months.,"{'id': 'fundamental2', 'name': 'Report Footnotes'}","{'id': 'fundamental', 'name': 'Fundamental'}","{'id': 'fundamental-footnotes', 'name': 'Footnotes'}",USA,1,TOP3000,MATRIX,1.0,0.551,11,17,[],2026-03-01
debt_maturities_repayments_year2,Repayments of long-term debt principal due in the second year.,"{'id': 'fundamental2', 'name': 'Report Footnotes'}","{'id': 'fundamental', 'name': 'Fundamental'}","{'id': 'fundamental-footnotes', 'name': 'Footnotes'}",USA,1,TOP3000,MATRIX,1.0,0.5606,78,100,[],2026-03-01
debt_principal_due_year_five,Principal repayments on long-term debt scheduled for the fifth year.,"{'id': 'fundamental2', 'name': 'Report Footnotes'}","{'id': 'fundamental', 'name': 'Fundamental'}","{'id': 'fundamental-footnotes', 'name': 'Footnotes'}",USA,1,TOP3000,MATRIX,1.0,0.5233,3,4,[],2026-03-01
debt_repayment_year_three,Repayments of long-term debt principal scheduled for the third year.,"{'id': 'fundamental2', 'name': 'Report Footnotes'}","{'id': 'fundamental', 'name': 'Fundamental'}","{'id': 'fundamental-footnotes', 'name': 'Footnotes'}",USA,1,TOP3000,MATRIX,1.0,0.5599,3,3,[],2026-03-01
debt_repayments_total,Total repayments made on outstanding debt.,"{'id': 'fundamental2', 'name': 'Report Footnotes'}","{'id': 'fundamental', 'name': 'Fundamental'}","{'id': 'fundamental-footnotes', 'name': 'Footnotes'}",USA,1,TOP3000,MATRIX,1.0,0.7383,17,21,[],2026-03-01
debt_repayments_total_2,Total repayments made on debt obligations.,"{'id': 'fundamental2', 'name': 'Report Footnotes'}","{'id': 'fundamental', 'name': 'Fundamental'}","{'id': 'fundamental-footnotes', 'name': 'Footnotes'}",USA,1,TOP3000,MATRIX,1.0,0.7851,20,24,[],2026-03-01
debt_securities_available_for_sale,Debt securities classified as available for sale.,"{'id': 'fundamental2', 'name': 'Report Footnotes'}","{'id': 'fundamental', 'name': 'Fundamental'}","{'id': 'fundamental-footnotes', 'name': 'Footnotes'}",USA,1,TOP3000,MATRIX,1.0,0.258,4,4,[],2026-03-01
debt_stated_interest_rate_pct,Stated interest rate percentage for a debt instrument.,"{'id': 'fundamental2', 'name': 'Report Footnotes'}","{'id': 'fundamental', 'name': 'Fundamental'}","{'id': 'fundamental-footnotes', 'name': 'Footnotes'}",USA,1,TOP3000,MATRIX,1.0,0.5318,106,118,[],2026-03-01
debt_unamortized_discount_premium_net_value,Net value of unamortized discount or premium on debt instruments.,"{'id': 'fundamental2', 'name': 'Report Footnotes'}","{'id': 'fundamental', 'name': 'Fundamental'}","{'id': 'fundamental-footnotes', 'name': 'Footnotes'}",USA,1,TOP3000,MATRIX,1.0,0.2554,38,43,[],2026-03-01
deferred_federal_income_tax_expense,Expense for deferred federal income taxes.,"{'id': 'fundamental2', 'name': 'Report Footnotes'}","{'id': 'fundamental', 'name': 'Fundamental'}","{'id': 'fundamental-footnotes', 'name': 'Footnotes'}",USA,1,TOP3000,MATRIX,1.0,0.6705,9,11,[],2026-03-01
deferred_foreign_tax_expense,Expense for deferred foreign income taxes.,"{'id': 'fundamental2', 'name': 'Report Footnotes'}","{'id': 'fundamental', 'name': 'Fundamental'}","{'id': 'fundamental-footnotes', 'name': 'Footnotes'}",USA,1,TOP3000,MATRIX,1.0,0.4818,9,9,[],2026-03-01
deferred_income_tax_expense_amount,Expense recognized for deferred income taxes during the period.,"{'id': 'fundamental2', 'name': 'Report Footnotes'}","{'id': 'fundamental', 'name': 'Fundamental'}","{'id': 'fundamental-footnotes', 'name': 'Footnotes'}",USA,1,TOP3000,MATRIX,1.0,0.5509,8,11,[],2026-03-01
deferred_local_income_tax_expense,Expense for deferred local income taxes.,"{'id': 'fundamental2', 'name': 'Report Footnotes'}","{'id': 'fundamental', 'name': 'Fundamental'}","{'id': 'fundamental-footnotes', 'name': 'Footnotes'}",USA,1,TOP3000,MATRIX,1.0,0.6124,4,5,[],2026-03-01
deferred_tax_assets_compensation_benefits,Deferred tax assets from compensation and benefits expenses.,"{'id': 'fundamental2', 'name': 'Report Footnotes'}","{'id': 'fundamental', 'name': 'Fundamental'}","{'id': 'fundamental-footnotes', 'name': 'Footnotes'}",USA,1,TOP3000,MATRIX,1.0,0.681,13,14,[],2026-03-01
deferred_tax_assets_credit_carryforward,Amount of deferred tax assets from tax credit carryforwards.,"{'id': 'fundamental2', 'name': 'Report Footnotes'}","{'id': 'fundamental', 'name': 'Fundamental'}","{'id': 'fundamental-footnotes', 'name': 'Footnotes'}",USA,1,TOP3000,MATRIX,1.0,0.5011,175,211,[],2026-03-01
deferred_tax_assets_expense_reserves,Deferred tax assets related to reserves and accruals for expenses.,"{'id': 'fundamental2', 'name': 'Report Footnotes'}","{'id': 'fundamental', 'name': 'Fundamental'}","{'id': 'fundamental-footnotes', 'name': 'Footnotes'}",USA,1,TOP3000,MATRIX,1.0,0.6633,34,39,[],2026-03-01
deferred_tax_assets_loss_carryforward,Deferred tax assets arising from operating loss carryforwards.,"{'id': 'fundamental2', 'name': 'Report Footnotes'}","{'id': 'fundamental', 'name': 'Fundamental'}","{'id': 'fundamental-footnotes', 'name': 'Footnotes'}",USA,1,TOP3000,MATRIX,1.0,0.7743,84,103,[],2026-03-01
deferred_tax_assets_net_value,Net value of deferred tax assets.,"{'id': 'fundamental2', 'name': 'Report Footnotes'}","{'id': 'fundamental', 'name': 'Fundamental'}","{'id': 'fundamental-footnotes', 'name': 'Footnotes'}",USA,1,TOP3000,MATRIX,1.0,0.8294,48,61,[],2026-03-01
deferred_tax_assets_valuation_allowance_value,Valuation allowance for deferred tax assets.,"{'id': 'fundamental2', 'name': 'Report Footnotes'}","{'id': 'fundamental', 'name': 'Fundamental'}","{'id': 'fundamental-footnotes', 'name': 'Footnotes'}",USA,1,TOP3000,MATRIX,1.0,0.7594,133,163,[],2026-03-01
deferred_tax_liabilities_total_4,Total amount of deferred tax liabilities.,"{'id': 'fundamental2', 'name': 'Report Footnotes'}","{'id': 'fundamental', 'name': 'Fundamental'}","{'id': 'fundamental-footnotes', 'name': 'Footnotes'}",USA,1,TOP3000,MATRIX,1.0,0.8385,16,21,[],2026-03-01
deferred_tax_liability_goodwill_intangibles,Deferred tax liabilities related to goodwill and intangible assets.,"{'id': 'fundamental2', 'name': 'Report Footnotes'}","{'id': 'fundamental', 'name': 'Fundamental'}","{'id': 'fundamental-footnotes', 'name': 'Footnotes'}",USA,1,TOP3000,MATRIX,1.0,0.4504,3,3,[],2026-03-01
deferred_tax_liability_property_plant_equipment,"Deferred tax liabilities related to property, plant, and equipment.","{'id': 'fundamental2', 'name': 'Report Footnotes'}","{'id': 'fundamental', 'name': 'Fundamental'}","{'id': 'fundamental-footnotes', 'name': 'Footnotes'}",USA,1,TOP3000,MATRIX,1.0,0.5566,7,7,[],2026-03-01
defined_benefit_plan_asset_fair_value,Fair value of assets held in defined benefit pension plans.,"{'id': 'fundamental2', 'name': 'Report Footnotes'}","{'id': 'fundamental', 'name': 'Fundamental'}","{'id': 'fundamental-footnotes', 'name': 'Footnotes'}",USA,1,TOP3000,MATRIX,1.0,0.3208,4,6,[],2026-03-01
defined_benefit_plan_interest_cost,Interest cost for defined benefit plan obligations.,"{'id': 'fundamental2', 'name': 'Report Footnotes'}","{'id': 'fundamental', 'name': 'Fundamental'}","{'id': 'fundamental-footnotes', 'name': 'Footnotes'}",USA,1,TOP3000,MATRIX,1.0,0.3145,1,3,[],2026-03-01
defined_benefit_plan_obligation_value,Present value of benefit obligations under defined benefit plans.,"{'id': 'fundamental2', 'name': 'Report Footnotes'}","{'id': 'fundamental', 'name': 'Fundamental'}","{'id': 'fundamental-footnotes', 'name': 'Footnotes'}",USA,1,TOP3000,MATRIX,1.0,0.3386,4,5,[],2026-03-01
defined_benefit_plan_service_cost,Service cost recognized for defined benefit pension plans during the period.,"{'id': 'fundamental2', 'name': 'Report Footnotes'}","{'id': 'fundamental', 'name': 'Fundamental'}","{'id': 'fundamental-footnotes', 'name': 'Footnotes'}",USA,1,TOP3000,MATRIX,1.0,0.2974,2,4,[],2026-03-01
derivative_asset_fair_value,Fair value of derivative assets.,"{'id': 'fundamental2', 'name': 'Report Footnotes'}","{'id': 'fundamental', 'name': 'Fundamental'}","{'id': 'fundamental-footnotes', 'name': 'Footnotes'}",USA,1,TOP3000,MATRIX,1.0,0.4764,4,4,[],2026-03-01
derivative_asset_fair_value_2,Fair value of derivative assets.,"{'id': 'fundamental2', 'name': 'Report Footnotes'}","{'id': 'fundamental', 'name': 'Fundamental'}","{'id': 'fundamental-footnotes', 'name': 'Footnotes'}",USA,1,TOP3000,MATRIX,1.0,0.4959,4,7,[],2026-03-01
derivative_contract_notional_value,Notional amount of derivative contracts outstanding.,"{'id': 'fundamental2', 'name': 'Report Footnotes'}","{'id': 'fundamental', 'name': 'Fundamental'}","{'id': 'fundamental-footnotes', 'name': 'Footnotes'}",USA,1,TOP3000,MATRIX,1.0,0.4748,8,9,[],2026-03-01
derivative_liability_fair_value,Fair value of liabilities arising from derivative instruments.,"{'id': 'fundamental2', 'name': 'Report Footnotes'}","{'id': 'fundamental', 'name': 'Fundamental'}","{'id': 'fundamental-footnotes', 'name': 'Footnotes'}",USA,1,TOP3000,MATRIX,1.0,0.551,4,7,[],2026-03-01
diluted_shares_outstanding_adjustment,Adjustment to the weighted average number of diluted shares outstanding.,"{'id': 'fundamental2', 'name': 'Report Footnotes'}","{'id': 'fundamental', 'name': 'Fundamental'}","{'id': 'fundamental-footnotes', 'name': 'Footnotes'}",USA,1,TOP3000,MATRIX,1.0,0.7085,7,7,[],2026-03-01
diluted_shares_outstanding_adjustment_avg,Adjustment to the weighted average number of diluted shares outstanding.,"{'id': 'fundamental2', 'name': 'Report Footnotes'}","{'id': 'fundamental', 'name': 'Fundamental'}","{'id': 'fundamental-footnotes', 'name': 'Footnotes'}",USA,1,TOP3000,MATRIX,1.0,0.7085,6,6,[],2026-03-01
domestic_assets_total_value,Total value of domestic assets.,"{'id': 'fundamental2', 'name': 'Report Footnotes'}","{'id': 'fundamental', 'name': 'Fundamental'}","{'id': 'fundamental-footnotes', 'name': 'Footnotes'}",USA,1,TOP3000,MATRIX,1.0,0.3957,8,9,[],2026-03-01
domestic_ebit_value,Earnings before interest and taxes for domestic operations.,"{'id': 'fundamental2', 'name': 'Report Footnotes'}","{'id': 'fundamental', 'name': 'Fundamental'}","{'id': 'fundamental-footnotes', 'name': 'Footnotes'}",USA,1,TOP3000,MATRIX,1.0,0.5509,14,20,[],2026-03-01
domestic_revenue_amount,Revenue generated from domestic operations.,"{'id': 'fundamental2', 'name': 'Report Footnotes'}","{'id': 'fundamental', 'name': 'Fundamental'}","{'id': 'fundamental-footnotes', 'name': 'Footnotes'}",USA,1,TOP3000,MATRIX,1.0,0.4558,61,82,[],2026-03-01
domestic_revenue_total,Total revenue generated from domestic operations.,"{'id': 'fundamental2', 'name': 'Report Footnotes'}","{'id': 'fundamental', 'name': 'Fundamental'}","{'id': 'fundamental-footnotes', 'name': 'Footnotes'}",USA,1,TOP3000,MATRIX,1.0,0.2861,6,6,[],2026-03-01
doubtful_accounts_provision,Amount set aside for accounts that may not be collected.,"{'id': 'fundamental2', 'name': 'Report Footnotes'}","{'id': 'fundamental', 'name': 'Fundamental'}","{'id': 'fundamental-footnotes', 'name': 'Footnotes'}",USA,1,TOP3000,MATRIX,1.0,0.2969,51,61,[],2026-03-01
doubtful_accounts_provision_2,Provision set aside for accounts that may not be collected.,"{'id': 'fundamental2', 'name': 'Report Footnotes'}","{'id': 'fundamental', 'name': 'Fundamental'}","{'id': 'fundamental-footnotes', 'name': 'Footnotes'}",USA,1,TOP3000,MATRIX,1.0,0.4986,1,1,[],2026-03-01
doubtful_accounts_reserve_total,Total allowance set aside for doubtful accounts receivable.,"{'id': 'fundamental2', 'name': 'Report Footnotes'}","{'id': 'fundamental', 'name': 'Fundamental'}","{'id': 'fundamental-footnotes', 'name': 'Footnotes'}",USA,1,TOP3000,MATRIX,1.0,0.4774,10,19,[],2026-03-01
doubtful_accounts_write_offs,Amount written off for doubtful accounts receivable.,"{'id': 'fundamental2', 'name': 'Report Footnotes'}","{'id': 'fundamental', 'name': 'Fundamental'}","{'id': 'fundamental-footnotes', 'name': 'Footnotes'}",USA,1,TOP3000,MATRIX,1.0,0.3858,2,10,[],2026-03-01
effective_tax_rate_continuing_ops,Effective income tax rate for continuing operations.,"{'id': 'fundamental2', 'name': 'Report Footnotes'}","{'id': 'fundamental', 'name': 'Fundamental'}","{'id': 'fundamental-footnotes', 'name': 'Footnotes'}",USA,1,TOP3000,MATRIX,1.0,0.4838,27,32,[],2026-03-01
effective_tax_rate_continuing_ops_2,Effective income tax rate for continuing operations.,"{'id': 'fundamental2', 'name': 'Report Footnotes'}","{'id': 'fundamental', 'name': 'Fundamental'}","{'id': 'fundamental-footnotes', 'name': 'Footnotes'}",USA,1,TOP3000,MATRIX,1.0,0.5955,4,4,[],2026-03-01
effective_tax_rate_reconciliation_credits,Tax credits used in reconciliation of effective income tax rate.,"{'id': 'fundamental2', 'name': 'Report Footnotes'}","{'id': 'fundamental', 'name': 'Fundamental'}","{'id': 'fundamental-footnotes', 'name': 'Footnotes'}",USA,1,TOP3000,MATRIX,1.0,0.2843,6,6,[],2026-03-01
employee_compensation_benefit_liabilities,Liabilities related to employee compensation and benefits.,"{'id': 'fundamental2', 'name': 'Report Footnotes'}","{'id': 'fundamental', 'name': 'Fundamental'}","{'id': 'fundamental-footnotes', 'name': 'Footnotes'}",USA,1,TOP3000,MATRIX,1.0,0.6227,53,69,[],2026-03-01
employee_compensation_liabilities,Liabilities related to employee compensation and benefits.,"{'id': 'fundamental2', 'name': 'Report Footnotes'}","{'id': 'fundamental', 'name': 'Fundamental'}","{'id': 'fundamental-footnotes', 'name': 'Footnotes'}",USA,1,TOP3000,MATRIX,1.0,0.4636,14,21,[],2026-03-01
equipment_maximum_useful_life,Maximum useful life assigned to equipment assets.,"{'id': 'fundamental2', 'name': 'Report Footnotes'}","{'id': 'fundamental', 'name': 'Fundamental'}","{'id': 'fundamental-footnotes', 'name': 'Footnotes'}",USA,1,TOP3000,MATRIX,1.0,0.5637,3,4,[],2026-03-01
equity_awards_granted_non_option_period,"Number of equity awards granted during the period, excluding options.","{'id': 'fundamental2', 'name': 'Report Footnotes'}","{'id': 'fundamental', 'name': 'Fundamental'}","{'id': 'fundamental-footnotes', 'name': 'Footnotes'}",USA,1,TOP3000,MATRIX,1.0,0.565,5,5,[],2026-03-01
equity_awards_nonoption_forfeited_count,Number of equity awards other than options forfeited during the period.,"{'id': 'fundamental2', 'name': 'Report Footnotes'}","{'id': 'fundamental', 'name': 'Fundamental'}","{'id': 'fundamental-footnotes', 'name': 'Footnotes'}",USA,1,TOP3000,MATRIX,1.0,0.4085,77,85,[],2026-03-01
equity_awards_vested_avg_grant_fair_value,Weighted average grant date fair value of equity awards vested during the period.,"{'id': 'fundamental2', 'name': 'Report Footnotes'}","{'id': 'fundamental', 'name': 'Fundamental'}","{'id': 'fundamental-footnotes', 'name': 'Footnotes'}",USA,1,TOP3000,MATRIX,1.0,0.3273,2,2,[],2026-03-01
equity_awards_vested_count,Number of equity awards other than options vested during the period.,"{'id': 'fundamental2', 'name': 'Report Footnotes'}","{'id': 'fundamental', 'name': 'Fundamental'}","{'id': 'fundamental-footnotes', 'name': 'Footnotes'}",USA,1,TOP3000,MATRIX,1.0,0.4196,8,9,[],2026-03-01
equity_investment_ownership_percent,Percentage ownership in an equity method investment.,"{'id': 'fundamental2', 'name': 'Report Footnotes'}","{'id': 'fundamental', 'name': 'Fundamental'}","{'id': 'fundamental-footnotes', 'name': 'Footnotes'}",USA,1,TOP3000,MATRIX,1.0,0.2992,6,7,[],2026-03-01
equity_investment_ownership_ratio,Percentage ownership in an entity accounted for using the equity method.,"{'id': 'fundamental2', 'name': 'Report Footnotes'}","{'id': 'fundamental', 'name': 'Fundamental'}","{'id': 'fundamental-footnotes', 'name': 'Footnotes'}",USA,1,TOP3000,MATRIX,1.0,0.2618,1,1,[],2026-03-01
equity_method_investment_income,Income earned from investments accounted for using the equity method.,"{'id': 'fundamental2', 'name': 'Report Footnotes'}","{'id': 'fundamental', 'name': 'Fundamental'}","{'id': 'fundamental-footnotes', 'name': 'Footnotes'}",USA,1,TOP3000,MATRIX,1.0,0.3892,4,4,[],2026-03-01
equity_method_investment_income_total,Total income from investments accounted for using the equity method.,"{'id': 'fundamental2', 'name': 'Report Footnotes'}","{'id': 'fundamental', 'name': 'Fundamental'}","{'id': 'fundamental-footnotes', 'name': 'Footnotes'}",USA,1,TOP3000,MATRIX,1.0,0.317,0,0,[],2026-03-01
equity_method_investment_total,Total value of investments accounted for using the equity method.,"{'id': 'fundamental2', 'name': 'Report Footnotes'}","{'id': 'fundamental', 'name': 'Fundamental'}","{'id': 'fundamental-footnotes', 'name': 'Footnotes'}",USA,1,TOP3000,MATRIX,1.0,0.2544,2,3,[],2026-03-01
excess_tax_benefit_sbp_financing,Excess tax benefit realized from share-based compensation in financing activities.,"{'id': 'fundamental2', 'name': 'Report Footnotes'}","{'id': 'fundamental', 'name': 'Fundamental'}","{'id': 'fundamental-footnotes', 'name': 'Footnotes'}",USA,1,TOP3000,MATRIX,1.0,0.4089,3,3,[],2026-03-01
excess_tax_benefit_share_comp_financing,Tax benefit from share-based compensation related to financing activities.,"{'id': 'fundamental2', 'name': 'Report Footnotes'}","{'id': 'fundamental', 'name': 'Fundamental'}","{'id': 'fundamental-footnotes', 'name': 'Footnotes'}",USA,1,TOP3000,MATRIX,1.0,0.3677,1,1,[],2026-03-01
excess_tax_benefit_share_comp_operating,Excess tax benefit realized from share-based compensation in operating activities.,"{'id': 'fundamental2', 'name': 'Report Footnotes'}","{'id': 'fundamental', 'name': 'Fundamental'}","{'id': 'fundamental-footnotes', 'name': 'Footnotes'}",USA,1,TOP3000,MATRIX,1.0,0.2618,0,0,[],2026-03-01
excess_tax_benefit_share_comp_operating_2,Excess tax benefit from share-based compensation recognized in operating activities.,"{'id': 'fundamental2', 'name': 'Report Footnotes'}","{'id': 'fundamental', 'name': 'Fundamental'}","{'id': 'fundamental-footnotes', 'name': 'Footnotes'}",USA,1,TOP3000,MATRIX,1.0,0.2876,3,3,[],2026-03-01
exchange_rate_effect_cash_equivalents,Impact of exchange rate changes on cash and cash equivalents.,"{'id': 'fundamental2', 'name': 'Report Footnotes'}","{'id': 'fundamental', 'name': 'Fundamental'}","{'id': 'fundamental-footnotes', 'name': 'Footnotes'}",USA,1,TOP3000,MATRIX,1.0,0.407,4,4,[],2026-03-01
exchange_rate_effect_on_cash,Effect of exchange rate changes on cash and cash equivalents.,"{'id': 'fundamental2', 'name': 'Report Footnotes'}","{'id': 'fundamental', 'name': 'Fundamental'}","{'id': 'fundamental-footnotes', 'name': 'Footnotes'}",USA,1,TOP3000,MATRIX,1.0,0.4381,115,127,[],2026-03-01
exercisable_option_award_count,Number of share-based payment options currently exercisable.,"{'id': 'fundamental2', 'name': 'Report Footnotes'}","{'id': 'fundamental', 'name': 'Fundamental'}","{'id': 'fundamental-footnotes', 'name': 'Footnotes'}",USA,1,TOP3000,MATRIX,1.0,0.3575,2,8,[],2026-03-01
exercisable_options_avg_exercise_price,Weighted average exercise price for exercisable options.,"{'id': 'fundamental2', 'name': 'Report Footnotes'}","{'id': 'fundamental', 'name': 'Fundamental'}","{'id': 'fundamental-footnotes', 'name': 'Footnotes'}",USA,1,TOP3000,MATRIX,1.0,0.3376,1,1,[],2026-03-01
exercisable_options_avg_exercise_price_2,Weighted average exercise price of exercisable share-based payment options.,"{'id': 'fundamental2', 'name': 'Report Footnotes'}","{'id': 'fundamental', 'name': 'Fundamental'}","{'id': 'fundamental-footnotes', 'name': 'Footnotes'}",USA,1,TOP3000,MATRIX,1.0,0.6844,102,110,[],2026-03-01
exercisable_options_count,Number of share-based payment options that are exercisable.,"{'id': 'fundamental2', 'name': 'Report Footnotes'}","{'id': 'fundamental', 'name': 'Fundamental'}","{'id': 'fundamental-footnotes', 'name': 'Footnotes'}",USA,1,TOP3000,MATRIX,1.0,0.7201,12,14,[],2026-03-01
expected_benefit_payments_year2,Expected benefit payments in the second year under a defined benefit plan.,"{'id': 'fundamental2', 'name': 'Report Footnotes'}","{'id': 'fundamental', 'name': 'Fundamental'}","{'id': 'fundamental-footnotes', 'name': 'Footnotes'}",USA,1,TOP3000,MATRIX,1.0,0.3149,2,5,[],2026-03-01
expected_dividend_rate_share_award_valuation,Expected dividend rate used in valuing share-based awards.,"{'id': 'fundamental2', 'name': 'Report Footnotes'}","{'id': 'fundamental', 'name': 'Fundamental'}","{'id': 'fundamental-footnotes', 'name': 'Footnotes'}",USA,1,TOP3000,MATRIX,1.0,0.3073,3,3,[],2026-03-01
expected_future_benefit_payment_year_three,Expected future benefit payments for defined benefit plans in the third year.,"{'id': 'fundamental2', 'name': 'Report Footnotes'}","{'id': 'fundamental', 'name': 'Fundamental'}","{'id': 'fundamental-footnotes', 'name': 'Footnotes'}",USA,1,TOP3000,MATRIX,1.0,0.3148,0,0,[],2026-03-01
expected_return_on_pension_plan_assets,Expected return on assets in a defined benefit plan.,"{'id': 'fundamental2', 'name': 'Report Footnotes'}","{'id': 'fundamental', 'name': 'Fundamental'}","{'id': 'fundamental-footnotes', 'name': 'Footnotes'}",USA,1,TOP3000,MATRIX,1.0,0.2859,2,2,[],2026-03-01
face_value_debt_instrument,Principal amount of a debt instrument.,"{'id': 'fundamental2', 'name': 'Report Footnotes'}","{'id': 'fundamental', 'name': 'Fundamental'}","{'id': 'fundamental-footnotes', 'name': 'Footnotes'}",USA,1,TOP3000,MATRIX,1.0,0.493,22,23,[],2026-03-01
fair_value_derivative_liabilities,Fair value of derivative liabilities.,"{'id': 'fundamental2', 'name': 'Report Footnotes'}","{'id': 'fundamental', 'name': 'Fundamental'}","{'id': 'fundamental-footnotes', 'name': 'Footnotes'}",USA,1,TOP3000,MATRIX,1.0,0.5304,7,8,[],2026-03-01
fair_value_liabilities_level_three,Fair value of liabilities measured using significant unobservable inputs (Level 3).,"{'id': 'fundamental2', 'name': 'Report Footnotes'}","{'id': 'fundamental', 'name': 'Fundamental'}","{'id': 'fundamental-footnotes', 'name': 'Footnotes'}",USA,1,TOP3000,MATRIX,1.0,0.3279,33,35,[],2026-03-01
federal_income_tax_rate_statutory,Statutory federal income tax rate applicable to the entity.,"{'id': 'fundamental2', 'name': 'Report Footnotes'}","{'id': 'fundamental', 'name': 'Fundamental'}","{'id': 'fundamental-footnotes', 'name': 'Footnotes'}",USA,1,TOP3000,MATRIX,1.0,0.2889,5,5,[],2026-03-01
federal_statutory_tax_rate,Federal statutory income tax rate applicable to the entity.,"{'id': 'fundamental2', 'name': 'Report Footnotes'}","{'id': 'fundamental', 'name': 'Fundamental'}","{'id': 'fundamental-footnotes', 'name': 'Footnotes'}",USA,1,TOP3000,MATRIX,1.0,0.725,118,151,[],2026-03-01
federal_tax_rate_income_tax_reconciliation,Income tax expense or benefit at federal statutory tax rate for reconciliation.,"{'id': 'fundamental2', 'name': 'Report Footnotes'}","{'id': 'fundamental', 'name': 'Fundamental'}","{'id': 'fundamental-footnotes', 'name': 'Footnotes'}",USA,1,TOP3000,MATRIX,1.0,0.4674,10,11,[],2026-03-01
financing_costs_amortization,Amortization expense for financing costs.,"{'id': 'fundamental2', 'name': 'Report Footnotes'}","{'id': 'fundamental', 'name': 'Fundamental'}","{'id': 'fundamental-footnotes', 'name': 'Footnotes'}",USA,1,TOP3000,MATRIX,1.0,0.3336,52,69,[],2026-03-01
financing_costs_amortization_total,Total amortization expense for financing costs.,"{'id': 'fundamental2', 'name': 'Report Footnotes'}","{'id': 'fundamental', 'name': 'Fundamental'}","{'id': 'fundamental-footnotes', 'name': 'Footnotes'}",USA,1,TOP3000,MATRIX,1.0,0.3084,52,60,[],2026-03-01
finite_intangibles_gross_value,Gross value of finite-lived intangible assets.,"{'id': 'fundamental2', 'name': 'Report Footnotes'}","{'id': 'fundamental', 'name': 'Fundamental'}","{'id': 'fundamental-footnotes', 'name': 'Footnotes'}",USA,1,TOP3000,MATRIX,1.0,0.6107,6,6,[],2026-03-01
fn_accrued_liab_a,"Carrying value as of the balance sheet date of obligations incurred and payable, pertaining to costs that are statutory in nature, are incurred on contractual obligations, or accumulate over time and for which invoices have not yet been received or will not be rendered.","{'id': 'fundamental2', 'name': 'Report Footnotes'}","{'id': 'fundamental', 'name': 'Fundamental'}","{'id': 'fundamental-footnotes', 'name': 'Footnotes'}",USA,1,TOP3000,MATRIX,,0.3934,3767,7342,[],2022-05-01
fn_accrued_liab_curr_a,"Carrying value as of the balance sheet date of obligations incurred and payable, pertaining to costs that are statutory in nature, are incurred on contractual obligations, or accumulate over time and for which invoices have not yet been received or will not be rendered.","{'id': 'fundamental2', 'name': 'Report Footnotes'}","{'id': 'fundamental', 'name': 'Fundamental'}","{'id': 'fundamental-footnotes', 'name': 'Footnotes'}",USA,1,TOP3000,MATRIX,,0.3644,581,1394,[],2022-05-01
fn_accrued_liab_curr_q,"Carrying value as of the balance sheet date of obligations incurred and payable, pertaining to costs that are statutory in nature, are incurred on contractual obligations, or accumulate over time and for which invoices have not yet been received or will not be rendered.","{'id': 'fundamental2', 'name': 'Report Footnotes'}","{'id': 'fundamental', 'name': 'Fundamental'}","{'id': 'fundamental-footnotes', 'name': 'Footnotes'}",USA,1,TOP3000,MATRIX,,0.3403,656,1291,[],2022-05-01
fn_accrued_liab_q,"Carrying value as of the balance sheet date of obligations incurred and payable, pertaining to costs that are statutory in nature, are incurred on contractual obligations, or accumulate over time and for which invoices have not yet been received or will not be rendered.","{'id': 'fundamental2', 'name': 'Report Footnotes'}","{'id': 'fundamental', 'name': 'Fundamental'}","{'id': 'fundamental-footnotes', 'name': 'Footnotes'}",USA,1,TOP3000,MATRIX,,0.365,627,1255,[],2022-05-01
fn_accum_depr_depletion_and_amortization_ppne_a,"Amount of accumulated depreciation, depletion and amortization for physical assets used in the normal conduct of business to produce goods and services.","{'id': 'fundamental2', 'name': 'Report Footnotes'}","{'id': 'fundamental', 'name': 'Fundamental'}","{'id': 'fundamental-footnotes', 'name': 'Footnotes'}",USA,1,TOP3000,MATRIX,,0.6261,347,772,[],2022-05-01
fn_accum_depr_depletion_and_amortization_ppne_q,"Amount of accumulated depreciation, depletion and amortization for physical assets used in the normal conduct of business to produce goods and services.","{'id': 'fundamental2', 'name': 'Report Footnotes'}","{'id': 'fundamental', 'name': 'Fundamental'}","{'id': 'fundamental-footnotes', 'name': 'Footnotes'}",USA,1,TOP3000,MATRIX,,0.3754,147,329,[],2022-05-01
fn_accum_oth_income_loss_fx_adj_net_of_tax_a,"Accumulated adjustment, net of tax, that results from the process of translating subsidiary financial statements and foreign equity investments into the reporting currency from the functional currency of the reporting entity, net of reclassification of realized foreign currency translation gains or losses.","{'id': 'fundamental2', 'name': 'Report Footnotes'}","{'id': 'fundamental', 'name': 'Fundamental'}","{'id': 'fundamental-footnotes', 'name': 'Footnotes'}",USA,1,TOP3000,MATRIX,,0.3208,330,610,[],2022-05-01
fn_accum_oth_income_loss_fx_adj_net_of_tax_q,"Accumulated adjustment, net of tax, that results from the process of translating subsidiary financial statements and foreign equity investments into the reporting currency from the functional currency of the reporting entity, net of reclassification of realized foreign currency translation gains or losses.","{'id': 'fundamental2', 'name': 'Report Footnotes'}","{'id': 'fundamental', 'name': 'Fundamental'}","{'id': 'fundamental-footnotes', 'name': 'Footnotes'}",USA,1,TOP3000,MATRIX,,0.2579,85,242,[],2022-05-01
fn_accum_oth_income_loss_net_of_tax_a,"Accumulated change in equity from transactions and other events and circumstances from non-owner sources, net of tax effect, at period end. Excludes Net Income (Loss), and accumulated changes in equity from transactions resulting from investments by owners and distributions to owners. Includes foreign currency translation items, certain pension adjustments, unrealized gains and losses on certain investments in debt and equity securities, other than temporary impairment (OTTI) losses related to factors other than credit losses on available-for-sale and held-to-maturity debt securities that an entity does not intend to sell and it is not more likely than not that the entity will be required to sell before recovery of the amortized cost basis, as well as changes in the fair value of derivatives related to the effective portion of a designated cash flow hedge.","{'id': 'fundamental2', 'name': 'Report Footnotes'}","{'id': 'fundamental', 'name': 'Fundamental'}","{'id': 'fundamental-footnotes', 'name': 'Footnotes'}",USA,1,TOP3000,MATRIX,,0.6936,1083,2037,[],2022-05-01
fn_accum_oth_income_loss_net_of_tax_q,"Accumulated change in equity from transactions and other events and circumstances from non-owner sources, net of tax effect, at period end. Excludes Net Income (Loss), and accumulated changes in equity from transactions resulting from investments by owners and distributions to owners. Includes foreign currency translation items, certain pension adjustments, unrealized gains and losses on certain investments in debt and equity securities, other than temporary impairment (OTTI) losses related to factors other than credit losses on available-for-sale and held-to-maturity debt securities that an entity does not intend to sell and it is not more likely than not that the entity will be required to sell before recovery of the amortized cost basis, as well as changes in the fair value of derivatives related to the effective portion of a designated cash flow hedge.","{'id': 'fundamental2', 'name': 'Report Footnotes'}","{'id': 'fundamental', 'name': 'Fundamental'}","{'id': 'fundamental-footnotes', 'name': 'Footnotes'}",USA,1,TOP3000,MATRIX,,0.6597,334,805,[],2022-05-01
fn_allocated_share_based_compensation_expense_a,"Represents the expense recognized during the period arising from equity-based compensation arrangements (for example, shares of stock, unit, stock options or other equity instruments) with employees, directors and certain consultants qualifying for treatment as employees.","{'id': 'fundamental2', 'name': 'Report Footnotes'}","{'id': 'fundamental', 'name': 'Fundamental'}","{'id': 'fundamental-footnotes', 'name': 'Footnotes'}",USA,1,TOP3000,MATRIX,,0.6739,507,1023,[],2022-05-01
fn_allocated_share_based_compensation_expense_q,"Represents the expense recognized during the period arising from equity-based compensation arrangements (for example, shares of stock, units, stock options, or other equity instruments) with employees, directors, and certain consultants qualifying for treatment as employees.","{'id': 'fundamental2', 'name': 'Report Footnotes'}","{'id': 'fundamental', 'name': 'Fundamental'}","{'id': 'fundamental-footnotes', 'name': 'Footnotes'}",USA,1,TOP3000,MATRIX,,0.6541,423,1181,[],2022-05-01
fn_allowance_for_doubtful_accounts_receivable_a,"For an unclassified balance sheet, a valuation allowance for receivables due a company that are expected to be uncollectible.","{'id': 'fundamental2', 'name': 'Report Footnotes'}","{'id': 'fundamental', 'name': 'Fundamental'}","{'id': 'fundamental-footnotes', 'name': 'Footnotes'}",USA,1,TOP3000,MATRIX,,0.5199,237,542,[],2022-05-01
fn_allowance_for_doubtful_accounts_receivable_q,"For an unclassified balance sheet, a valuation allowance for receivables due a company that are expected to be uncollectible.","{'id': 'fundamental2', 'name': 'Report Footnotes'}","{'id': 'fundamental', 'name': 'Fundamental'}","{'id': 'fundamental-footnotes', 'name': 'Footnotes'}",USA,1,TOP3000,MATRIX,,0.3784,152,291,[],2022-05-01
fn_amortization_of_intangible_assets_a,"The aggregate expense charged against earnings to allocate the cost of intangible assets (nonphysical assets not used in production) in a systematic and rational manner to the periods expected to benefit from such assets. As a noncash expense, this element is added back to net income when calculating cash provided by or used in operations using the indirect method.","{'id': 'fundamental2', 'name': 'Report Footnotes'}","{'id': 'fundamental', 'name': 'Fundamental'}","{'id': 'fundamental-footnotes', 'name': 'Footnotes'}",USA,1,TOP3000,MATRIX,,0.4911,202,389,[],2022-05-01
fn_amortization_of_intangible_assets_q,"The aggregate expense charged against earnings to allocate the cost of intangible assets (nonphysical assets not used in production) in a systematic and rational manner to the periods expected to benefit from such assets. As a noncash expense, this element is added back to net income when calculating cash provided by or used in operations using the indirect method.","{'id': 'fundamental2', 'name': 'Report Footnotes'}","{'id': 'fundamental', 'name': 'Fundamental'}","{'id': 'fundamental-footnotes', 'name': 'Footnotes'}",USA,1,TOP3000,MATRIX,,0.3819,160,442,[],2022-05-01
fn_antidilutive_securities_excl_from_eps_a,Securities (including those issuable pursuant to contingent stock agreements) that could potentially dilute basic earnings per share (EPS) or earnings per unit (EPU) in the future that were not included in the computation of diluted EPS or EPU because to do so would increase EPS or EPU amounts or decrease loss per share or unit amounts for the period presented.,"{'id': 'fundamental2', 'name': 'Report Footnotes'}","{'id': 'fundamental', 'name': 'Fundamental'}","{'id': 'fundamental-footnotes', 'name': 'Footnotes'}",USA,1,TOP3000,MATRIX,,0.6007,343,913,[],2022-05-01
fn_antidilutive_securities_excl_from_eps_q,Securities (including those issuable pursuant to contingent stock agreements) that could potentially dilute basic earnings per share (EPS) or earnings per unit (EPU) in the future that were not included in the computation of diluted EPS or EPU because to do so would increase EPS or EPU amounts or decrease loss per share or unit amounts for the period presented.,"{'id': 'fundamental2', 'name': 'Report Footnotes'}","{'id': 'fundamental', 'name': 'Fundamental'}","{'id': 'fundamental-footnotes', 'name': 'Footnotes'}",USA,1,TOP3000,MATRIX,,0.5838,213,654,[],2022-05-01
fn_assets_fair_val_a,"Asset Fair Value, Recurring, Total","{'id': 'fundamental2', 'name': 'Report Footnotes'}","{'id': 'fundamental', 'name': 'Fundamental'}","{'id': 'fundamental-footnotes', 'name': 'Footnotes'}",USA,1,TOP3000,MATRIX,,0.3258,592,1017,[],2022-05-01
fn_assets_fair_val_l1_a,"Asset Fair Value, Recurring, Level 1","{'id': 'fundamental2', 'name': 'Report Footnotes'}","{'id': 'fundamental', 'name': 'Fundamental'}","{'id': 'fundamental-footnotes', 'name': 'Footnotes'}",USA,1,TOP3000,MATRIX,,0.3965,125,319,[],2022-05-01
fn_assets_fair_val_l1_q,"Asset Fair Value, Recurring, Level 1","{'id': 'fundamental2', 'name': 'Report Footnotes'}","{'id': 'fundamental', 'name': 'Fundamental'}","{'id': 'fundamental-footnotes', 'name': 'Footnotes'}",USA,1,TOP3000,MATRIX,,0.3838,129,295,[],2022-05-01
fn_assets_fair_val_l2_a,"Asset Fair Value, Recurring, Level 2","{'id': 'fundamental2', 'name': 'Report Footnotes'}","{'id': 'fundamental', 'name': 'Fundamental'}","{'id': 'fundamental-footnotes', 'name': 'Footnotes'}",USA,1,TOP3000,MATRIX,,0.3939,221,451,[],2022-05-01
fn_assets_fair_val_l2_q,"Asset Fair Value, Recurring, Level 2","{'id': 'fundamental2', 'name': 'Report Footnotes'}","{'id': 'fundamental', 'name': 'Fundamental'}","{'id': 'fundamental-footnotes', 'name': 'Footnotes'}",USA,1,TOP3000,MATRIX,,0.3812,93,230,[],2022-05-01
fn_assets_fair_val_l3_a,"Asset Fair Value, Recurring, Level 3","{'id': 'fundamental2', 'name': 'Report Footnotes'}","{'id': 'fundamental', 'name': 'Fundamental'}","{'id': 'fundamental-footnotes', 'name': 'Footnotes'}",USA,1,TOP3000,MATRIX,,0.3873,194,482,[],2022-05-01
fn_assets_fair_val_l3_q,"Asset Fair Value, Recurring, Level 3","{'id': 'fundamental2', 'name': 'Report Footnotes'}","{'id': 'fundamental', 'name': 'Fundamental'}","{'id': 'fundamental-footnotes', 'name': 'Footnotes'}",USA,1,TOP3000,MATRIX,,0.3813,256,390,[],2022-05-01
fn_assets_fair_val_q,"Asset Fair Value, Recurring, Total","{'id': 'fundamental2', 'name': 'Report Footnotes'}","{'id': 'fundamental', 'name': 'Fundamental'}","{'id': 'fundamental-footnotes', 'name': 'Footnotes'}",USA,1,TOP3000,MATRIX,,0.3347,85,195,[],2022-05-01
fn_avg_diluted_sharesout_adj_a,The sum of dilutive potential common shares or units used in the calculation of the diluted per-share or per-unit computation.,"{'id': 'fundamental2', 'name': 'Report Footnotes'}","{'id': 'fundamental', 'name': 'Fundamental'}","{'id': 'fundamental-footnotes', 'name': 'Footnotes'}",USA,1,TOP3000,MATRIX,,0.58,122,218,[],2022-05-01
fn_avg_diluted_sharesout_adj_q,The sum of dilutive potential common shares or units used in the calculation of the diluted per-share or per-unit computation.,"{'id': 'fundamental2', 'name': 'Report Footnotes'}","{'id': 'fundamental', 'name': 'Fundamental'}","{'id': 'fundamental-footnotes', 'name': 'Footnotes'}",USA,1,TOP3000,MATRIX,,0.5733,126,242,[],2022-05-01
fn_business_acq_ppne_a,"Business Combination, Assumed Property, Plant and Equipment","{'id': 'fundamental2', 'name': 'Report Footnotes'}","{'id': 'fundamental', 'name': 'Fundamental'}","{'id': 'fundamental-footnotes', 'name': 'Footnotes'}",USA,1,TOP3000,MATRIX,,0.2265,1187,1986,[],2022-05-01
fn_business_acq_ppne_q,"Business Combination, Assumed Property Plant And Equipment","{'id': 'fundamental2', 'name': 'Report Footnotes'}","{'id': 'fundamental', 'name': 'Fundamental'}","{'id': 'fundamental-footnotes', 'name': 'Footnotes'}",USA,1,TOP3000,MATRIX,,0.279,102,184,[],2022-05-01
fn_business_combination_assets_aquired_goodwill_a,"Business Combination, Portion of Purchase Price Allocated to Goodwill","{'id': 'fundamental2', 'name': 'Report Footnotes'}","{'id': 'fundamental', 'name': 'Fundamental'}","{'id': 'fundamental-footnotes', 'name': 'Footnotes'}",USA,1,TOP3000,MATRIX,,0.3121,86,236,[],2022-05-01
fn_business_combination_assets_aquired_goodwill_q,"Business Combination, Portion of Purchase Price Allocated to Goodwill","{'id': 'fundamental2', 'name': 'Report Footnotes'}","{'id': 'fundamental', 'name': 'Fundamental'}","{'id': 'fundamental-footnotes', 'name': 'Footnotes'}",USA,1,TOP3000,MATRIX,,0.3564,93,236,[],2022-05-01
fn_business_combination_purchase_price_a,"Business Combination, Purchase Price","{'id': 'fundamental2', 'name': 'Report Footnotes'}","{'id': 'fundamental', 'name': 'Fundamental'}","{'id': 'fundamental-footnotes', 'name': 'Footnotes'}",USA,1,TOP3000,MATRIX,,0.4787,192,428,[],2022-05-01
fn_business_combination_purchase_price_q,"Business Combination, Purchase Price","{'id': 'fundamental2', 'name': 'Report Footnotes'}","{'id': 'fundamental', 'name': 'Fundamental'}","{'id': 'fundamental-footnotes', 'name': 'Footnotes'}",USA,1,TOP3000,MATRIX,,0.4317,141,306,[],2022-05-01
fn_comp_fair_value_assumptions_weighted_avg_vol_rate_a,Weighted average expected volatility rate of share-based compensation awards.,"{'id': 'fundamental2', 'name': 'Report Footnotes'}","{'id': 'fundamental', 'name': 'Fundamental'}","{'id': 'fundamental-footnotes', 'name': 'Footnotes'}",USA,1,TOP3000,MATRIX,,0.548,149,479,[],2022-05-01
fn_comp_fair_value_assumptions_weighted_avg_vol_rate_q,Weighted average expected volatility rate of share-based compensation awards.,"{'id': 'fundamental2', 'name': 'Report Footnotes'}","{'id': 'fundamental', 'name': 'Fundamental'}","{'id': 'fundamental-footnotes', 'name': 'Footnotes'}",USA,1,TOP3000,MATRIX,,0.256,173,369,[],2022-05-01
fn_comp_non_opt_forfeited_a,"The number of equity-based payment instruments, excluding stock (or unit) options, that were forfeited during the reporting period.","{'id': 'fundamental2', 'name': 'Report Footnotes'}","{'id': 'fundamental', 'name': 'Fundamental'}","{'id': 'fundamental-footnotes', 'name': 'Footnotes'}",USA,1,TOP3000,MATRIX,,0.5821,425,869,[],2022-05-01
fn_comp_non_opt_forfeited_q,"The number of equity-based payment instruments, excluding stock (or unit) options, that were forfeited during the reporting period.","{'id': 'fundamental2', 'name': 'Report Footnotes'}","{'id': 'fundamental', 'name': 'Fundamental'}","{'id': 'fundamental-footnotes', 'name': 'Footnotes'}",USA,1,TOP3000,MATRIX,,0.2828,221,290,[],2022-05-01
fn_comp_non_opt_grants_a,"The number of grants made during the period on other than stock (or unit) option plans (for example, phantom stock or unit plan, stock or unit appreciation rights plan, performance target plan).","{'id': 'fundamental2', 'name': 'Report Footnotes'}","{'id': 'fundamental', 'name': 'Fundamental'}","{'id': 'fundamental-footnotes', 'name': 'Footnotes'}",USA,1,TOP3000,MATRIX,,0.6128,450,972,[],2022-05-01
fn_comp_non_opt_grants_q,"The number of grants made during the period on other than stock (or unit) option plans (for example, phantom stock or unit plan, stock or unit appreciation rights plan, performance target plan).","{'id': 'fundamental2', 'name': 'Report Footnotes'}","{'id': 'fundamental', 'name': 'Fundamental'}","{'id': 'fundamental-footnotes', 'name': 'Footnotes'}",USA,1,TOP3000,MATRIX,,0.4045,86,176,[],2022-05-01
fn_comp_non_opt_nonvested_number_a,"The number of non-vested equity-based payment instruments, excluding stock (or unit) options, that validly exist and are outstanding as of the balance sheet date.","{'id': 'fundamental2', 'name': 'Report Footnotes'}","{'id': 'fundamental', 'name': 'Fundamental'}","{'id': 'fundamental-footnotes', 'name': 'Footnotes'}",USA,1,TOP3000,MATRIX,,0.6201,476,760,[],2022-05-01
fn_comp_non_opt_nonvested_number_q,"The number of non-vested equity-based payment instruments, excluding stock (or unit) options, that validly exist and are outstanding as of the balance sheet date.","{'id': 'fundamental2', 'name': 'Report Footnotes'}","{'id': 'fundamental', 'name': 'Fundamental'}","{'id': 'fundamental-footnotes', 'name': 'Footnotes'}",USA,1,TOP3000,MATRIX,,0.3592,103,262,[],2022-05-01
fn_comp_non_opt_vested_a,"The number of equity-based payment instruments, excluding stock (or unit) options, that vested during the reporting period.","{'id': 'fundamental2', 'name': 'Report Footnotes'}","{'id': 'fundamental', 'name': 'Fundamental'}","{'id': 'fundamental-footnotes', 'name': 'Footnotes'}",USA,1,TOP3000,MATRIX,,0.6077,359,619,[],2022-05-01
fn_comp_non_opt_vested_q,"The number of equity-based payment instruments, excluding stock (or unit) options, that vested during the reporting period.","{'id': 'fundamental2', 'name': 'Report Footnotes'}","{'id': 'fundamental', 'name': 'Fundamental'}","{'id': 'fundamental-footnotes', 'name': 'Footnotes'}",USA,1,TOP3000,MATRIX,,0.2958,168,446,[],2022-05-01
fn_comp_not_rec_a,Unrecognized cost of unvested share-based compensation awards.,"{'id': 'fundamental2', 'name': 'Report Footnotes'}","{'id': 'fundamental', 'name': 'Fundamental'}","{'id': 'fundamental-footnotes', 'name': 'Footnotes'}",USA,1,TOP3000,MATRIX,,0.6526,958,1583,[],2022-05-01
fn_comp_not_rec_q,Unrecognized cost of unvested share-based compensation awards.,"{'id': 'fundamental2', 'name': 'Report Footnotes'}","{'id': 'fundamental', 'name': 'Fundamental'}","{'id': 'fundamental-footnotes', 'name': 'Footnotes'}",USA,1,TOP3000,MATRIX,,0.3782,185,417,[],2022-05-01
fn_comp_not_rec_stock_options_a,Unrecognized cost of unvested stock option awards.,"{'id': 'fundamental2', 'name': 'Report Footnotes'}","{'id': 'fundamental', 'name': 'Fundamental'}","{'id': 'fundamental-footnotes', 'name': 'Footnotes'}",USA,1,TOP3000,MATRIX,,0.5245,282,445,[],2022-05-01
fn_comp_not_rec_stock_options_q,Unrecognized cost of unvested stock option awards.,"{'id': 'fundamental2', 'name': 'Report Footnotes'}","{'id': 'fundamental', 'name': 'Fundamental'}","{'id': 'fundamental-footnotes', 'name': 'Footnotes'}",USA,1,TOP3000,MATRIX,,0.2975,402,663,[],2022-05-01
fn_comp_number_of_shares_authorized_a,"Count of unique IDs of industry participants. Industry stands for an aggregate view of all  equity clearance activity for the date, symbol, and transaction type in question.","{'id': 'fundamental2', 'name': 'Report Footnotes'}","{'id': 'fundamental', 'name': 'Fundamental'}","{'id': 'fundamental-footnotes', 'name': 'Footnotes'}",USA,1,TOP3000,MATRIX,,0.4325,66,172,[],2022-05-01
fn_comp_number_of_shares_authorized_q,"The maximum number of shares (or other type of equity) originally approved (usually by shareholders and board of directors), net of any subsequent amendments and adjustments, for awards under the equity-based compensation plan. As stock or unit options and equity instruments other than options are awarded to participants, the shares or units remain authorized and become reserved for issuance under outstanding awards (not necessarily vested).","{'id': 'fundamental2', 'name': 'Report Footnotes'}","{'id': 'fundamental', 'name': 'Fundamental'}","{'id': 'fundamental-footnotes', 'name': 'Footnotes'}",USA,1,TOP3000,MATRIX,,0.2648,101,164,[],2022-05-01
fn_comp_options_exercisable_number_a,The number of shares into which fully or partially vested stock options outstanding as of the balance sheet date can be currently converted under the option plan.,"{'id': 'fundamental2', 'name': 'Report Footnotes'}","{'id': 'fundamental', 'name': 'Fundamental'}","{'id': 'fundamental-footnotes', 'name': 'Footnotes'}",USA,1,TOP3000,MATRIX,,0.5859,212,793,[],2022-05-01
fn_comp_options_exercisable_number_q,The number of shares into which fully or partially vested stock options outstanding as of the balance sheet date can be currently converted under the option plan.,"{'id': 'fundamental2', 'name': 'Report Footnotes'}","{'id': 'fundamental', 'name': 'Fundamental'}","{'id': 'fundamental-footnotes', 'name': 'Footnotes'}",USA,1,TOP3000,MATRIX,,0.2676,96,220,[],2022-05-01
fn_comp_options_exercisable_weighted_avg_a,The weighted-average price as of the balance sheet date at which grantees can acquire the shares reserved for issuance on vested portions of options outstanding and currently exercisable under the stock option plan.,"{'id': 'fundamental2', 'name': 'Report Footnotes'}","{'id': 'fundamental', 'name': 'Fundamental'}","{'id': 'fundamental-footnotes', 'name': 'Footnotes'}",USA,1,TOP3000,MATRIX,,0.5773,198,342,[],2022-05-01
fn_comp_options_exercisable_weighted_avg_q,The weighted-average price as of the balance sheet date at which grantees can acquire the shares reserved for issuance on vested portions of options outstanding and currently exercisable under the stock option plan.,"{'id': 'fundamental2', 'name': 'Report Footnotes'}","{'id': 'fundamental', 'name': 'Fundamental'}","{'id': 'fundamental-footnotes', 'name': 'Footnotes'}",USA,1,TOP3000,MATRIX,,0.2741,98,336,[],2022-05-01
fn_comp_options_exercises_weighted_avg_a,"Share-Based Compensation, Options Assumed, Weighted Average Exercise Price","{'id': 'fundamental2', 'name': 'Report Footnotes'}","{'id': 'fundamental', 'name': 'Fundamental'}","{'id': 'fundamental-footnotes', 'name': 'Footnotes'}",USA,1,TOP3000,MATRIX,,0.6187,762,1137,[],2022-05-01
fn_comp_options_exercises_weighted_avg_q,"Share-Based Compensation, Options Assumed, Weighted Average Exercise Price","{'id': 'fundamental2', 'name': 'Report Footnotes'}","{'id': 'fundamental', 'name': 'Fundamental'}","{'id': 'fundamental-footnotes', 'name': 'Footnotes'}",USA,1,TOP3000,MATRIX,,0.2841,79,264,[],2022-05-01
fn_comp_options_forfeitures_and_expirations_a,"For presentations that combine terminations, the number of shares under options that were canceled during the reporting period as a result of occurrence of a terminating event specified in contractual agreements pertaining to the stock option plan or that expired.","{'id': 'fundamental2', 'name': 'Report Footnotes'}","{'id': 'fundamental', 'name': 'Fundamental'}","{'id': 'fundamental-footnotes', 'name': 'Footnotes'}",USA,1,TOP3000,MATRIX,,0.5913,306,752,[],2022-05-01
fn_comp_options_forfeitures_and_expirations_q,"For presentations that combine terminations, the number of shares under options that were cancelled during the reporting period as a result of occurrence of a terminating event specified in contractual agreements pertaining to the stock option plan or that expired.","{'id': 'fundamental2', 'name': 'Report Footnotes'}","{'id': 'fundamental', 'name': 'Fundamental'}","{'id': 'fundamental-footnotes', 'name': 'Footnotes'}",USA,1,TOP3000,MATRIX,,0.2751,71,242,[],2022-05-01
fn_comp_options_grants_a,Net number of share options (or share units) granted during the period.,"{'id': 'fundamental2', 'name': 'Report Footnotes'}","{'id': 'fundamental', 'name': 'Fundamental'}","{'id': 'fundamental-footnotes', 'name': 'Footnotes'}",USA,1,TOP3000,MATRIX,,0.6394,808,1473,[],2022-05-01
fn_comp_options_grants_fair_value_a,Annual Share-Based Compensation Arrangement by Share-Based Payment Award Options Grants in Period Weighted Average Grant Date Fair Value,"{'id': 'fundamental2', 'name': 'Report Footnotes'}","{'id': 'fundamental', 'name': 'Fundamental'}","{'id': 'fundamental-footnotes', 'name': 'Footnotes'}",USA,1,TOP3000,MATRIX,,0.5162,238,622,[],2022-05-01
fn_comp_options_grants_fair_value_q,Annual Share-Based Compensation Arrangement by Share-Based Payment Award Options Grants in Period Weighted Average Grant Date Fair Value,"{'id': 'fundamental2', 'name': 'Report Footnotes'}","{'id': 'fundamental', 'name': 'Fundamental'}","{'id': 'fundamental-footnotes', 'name': 'Footnotes'}",USA,1,TOP3000,MATRIX,,0.2391,93,325,[],2022-05-01
fn_comp_options_grants_q,Net number of share options (or share units) granted during the period.,"{'id': 'fundamental2', 'name': 'Report Footnotes'}","{'id': 'fundamental', 'name': 'Fundamental'}","{'id': 'fundamental-footnotes', 'name': 'Footnotes'}",USA,1,TOP3000,MATRIX,,0.4532,112,281,[],2022-05-01
fn_comp_options_grants_weighted_avg_a,Weighted average price at which grantees could have acquired the underlying shares with respect to stock options that were terminated.,"{'id': 'fundamental2', 'name': 'Report Footnotes'}","{'id': 'fundamental', 'name': 'Fundamental'}","{'id': 'fundamental-footnotes', 'name': 'Footnotes'}",USA,1,TOP3000,MATRIX,,0.5721,396,681,[],2022-05-01
fn_comp_options_grants_weighted_avg_q,Weighted average price at which grantees could have acquired the underlying shares with respect to stock options that were terminated.,"{'id': 'fundamental2', 'name': 'Report Footnotes'}","{'id': 'fundamental', 'name': 'Fundamental'}","{'id': 'fundamental-footnotes', 'name': 'Footnotes'}",USA,1,TOP3000,MATRIX,,0.2882,1122,1473,[],2022-05-01
fn_comp_options_out_intrinsic_value_a,The intrinsic value of a stock option is the amount by which the market value of the underlying stock exceeds the exercise price of the option.,"{'id': 'fundamental2', 'name': 'Report Footnotes'}","{'id': 'fundamental', 'name': 'Fundamental'}","{'id': 'fundamental-footnotes', 'name': 'Footnotes'}",USA,1,TOP3000,MATRIX,,0.5311,413,594,[],2022-05-01
fn_comp_options_out_intrinsic_value_q,The intrinsic value of a stock option is the amount by which the market value of the underlying stock exceeds the exercise price of the option.,"{'id': 'fundamental2', 'name': 'Report Footnotes'}","{'id': 'fundamental', 'name': 'Fundamental'}","{'id': 'fundamental-footnotes', 'name': 'Footnotes'}",USA,1,TOP3000,MATRIX,,0.2228,70,182,[],2022-05-01
fn_comp_options_out_number_a,"Number of options outstanding, including both vested and non-vested options.","{'id': 'fundamental2', 'name': 'Report Footnotes'}","{'id': 'fundamental', 'name': 'Fundamental'}","{'id': 'fundamental-footnotes', 'name': 'Footnotes'}",USA,1,TOP3000,MATRIX,,0.6182,258,606,[],2022-05-01
fn_comp_options_out_number_q,"Number of options outstanding, including both vested and non-vested options.","{'id': 'fundamental2', 'name': 'Report Footnotes'}","{'id': 'fundamental', 'name': 'Fundamental'}","{'id': 'fundamental-footnotes', 'name': 'Footnotes'}",USA,1,TOP3000,MATRIX,,0.3431,118,276,[],2022-05-01
fn_comp_options_out_weighted_avg_a,Weighted average price at which grantees can acquire the shares reserved for issuance under the stock option plan.,"{'id': 'fundamental2', 'name': 'Report Footnotes'}","{'id': 'fundamental', 'name': 'Fundamental'}","{'id': 'fundamental-footnotes', 'name': 'Footnotes'}",USA,1,TOP3000,MATRIX,,0.6533,487,682,[],2022-05-01
fn_comp_options_out_weighted_avg_q,Weighted average price at which grantees can acquire the shares reserved for issuance under the stock option plan.,"{'id': 'fundamental2', 'name': 'Report Footnotes'}","{'id': 'fundamental', 'name': 'Fundamental'}","{'id': 'fundamental-footnotes', 'name': 'Footnotes'}",USA,1,TOP3000,MATRIX,,0.3369,100,244,[],2022-05-01
fn_comprehensive_income_net_of_tax_a,"Amount after tax of increase (decrease) in equity from transactions and other events and circumstances from net income and other comprehensive income, attributable to parent entity. Excludes changes in equity resulting from investments by owners and distributions to owners.","{'id': 'fundamental2', 'name': 'Report Footnotes'}","{'id': 'fundamental', 'name': 'Fundamental'}","{'id': 'fundamental-footnotes', 'name': 'Footnotes'}",USA,1,TOP3000,MATRIX,,0.6078,220,597,[],2022-05-01
fn_comprehensive_income_net_of_tax_q,"Amount after tax of increase (decrease) in equity from transactions and other events and circumstances from net income and other comprehensive income, attributable to parent entity. Excludes changes in equity resulting from investments by owners and distributions to owners.","{'id': 'fundamental2', 'name': 'Report Footnotes'}","{'id': 'fundamental', 'name': 'Fundamental'}","{'id': 'fundamental-footnotes', 'name': 'Footnotes'}",USA,1,TOP3000,MATRIX,,0.6019,108,292,[],2022-05-01
fn_debt_instrument_carrying_amount_a,Debt carrying amount,"{'id': 'fundamental2', 'name': 'Report Footnotes'}","{'id': 'fundamental', 'name': 'Fundamental'}","{'id': 'fundamental-footnotes', 'name': 'Footnotes'}",USA,1,TOP3000,MATRIX,,0.5667,274,661,[],2022-05-01
fn_debt_instrument_carrying_amount_q,Debt carrying amount,"{'id': 'fundamental2', 'name': 'Report Footnotes'}","{'id': 'fundamental', 'name': 'Fundamental'}","{'id': 'fundamental-footnotes', 'name': 'Footnotes'}",USA,1,TOP3000,MATRIX,,0.5288,198,513,[],2022-05-01
fn_debt_instrument_face_amount_a,Debt face amount,"{'id': 'fundamental2', 'name': 'Report Footnotes'}","{'id': 'fundamental', 'name': 'Fundamental'}","{'id': 'fundamental-footnotes', 'name': 'Footnotes'}",USA,1,TOP3000,MATRIX,,0.347,118,240,[],2022-05-01
fn_debt_instrument_face_amount_q,Debt face amount,"{'id': 'fundamental2', 'name': 'Report Footnotes'}","{'id': 'fundamental', 'name': 'Fundamental'}","{'id': 'fundamental-footnotes', 'name': 'Footnotes'}",USA,1,TOP3000,MATRIX,,0.3661,126,228,[],2022-05-01
fn_debt_instrument_interest_rate_stated_percentage_a,Stated percentage of interest rate on debt,"{'id': 'fundamental2', 'name': 'Report Footnotes'}","{'id': 'fundamental', 'name': 'Fundamental'}","{'id': 'fundamental-footnotes', 'name': 'Footnotes'}",USA,1,TOP3000,MATRIX,,0.4176,198,385,[],2022-05-01
fn_debt_instrument_interest_rate_stated_percentage_q,Stated percentage of interest rate on debt,"{'id': 'fundamental2', 'name': 'Report Footnotes'}","{'id': 'fundamental', 'name': 'Fundamental'}","{'id': 'fundamental-footnotes', 'name': 'Footnotes'}",USA,1,TOP3000,MATRIX,,0.4237,168,450,[],2022-05-01
fn_debt_issuance_costs_a,"Amount of debt issuance costs (for example, but not limited to, legal, accounting, broker, and regulatory fees).","{'id': 'fundamental2', 'name': 'Report Footnotes'}","{'id': 'fundamental', 'name': 'Fundamental'}","{'id': 'fundamental-footnotes', 'name': 'Footnotes'}",USA,1,TOP3000,MATRIX,,0.3569,121,244,[],2022-05-01
fn_debt_issuance_costs_q,"Amount of debt issuance costs (for example, but not limited to, legal, accounting, broker, and regulatory fees).","{'id': 'fundamental2', 'name': 'Report Footnotes'}","{'id': 'fundamental', 'name': 'Fundamental'}","{'id': 'fundamental-footnotes', 'name': 'Footnotes'}",USA,1,TOP3000,MATRIX,,0.3178,98,267,[],2022-05-01
fn_def_income_tax_expense_a,"Income Tax Expense, Deferred","{'id': 'fundamental2', 'name': 'Report Footnotes'}","{'id': 'fundamental', 'name': 'Fundamental'}","{'id': 'fundamental-footnotes', 'name': 'Footnotes'}",USA,1,TOP3000,MATRIX,,0.6422,202,445,[],2022-05-01
fn_def_income_tax_expense_q,"Income Tax Expense, Deferred","{'id': 'fundamental2', 'name': 'Report Footnotes'}","{'id': 'fundamental', 'name': 'Fundamental'}","{'id': 'fundamental-footnotes', 'name': 'Footnotes'}",USA,1,TOP3000,MATRIX,,0.4695,124,182,[],2022-05-01
fn_def_tax_assets_liab_net_a,"Amount, after allocation of valuation allowances and deferred tax liability, of deferred tax asset attributable to deductible differences and carryforwards, without jurisdictional netting.","{'id': 'fundamental2', 'name': 'Report Footnotes'}","{'id': 'fundamental', 'name': 'Fundamental'}","{'id': 'fundamental-footnotes', 'name': 'Footnotes'}",USA,1,TOP3000,MATRIX,,0.7058,457,1319,[],2022-05-01
fn_def_tax_assets_liab_net_q,"Amount, after allocation of valuation allowances and deferred tax liability, of deferred tax asset attributable to deductible differences and carryforwards, without jurisdictional netting.","{'id': 'fundamental2', 'name': 'Report Footnotes'}","{'id': 'fundamental', 'name': 'Fundamental'}","{'id': 'fundamental-footnotes', 'name': 'Footnotes'}",USA,1,TOP3000,MATRIX,,0.575,193,334,[],2022-05-01
fn_def_tax_assets_net_a,Deferred Tax Assets Net Of Valuation Allowance,"{'id': 'fundamental2', 'name': 'Report Footnotes'}","{'id': 'fundamental', 'name': 'Fundamental'}","{'id': 'fundamental-footnotes', 'name': 'Footnotes'}",USA,1,TOP3000,MATRIX,,0.6764,273,703,[],2022-05-01
fn_def_tax_assets_net_q,Deferred Tax Assets Net Of Valuation Allowance,"{'id': 'fundamental2', 'name': 'Report Footnotes'}","{'id': 'fundamental', 'name': 'Fundamental'}","{'id': 'fundamental-footnotes', 'name': 'Footnotes'}",USA,1,TOP3000,MATRIX,,0.4391,54,132,[],2022-05-01
fn_def_tax_liab_a,"Amount, after deferred tax asset, of deferred tax liability attributable to taxable differences without jurisdictional netting.","{'id': 'fundamental2', 'name': 'Report Footnotes'}","{'id': 'fundamental', 'name': 'Fundamental'}","{'id': 'fundamental-footnotes', 'name': 'Footnotes'}",USA,1,TOP3000,MATRIX,,0.6465,338,635,[],2022-05-01
fn_def_tax_liab_q,"Amount, after deferred tax asset, of deferred tax liability attributable to taxable differences without jurisdictional netting.","{'id': 'fundamental2', 'name': 'Report Footnotes'}","{'id': 'fundamental', 'name': 'Fundamental'}","{'id': 'fundamental-footnotes', 'name': 'Footnotes'}",USA,1,TOP3000,MATRIX,,0.4532,95,228,[],2022-05-01
fn_derivative_fair_value_of_derivative_asset_a,"Fair value, before effects of master netting arrangements, of a financial asset or other contract with one or more underlyings, notional amount or payment provision or both, and the contract can be net settled by means outside the contract or delivery of an asset. Includes assets elected not to be offset. Excludes assets not subject to a master netting arrangement.","{'id': 'fundamental2', 'name': 'Report Footnotes'}","{'id': 'fundamental', 'name': 'Fundamental'}","{'id': 'fundamental-footnotes', 'name': 'Footnotes'}",USA,1,TOP3000,MATRIX,,0.3613,42,95,[],2022-05-01
fn_derivative_fair_value_of_derivative_asset_q,"Fair value, before effects of master netting arrangements, of a financial asset or other contract with one or more underlyings, notional amount or payment provision or both, and the contract can be net settled by means outside the contract or delivery of an asset. Includes assets elected not to be offset. Excludes assets not subject to a master netting arrangement.","{'id': 'fundamental2', 'name': 'Report Footnotes'}","{'id': 'fundamental', 'name': 'Fundamental'}","{'id': 'fundamental-footnotes', 'name': 'Footnotes'}",USA,1,TOP3000,MATRIX,,0.3551,74,124,[],2022-05-01
fn_derivative_fair_value_of_derivative_liability_a,"Fair value, before effects of master netting arrangements, of a financial liability or contract with one or more underlyings, notional amount or payment provision or both, and the contract can be net settled by means outside the contract or delivery of an asset. Includes liabilities elected not to be offset. Excludes liabilities not subject to a master netting arrangement.","{'id': 'fundamental2', 'name': 'Report Footnotes'}","{'id': 'fundamental', 'name': 'Fundamental'}","{'id': 'fundamental-footnotes', 'name': 'Footnotes'}",USA,1,TOP3000,MATRIX,,0.4062,69,125,[],2022-05-01
fn_derivative_fair_value_of_derivative_liability_q,"Fair value, before effects of master netting arrangements, of a financial liability or contract with one or more underlyings, notional amount or payment provision or both, and the contract can be net settled by means outside the contract or delivery of an asset. Includes liabilities elected not to be offset. Excludes liabilities not subject to a master netting arrangement.","{'id': 'fundamental2', 'name': 'Report Footnotes'}","{'id': 'fundamental', 'name': 'Fundamental'}","{'id': 'fundamental-footnotes', 'name': 'Footnotes'}",USA,1,TOP3000,MATRIX,,0.3972,96,141,[],2022-05-01
fn_derivative_notional_amount_a,Nominal or face amount used to calculate payments on the derivative liability.,"{'id': 'fundamental2', 'name': 'Report Footnotes'}","{'id': 'fundamental', 'name': 'Fundamental'}","{'id': 'fundamental-footnotes', 'name': 'Footnotes'}",USA,1,TOP3000,MATRIX,,0.3662,76,193,[],2022-05-01
fn_derivative_notional_amount_q,Nominal or face amount used to calculate payments on the derivative liability.,"{'id': 'fundamental2', 'name': 'Report Footnotes'}","{'id': 'fundamental', 'name': 'Fundamental'}","{'id': 'fundamental-footnotes', 'name': 'Footnotes'}",USA,1,TOP3000,MATRIX,,0.3718,80,147,[],2022-05-01
fn_eff_income_tax_rate_continuing_operations_a,Percentage of current income tax expense (benefit) and deferred income tax expense (benefit) pertaining to continuing operations.,"{'id': 'fundamental2', 'name': 'Report Footnotes'}","{'id': 'fundamental', 'name': 'Fundamental'}","{'id': 'fundamental-footnotes', 'name': 'Footnotes'}",USA,1,TOP3000,MATRIX,,0.4545,769,1334,[],2022-05-01
fn_eff_income_tax_rate_continuing_operations_q,Percentage of current income tax expense (benefit) and deferred income tax expense (benefit) pertaining to continuing operations.,"{'id': 'fundamental2', 'name': 'Report Footnotes'}","{'id': 'fundamental', 'name': 'Fundamental'}","{'id': 'fundamental-footnotes', 'name': 'Footnotes'}",USA,1,TOP3000,MATRIX,,0.3384,80,140,[],2022-05-01
fn_effect_of_exchange_rate_on_cash_and_equiv_a,Amount of increase (decrease) from the effect of exchange rate changes on cash and cash equivalent balances held in foreign currencies.,"{'id': 'fundamental2', 'name': 'Report Footnotes'}","{'id': 'fundamental', 'name': 'Fundamental'}","{'id': 'fundamental-footnotes', 'name': 'Footnotes'}",USA,1,TOP3000,MATRIX,,0.3914,279,638,[],2022-05-01
fn_effect_of_exchange_rate_on_cash_and_equiv_q,Amount of increase (decrease) from the effect of exchange rate changes on cash and cash equivalent balances held in foreign currencies.,"{'id': 'fundamental2', 'name': 'Report Footnotes'}","{'id': 'fundamental', 'name': 'Fundamental'}","{'id': 'fundamental-footnotes', 'name': 'Footnotes'}",USA,1,TOP3000,MATRIX,,0.377,73,169,[],2022-05-01
fn_employee_related_liab_a,"Total of the carrying values as of the balance sheet date of obligations incurred through that date and payable for obligations related to services received from employees, such as accrued salaries and bonuses, payroll taxes and fringe benefits. For classified balance sheets, used to reflect the current portion of the liabilities (due within 1 year or within the normal operating cycle if longer); for unclassified balance sheets, used to reflect the total liabilities (regardless of due date).","{'id': 'fundamental2', 'name': 'Report Footnotes'}","{'id': 'fundamental', 'name': 'Fundamental'}","{'id': 'fundamental-footnotes', 'name': 'Footnotes'}",USA,1,TOP3000,MATRIX,,0.4928,266,638,[],2022-05-01
fn_employee_related_liab_q,"Total of the carrying values as of the balance sheet date of obligations incurred through that date and payable for obligations related to services received from employees, such as accrued salaries and bonuses, payroll taxes and fringe benefits. For classified balance sheets, used to reflect the current portion of the liabilities (due within 1 year or within the normal operating cycle if longer); for unclassified balance sheets, used to reflect the total liabilities (regardless of due date).","{'id': 'fundamental2', 'name': 'Report Footnotes'}","{'id': 'fundamental', 'name': 'Fundamental'}","{'id': 'fundamental-footnotes', 'name': 'Footnotes'}",USA,1,TOP3000,MATRIX,,0.3552,195,537,[],2022-05-01
fn_entity_common_stock_shares_out_a,"Indicate number of shares or other units outstanding of each of registrant's classes of capital or common stock or other ownership interests, if and as stated on cover of related periodic report. Where multiple classes or units exist define each class/interest by adding class of stock items such as Common Class A [Member], Common Class B [Member] or Partnership Interest [Member] onto the Instrument [Domain] of the Entity Listings, Instrument.","{'id': 'fundamental2', 'name': 'Report Footnotes'}","{'id': 'fundamental', 'name': 'Fundamental'}","{'id': 'fundamental-footnotes', 'name': 'Footnotes'}",USA,1,TOP3000,MATRIX,,0.7161,429,726,[],2022-05-01
fn_entity_common_stock_shares_out_q,"Indicate number of shares or other units outstanding of each of registrant's classes of capital or common stock or other ownership interests, if and as stated on cover of related periodic report. Where multiple classes or units exist define each class/interest by adding class of stock items such as Common Class A [Member], Common Class B [Member] or Partnership Interest [Member] onto the Instrument [Domain] of the Entity Listings, Instrument.","{'id': 'fundamental2', 'name': 'Report Footnotes'}","{'id': 'fundamental', 'name': 'Fundamental'}","{'id': 'fundamental-footnotes', 'name': 'Footnotes'}",USA,1,TOP3000,MATRIX,,0.6857,251,608,[],2022-05-01
fn_excess_tax_benefit_from_share_based_comp_fin_activities_a,Amount of cash inflow from realized tax benefit related to deductible compensation cost reported on the entity's tax return for equity instruments in excess of the compensation cost for those instruments recognized for financial reporting purposes.,"{'id': 'fundamental2', 'name': 'Report Footnotes'}","{'id': 'fundamental', 'name': 'Fundamental'}","{'id': 'fundamental-footnotes', 'name': 'Footnotes'}",USA,1,TOP3000,MATRIX,,0.3858,80,123,[],2022-05-01
fn_excess_tax_benefit_from_share_based_comp_fin_activities_q,Amount of cash inflow from realized tax benefit related to deductible compensation cost reported on the entity's tax return for equity instruments in excess of the compensation cost for those instruments recognized for financial reporting purposes.,"{'id': 'fundamental2', 'name': 'Report Footnotes'}","{'id': 'fundamental', 'name': 'Fundamental'}","{'id': 'fundamental-footnotes', 'name': 'Footnotes'}",USA,1,TOP3000,MATRIX,,0.3511,36,87,[],2022-05-01
fn_finite_lived_intangible_assets_acq_a,"Amount of assets, excluding financial assets and goodwill, lacking physical substance with a finite life acquired.","{'id': 'fundamental2', 'name': 'Report Footnotes'}","{'id': 'fundamental', 'name': 'Fundamental'}","{'id': 'fundamental-footnotes', 'name': 'Footnotes'}",USA,1,TOP3000,MATRIX,,0.2962,60,171,[],2022-05-01
fn_finite_lived_intangible_assets_acq_q,"Amount of assets, excluding financial assets and goodwill, lacking physical substance with a finite life acquired.","{'id': 'fundamental2', 'name': 'Report Footnotes'}","{'id': 'fundamental', 'name': 'Fundamental'}","{'id': 'fundamental-footnotes', 'name': 'Footnotes'}",USA,1,TOP3000,MATRIX,,0.298,55,268,[],2022-05-01
fn_finite_lived_intangible_assets_gross_a,"Amount before amortization of assets, excluding financial assets and goodwill, lacking physical substance with a finite life.","{'id': 'fundamental2', 'name': 'Report Footnotes'}","{'id': 'fundamental', 'name': 'Fundamental'}","{'id': 'fundamental-footnotes', 'name': 'Footnotes'}",USA,1,TOP3000,MATRIX,,0.4636,278,805,[],2022-05-01
fn_finite_lived_intangible_assets_gross_q,"Amount before amortization of assets, excluding financial assets and goodwill, lacking physical substance with a finite life.","{'id': 'fundamental2', 'name': 'Report Footnotes'}","{'id': 'fundamental', 'name': 'Fundamental'}","{'id': 'fundamental-footnotes', 'name': 'Footnotes'}",USA,1,TOP3000,MATRIX,,0.3156,119,406,[],2022-05-01
fn_finite_lived_intangible_assets_net_a,"Finite Lived Intangible Assets, Net","{'id': 'fundamental2', 'name': 'Report Footnotes'}","{'id': 'fundamental', 'name': 'Fundamental'}","{'id': 'fundamental-footnotes', 'name': 'Footnotes'}",USA,1,TOP3000,MATRIX,,0.4505,88,239,[],2022-05-01
fn_finite_lived_intangible_assets_net_q,"Finite Lived Intangible Assets, Net","{'id': 'fundamental2', 'name': 'Report Footnotes'}","{'id': 'fundamental', 'name': 'Fundamental'}","{'id': 'fundamental-footnotes', 'name': 'Footnotes'}",USA,1,TOP3000,MATRIX,,0.3404,159,378,[],2022-05-01
fn_goodwill_acquired_during_period_a,Amount of increase in asset representing future economic benefits arising from other assets acquired in a business combination that are not individually identified and separately recognized resulting from a business combination.,"{'id': 'fundamental2', 'name': 'Report Footnotes'}","{'id': 'fundamental', 'name': 'Fundamental'}","{'id': 'fundamental-footnotes', 'name': 'Footnotes'}",USA,1,TOP3000,MATRIX,,0.3803,140,437,[],2022-05-01
fn_goodwill_acquired_during_period_q,Amount of increase in asset representing future economic benefits arising from other assets acquired in a business combination that are not individually identified and separately recognized resulting from a business combination.,"{'id': 'fundamental2', 'name': 'Report Footnotes'}","{'id': 'fundamental', 'name': 'Fundamental'}","{'id': 'fundamental-footnotes', 'name': 'Footnotes'}",USA,1,TOP3000,MATRIX,,0.2644,97,229,[],2022-05-01
fn_income_from_equity_investments_a,Income From Equity Method Investments,"{'id': 'fundamental2', 'name': 'Report Footnotes'}","{'id': 'fundamental', 'name': 'Fundamental'}","{'id': 'fundamental-footnotes', 'name': 'Footnotes'}",USA,1,TOP3000,MATRIX,,0.3082,245,717,[],2022-05-01
fn_income_from_equity_investments_q,Income From Equity Method Investments,"{'id': 'fundamental2', 'name': 'Report Footnotes'}","{'id': 'fundamental', 'name': 'Fundamental'}","{'id': 'fundamental-footnotes', 'name': 'Footnotes'}",USA,1,TOP3000,MATRIX,,0.2551,203,325,[],2022-05-01
fn_income_tax_expense_a,Income Tax Expense (Benefit),"{'id': 'fundamental2', 'name': 'Report Footnotes'}","{'id': 'fundamental', 'name': 'Fundamental'}","{'id': 'fundamental-footnotes', 'name': 'Footnotes'}",USA,1,TOP3000,MATRIX,,0.6933,319,955,[],2022-05-01
fn_income_tax_expense_q,Income Tax Expense (Benefit),"{'id': 'fundamental2', 'name': 'Report Footnotes'}","{'id': 'fundamental', 'name': 'Fundamental'}","{'id': 'fundamental-footnotes', 'name': 'Footnotes'}",USA,1,TOP3000,MATRIX,,0.6969,233,611,[],2022-05-01
fn_income_taxes_paid_a,"The amount of cash paid during the current period to foreign, federal, state, and local authorities as taxes on income.","{'id': 'fundamental2', 'name': 'Report Footnotes'}","{'id': 'fundamental', 'name': 'Fundamental'}","{'id': 'fundamental-footnotes', 'name': 'Footnotes'}",USA,1,TOP3000,MATRIX,,0.6427,197,385,[],2022-05-01
fn_income_taxes_paid_q,"The amount of cash paid during the current period to foreign, federal, state, and local authorities as taxes on income.","{'id': 'fundamental2', 'name': 'Report Footnotes'}","{'id': 'fundamental', 'name': 'Fundamental'}","{'id': 'fundamental-footnotes', 'name': 'Footnotes'}",USA,1,TOP3000,MATRIX,,0.4087,64,165,[],2022-05-01
fn_incremental_shares_attributable_to_share_based_payment_a,Additional shares included in the calculation of diluted EPS as a result of the potentially dilutive effect of share-based payment arrangements using the treasury stock method.,"{'id': 'fundamental2', 'name': 'Report Footnotes'}","{'id': 'fundamental', 'name': 'Fundamental'}","{'id': 'fundamental-footnotes', 'name': 'Footnotes'}",USA,1,TOP3000,MATRIX,,0.368,40,69,[],2022-05-01
fn_incremental_shares_attributable_to_share_based_payment_q,Additional shares included in the calculation of diluted EPS as a result of the potentially dilutive effect of share-based payment arrangements using the treasury stock method.,"{'id': 'fundamental2', 'name': 'Report Footnotes'}","{'id': 'fundamental', 'name': 'Fundamental'}","{'id': 'fundamental-footnotes', 'name': 'Footnotes'}",USA,1,TOP3000,MATRIX,,0.3749,97,173,[],2022-05-01
fn_intangible_assets_accum_amort_a,"Accumulated amount of amortization of assets, excluding financial assets and goodwill, lacking physical substance with a finite life.","{'id': 'fundamental2', 'name': 'Report Footnotes'}","{'id': 'fundamental', 'name': 'Fundamental'}","{'id': 'fundamental-footnotes', 'name': 'Footnotes'}",USA,1,TOP3000,MATRIX,,0.4997,67,242,[],2022-05-01
fn_intangible_assets_accum_amort_q,"Accumulated amount of amortization of assets, excluding financial assets and goodwill, lacking physical substance with a finite life.","{'id': 'fundamental2', 'name': 'Report Footnotes'}","{'id': 'fundamental', 'name': 'Fundamental'}","{'id': 'fundamental-footnotes', 'name': 'Footnotes'}",USA,1,TOP3000,MATRIX,,0.359,224,354,[],2022-05-01
fn_interest_paid_net_a,Net interest,"{'id': 'fundamental2', 'name': 'Report Footnotes'}","{'id': 'fundamental', 'name': 'Fundamental'}","{'id': 'fundamental-footnotes', 'name': 'Footnotes'}",USA,1,TOP3000,MATRIX,,0.6494,278,616,[],2022-05-01
fn_interest_paid_net_q,Net interest,"{'id': 'fundamental2', 'name': 'Report Footnotes'}","{'id': 'fundamental', 'name': 'Fundamental'}","{'id': 'fundamental-footnotes', 'name': 'Footnotes'}",USA,1,TOP3000,MATRIX,,0.4021,210,258,[],2022-05-01
fn_interest_payable_a,"Carrying value as of the balance sheet date of [accrued] interest payable on all forms of debt, including trade payables, that has been incurred and is unpaid. For classified balance sheets, used to reflect the current portion of the liabilities (due within 1 year or within the normal operating cycle if longer); for unclassified balance sheets, used to reflect the total liabilities (regardless of due date).","{'id': 'fundamental2', 'name': 'Report Footnotes'}","{'id': 'fundamental', 'name': 'Fundamental'}","{'id': 'fundamental-footnotes', 'name': 'Footnotes'}",USA,1,TOP3000,MATRIX,,0.2585,82,301,[],2022-05-01
fn_interest_payable_q,"Carrying value as of the balance sheet date of accrued interest payable on all forms of debt, including trade payables, that has been incurred and is unpaid. For classified balance sheets, used to reflect the current portion of the liabilities (due within 1 year or within the normal operating cycle if longer); for unclassified balance sheets, used to reflect the total liabilities (regardless of due date).","{'id': 'fundamental2', 'name': 'Report Footnotes'}","{'id': 'fundamental', 'name': 'Fundamental'}","{'id': 'fundamental-footnotes', 'name': 'Footnotes'}",USA,1,TOP3000,MATRIX,,0.1875,83,172,[],2022-05-01
fn_liab_fair_val_a,"Liabilities Fair Value, Recurring, Total","{'id': 'fundamental2', 'name': 'Report Footnotes'}","{'id': 'fundamental', 'name': 'Fundamental'}","{'id': 'fundamental-footnotes', 'name': 'Footnotes'}",USA,1,TOP3000,MATRIX,,0.3258,411,652,[],2022-05-01
fn_liab_fair_val_l1_a,"Liabilities Fair Value, Recurring, Level 1","{'id': 'fundamental2', 'name': 'Report Footnotes'}","{'id': 'fundamental', 'name': 'Fundamental'}","{'id': 'fundamental-footnotes', 'name': 'Footnotes'}",USA,1,TOP3000,MATRIX,,0.3604,18292,22427,[],2022-05-01
fn_liab_fair_val_l1_q,"Liabilities Fair Value, Recurring, Level 1","{'id': 'fundamental2', 'name': 'Report Footnotes'}","{'id': 'fundamental', 'name': 'Fundamental'}","{'id': 'fundamental-footnotes', 'name': 'Footnotes'}",USA,1,TOP3000,MATRIX,,0.3624,101,195,[],2022-05-01
fn_liab_fair_val_l2_a,"Liabilities Fair Value, Recurring, Level 2","{'id': 'fundamental2', 'name': 'Report Footnotes'}","{'id': 'fundamental', 'name': 'Fundamental'}","{'id': 'fundamental-footnotes', 'name': 'Footnotes'}",USA,1,TOP3000,MATRIX,,0.4012,251,422,[],2022-05-01
fn_liab_fair_val_l2_q,"Liabilities Fair Value, Recurring, Level 2","{'id': 'fundamental2', 'name': 'Report Footnotes'}","{'id': 'fundamental', 'name': 'Fundamental'}","{'id': 'fundamental-footnotes', 'name': 'Footnotes'}",USA,1,TOP3000,MATRIX,,0.4041,51,142,[],2022-05-01
fn_liab_fair_val_l3_a,"Liabilities Fair Value, Recurring, Level 3","{'id': 'fundamental2', 'name': 'Report Footnotes'}","{'id': 'fundamental', 'name': 'Fundamental'}","{'id': 'fundamental-footnotes', 'name': 'Footnotes'}",USA,1,TOP3000,MATRIX,,0.2569,107,173,[],2022-05-01
fn_liab_fair_val_l3_q,"Liabilities Fair Value, Recurring, Level 3","{'id': 'fundamental2', 'name': 'Report Footnotes'}","{'id': 'fundamental', 'name': 'Fundamental'}","{'id': 'fundamental-footnotes', 'name': 'Footnotes'}",USA,1,TOP3000,MATRIX,,0.2564,289,471,[],2022-05-01
fn_liab_fair_val_q,"Liabilities Fair Value, Recurring, Total","{'id': 'fundamental2', 'name': 'Report Footnotes'}","{'id': 'fundamental', 'name': 'Fundamental'}","{'id': 'fundamental-footnotes', 'name': 'Footnotes'}",USA,1,TOP3000,MATRIX,,0.3161,181,264,[],2022-05-01
fn_line_of_credit_facility_amount_out_a,Amount borrowed under the credit facility as of the balance sheet date.,"{'id': 'fundamental2', 'name': 'Report Footnotes'}","{'id': 'fundamental', 'name': 'Fundamental'}","{'id': 'fundamental-footnotes', 'name': 'Footnotes'}",USA,1,TOP3000,MATRIX,,0.5127,181,474,[],2022-05-01
fn_line_of_credit_facility_amount_out_q,Amount borrowed under the credit facility as of the balance sheet date.,"{'id': 'fundamental2', 'name': 'Report Footnotes'}","{'id': 'fundamental', 'name': 'Fundamental'}","{'id': 'fundamental-footnotes', 'name': 'Footnotes'}",USA,1,TOP3000,MATRIX,,0.4787,108,266,[],2022-05-01
fn_line_of_credit_facility_max_borrowing_capacity_a,Maximum borrowing capacity under the credit facility without consideration of any current restrictions on the amount that could be borrowed or the amounts currently outstanding under the facility.,"{'id': 'fundamental2', 'name': 'Report Footnotes'}","{'id': 'fundamental', 'name': 'Fundamental'}","{'id': 'fundamental-footnotes', 'name': 'Footnotes'}",USA,1,TOP3000,MATRIX,,0.4775,70,136,[],2022-05-01
fn_line_of_credit_facility_max_borrowing_capacity_q,Maximum borrowing capacity under the credit facility without consideration of any current restrictions on the amount that could be borrowed or the amounts currently outstanding under the facility.,"{'id': 'fundamental2', 'name': 'Report Footnotes'}","{'id': 'fundamental', 'name': 'Fundamental'}","{'id': 'fundamental-footnotes', 'name': 'Footnotes'}",USA,1,TOP3000,MATRIX,,0.5014,441,1099,[],2022-05-01
fn_mne_a,"Amount before accumulated depreciation of tangible personal property used to produce goods and services, including, but is not limited to, tools, dies and molds, computer and office equipment.","{'id': 'fundamental2', 'name': 'Report Footnotes'}","{'id': 'fundamental', 'name': 'Fundamental'}","{'id': 'fundamental-footnotes', 'name': 'Footnotes'}",USA,1,TOP3000,MATRIX,,0.533,181,530,[],2022-05-01
fn_new_shares_issued_a,Number of new stock issued during the period.,"{'id': 'fundamental2', 'name': 'Report Footnotes'}","{'id': 'fundamental', 'name': 'Fundamental'}","{'id': 'fundamental-footnotes', 'name': 'Footnotes'}",USA,1,TOP3000,MATRIX,,0.3746,723,1498,[],2022-05-01
fn_new_shares_options_a,Number of share options (or share units) exercised during the current period.,"{'id': 'fundamental2', 'name': 'Report Footnotes'}","{'id': 'fundamental', 'name': 'Fundamental'}","{'id': 'fundamental-footnotes', 'name': 'Footnotes'}",USA,1,TOP3000,MATRIX,,0.6306,198,775,[],2022-05-01
fn_new_shares_options_q,Number of share options (or share units) exercised during the current period.,"{'id': 'fundamental2', 'name': 'Report Footnotes'}","{'id': 'fundamental', 'name': 'Fundamental'}","{'id': 'fundamental-footnotes', 'name': 'Footnotes'}",USA,1,TOP3000,MATRIX,,0.3511,90,297,[],2022-05-01
fn_op_lease_min_pay_due_a,Amount of required minimum rental payments for leases having an initial or remaining non-cancelable letter-terms in excess of 1 year.,"{'id': 'fundamental2', 'name': 'Report Footnotes'}","{'id': 'fundamental', 'name': 'Fundamental'}","{'id': 'fundamental-footnotes', 'name': 'Footnotes'}",USA,1,TOP3000,MATRIX,,0.6027,913,1581,[],2022-05-01
fn_op_lease_min_pay_due_after_5y_a,"Amount of required minimum rental payments for operating leases having an initial or remaining non-cancelable lease term in excess of one year due after the 5th fiscal year following the latest fiscal year. Excludes interim and annual periods when interim periods are reported on a rolling approach, from latest balance sheet date.","{'id': 'fundamental2', 'name': 'Report Footnotes'}","{'id': 'fundamental', 'name': 'Fundamental'}","{'id': 'fundamental-footnotes', 'name': 'Footnotes'}",USA,1,TOP3000,MATRIX,,0.6011,309,514,[],2022-05-01
fn_op_lease_min_pay_due_in_2y_a,"Amount of required minimum rental payments for operating leases having an initial or remaining non-cancelable lease term in excess of 1 year due in the 2nd fiscal year following the latest fiscal year. Excludes interim and annual periods when interim periods are reported on a rolling approach, from latest balance sheet date.","{'id': 'fundamental2', 'name': 'Report Footnotes'}","{'id': 'fundamental', 'name': 'Fundamental'}","{'id': 'fundamental-footnotes', 'name': 'Footnotes'}",USA,1,TOP3000,MATRIX,,0.6419,518,859,[],2022-05-01
fn_op_lease_min_pay_due_in_3y_a,"Amount of required minimum rental payments for operating leases having an initial or remaining non-cancelable lease term in excess of one year due in the 3rd fiscal year following the latest fiscal year. Excludes interim and annual periods when interim periods are reported on a rolling approach, from latest balance sheet date.","{'id': 'fundamental2', 'name': 'Report Footnotes'}","{'id': 'fundamental', 'name': 'Fundamental'}","{'id': 'fundamental-footnotes', 'name': 'Footnotes'}",USA,1,TOP3000,MATRIX,,0.6422,322,663,[],2022-05-01
fn_op_lease_min_pay_due_in_4y_a,"Amount of required minimum rental payments for operating leases having an initial or remaining non-cancelable lease term in excess of 1 year due in the 4th fiscal year following the latest fiscal year. Excludes interim and annual periods when interim periods are reported on a rolling approach, from latest balance sheet date.","{'id': 'fundamental2', 'name': 'Report Footnotes'}","{'id': 'fundamental', 'name': 'Fundamental'}","{'id': 'fundamental-footnotes', 'name': 'Footnotes'}",USA,1,TOP3000,MATRIX,,0.6317,232,372,[],2022-05-01
fn_op_lease_min_pay_due_in_5y_a,"Amount of required minimum rental payments for operating leases having an initial or remaining non-cancelable lease term in excess of 1 year due in the 5th fiscal year following the latest fiscal year. Excludes interim and annual periods when interim periods are reported on a rolling approach, from latest balance sheet date.","{'id': 'fundamental2', 'name': 'Report Footnotes'}","{'id': 'fundamental', 'name': 'Fundamental'}","{'id': 'fundamental-footnotes', 'name': 'Footnotes'}",USA,1,TOP3000,MATRIX,,0.617,340,617,[],2022-05-01
fn_op_lease_rent_exp_a,"Rental expense for the reporting period incurred under operating leases, including minimum and any contingent rent expense, net of related sublease income.","{'id': 'fundamental2', 'name': 'Report Footnotes'}","{'id': 'fundamental', 'name': 'Fundamental'}","{'id': 'fundamental-footnotes', 'name': 'Footnotes'}",USA,1,TOP3000,MATRIX,,0.6377,1191,2528,[],2022-05-01
fn_oth_comp_fair_value_a,Annual share-based compensation equity instruments other than options grants in period weighted average grant date fair value,"{'id': 'fundamental2', 'name': 'Report Footnotes'}","{'id': 'fundamental', 'name': 'Fundamental'}","{'id': 'fundamental-footnotes', 'name': 'Footnotes'}",USA,1,TOP3000,MATRIX,,0.5463,433,623,[],2022-05-01
fn_oth_comp_forfeitures_fair_value_a,Annual Share Based Compensation Equity Instruments Other Than Options Forfeitures Weighted Average Grant Date Fair Value,"{'id': 'fundamental2', 'name': 'Report Footnotes'}","{'id': 'fundamental', 'name': 'Fundamental'}","{'id': 'fundamental-footnotes', 'name': 'Footnotes'}",USA,1,TOP3000,MATRIX,,0.4987,175,279,[],2022-05-01
fn_oth_comp_grants_weighted_avg_grant_date_fair_value_a,Annual Share-Based Compensation Equity Instruments Other Than Options Nonvested Weighted Average Grant Date Fair Value,"{'id': 'fundamental2', 'name': 'Report Footnotes'}","{'id': 'fundamental', 'name': 'Fundamental'}","{'id': 'fundamental-footnotes', 'name': 'Footnotes'}",USA,1,TOP3000,MATRIX,,0.5312,265,441,[],2022-05-01
fn_oth_comp_grants_weighted_avg_grant_date_fair_value_q,Quarterly Share-Based Compensation Equity Instruments Other Than Options Nonvested Weighted Average Grant Date Fair Value,"{'id': 'fundamental2', 'name': 'Report Footnotes'}","{'id': 'fundamental', 'name': 'Fundamental'}","{'id': 'fundamental-footnotes', 'name': 'Footnotes'}",USA,1,TOP3000,MATRIX,,0.2785,155,274,[],2022-05-01
fn_oth_income_loss_available_for_sale_securities_adj_of_tax_a,"Amount after tax and reclassification adjustments, of appreciation (loss) in value of unsold available-for-sale securities. Excludes amounts related to other than temporary impairment (OTTI) loss.","{'id': 'fundamental2', 'name': 'Report Footnotes'}","{'id': 'fundamental', 'name': 'Fundamental'}","{'id': 'fundamental-footnotes', 'name': 'Footnotes'}",USA,1,TOP3000,MATRIX,,0.3462,131,257,[],2022-05-01
fn_oth_income_loss_available_for_sale_securities_adj_of_tax_q,"Amount after tax and reclassification adjustments, of appreciation (loss) in value of unsold available-for-sale securities. Excludes amounts related to other than temporary impairment (OTTI) loss.","{'id': 'fundamental2', 'name': 'Report Footnotes'}","{'id': 'fundamental', 'name': 'Fundamental'}","{'id': 'fundamental-footnotes', 'name': 'Footnotes'}",USA,1,TOP3000,MATRIX,,0.3261,91,148,[],2022-05-01
fn_oth_income_loss_derivatives_qualifying_as_hedges_of_tax_a,"Amount after tax and reclassification adjustments, of increase (decrease) in accumulated gain (loss) from derivative instruments designated and qualifying as the effective portion of cash flow hedges and an entity's share of an equity investee's increase (decrease) in deferred hedging gain (loss).","{'id': 'fundamental2', 'name': 'Report Footnotes'}","{'id': 'fundamental', 'name': 'Fundamental'}","{'id': 'fundamental-footnotes', 'name': 'Footnotes'}",USA,1,TOP3000,MATRIX,,0.3419,55,146,[],2022-05-01
fn_oth_income_loss_derivatives_qualifying_as_hedges_of_tax_q,"Amount after tax and reclassification adjustments, of increase (decrease) in accumulated gain (loss) from derivative instruments designated and qualifying as the effective portion of cash flow hedges and an entity's share of an equity investee's increase (decrease) in deferred hedging gain (loss).","{'id': 'fundamental2', 'name': 'Report Footnotes'}","{'id': 'fundamental', 'name': 'Fundamental'}","{'id': 'fundamental-footnotes', 'name': 'Footnotes'}",USA,1,TOP3000,MATRIX,,0.3185,28,84,[],2022-05-01
fn_oth_income_loss_fx_transaction_and_tax_translation_adj_a,"Amount after tax and reclassification adjustments of gain (loss) on foreign currency translation adjustments, foreign currency transactions designated and effective as economic hedges of a net investment in a foreign entity, and intra-entity foreign currency transactions that are of a long-term-investment nature.","{'id': 'fundamental2', 'name': 'Report Footnotes'}","{'id': 'fundamental', 'name': 'Fundamental'}","{'id': 'fundamental-footnotes', 'name': 'Footnotes'}",USA,1,TOP3000,MATRIX,,0.426,11943,15354,[],2022-05-01
fn_oth_income_loss_fx_transaction_and_tax_translation_adj_q,"Amount after tax and reclassification adjustments of gain (loss) on foreign currency translation adjustments, foreign currency transactions designated and effective as economic hedges of a net investment in a foreign entity and intra-entity foreign currency transactions that are of a long-term-investment nature.","{'id': 'fundamental2', 'name': 'Report Footnotes'}","{'id': 'fundamental', 'name': 'Fundamental'}","{'id': 'fundamental-footnotes', 'name': 'Footnotes'}",USA,1,TOP3000,MATRIX,,0.4062,116,423,[],2022-05-01
fn_oth_income_loss_net_of_tax_a,Amount after tax and reclassification adjustments of other comprehensive income (loss).,"{'id': 'fundamental2', 'name': 'Report Footnotes'}","{'id': 'fundamental', 'name': 'Fundamental'}","{'id': 'fundamental-footnotes', 'name': 'Footnotes'}",USA,1,TOP3000,MATRIX,,0.499,701,1266,[],2022-05-01
fn_oth_income_loss_net_of_tax_q,Amount after tax and reclassification adjustments of other comprehensive income (loss).,"{'id': 'fundamental2', 'name': 'Report Footnotes'}","{'id': 'fundamental', 'name': 'Fundamental'}","{'id': 'fundamental-footnotes', 'name': 'Footnotes'}",USA,1,TOP3000,MATRIX,,0.4951,68,157,[],2022-05-01
fn_payments_for_repurchase_of_common_stock_a,"Value reported on Cash Flow Statement. May include shares repurchased as part of a buyback plan, as well as shares purchased for employee compensation, etc.","{'id': 'fundamental2', 'name': 'Report Footnotes'}","{'id': 'fundamental', 'name': 'Fundamental'}","{'id': 'fundamental-footnotes', 'name': 'Footnotes'}",USA,1,TOP3000,MATRIX,,0.4822,55,130,[],2022-05-01
fn_payments_for_repurchase_of_common_stock_q,"Value reported on Cash Flow Statement. May include shares repurchased as part of a buyback plan, as well as shares purchased for employee compensation, etc.","{'id': 'fundamental2', 'name': 'Report Footnotes'}","{'id': 'fundamental', 'name': 'Fundamental'}","{'id': 'fundamental-footnotes', 'name': 'Footnotes'}",USA,1,TOP3000,MATRIX,,0.4558,54,94,[],2022-05-01
fn_payments_to_acquire_businesses_net_of_cash_acquired_a,"The cash outflow associated with the acquisition of a business, net of the cash acquired from the purchase.","{'id': 'fundamental2', 'name': 'Report Footnotes'}","{'id': 'fundamental', 'name': 'Fundamental'}","{'id': 'fundamental-footnotes', 'name': 'Footnotes'}",USA,1,TOP3000,MATRIX,,0.4433,77,178,[],2022-05-01
fn_payments_to_acquire_businesses_net_of_cash_acquired_q,"The cash outflow associated with the acquisition of a business, net of the cash acquired from the purchase.","{'id': 'fundamental2', 'name': 'Report Footnotes'}","{'id': 'fundamental', 'name': 'Fundamental'}","{'id': 'fundamental-footnotes', 'name': 'Footnotes'}",USA,1,TOP3000,MATRIX,,0.3933,170,402,[],2022-05-01
fn_ppne_gross_a,"Amount before accumulated depreciation, depletion, and amortization of physical assets used in the normal conduct of business and not intended for resale. Examples include, but are not limited to, land, buildings, machinery and equipment, office equipment, and furniture and fixtures.","{'id': 'fundamental2', 'name': 'Report Footnotes'}","{'id': 'fundamental', 'name': 'Fundamental'}","{'id': 'fundamental-footnotes', 'name': 'Footnotes'}",USA,1,TOP3000,MATRIX,,0.5997,374,1073,[],2022-05-01
fn_ppne_gross_q,"Amount before accumulated depreciation, depletion and amortization of physical assets used in the normal conduct of business and not intended for resale. Examples include, but are not limited to, land, buildings, machinery and equipment, office equipment, and furniture and fixtures.","{'id': 'fundamental2', 'name': 'Report Footnotes'}","{'id': 'fundamental', 'name': 'Fundamental'}","{'id': 'fundamental-footnotes', 'name': 'Footnotes'}",USA,1,TOP3000,MATRIX,,0.29,74,126,[],2022-05-01
fn_prepaid_expense_a,"Carrying amount for an unclassified balance sheet date of expenditures made in advance of when the economic benefit of the cost will be realized, and which will be expensed in future periods with the passage of time or when a triggering event occurs. For a classified balance sheet, represents the noncurrent portion of prepaid expenses (the current portion has a separate concept).","{'id': 'fundamental2', 'name': 'Report Footnotes'}","{'id': 'fundamental', 'name': 'Fundamental'}","{'id': 'fundamental-footnotes', 'name': 'Footnotes'}",USA,1,TOP3000,MATRIX,,0.5118,200,531,[],2022-05-01
fn_prepaid_expense_q,"Carrying amount for an unclassified balance sheet date of expenditures made in advance of when the economic benefit of the cost will be realized, and which will be expensed in future periods with the passage of time or when a triggering event occurs. For a classified balance sheet, represents the noncurrent portion of prepaid expenses (the current portion has a separate concept).","{'id': 'fundamental2', 'name': 'Report Footnotes'}","{'id': 'fundamental', 'name': 'Fundamental'}","{'id': 'fundamental-footnotes', 'name': 'Footnotes'}",USA,1,TOP3000,MATRIX,,0.4723,412,600,[],2022-05-01
fn_proceeds_from_issuance_of_common_stock_a,The cash inflow from the additional capital contribution to the entity.,"{'id': 'fundamental2', 'name': 'Report Footnotes'}","{'id': 'fundamental', 'name': 'Fundamental'}","{'id': 'fundamental-footnotes', 'name': 'Footnotes'}",USA,1,TOP3000,MATRIX,,0.434,188,384,[],2022-05-01
fn_proceeds_from_issuance_of_common_stock_q,The cash inflow from the additional capital contribution to the entity.,"{'id': 'fundamental2', 'name': 'Report Footnotes'}","{'id': 'fundamental', 'name': 'Fundamental'}","{'id': 'fundamental-footnotes', 'name': 'Footnotes'}",USA,1,TOP3000,MATRIX,,0.372,142,324,[],2022-05-01
fn_proceeds_from_issuance_of_debt_a,The cash inflow during the period from additional borrowings in aggregate debt. Includes proceeds from short-term and long-term debt.,"{'id': 'fundamental2', 'name': 'Report Footnotes'}","{'id': 'fundamental', 'name': 'Fundamental'}","{'id': 'fundamental-footnotes', 'name': 'Footnotes'}",USA,1,TOP3000,MATRIX,,0.5746,116,263,[],2022-05-01
fn_proceeds_from_issuance_of_debt_q,The cash inflow during the period from additional borrowings in aggregate debt. Includes proceeds from short-term and long-term debt.,"{'id': 'fundamental2', 'name': 'Report Footnotes'}","{'id': 'fundamental', 'name': 'Fundamental'}","{'id': 'fundamental-footnotes', 'name': 'Footnotes'}",USA,1,TOP3000,MATRIX,,0.515,111,163,[],2022-05-01
fn_proceeds_from_lt_debt_a,"Proceeds From Issuance Of Debt, Long Term","{'id': 'fundamental2', 'name': 'Report Footnotes'}","{'id': 'fundamental', 'name': 'Fundamental'}","{'id': 'fundamental-footnotes', 'name': 'Footnotes'}",USA,1,TOP3000,MATRIX,,0.3431,378,444,[],2022-05-01
fn_proceeds_from_lt_debt_q,"Proceeds From Issuance Of Debt, Long Term","{'id': 'fundamental2', 'name': 'Report Footnotes'}","{'id': 'fundamental', 'name': 'Fundamental'}","{'id': 'fundamental-footnotes', 'name': 'Footnotes'}",USA,1,TOP3000,MATRIX,,0.2884,91,138,[],2022-05-01
fn_proceeds_from_stock_options_exercised_a,"The cash inflow associated with the amount received from holders exercising their stock options. This item inherently excludes any excess tax benefit, which the entity may have realized and reported separately.","{'id': 'fundamental2', 'name': 'Report Footnotes'}","{'id': 'fundamental', 'name': 'Fundamental'}","{'id': 'fundamental-footnotes', 'name': 'Footnotes'}",USA,1,TOP3000,MATRIX,,0.406,89,170,[],2022-05-01
fn_proceeds_from_stock_options_exercised_q,"The cash inflow associated with the amount received from holders exercising their stock options. This item inherently excludes any excess tax benefit, which the entity may have realized and reported separately.","{'id': 'fundamental2', 'name': 'Report Footnotes'}","{'id': 'fundamental', 'name': 'Fundamental'}","{'id': 'fundamental-footnotes', 'name': 'Footnotes'}",USA,1,TOP3000,MATRIX,,0.3584,114,268,[],2022-05-01
fn_profit_loss_a,"The consolidated profit or loss for the period, net of income taxes, including the portion attributable to the noncontrolling interest.","{'id': 'fundamental2', 'name': 'Report Footnotes'}","{'id': 'fundamental', 'name': 'Fundamental'}","{'id': 'fundamental-footnotes', 'name': 'Footnotes'}",USA,1,TOP3000,MATRIX,,0.4085,447,1102,[],2022-05-01
fn_profit_loss_q,"The consolidated profit or loss for the period, net of income taxes, including the portion attributable to the noncontrolling interest.","{'id': 'fundamental2', 'name': 'Report Footnotes'}","{'id': 'fundamental', 'name': 'Fundamental'}","{'id': 'fundamental-footnotes', 'name': 'Footnotes'}",USA,1,TOP3000,MATRIX,,0.4209,108,198,[],2022-05-01
fn_repayments_of_debt_a,The cash outflow during the period from the repayment of aggregate short-term and long-term debt. Excludes payment of capital lease obligations.,"{'id': 'fundamental2', 'name': 'Report Footnotes'}","{'id': 'fundamental', 'name': 'Fundamental'}","{'id': 'fundamental-footnotes', 'name': 'Footnotes'}",USA,1,TOP3000,MATRIX,,0.6307,154,330,[],2022-05-01
fn_repayments_of_debt_q,The cash outflow during the period from the repayment of aggregate short-term and long-term debt. Excludes payment of capital lease obligations.,"{'id': 'fundamental2', 'name': 'Report Footnotes'}","{'id': 'fundamental', 'name': 'Fundamental'}","{'id': 'fundamental-footnotes', 'name': 'Footnotes'}",USA,1,TOP3000,MATRIX,,0.5936,68,148,[],2022-05-01
fn_repayments_of_lines_of_credit_a,"Amount of cash outflow for payment of an obligation from a lender, including but not limited to, letter of credit, standby letter of credit and revolving credit arrangements.","{'id': 'fundamental2', 'name': 'Report Footnotes'}","{'id': 'fundamental', 'name': 'Fundamental'}","{'id': 'fundamental-footnotes', 'name': 'Footnotes'}",USA,1,TOP3000,MATRIX,,0.3875,102,282,[],2022-05-01
fn_repayments_of_lines_of_credit_q,"Amount of cash outflow for payment of an obligation from a lender, including but not limited to, letter of credit, standby letter of credit and revolving credit arrangements.","{'id': 'fundamental2', 'name': 'Report Footnotes'}","{'id': 'fundamental', 'name': 'Fundamental'}","{'id': 'fundamental-footnotes', 'name': 'Footnotes'}",USA,1,TOP3000,MATRIX,,0.4483,70,141,[],2022-05-01
fn_repayments_of_lt_debt_a,"The cash outflow for debt initially having maturity due after 1 year or beyond the normal operating cycle, if longer.","{'id': 'fundamental2', 'name': 'Report Footnotes'}","{'id': 'fundamental', 'name': 'Fundamental'}","{'id': 'fundamental-footnotes', 'name': 'Footnotes'}",USA,1,TOP3000,MATRIX,,0.4173,124,211,[],2022-05-01
fn_repayments_of_lt_debt_q,"The cash outflow for debt initially having maturity due after 1 year or beyond the normal operating cycle, if longer.","{'id': 'fundamental2', 'name': 'Report Footnotes'}","{'id': 'fundamental', 'name': 'Fundamental'}","{'id': 'fundamental-footnotes', 'name': 'Footnotes'}",USA,1,TOP3000,MATRIX,,0.3935,63,126,[],2022-05-01
fn_repurchased_shares_a,Number of shares that have been repurchased during the period.,"{'id': 'fundamental2', 'name': 'Report Footnotes'}","{'id': 'fundamental', 'name': 'Fundamental'}","{'id': 'fundamental-footnotes', 'name': 'Footnotes'}",USA,1,TOP3000,MATRIX,,0.4721,121,182,[],2022-05-01
fn_repurchased_shares_q,Number of shares that have been repurchased during the period.,"{'id': 'fundamental2', 'name': 'Report Footnotes'}","{'id': 'fundamental', 'name': 'Fundamental'}","{'id': 'fundamental-footnotes', 'name': 'Footnotes'}",USA,1,TOP3000,MATRIX,,0.3262,51,99,[],2022-05-01
fn_repurchased_shares_value_a,"Shares repurchased and either retired or put into treasury stock, likely as part of a share buyback plan.","{'id': 'fundamental2', 'name': 'Report Footnotes'}","{'id': 'fundamental', 'name': 'Fundamental'}","{'id': 'fundamental-footnotes', 'name': 'Footnotes'}",USA,1,TOP3000,MATRIX,,0.4936,76,149,[],2022-05-01
fn_repurchased_shares_value_q,"Shares repurchased and either retired or put into treasury stock, likely as part of a share buyback plan.","{'id': 'fundamental2', 'name': 'Report Footnotes'}","{'id': 'fundamental', 'name': 'Fundamental'}","{'id': 'fundamental-footnotes', 'name': 'Footnotes'}",USA,1,TOP3000,MATRIX,,0.3714,134,255,[],2022-05-01
fn_taxes_payable_a,"Carrying value as of the balance sheet date of obligations incurred and payable for statutory income, sales, use, payroll, excise, real, property, and other taxes. For classified balance sheets, used to reflect the current portion of the liabilities (due within 1 year or within the normal operating cycle if longer); for unclassified balance sheets, used to reflect the total liabilities (regardless of due date).","{'id': 'fundamental2', 'name': 'Report Footnotes'}","{'id': 'fundamental', 'name': 'Fundamental'}","{'id': 'fundamental-footnotes', 'name': 'Footnotes'}",USA,1,TOP3000,MATRIX,,0.4462,94,180,[],2022-05-01
fn_taxes_payable_q,"Carrying value as of the balance sheet date of obligations incurred and payable for statutory income, sales, use, payroll, excise, real, property and other taxes. For classified balance sheets, used to reflect the current portion of the liabilities (due within 1 year or within the normal operating cycle if longer); for unclassified balance sheets, used to reflect the total liabilities (regardless of due date).","{'id': 'fundamental2', 'name': 'Report Footnotes'}","{'id': 'fundamental', 'name': 'Fundamental'}","{'id': 'fundamental-footnotes', 'name': 'Footnotes'}",USA,1,TOP3000,MATRIX,,0.3634,90,187,[],2022-05-01
fn_treasury_stock_shares_a,Number of common and preferred shares that were previously issued and that were repurchased by the issuing entity and held in treasury on the financial statement date. This stock has no voting rights and receives no dividends.,"{'id': 'fundamental2', 'name': 'Report Footnotes'}","{'id': 'fundamental', 'name': 'Fundamental'}","{'id': 'fundamental-footnotes', 'name': 'Footnotes'}",USA,1,TOP3000,MATRIX,,0.3854,105,246,[],2022-05-01
fn_treasury_stock_shares_q,Number of common and preferred shares that were previously issued and that were repurchased by the issuing entity and held in treasury on the financial statement date. This stock has no voting rights and receives no dividends.,"{'id': 'fundamental2', 'name': 'Report Footnotes'}","{'id': 'fundamental', 'name': 'Fundamental'}","{'id': 'fundamental-footnotes', 'name': 'Footnotes'}",USA,1,TOP3000,MATRIX,,0.3409,128,285,[],2022-05-01
fn_unrecognized_tax_benefits_a,Amount of unrecognized tax benefits.,"{'id': 'fundamental2', 'name': 'Report Footnotes'}","{'id': 'fundamental', 'name': 'Fundamental'}","{'id': 'fundamental-footnotes', 'name': 'Footnotes'}",USA,1,TOP3000,MATRIX,,0.544,178,475,[],2022-05-01
fnd2_a_acmopclcchngcfectnt,"Accumulated change, net of tax, in accumulated gains and losses from derivative instruments designated and qualifying as the effective portion of cash flow hedges. Includes an entity's share of an equity investee's Increase or Decrease in deferred hedging gains or losses.","{'id': 'fundamental2', 'name': 'Report Footnotes'}","{'id': 'fundamental', 'name': 'Fundamental'}","{'id': 'fundamental-footnotes', 'name': 'Footnotes'}",USA,1,TOP3000,MATRIX,,0.2667,125,242,[],2022-05-01
fnd2_a_acmopcldbpoprpnt,"The total of net gain (loss), prior service cost (credit), and transition assets (obligations), as well as minimum pension liability if still remaining, included in accumulated other comprehensive income associated with a defined benefit pension or other postretirement plan(s) because they have yet to be recognized as components of net periodic benefit cost.","{'id': 'fundamental2', 'name': 'Report Footnotes'}","{'id': 'fundamental', 'name': 'Fundamental'}","{'id': 'fundamental-footnotes', 'name': 'Footnotes'}",USA,1,TOP3000,MATRIX,,0.2625,98,140,[],2022-05-01
fnd2_a_allfdbflaccrwriteoffs,Amount of recoveries of receivables doubtful of collection that were previously charged off.,"{'id': 'fundamental2', 'name': 'Report Footnotes'}","{'id': 'fundamental', 'name': 'Fundamental'}","{'id': 'fundamental-footnotes', 'name': 'Footnotes'}",USA,1,TOP3000,MATRIX,,0.3081,108,244,[],2022-05-01
fnd2_a_alsbcmpexrsus,"Allocated Share-Based Compensation Expense, Restricted Stock Units","{'id': 'fundamental2', 'name': 'Report Footnotes'}","{'id': 'fundamental', 'name': 'Fundamental'}","{'id': 'fundamental-footnotes', 'name': 'Footnotes'}",USA,1,TOP3000,MATRIX,,0.3062,132,331,[],2022-05-01
fnd2_a_atdlsecexfcepsastkos,"Antidilutive Shares Excluded From Earnings Per Share Amount, Stock Options","{'id': 'fundamental2', 'name': 'Report Footnotes'}","{'id': 'fundamental', 'name': 'Fundamental'}","{'id': 'fundamental-footnotes', 'name': 'Footnotes'}",USA,1,TOP3000,MATRIX,,0.2602,121,637,[],2022-05-01
fnd2_a_blgandiprtsg,"Amount before accumulated depreciation of building structures held for productive use including addition, improvement, or renovation to the structure, including, but not limited to, interior masonry, interior flooring, electrical, and plumbing.","{'id': 'fundamental2', 'name': 'Report Footnotes'}","{'id': 'fundamental', 'name': 'Fundamental'}","{'id': 'fundamental-footnotes', 'name': 'Footnotes'}",USA,1,TOP3000,MATRIX,,0.3369,112,294,[],2022-05-01
fnd2_a_bnsacqproformarvn,The pro forma revenue for a period as if the business combination or combinations had been completed at the beginning of the period.,"{'id': 'fundamental2', 'name': 'Report Footnotes'}","{'id': 'fundamental', 'name': 'Fundamental'}","{'id': 'fundamental-footnotes', 'name': 'Footnotes'}",USA,1,TOP3000,MATRIX,,0.3254,85,206,[],2022-05-01
fnd2_a_bnscbmacqrcsts,"This element represents acquisition-related costs incurred to effect a business combination which costs have been expensed during the period. Such costs include finder's fees; advisory, legal, accounting, valuation, and other professional or consulting fees; general administrative costs, including the costs of maintaining an internal acquisitions department; and may include costs of registering and issuing debt and equity securities.","{'id': 'fundamental2', 'name': 'Report Footnotes'}","{'id': 'fundamental', 'name': 'Fundamental'}","{'id': 'fundamental-footnotes', 'name': 'Footnotes'}",USA,1,TOP3000,MATRIX,,0.2625,72,180,[],2022-05-01
fnd2_a_consinprogressg,Amount of structure or a modification to a structure under construction. Includes recently completed structures or modifications to structures that have not been placed into service.,"{'id': 'fundamental2', 'name': 'Report Footnotes'}","{'id': 'fundamental', 'name': 'Fundamental'}","{'id': 'fundamental-footnotes', 'name': 'Footnotes'}",USA,1,TOP3000,MATRIX,,0.3154,260,522,[],2022-05-01
fnd2_a_curritxexp,"Income Tax Expense, Current","{'id': 'fundamental2', 'name': 'Report Footnotes'}","{'id': 'fundamental', 'name': 'Fundamental'}","{'id': 'fundamental-footnotes', 'name': 'Footnotes'}",USA,1,TOP3000,MATRIX,,0.6229,203,589,[],2022-05-01
fnd2_a_dbplanepdrtnplas,An amount calculated as a basis for determining the extent of delayed recognition of the effects of changes in the fair value of assets. The expected return on plan assets is determined based on the expected long-term rate of return on plan assets and the market-related value of plan assets.,"{'id': 'fundamental2', 'name': 'Report Footnotes'}","{'id': 'fundamental', 'name': 'Fundamental'}","{'id': 'fundamental-footnotes', 'name': 'Footnotes'}",USA,1,TOP3000,MATRIX,,0.2513,32,71,[],2022-05-01
fnd2_a_dbplanintcst,The increase in a defined benefit pension plan's projected benefit obligation or a defined benefit postretirement plan's accumulated postretirement benefit obligation due to the passage of time.,"{'id': 'fundamental2', 'name': 'Report Footnotes'}","{'id': 'fundamental', 'name': 'Fundamental'}","{'id': 'fundamental-footnotes', 'name': 'Footnotes'}",USA,1,TOP3000,MATRIX,,0.2764,44,135,[],2022-05-01
fnd2_a_dbplannpicbnfcst,"The total amount of net periodic benefit cost for defined benefit plans for the period. Periodic benefit costs include the following components: service cost, interest cost, expected return on plan assets, gain (loss), prior service cost or credit, transition asset or obligation, and gain (loss) due to settlements or curtailments.","{'id': 'fundamental2', 'name': 'Report Footnotes'}","{'id': 'fundamental', 'name': 'Fundamental'}","{'id': 'fundamental-footnotes', 'name': 'Footnotes'}",USA,1,TOP3000,MATRIX,,0.2788,59,148,[],2022-05-01
fnd2_a_dbplanservicecst,The actuarial present value of benefits attributed by the pension benefit formula to services rendered by employees during the period. The portion of the expected postretirement benefit obligation attributed to employee service during the period. The service cost component is a portion of the benefit obligation and is unaffected by the funded status of the plan.,"{'id': 'fundamental2', 'name': 'Report Footnotes'}","{'id': 'fundamental', 'name': 'Fundamental'}","{'id': 'fundamental-footnotes', 'name': 'Footnotes'}",USA,1,TOP3000,MATRIX,,0.2618,63,130,[],2022-05-01
fnd2_a_dbplctrbyemp,Amount of contributions made by the employer to defined benefit plans.,"{'id': 'fundamental2', 'name': 'Report Footnotes'}","{'id': 'fundamental', 'name': 'Fundamental'}","{'id': 'fundamental-footnotes', 'name': 'Footnotes'}",USA,1,TOP3000,MATRIX,,0.2982,50,112,[],2022-05-01
fnd2_a_dfdtxava,Amount of deferred tax assets for which it is more likely than not that a tax benefit will not be realized.,"{'id': 'fundamental2', 'name': 'Report Footnotes'}","{'id': 'fundamental', 'name': 'Fundamental'}","{'id': 'fundamental-footnotes', 'name': 'Footnotes'}",USA,1,TOP3000,MATRIX,,0.5993,578,1273,[],2022-05-01
fnd2_a_eplsbvdcpcstnrgprg,"The weighted average period over which unrecognized compensation is expected to be recognized for equity-based compensation plans, using a decimal to express in number of years.","{'id': 'fundamental2', 'name': 'Report Footnotes'}","{'id': 'fundamental', 'name': 'Fundamental'}","{'id': 'fundamental-footnotes', 'name': 'Footnotes'}",USA,1,TOP3000,MATRIX,,0.3321,76,166,[],2022-05-01
fnd2_a_eplsbvdcpcstnrgsbaoo,Unrecognized cost of unvested other share-based compensation awards.,"{'id': 'fundamental2', 'name': 'Report Footnotes'}","{'id': 'fundamental', 'name': 'Fundamental'}","{'id': 'fundamental-footnotes', 'name': 'Footnotes'}",USA,1,TOP3000,MATRIX,,0.2778,171,301,[],2022-05-01
fnd2_a_eplsrbcpntxbnffcmpex,The total recognized tax benefit related to compensation cost for equity-based payment arrangements recognized in income during the period.,"{'id': 'fundamental2', 'name': 'Report Footnotes'}","{'id': 'fundamental', 'name': 'Fundamental'}","{'id': 'fundamental-footnotes', 'name': 'Footnotes'}",USA,1,TOP3000,MATRIX,,0.2987,26,166,[],2022-05-01
fnd2_a_excesstxbnffsbcpnoprat,Amount of cash outflow for realized tax benefit related to deductible compensation cost reported on the entity's tax return for equity instruments in excess of the compensation cost for those instruments recognized for financial reporting purposes.,"{'id': 'fundamental2', 'name': 'Report Footnotes'}","{'id': 'fundamental', 'name': 'Fundamental'}","{'id': 'fundamental-footnotes', 'name': 'Footnotes'}",USA,1,TOP3000,MATRIX,,0.2565,43,64,[],2022-05-01
fnd2_a_fedstyitxrt,Effective Income Tax Rate Reconciliation - Federal Statutory Income Tax Rate %,"{'id': 'fundamental2', 'name': 'Report Footnotes'}","{'id': 'fundamental', 'name': 'Fundamental'}","{'id': 'fundamental-footnotes', 'name': 'Footnotes'}",USA,1,TOP3000,MATRIX,,0.5577,158,356,[],2022-05-01
fnd2_a_flintasacmamtzcsrld,"Finite Lived Intangible Assets Accumulated Amortization, Customer Related","{'id': 'fundamental2', 'name': 'Report Footnotes'}","{'id': 'fundamental', 'name': 'Fundamental'}","{'id': 'fundamental-footnotes', 'name': 'Footnotes'}",USA,1,TOP3000,MATRIX,,0.318,55,389,[],2022-05-01
fnd2_a_flintasamt1expay5,"Amount of amortization expense for assets, excluding financial assets and goodwill, lacking physical substance with a finite life expected to be recognized after the 5th fiscal year following the latest fiscal year. Excludes interim and annual periods when interim periods are reported on a rolling approach, from latest balance sheet date","{'id': 'fundamental2', 'name': 'Report Footnotes'}","{'id': 'fundamental', 'name': 'Fundamental'}","{'id': 'fundamental-footnotes', 'name': 'Footnotes'}",USA,1,TOP3000,MATRIX,,0.2845,130,377,[],2022-05-01
fnd2_a_flintasamt1expnext12m,"Amount of amortization expense for assets, excluding financial assets and goodwill, lacking physical substance with a finite life expected to be recognized during the next fiscal year following the latest fiscal year. Excludes interim and annual periods when interim periods are reported on a rolling approach, from latest balance sheet date.","{'id': 'fundamental2', 'name': 'Report Footnotes'}","{'id': 'fundamental', 'name': 'Fundamental'}","{'id': 'fundamental-footnotes', 'name': 'Footnotes'}",USA,1,TOP3000,MATRIX,,0.5616,72,244,[],2022-05-01
fnd2_a_flintasamt1expy5,"Amount of amortization expense for assets, excluding financial assets and goodwill, lacking physical substance with a finite life expected to be recognized during the 5th fiscal year following the latest fiscal year. Excludes interim and annual periods when interim periods are reported on a rolling approach, from latest balance sheet date.","{'id': 'fundamental2', 'name': 'Report Footnotes'}","{'id': 'fundamental', 'name': 'Fundamental'}","{'id': 'fundamental-footnotes', 'name': 'Footnotes'}",USA,1,TOP3000,MATRIX,,0.537,76,314,[],2022-05-01
fnd2_a_flintasamt1expyfour,"Amount of amortization expense for assets, excluding financial assets and goodwill, lacking physical substance with a finite life expected to be recognized during the 4th fiscal year following the latest fiscal year. Excludes interim and annual periods when interim periods are reported on a rolling approach, from latest balance sheet date.","{'id': 'fundamental2', 'name': 'Report Footnotes'}","{'id': 'fundamental', 'name': 'Fundamental'}","{'id': 'fundamental-footnotes', 'name': 'Footnotes'}",USA,1,TOP3000,MATRIX,,0.5577,77,440,[],2022-05-01
fnd2_a_flintasamt1expythree,"Amount of amortization expense for assets, excluding financial assets and goodwill, lacking physical substance with a finite life expected to be recognized during the 3rd fiscal year following the latest fiscal year. Excludes interim and annual periods when interim periods are reported on a rolling approach, from latest balance sheet date.","{'id': 'fundamental2', 'name': 'Report Footnotes'}","{'id': 'fundamental', 'name': 'Fundamental'}","{'id': 'fundamental-footnotes', 'name': 'Footnotes'}",USA,1,TOP3000,MATRIX,,0.564,65,234,[],2022-05-01
fnd2_a_flintasamt1expytwo,"Amount of amortization expense for assets, excluding financial assets and goodwill, lacking physical substance with a finite life expected to be recognized during the 2nd fiscal year following the latest fiscal year. Excludes interim and annual periods when interim periods are reported on a rolling approach, from latest balance sheet date","{'id': 'fundamental2', 'name': 'Report Footnotes'}","{'id': 'fundamental', 'name': 'Fundamental'}","{'id': 'fundamental-footnotes', 'name': 'Footnotes'}",USA,1,TOP3000,MATRIX,,0.5666,55,248,[],2022-05-01
fnd2_a_flintasgcsrld,"Finite Lived Intangible Assets Gross, Customer Related","{'id': 'fundamental2', 'name': 'Report Footnotes'}","{'id': 'fundamental', 'name': 'Fundamental'}","{'id': 'fundamental-footnotes', 'name': 'Footnotes'}",USA,1,TOP3000,MATRIX,,0.3181,70,292,[],2022-05-01
fnd2_a_frtandfixturesg,"Amount before accumulated depreciation of equipment commonly used in offices and stores that have no permanent connection to the structure of a building or utilities. Examples include, but are not limited to, desks, chairs, tables, and bookcases.","{'id': 'fundamental2', 'name': 'Report Footnotes'}","{'id': 'fundamental', 'name': 'Fundamental'}","{'id': 'fundamental-footnotes', 'name': 'Footnotes'}",USA,1,TOP3000,MATRIX,,0.3549,144,375,[],2022-05-01
fnd2_a_gsles1xtinguishmentofd,Difference between the fair value of payments made and the carrying amount of debt which is extinguished prior to maturity.,"{'id': 'fundamental2', 'name': 'Report Footnotes'}","{'id': 'fundamental', 'name': 'Fundamental'}","{'id': 'fundamental-footnotes', 'name': 'Footnotes'}",USA,1,TOP3000,MATRIX,,0.2729,366,545,[],2022-05-01
fnd2_a_gwllimrml,Amount of loss from the write-down of an asset representing the future economic benefits arising from other assets acquired in a business combination that are not individually identified and separately recognized.,"{'id': 'fundamental2', 'name': 'Report Footnotes'}","{'id': 'fundamental', 'name': 'Fundamental'}","{'id': 'fundamental-footnotes', 'name': 'Footnotes'}",USA,1,TOP3000,MATRIX,,0.313,153,279,[],2022-05-01
fnd2_a_inventoryfinishedgoods,"Amount before valuation and LIFO reserves of completed merchandise or goods expected to be sold within 1 year or operating cycle, if longer.","{'id': 'fundamental2', 'name': 'Report Footnotes'}","{'id': 'fundamental', 'name': 'Fundamental'}","{'id': 'fundamental-footnotes', 'name': 'Footnotes'}",USA,1,TOP3000,MATRIX,,0.2606,92,201,[],2022-05-01
fnd2_a_inventoryrawmaterials,"Amount before valuation and LIFO reserves of raw materials expected to be sold, or consumed within 1 year or operating cycle, if longer.","{'id': 'fundamental2', 'name': 'Report Footnotes'}","{'id': 'fundamental', 'name': 'Fundamental'}","{'id': 'fundamental-footnotes', 'name': 'Footnotes'}",USA,1,TOP3000,MATRIX,,0.2706,59,269,[],2022-05-01
fnd2_a_landlandiprts,"Amount before accumulated depreciation and depletion of real estate held for productive use and additions or improvements to real estate held for productive use, examples include, but are not limited to, walkways, driveways, fences, and parking lots. Excludes land held for sale","{'id': 'fundamental2', 'name': 'Report Footnotes'}","{'id': 'fundamental', 'name': 'Fundamental'}","{'id': 'fundamental-footnotes', 'name': 'Footnotes'}",USA,1,TOP3000,MATRIX,,0.4218,87,382,[],2022-05-01
fnd2_a_lhdiprtsg,Amount before accumulated depreciation of additions or improvements to assets held under a lease arrangement.,"{'id': 'fundamental2', 'name': 'Report Footnotes'}","{'id': 'fundamental', 'name': 'Fundamental'}","{'id': 'fundamental-footnotes', 'name': 'Footnotes'}",USA,1,TOP3000,MATRIX,,0.3317,454,736,[],2022-05-01
fnd2_a_lineofcrfcyrmbrgcap,Amount of borrowing capacity currently available under the credit facility (current borrowing capacity less the amount of borrowings outstanding).,"{'id': 'fundamental2', 'name': 'Report Footnotes'}","{'id': 'fundamental', 'name': 'Fundamental'}","{'id': 'fundamental-footnotes', 'name': 'Footnotes'}",USA,1,TOP3000,MATRIX,,0.2961,112,173,[],2022-05-01
fnd2_a_ltrmdmrepoplay5,"Amount of long-term debt payable, sinking fund requirements, and other securities issued that are redeemable by holder at fixed or determinable prices and dates maturing after the 5th fiscal year following the latest fiscal year. Excludes interim and annual periods when interim periods are reported on a rolling approach, from latest balance sheet date.","{'id': 'fundamental2', 'name': 'Report Footnotes'}","{'id': 'fundamental', 'name': 'Fundamental'}","{'id': 'fundamental-footnotes', 'name': 'Footnotes'}",USA,1,TOP3000,MATRIX,,0.3272,42,169,[],2022-05-01
fnd2_a_ltrmdmrepoplinnext12m,"Amount of long-term debt payable, sinking fund requirements, and other securities issued that are redeemable by holder at fixed or determinable prices and dates maturing in the next fiscal year following the latest fiscal year. Excludes interim and annual periods when interim periods are reported on a rolling approach, from latest balance sheet date.","{'id': 'fundamental2', 'name': 'Report Footnotes'}","{'id': 'fundamental', 'name': 'Fundamental'}","{'id': 'fundamental-footnotes', 'name': 'Footnotes'}",USA,1,TOP3000,MATRIX,,0.3936,47,171,[],2022-05-01
fnd2_a_ltrmdmrepopliny5,"Amount of long-term debt payable, sinking fund requirements, and other securities issued that are redeemable by holder at fixed or determinable prices and dates maturing in the 5th fiscal year following the latest fiscal year. Excludes interim and annual periods when interim periods are reported on a rolling approach, from latest balance sheet date.","{'id': 'fundamental2', 'name': 'Report Footnotes'}","{'id': 'fundamental', 'name': 'Fundamental'}","{'id': 'fundamental-footnotes', 'name': 'Footnotes'}",USA,1,TOP3000,MATRIX,,0.3973,77,151,[],2022-05-01
fnd2_a_ltrmdmrepoplinyfour,"Amount of long-term debt payable, sinking fund requirements, and other securities issued that are redeemable by holder at fixed or determinable prices and dates maturing in the 4th fiscal year following the latest fiscal year. Excludes interim and annual periods when interim periods are reported on a rolling approach, from latest balance sheet date.","{'id': 'fundamental2', 'name': 'Report Footnotes'}","{'id': 'fundamental', 'name': 'Fundamental'}","{'id': 'fundamental-footnotes', 'name': 'Footnotes'}",USA,1,TOP3000,MATRIX,,0.4141,114,212,[],2022-05-01
fnd2_a_ltrmdmrepoplinythree,"Amount of long-term debt payable, sinking fund requirements, and other securities issued that are redeemable by holder at fixed or determinable prices and dates maturing in the 3rd fiscal year following the latest fiscal year. Excludes interim and annual periods when interim periods are reported on a rolling approach, from latest balance sheet date.","{'id': 'fundamental2', 'name': 'Report Footnotes'}","{'id': 'fundamental', 'name': 'Fundamental'}","{'id': 'fundamental-footnotes', 'name': 'Footnotes'}",USA,1,TOP3000,MATRIX,,0.427,67,139,[],2022-05-01
fnd2_a_ltrmdmrepoplinytwo,"Amount of long-term debt payable, sinking fund requirements, and other securities issued that are redeemable by holder at fixed or determinable prices and dates maturing in the 2nd fiscal year following the latest fiscal year. Excludes interim and annual periods when interim periods are reported on a rolling approach, from latest balance sheet date.","{'id': 'fundamental2', 'name': 'Report Footnotes'}","{'id': 'fundamental', 'name': 'Fundamental'}","{'id': 'fundamental-footnotes', 'name': 'Footnotes'}",USA,1,TOP3000,MATRIX,,0.4277,88,202,[],2022-05-01
fnd2_a_opclpsnprtmbnfplansajnt,"Amount after tax and reclassification adjustments, of (increase) decrease in accumulated other comprehensive (income) loss related to pension and other postretirement defined benefit plans.","{'id': 'fundamental2', 'name': 'Report Footnotes'}","{'id': 'fundamental', 'name': 'Fundamental'}","{'id': 'fundamental-footnotes', 'name': 'Footnotes'}",USA,1,TOP3000,MATRIX,,0.275,44,163,[],2022-05-01
fnd2_a_provisionfordbflact,Provision For Doubtful Accounts In Period,"{'id': 'fundamental2', 'name': 'Report Footnotes'}","{'id': 'fundamental', 'name': 'Fundamental'}","{'id': 'fundamental-footnotes', 'name': 'Footnotes'}",USA,1,TOP3000,MATRIX,,0.4097,88,270,[],2022-05-01
fnd2_a_ptoacqbnsesg,The cash outflow associated with the acquisition of business during the period. The cash portion only of the acquisition price.,"{'id': 'fundamental2', 'name': 'Report Footnotes'}","{'id': 'fundamental', 'name': 'Fundamental'}","{'id': 'fundamental-footnotes', 'name': 'Footnotes'}",USA,1,TOP3000,MATRIX,,0.3084,66,175,[],2022-05-01
fnd2_a_restructuringcharges,Amount of expenses associated with exit or disposal activities pursuant to an authorized plan. Excludes expenses related to a discontinued operation or an asset retirement obligation.,"{'id': 'fundamental2', 'name': 'Report Footnotes'}","{'id': 'fundamental', 'name': 'Fundamental'}","{'id': 'fundamental-footnotes', 'name': 'Footnotes'}",USA,1,TOP3000,MATRIX,,0.2538,87,220,[],2022-05-01
fnd2_a_rvndm,"Revenue, Domestic","{'id': 'fundamental2', 'name': 'Report Footnotes'}","{'id': 'fundamental', 'name': 'Fundamental'}","{'id': 'fundamental-footnotes', 'name': 'Footnotes'}",USA,1,TOP3000,MATRIX,,0.3533,247,559,[],2022-05-01
fnd2_a_sbcpnargmpmtwgtm,"The weighted average period between the balance sheet date and expiration for all awards outstanding under the plan, which may be expressed in a decimal value for number of years.","{'id': 'fundamental2', 'name': 'Report Footnotes'}","{'id': 'fundamental', 'name': 'Fundamental'}","{'id': 'fundamental-footnotes', 'name': 'Footnotes'}",USA,1,TOP3000,MATRIX,,0.284,625,830,[],2022-05-01
fnd2_a_sbcpnargmpmtwopsffesip,The number of shares under options that were cancelled during the reporting period as a result of occurrence of a terminating event specified in contractual agreements pertaining to the stock option plan.,"{'id': 'fundamental2', 'name': 'Report Footnotes'}","{'id': 'fundamental', 'name': 'Fundamental'}","{'id': 'fundamental-footnotes', 'name': 'Footnotes'}",USA,1,TOP3000,MATRIX,,0.392,411,699,[],2022-05-01
fnd2_a_sbcpnargmpmtwstgm,"As of the balance sheet date, the number of shares into which fully vested and expected to vest stock options outstanding can be converted under the option plan.","{'id': 'fundamental2', 'name': 'Report Footnotes'}","{'id': 'fundamental', 'name': 'Fundamental'}","{'id': 'fundamental-footnotes', 'name': 'Footnotes'}",USA,1,TOP3000,MATRIX,,0.2944,217,390,[],2022-05-01
fnd2_a_sbcpnargmpmtwvadpgwepr,"As of the balance sheet date, the weighted-average exercise price for outstanding stock options that are fully vested or expected to vest.","{'id': 'fundamental2', 'name': 'Report Footnotes'}","{'id': 'fundamental', 'name': 'Fundamental'}","{'id': 'fundamental-footnotes', 'name': 'Footnotes'}",USA,1,TOP3000,MATRIX,,0.2671,83,177,[],2022-05-01
fnd2_a_sbcpnargmpmwggil,Amount by which the current fair value of the underlying stock exceeds the exercise price of fully vested and expected to vest options outstanding.,"{'id': 'fundamental2', 'name': 'Report Footnotes'}","{'id': 'fundamental', 'name': 'Fundamental'}","{'id': 'fundamental-footnotes', 'name': 'Footnotes'}",USA,1,TOP3000,MATRIX,,0.2697,551,805,[],2022-05-01
fnd2_a_sbcpnargmsawpfipwerpr,Weighted average price of options that were either forfeited or expired.,"{'id': 'fundamental2', 'name': 'Report Footnotes'}","{'id': 'fundamental', 'name': 'Fundamental'}","{'id': 'fundamental-footnotes', 'name': 'Footnotes'}",USA,1,TOP3000,MATRIX,,0.2618,59,246,[],2022-05-01
fnd2_a_sbcpnargmsptawervl,Amount of accumulated difference between fair value of underlying shares on dates of exercise and exercise price on options exercised (or share units converted) into shares.,"{'id': 'fundamental2', 'name': 'Report Footnotes'}","{'id': 'fundamental', 'name': 'Fundamental'}","{'id': 'fundamental-footnotes', 'name': 'Footnotes'}",USA,1,TOP3000,MATRIX,,0.5321,383,882,[],2022-05-01
fnd2_a_sbcpnargmtwfsptepddvdrt,The estimated dividend rate (a percentage of the share price) to be paid (expected dividends) to holders of the underlying shares over the option's term.,"{'id': 'fundamental2', 'name': 'Report Footnotes'}","{'id': 'fundamental', 'name': 'Fundamental'}","{'id': 'fundamental-footnotes', 'name': 'Footnotes'}",USA,1,TOP3000,MATRIX,,0.5141,134,250,[],2022-05-01
fnd2_a_sbcpnargtbysbpmtwpwrr,Weighted average price at which grantees could have acquired the underlying shares with respect to stock options of the plan that expired.,"{'id': 'fundamental2', 'name': 'Report Footnotes'}","{'id': 'fundamental', 'name': 'Fundamental'}","{'id': 'fundamental-footnotes', 'name': 'Footnotes'}",USA,1,TOP3000,MATRIX,,0.3753,387,528,[],2022-05-01
fnd2_a_sbcpnatqsttotnsvdptfv,"Fair value of share-based awards for which the grantee gained the right by satisfying service and performance requirements, to receive or retain shares or units, other instruments, or cash.","{'id': 'fundamental2', 'name': 'Report Footnotes'}","{'id': 'fundamental', 'name': 'Fundamental'}","{'id': 'fundamental-footnotes', 'name': 'Footnotes'}",USA,1,TOP3000,MATRIX,,0.3068,68,125,[],2022-05-01
fnd2_a_sbcpnshardustoprgps,Share-based compensation shares authorized under stock option plans exercise price range number of outstanding options,"{'id': 'fundamental2', 'name': 'Report Footnotes'}","{'id': 'fundamental', 'name': 'Fundamental'}","{'id': 'fundamental-footnotes', 'name': 'Footnotes'}",USA,1,TOP3000,MATRIX,,0.2928,76,147,[],2022-05-01
fnd2_a_seniornotes,"Including the current and noncurrent portions, carrying value as of the balance sheet date of Notes with the highest claim on the assets of the issuer in case of bankruptcy or liquidation (with maturities initially due after 1 year or beyond the operating cycle if longer). Senior note holders are paid off in full before any payments are made to junior note holders.","{'id': 'fundamental2', 'name': 'Report Footnotes'}","{'id': 'fundamental', 'name': 'Fundamental'}","{'id': 'fundamental-footnotes', 'name': 'Footnotes'}",USA,1,TOP3000,MATRIX,,0.3269,198,303,[],2022-05-01
fnd2_a_stkdrgprdvalnewissues,Equity impact of the value of new stock issued during the period. Includes shares issued in an initial public offering or a secondary public offering.,"{'id': 'fundamental2', 'name': 'Report Footnotes'}","{'id': 'fundamental', 'name': 'Fundamental'}","{'id': 'fundamental-footnotes', 'name': 'Footnotes'}",USA,1,TOP3000,MATRIX,,0.3656,112,439,[],2022-05-01
fnd2_a_stkrpeprogramardamt,Amount of a stock repurchase plan authorized by an entity's Board of Directors.,"{'id': 'fundamental2', 'name': 'Report Footnotes'}","{'id': 'fundamental', 'name': 'Fundamental'}","{'id': 'fundamental-footnotes', 'name': 'Footnotes'}",USA,1,TOP3000,MATRIX,,0.2574,108,210,[],2022-05-01
fnd2_a_unrgtxbnfitxpenlintacd,Amount accrued for interest on an underpayment of income taxes and penalties related to a tax position claimed or expected to be claimed in the tax return.,"{'id': 'fundamental2', 'name': 'Report Footnotes'}","{'id': 'fundamental', 'name': 'Fundamental'}","{'id': 'fundamental-footnotes', 'name': 'Footnotes'}",USA,1,TOP3000,MATRIX,,0.3006,59,158,[],2022-05-01
fnd2_a_unrgtxbnfthatwdiptetxr,"The total amount of unrecognized tax benefits that, if recognized, would affect the effective tax rate.","{'id': 'fundamental2', 'name': 'Report Footnotes'}","{'id': 'fundamental', 'name': 'Fundamental'}","{'id': 'fundamental-footnotes', 'name': 'Footnotes'}",USA,1,TOP3000,MATRIX,,0.3668,79,222,[],2022-05-01
fnd2_asdm,"Assets, Domestic","{'id': 'fundamental2', 'name': 'Report Footnotes'}","{'id': 'fundamental', 'name': 'Fundamental'}","{'id': 'fundamental-footnotes', 'name': 'Footnotes'}",USA,1,TOP3000,MATRIX,,0.3072,155,284,[],2022-05-01
fnd2_currfedtxexp,"Income Tax Expense, Current - Federal","{'id': 'fundamental2', 'name': 'Report Footnotes'}","{'id': 'fundamental', 'name': 'Fundamental'}","{'id': 'fundamental-footnotes', 'name': 'Footnotes'}",USA,1,TOP3000,MATRIX,,0.5661,59,130,[],2022-05-01
fnd2_currfrtxexp,"Income Tax Expense, Current - Foreign","{'id': 'fundamental2', 'name': 'Report Footnotes'}","{'id': 'fundamental', 'name': 'Fundamental'}","{'id': 'fundamental-footnotes', 'name': 'Footnotes'}",USA,1,TOP3000,MATRIX,,0.4082,137,266,[],2022-05-01
fnd2_currstatelocaltxexp,"Income Tax Expense, Current - State & Local","{'id': 'fundamental2', 'name': 'Report Footnotes'}","{'id': 'fundamental', 'name': 'Fundamental'}","{'id': 'fundamental-footnotes', 'name': 'Footnotes'}",USA,1,TOP3000,MATRIX,,0.524,131,304,[],2022-05-01
fnd2_dbplanactuarialgl,"Defined Benefit Plan, Benefits Paid, Plan Assets","{'id': 'fundamental2', 'name': 'Report Footnotes'}","{'id': 'fundamental', 'name': 'Fundamental'}","{'id': 'fundamental-footnotes', 'name': 'Footnotes'}",USA,1,TOP3000,MATRIX,,0.26,468,779,[],2022-05-01
fnd2_dbplanamtsrginblsh,"The aggregate net amount recognized in the balance sheet associated with the defined benefit plan(s). Will normally be the same as the Defined Benefit Plan, Funded Status of Plan, Total.","{'id': 'fundamental2', 'name': 'Report Footnotes'}","{'id': 'fundamental', 'name': 'Fundamental'}","{'id': 'fundamental-footnotes', 'name': 'Footnotes'}",USA,1,TOP3000,MATRIX,,0.2521,31,83,[],2022-05-01
fnd2_dbplanartonplas,"Defined Benefit Plan, Benefits Paid, Plan Assets","{'id': 'fundamental2', 'name': 'Report Footnotes'}","{'id': 'fundamental', 'name': 'Fundamental'}","{'id': 'fundamental-footnotes', 'name': 'Footnotes'}",USA,1,TOP3000,MATRIX,,0.2514,91,161,[],2022-05-01
fnd2_dbplanbnfol,"1) For defined benefit pension plans, the benefit obligation is the projected benefit obligation, which is the actuarial present value as of a date of all benefits attributed by the pension benefit formula to employee service rendered prior to that date. 2) For other postretirement defined benefit plans, the benefit obligation is the accumulated postretirement benefit obligation, which is the actuarial present value of benefits attributed to employee service rendered to a particular date.","{'id': 'fundamental2', 'name': 'Report Footnotes'}","{'id': 'fundamental', 'name': 'Fundamental'}","{'id': 'fundamental-footnotes', 'name': 'Footnotes'}",USA,1,TOP3000,MATRIX,,0.293,53,151,[],2022-05-01
fnd2_dbplanbnfpaid,"The amount of payments made for which participants are entitled under a pension plan, including pension benefits, death benefits, and benefits due on termination of employment. Also includes payments made under a postretirement benefit plan, including prescription drug benefits, health care benefits, life insurance benefits, and legal, educational and advisory services. This item represents a periodic decrease to the plan obligations and a decrease to plan assets.","{'id': 'fundamental2', 'name': 'Report Footnotes'}","{'id': 'fundamental', 'name': 'Fundamental'}","{'id': 'fundamental-footnotes', 'name': 'Footnotes'}",USA,1,TOP3000,MATRIX,,0.2707,240,310,[],2022-05-01
fnd2_dbplanbnfpaid_ast,"The amount of payments made for which participants are entitled under a pension plan, including pension benefits, death benefits, and benefits due on termination of employment. Also includes payments made under a postretirement benefit plan, including prescription drug benefits, health care benefits, life insurance benefits, and legal, educational and advisory services. This item represents a periodic decrease to the plan obligations and a decrease to plan assets.","{'id': 'fundamental2', 'name': 'Report Footnotes'}","{'id': 'fundamental', 'name': 'Fundamental'}","{'id': 'fundamental-footnotes', 'name': 'Footnotes'}",USA,1,TOP3000,MATRIX,,0.2693,38,139,[],2022-05-01
fnd2_dbplanchgbnfolintcst,Defined Benefit Plan Change In Benefit Obligation Interest Cost,"{'id': 'fundamental2', 'name': 'Report Footnotes'}","{'id': 'fundamental', 'name': 'Fundamental'}","{'id': 'fundamental-footnotes', 'name': 'Footnotes'}",USA,1,TOP3000,MATRIX,,0.2593,23,74,[],2022-05-01
fnd2_dbplanepdfbnfp5ytherea,"Amount of benefits from a defined benefit plan expected to be paid in the 5 fiscal years after the 5th fiscal year following the latest fiscal year. Excludes interim and annual periods when interim periods are reported on a rolling approach, from latest balance sheet date.","{'id': 'fundamental2', 'name': 'Report Footnotes'}","{'id': 'fundamental', 'name': 'Fundamental'}","{'id': 'fundamental-footnotes', 'name': 'Footnotes'}",USA,1,TOP3000,MATRIX,,0.2757,28,127,[],2022-05-01
fnd2_dbplanepdfbnfpnext12m,"Amount of benefits from a defined benefit plan expected to be paid in the next fiscal year following the latest fiscal year. Excludes interim and annual periods when interim periods are reported on a rolling approach, from latest balance sheet date.","{'id': 'fundamental2', 'name': 'Report Footnotes'}","{'id': 'fundamental', 'name': 'Fundamental'}","{'id': 'fundamental-footnotes', 'name': 'Footnotes'}",USA,1,TOP3000,MATRIX,,0.2797,33,76,[],2022-05-01
fnd2_dbplanepdfbnfpy5,"Amount of benefits from a defined benefit plan expected to be paid in the 5th fiscal year following the latest fiscal year. Excludes interim and annual periods when interim periods are reported on a rolling approach, from latest balance sheet date.","{'id': 'fundamental2', 'name': 'Report Footnotes'}","{'id': 'fundamental', 'name': 'Fundamental'}","{'id': 'fundamental-footnotes', 'name': 'Footnotes'}",USA,1,TOP3000,MATRIX,,0.2789,34,148,[],2022-05-01
fnd2_dbplanepdfbnfpyfour,"Amount of benefits from a defined benefit plan expected to be paid in the 4th fiscal year following the latest fiscal year. Excludes interim and annual periods when interim periods are reported on a rolling approach, from latest balance sheet date.","{'id': 'fundamental2', 'name': 'Report Footnotes'}","{'id': 'fundamental', 'name': 'Fundamental'}","{'id': 'fundamental-footnotes', 'name': 'Footnotes'}",USA,1,TOP3000,MATRIX,,0.2795,50,229,[],2022-05-01
fnd2_dbplanepdfbnfpythree,"Amount of benefits from a defined benefit plan expected to be paid in the 3rd fiscal year following the latest fiscal year. Excludes interim and annual periods when interim periods are reported on a rolling approach, from latest balance sheet date.","{'id': 'fundamental2', 'name': 'Report Footnotes'}","{'id': 'fundamental', 'name': 'Fundamental'}","{'id': 'fundamental-footnotes', 'name': 'Footnotes'}",USA,1,TOP3000,MATRIX,,0.2801,31,65,[],2022-05-01
fnd2_dbplanepdfbnfpytwo,"Amount of benefits from a defined benefit plan expected to be paid in the 2nd fiscal year following the latest fiscal year. Excludes interim and annual periods when interim periods are reported on a rolling approach, from latest balance sheet date.","{'id': 'fundamental2', 'name': 'Report Footnotes'}","{'id': 'fundamental', 'name': 'Fundamental'}","{'id': 'fundamental-footnotes', 'name': 'Footnotes'}",USA,1,TOP3000,MATRIX,,0.2801,49,121,[],2022-05-01
fnd2_dbplanfvalpnas,"Fair value of assets that have been segregated and restricted to provide pension or postretirement benefits. Assets include, but are not limited to, stocks, bonds, other investments, earnings from investments, and contributions by the employer and employees.","{'id': 'fundamental2', 'name': 'Report Footnotes'}","{'id': 'fundamental', 'name': 'Fundamental'}","{'id': 'fundamental-footnotes', 'name': 'Footnotes'}",USA,1,TOP3000,MATRIX,,0.2847,43,97,[],2022-05-01
fnd2_dfctrbplancstrg,The amount of the cost recognized during the period for defined contribution plans.,"{'id': 'fundamental2', 'name': 'Report Footnotes'}","{'id': 'fundamental', 'name': 'Fundamental'}","{'id': 'fundamental-footnotes', 'name': 'Footnotes'}",USA,1,TOP3000,MATRIX,,0.4665,118,272,[],2022-05-01
fnd2_dfdfeditxexp,"Income Tax Expense, Deferred - Federal","{'id': 'fundamental2', 'name': 'Report Footnotes'}","{'id': 'fundamental', 'name': 'Fundamental'}","{'id': 'fundamental-footnotes', 'name': 'Footnotes'}",USA,1,TOP3000,MATRIX,,0.5396,98,228,[],2022-05-01
fnd2_dfdfritxexp,"Income Tax Expense, Deferred - Foreign","{'id': 'fundamental2', 'name': 'Report Footnotes'}","{'id': 'fundamental', 'name': 'Fundamental'}","{'id': 'fundamental-footnotes', 'name': 'Footnotes'}",USA,1,TOP3000,MATRIX,,0.3932,98,212,[],2022-05-01
fnd2_dfdlocalitxexp,"Income Tax Expense, Deferred","{'id': 'fundamental2', 'name': 'Report Footnotes'}","{'id': 'fundamental', 'name': 'Fundamental'}","{'id': 'fundamental-footnotes', 'name': 'Footnotes'}",USA,1,TOP3000,MATRIX,,0.512,49,113,[],2022-05-01
fnd2_dfdtxasoprlcarryfwd,Amount before allocation of valuation allowances of deferred tax asset attributable to deductible operating loss carryforwards.,"{'id': 'fundamental2', 'name': 'Report Footnotes'}","{'id': 'fundamental', 'name': 'Fundamental'}","{'id': 'fundamental-footnotes', 'name': 'Footnotes'}",USA,1,TOP3000,MATRIX,,0.6232,216,587,[],2022-05-01
fnd2_dfdtxastxcrcarryfwd,"Amount, before allocation of a valuation allowance, of deferred tax assets attributable to deductible tax credit carryforwards including, but not limited to, research, foreign, general business, alternative minimum tax, and other deductible tax credit carryforwards","{'id': 'fundamental2', 'name': 'Report Footnotes'}","{'id': 'fundamental', 'name': 'Fundamental'}","{'id': 'fundamental-footnotes', 'name': 'Footnotes'}",USA,1,TOP3000,MATRIX,,0.3801,273,475,[],2022-05-01
fnd2_dfdtxastxdfdexpcompbnf,Amount before allocation of valuation allowances of deferred tax asset attributable to deductible temporary differences from compensation and benefits costs.,"{'id': 'fundamental2', 'name': 'Report Footnotes'}","{'id': 'fundamental', 'name': 'Fundamental'}","{'id': 'fundamental-footnotes', 'name': 'Footnotes'}",USA,1,TOP3000,MATRIX,,0.5349,118,360,[],2022-05-01
fnd2_dfdtxastxdfdexprssaccrs,Amount before allocation of valuation allowances of deferred tax asset attributable to deductible temporary differences from reserves and accruals.,"{'id': 'fundamental2', 'name': 'Report Footnotes'}","{'id': 'fundamental', 'name': 'Fundamental'}","{'id': 'fundamental-footnotes', 'name': 'Footnotes'}",USA,1,TOP3000,MATRIX,,0.5203,195,475,[],2022-05-01
fnd2_dfdtxlbsgwllandintas,Amount of deferred tax liability attributable to taxable temporary differences from intangible assets including goodwill.,"{'id': 'fundamental2', 'name': 'Report Footnotes'}","{'id': 'fundamental', 'name': 'Fundamental'}","{'id': 'fundamental-footnotes', 'name': 'Footnotes'}",USA,1,TOP3000,MATRIX,,0.3559,64,184,[],2022-05-01
fnd2_dfdtxlbspropplteqm,"Amount of deferred tax liability attributable to taxable temporary differences from property, plant, and equipment.","{'id': 'fundamental2', 'name': 'Report Footnotes'}","{'id': 'fundamental', 'name': 'Fundamental'}","{'id': 'fundamental-footnotes', 'name': 'Footnotes'}",USA,1,TOP3000,MATRIX,,0.4289,97,241,[],2022-05-01
fnd2_ebitdm,"EBIT, Domestic","{'id': 'fundamental2', 'name': 'Report Footnotes'}","{'id': 'fundamental', 'name': 'Fundamental'}","{'id': 'fundamental-footnotes', 'name': 'Footnotes'}",USA,1,TOP3000,MATRIX,,0.4192,349,611,[],2022-05-01
fnd2_ebitfr,"EBIT, Foreign","{'id': 'fundamental2', 'name': 'Report Footnotes'}","{'id': 'fundamental', 'name': 'Fundamental'}","{'id': 'fundamental-footnotes', 'name': 'Footnotes'}",USA,1,TOP3000,MATRIX,,0.3948,344,815,[],2022-05-01
fnd2_eixrtreclstatelocalitxes,"Percentage of the difference between reported income tax expense (benefit) and expected income tax expense (benefit) computed by applying the domestic federal statutory income tax rates to pretax income (loss) from continuing operations applicable to state and local income tax expense (benefit), net of federal tax expense (benefit).","{'id': 'fundamental2', 'name': 'Report Footnotes'}","{'id': 'fundamental', 'name': 'Fundamental'}","{'id': 'fundamental-footnotes', 'name': 'Footnotes'}",USA,1,TOP3000,MATRIX,,0.3286,95,167,[],2022-05-01
fnd2_itxreclchgdfdtxava,Amount of the difference between reported income tax expense (benefit) and expected income tax expense (benefit) computed by applying the domestic federal statutory income tax rates to pretax income (loss) from continuing operations attributable to increase (decrease) in the valuation allowance for deferred tax assets.,"{'id': 'fundamental2', 'name': 'Report Footnotes'}","{'id': 'fundamental', 'name': 'Fundamental'}","{'id': 'fundamental-footnotes', 'name': 'Footnotes'}",USA,1,TOP3000,MATRIX,,0.264,374,554,[],2022-05-01
fnd2_itxreclnondeductibleexp,Amount of the difference between reported income tax expense (benefit) and expected income tax expense (benefit) computed by applying the domestic federal statutory income tax rates to pretax income (loss) from continuing operations attributable to nondeductible expenses.,"{'id': 'fundamental2', 'name': 'Report Footnotes'}","{'id': 'fundamental', 'name': 'Fundamental'}","{'id': 'fundamental-footnotes', 'name': 'Footnotes'}",USA,1,TOP3000,MATRIX,,0.2904,168,284,[],2022-05-01
fnd2_itxreclstatelocalitxes,Amount of the difference between reported income tax expense (benefit) and expected income tax expense (benefit) computed by applying the domestic federal statutory income tax rates to pretax income (loss) from continuing operations attributable to state and local income tax expense (benefit).,"{'id': 'fundamental2', 'name': 'Report Footnotes'}","{'id': 'fundamental', 'name': 'Fundamental'}","{'id': 'fundamental-footnotes', 'name': 'Footnotes'}",USA,1,TOP3000,MATRIX,,0.3361,109,208,[],2022-05-01
fnd2_itxreexftfedstyitxrt,"Income tax amount computed at the federal tax rate, before any adjustments","{'id': 'fundamental2', 'name': 'Report Footnotes'}","{'id': 'fundamental', 'name': 'Fundamental'}","{'id': 'fundamental-footnotes', 'name': 'Footnotes'}",USA,1,TOP3000,MATRIX,,0.392,84,224,[],2022-05-01
fnd2_oprlsfmpdcurr,"Amount of required minimum rental payments for operating leases having an initial or remaining non-cancelable lease term in excess of 1 year due in the next fiscal year following the latest fiscal year. Excludes interim and annual periods when interim periods are reported on a rolling approach, from latest balance sheet date.","{'id': 'fundamental2', 'name': 'Report Footnotes'}","{'id': 'fundamental', 'name': 'Fundamental'}","{'id': 'fundamental-footnotes', 'name': 'Footnotes'}",USA,1,TOP3000,MATRIX,,0.6378,773,1332,[],2022-05-01
fnd2_propplteqflublgland,"PPE, Buildings & Land, Useful Life, Maximum","{'id': 'fundamental2', 'name': 'Report Footnotes'}","{'id': 'fundamental', 'name': 'Fundamental'}","{'id': 'fundamental-footnotes', 'name': 'Footnotes'}",USA,1,TOP3000,MATRIX,,0.3558,40,101,[],2022-05-01
fnd2_propplteqmuflmameqmt,"PPE, Equipment, Useful Life, Maximum","{'id': 'fundamental2', 'name': 'Report Footnotes'}","{'id': 'fundamental', 'name': 'Fundamental'}","{'id': 'fundamental-footnotes', 'name': 'Footnotes'}",USA,1,TOP3000,MATRIX,,0.4762,51,144,[],2022-05-01
fnd2_propplteqmuflmamfrt,"PPE, Furniture, Useful Life, Maximum","{'id': 'fundamental2', 'name': 'Report Footnotes'}","{'id': 'fundamental', 'name': 'Fundamental'}","{'id': 'fundamental-footnotes', 'name': 'Footnotes'}",USA,1,TOP3000,MATRIX,,0.2667,56,164,[],2022-05-01
fnd2_propplteqmuflmblgland,"PPE, Buildings & land, Useful Life, Minimum","{'id': 'fundamental2', 'name': 'Report Footnotes'}","{'id': 'fundamental', 'name': 'Fundamental'}","{'id': 'fundamental-footnotes', 'name': 'Footnotes'}",USA,1,TOP3000,MATRIX,,0.33,212,256,[],2022-05-01
fnd2_propplteqmuflmeqmt,"PPE, Equipment, Useful Life, Minimum","{'id': 'fundamental2', 'name': 'Report Footnotes'}","{'id': 'fundamental', 'name': 'Fundamental'}","{'id': 'fundamental-footnotes', 'name': 'Footnotes'}",USA,1,TOP3000,MATRIX,,0.4744,61,136,[],2022-05-01
fnd2_propplteqmuflmfrt,"PPE, Furniture, Useful Life, Minimum","{'id': 'fundamental2', 'name': 'Report Footnotes'}","{'id': 'fundamental', 'name': 'Fundamental'}","{'id': 'fundamental-footnotes', 'name': 'Footnotes'}",USA,1,TOP3000,MATRIX,,0.2612,62,152,[],2022-05-01
fnd2_q_atdlsecexfcepsastkos,"Antidilutive Shares Excluded From Earnings Per Share Amount, Stock Options","{'id': 'fundamental2', 'name': 'Report Footnotes'}","{'id': 'fundamental', 'name': 'Fundamental'}","{'id': 'fundamental-footnotes', 'name': 'Footnotes'}",USA,1,TOP3000,MATRIX,,0.2706,106,355,[],2022-05-01
fnd2_q_bnsacqproformarvn,The pro forma revenue for a period as if the business combination or combinations had been completed at the beginning of the period.,"{'id': 'fundamental2', 'name': 'Report Footnotes'}","{'id': 'fundamental', 'name': 'Fundamental'}","{'id': 'fundamental-footnotes', 'name': 'Footnotes'}",USA,1,TOP3000,MATRIX,,0.2808,70,159,[],2022-05-01
fnd2_q_flintasamt1expy5,"Amount of amortization expense for assets, excluding financial assets and goodwill, lacking physical substance with a finite life expected to be recognized during the 5th fiscal year following the latest fiscal year. Excludes interim and annual periods when interim periods are reported on a rolling approach, from latest balance sheet date.","{'id': 'fundamental2', 'name': 'Report Footnotes'}","{'id': 'fundamental', 'name': 'Fundamental'}","{'id': 'fundamental-footnotes', 'name': 'Footnotes'}",USA,1,TOP3000,MATRIX,,0.2893,65,363,[],2022-05-01
fnd2_q_flintasamt1expyfour,"Amount of amortization expense for assets, excluding financial assets and goodwill, lacking physical substance with a finite life expected to be recognized during the 4th fiscal year following the latest fiscal year. Excludes interim and annual periods when interim periods are reported on a rolling approach, from latest balance sheet date.","{'id': 'fundamental2', 'name': 'Report Footnotes'}","{'id': 'fundamental', 'name': 'Fundamental'}","{'id': 'fundamental-footnotes', 'name': 'Footnotes'}",USA,1,TOP3000,MATRIX,,0.3054,513,805,[],2022-05-01
fnd2_q_flintasamt1expythree,"Amount of amortization expense for assets, excluding financial assets and goodwill, lacking physical substance with a finite life expected to be recognized during the 3rd fiscal year following the latest fiscal year. Excludes interim and annual periods when interim periods are reported on a rolling approach, from latest balance sheet date.","{'id': 'fundamental2', 'name': 'Report Footnotes'}","{'id': 'fundamental', 'name': 'Fundamental'}","{'id': 'fundamental-footnotes', 'name': 'Footnotes'}",USA,1,TOP3000,MATRIX,,0.3088,95,294,[],2022-05-01
fnd2_q_flintasamt1expytwo,"Amount of amortization expense for assets, excluding financial assets and goodwill, lacking physical substance with a finite life expected to be recognized during the 2nd fiscal year following the latest fiscal year. Excludes interim and annual periods when interim periods are reported on a rolling approach, from latest balance sheet date.","{'id': 'fundamental2', 'name': 'Report Footnotes'}","{'id': 'fundamental', 'name': 'Fundamental'}","{'id': 'fundamental-footnotes', 'name': 'Footnotes'}",USA,1,TOP3000,MATRIX,,0.3105,169,411,[],2022-05-01
fnd2_q_inventoryfinishedgoods,"Amount before valuation and LIFO reserves of completed merchandise or goods expected to be sold within 1 year or operating cycle, if longer.","{'id': 'fundamental2', 'name': 'Report Footnotes'}","{'id': 'fundamental', 'name': 'Fundamental'}","{'id': 'fundamental-footnotes', 'name': 'Footnotes'}",USA,1,TOP3000,MATRIX,,0.2501,118,406,[],2022-05-01
fnd2_q_inventoryrawmaterials,"Amount before valuation and LIFO reserves of raw materials expected to be sold, or consumed within 1 year or operating cycle, if longer.","{'id': 'fundamental2', 'name': 'Report Footnotes'}","{'id': 'fundamental', 'name': 'Fundamental'}","{'id': 'fundamental-footnotes', 'name': 'Footnotes'}",USA,1,TOP3000,MATRIX,,0.258,168,289,[],2022-05-01
fnd2_q_lineofcrfcyrmbrgcap,Amount of borrowing capacity currently available under the credit facility (current borrowing capacity less the amount of borrowings outstanding).,"{'id': 'fundamental2', 'name': 'Report Footnotes'}","{'id': 'fundamental', 'name': 'Fundamental'}","{'id': 'fundamental-footnotes', 'name': 'Footnotes'}",USA,1,TOP3000,MATRIX,,0.2654,72,199,[],2022-05-01
fnd2_q_ptoacqbnsesg,The cash outflow associated with the acquisition of business during the period. The cash portion only of the acquisition price.,"{'id': 'fundamental2', 'name': 'Report Footnotes'}","{'id': 'fundamental', 'name': 'Fundamental'}","{'id': 'fundamental-footnotes', 'name': 'Footnotes'}",USA,1,TOP3000,MATRIX,,0.2679,74,132,[],2022-05-01
fnd2_q_seniornotes,"Including the current and noncurrent portions, carrying value as of the balance sheet date of Notes with the highest claim on the assets of the issuer in case of bankruptcy or liquidation (with maturities initially due after 1 year or beyond the operating cycle if longer). Senior note holders are paid off in full before any payments are made to junior note holders.","{'id': 'fundamental2', 'name': 'Report Footnotes'}","{'id': 'fundamental', 'name': 'Fundamental'}","{'id': 'fundamental-footnotes', 'name': 'Footnotes'}",USA,1,TOP3000,MATRIX,,0.3187,132,234,[],2022-05-01
fnd2_sbcpnshardpreops,Share-based compensation shares authorized under stock option plans exercise price range number of exercisable options,"{'id': 'fundamental2', 'name': 'Report Footnotes'}","{'id': 'fundamental', 'name': 'Fundamental'}","{'id': 'fundamental-footnotes', 'name': 'Footnotes'}",USA,1,TOP3000,MATRIX,,0.266,75,151,[],2022-05-01
fnd2_unremittedfrer,Unremitted Foreign Earnings,"{'id': 'fundamental2', 'name': 'Report Footnotes'}","{'id': 'fundamental', 'name': 'Fundamental'}","{'id': 'fundamental-footnotes', 'name': 'Footnotes'}",USA,1,TOP3000,MATRIX,,0.3097,267,352,[],2022-05-01
fnd2_unrgtxbnfdcfpprdtxpss,Amount of decrease in unrecognized tax benefits resulting from tax positions that have been or will be taken in current period tax return.,"{'id': 'fundamental2', 'name': 'Report Footnotes'}","{'id': 'fundamental', 'name': 'Fundamental'}","{'id': 'fundamental-footnotes', 'name': 'Footnotes'}",USA,1,TOP3000,MATRIX,,0.4176,68,122,[],2022-05-01
fnd2_unrgtxbnfdecresfsttwtxauth,Amount of decrease in unrecognized tax benefits resulting from settlements with taxing authorities.,"{'id': 'fundamental2', 'name': 'Report Footnotes'}","{'id': 'fundamental', 'name': 'Fundamental'}","{'id': 'fundamental-footnotes', 'name': 'Footnotes'}",USA,1,TOP3000,MATRIX,,0.3539,49,86,[],2022-05-01
fnd2_unrgtxbnfinregfcrps,Amount of increase in unrecognized tax benefits resulting from tax positions that have been or will be taken in current period tax return.,"{'id': 'fundamental2', 'name': 'Report Footnotes'}","{'id': 'fundamental', 'name': 'Fundamental'}","{'id': 'fundamental-footnotes', 'name': 'Footnotes'}",USA,1,TOP3000,MATRIX,,0.4626,53,145,[],2022-05-01
fnd2_unrgtxbnfinregfprtxps,Amount of increase in unrecognized tax benefits resulting from tax positions taken in prior period tax returns.,"{'id': 'fundamental2', 'name': 'Report Footnotes'}","{'id': 'fundamental', 'name': 'Fundamental'}","{'id': 'fundamental-footnotes', 'name': 'Footnotes'}",USA,1,TOP3000,MATRIX,,0.4406,86,201,[],2022-05-01
fnd2_unrgtxbnfrdsrefpstf,Amount of decrease in unrecognized tax benefits resulting from lapses of applicable statutes of limitations.,"{'id': 'fundamental2', 'name': 'Report Footnotes'}","{'id': 'fundamental', 'name': 'Fundamental'}","{'id': 'fundamental-footnotes', 'name': 'Footnotes'}",USA,1,TOP3000,MATRIX,,0.384,108,219,[],2022-05-01
foreign_currency_translation_adjustment_net,Net adjustment for foreign currency transactions and translations in other comprehensive income.,"{'id': 'fundamental2', 'name': 'Report Footnotes'}","{'id': 'fundamental', 'name': 'Fundamental'}","{'id': 'fundamental-footnotes', 'name': 'Footnotes'}",USA,1,TOP3000,MATRIX,1.0,0.5429,68,77,[],2026-03-01
foreign_currency_translation_adjustment_net_tax,"Net adjustment for foreign currency translation, after tax.","{'id': 'fundamental2', 'name': 'Report Footnotes'}","{'id': 'fundamental', 'name': 'Fundamental'}","{'id': 'fundamental-footnotes', 'name': 'Footnotes'}",USA,1,TOP3000,MATRIX,1.0,0.3274,2,2,[],2026-03-01
foreign_currency_translation_oci_net,"Net amount of accumulated other comprehensive income or loss from foreign currency translation, net of tax.","{'id': 'fundamental2', 'name': 'Report Footnotes'}","{'id': 'fundamental', 'name': 'Fundamental'}","{'id': 'fundamental-footnotes', 'name': 'Footnotes'}",USA,1,TOP3000,MATRIX,1.0,0.3787,3,3,[],2026-03-01
foreign_ebit_amount,Earnings before interest and taxes generated from foreign operations.,"{'id': 'fundamental2', 'name': 'Report Footnotes'}","{'id': 'fundamental', 'name': 'Fundamental'}","{'id': 'fundamental-footnotes', 'name': 'Footnotes'}",USA,1,TOP3000,MATRIX,1.0,0.4869,13,14,[],2026-03-01
furniture_fixtures_gross_value,Gross value of furniture and fixtures.,"{'id': 'fundamental2', 'name': 'Report Footnotes'}","{'id': 'fundamental', 'name': 'Fundamental'}","{'id': 'fundamental-footnotes', 'name': 'Footnotes'}",USA,1,TOP3000,MATRIX,1.0,0.4785,2,3,[],2026-03-01
future_benefit_payments_next_12mo,Expected future benefit payments in the next twelve months for a defined benefit plan.,"{'id': 'fundamental2', 'name': 'Report Footnotes'}","{'id': 'fundamental', 'name': 'Fundamental'}","{'id': 'fundamental-footnotes', 'name': 'Footnotes'}",USA,1,TOP3000,MATRIX,1.0,0.3164,1,1,[],2026-03-01
future_benefit_payments_post_year5,Expected future benefit payments after five fiscal years for a defined benefit plan.,"{'id': 'fundamental2', 'name': 'Report Footnotes'}","{'id': 'fundamental', 'name': 'Fundamental'}","{'id': 'fundamental-footnotes', 'name': 'Footnotes'}",USA,1,TOP3000,MATRIX,1.0,0.3103,1,1,[],2026-03-01
future_minimum_capital_lease_payments,Minimum payments due in the future for capital leases.,"{'id': 'fundamental2', 'name': 'Report Footnotes'}","{'id': 'fundamental', 'name': 'Fundamental'}","{'id': 'fundamental-footnotes', 'name': 'Footnotes'}",USA,1,TOP3000,MATRIX,1.0,0.3028,10,12,[],2026-03-01
future_minimum_operating_lease_payments,Minimum payments due in the future for operating leases.,"{'id': 'fundamental2', 'name': 'Report Footnotes'}","{'id': 'fundamental', 'name': 'Fundamental'}","{'id': 'fundamental-footnotes', 'name': 'Footnotes'}",USA,1,TOP3000,MATRIX,1.0,0.7805,33,37,[],2026-03-01
future_tax_liabilities,Liabilities for taxes owed in future periods.,"{'id': 'fundamental2', 'name': 'Report Footnotes'}","{'id': 'fundamental', 'name': 'Fundamental'}","{'id': 'fundamental-footnotes', 'name': 'Footnotes'}",USA,1,TOP3000,MATRIX,1.0,0.5038,1,1,[],2026-03-01
fx_transaction_gain_loss_pre_tax,Gain or loss from foreign currency transactions before tax.,"{'id': 'fundamental2', 'name': 'Report Footnotes'}","{'id': 'fundamental', 'name': 'Fundamental'}","{'id': 'fundamental-footnotes', 'name': 'Footnotes'}",USA,1,TOP3000,MATRIX,1.0,0.2898,3,5,[],2026-03-01
fx_translation_oci_net_tax,Net of tax adjustment to other comprehensive income for foreign currency transactions and translation.,"{'id': 'fundamental2', 'name': 'Report Footnotes'}","{'id': 'fundamental', 'name': 'Fundamental'}","{'id': 'fundamental-footnotes', 'name': 'Footnotes'}",USA,1,TOP3000,MATRIX,1.0,0.5147,6,6,[],2026-03-01
goodwill_accounting_adjustments,Adjustments made to goodwill due to purchase accounting.,"{'id': 'fundamental2', 'name': 'Report Footnotes'}","{'id': 'fundamental', 'name': 'Fundamental'}","{'id': 'fundamental-footnotes', 'name': 'Footnotes'}",USA,1,TOP3000,MATRIX,1.0,0.3116,2,2,[],2026-03-01
goodwill_acquired_current_period,Amount of goodwill recognized from acquisitions during the current period.,"{'id': 'fundamental2', 'name': 'Report Footnotes'}","{'id': 'fundamental', 'name': 'Fundamental'}","{'id': 'fundamental-footnotes', 'name': 'Footnotes'}",USA,1,TOP3000,MATRIX,1.0,0.3681,6,6,[],2026-03-01
goodwill_acquisition_accounting_adjustment,Adjustments to goodwill resulting from purchase accounting in acquisitions.,"{'id': 'fundamental2', 'name': 'Report Footnotes'}","{'id': 'fundamental', 'name': 'Fundamental'}","{'id': 'fundamental-footnotes', 'name': 'Footnotes'}",USA,1,TOP3000,MATRIX,1.0,0.2557,6,6,[],2026-03-01
goodwill_fx_translation_adjustments,Adjustments to goodwill due to changes in foreign currency exchange rates.,"{'id': 'fundamental2', 'name': 'Report Footnotes'}","{'id': 'fundamental', 'name': 'Fundamental'}","{'id': 'fundamental-footnotes', 'name': 'Footnotes'}",USA,1,TOP3000,MATRIX,1.0,0.2839,15,20,[],2026-03-01
goodwill_impairment_loss_amount,Amount of loss recognized due to goodwill impairment.,"{'id': 'fundamental2', 'name': 'Report Footnotes'}","{'id': 'fundamental', 'name': 'Fundamental'}","{'id': 'fundamental-footnotes', 'name': 'Footnotes'}",USA,1,TOP3000,MATRIX,1.0,0.4691,41,44,[],2026-03-01
gross_construction_in_progress_value,Total gross value of construction projects in progress.,"{'id': 'fundamental2', 'name': 'Report Footnotes'}","{'id': 'fundamental', 'name': 'Fundamental'}","{'id': 'fundamental-footnotes', 'name': 'Footnotes'}",USA,1,TOP3000,MATRIX,1.0,0.4342,6,9,[],2026-03-01
gross_customer_related_intangibles,Gross value of customer-related finite-lived intangible assets.,"{'id': 'fundamental2', 'name': 'Report Footnotes'}","{'id': 'fundamental', 'name': 'Fundamental'}","{'id': 'fundamental-footnotes', 'name': 'Footnotes'}",USA,1,TOP3000,MATRIX,1.0,0.3163,9,12,[],2026-03-01
gross_machinery_equipment_value,Gross value of machinery and equipment.,"{'id': 'fundamental2', 'name': 'Report Footnotes'}","{'id': 'fundamental', 'name': 'Fundamental'}","{'id': 'fundamental-footnotes', 'name': 'Footnotes'}",USA,1,TOP3000,MATRIX,1.0,0.3007,4,8,[],2026-03-01
gross_machinery_equipment_value_2,Gross value of machinery and equipment.,"{'id': 'fundamental2', 'name': 'Report Footnotes'}","{'id': 'fundamental', 'name': 'Fundamental'}","{'id': 'fundamental-footnotes', 'name': 'Footnotes'}",USA,1,TOP3000,MATRIX,1.0,0.7052,7,8,[],2026-03-01
gross_patents_ip_intangible_assets,Gross value of patents and intellectual property classified as finite-lived intangible assets.,"{'id': 'fundamental2', 'name': 'Report Footnotes'}","{'id': 'fundamental', 'name': 'Fundamental'}","{'id': 'fundamental-footnotes', 'name': 'Footnotes'}",USA,1,TOP3000,MATRIX,1.0,0.3324,3,3,[],2026-03-01
gross_patents_ip_intangibles,Gross value of patents and intellectual property finite-lived intangible assets.,"{'id': 'fundamental2', 'name': 'Report Footnotes'}","{'id': 'fundamental', 'name': 'Fundamental'}","{'id': 'fundamental-footnotes', 'name': 'Footnotes'}",USA,1,TOP3000,MATRIX,1.0,0.2509,6,8,[],2026-03-01
gross_payments_for_acquisitions,Total gross payments made to acquire businesses.,"{'id': 'fundamental2', 'name': 'Report Footnotes'}","{'id': 'fundamental', 'name': 'Fundamental'}","{'id': 'fundamental-footnotes', 'name': 'Footnotes'}",USA,1,TOP3000,MATRIX,1.0,0.5024,5,5,[],2026-03-01
gross_value_buildings_improvements,Total gross value of buildings and improvements before depreciation.,"{'id': 'fundamental2', 'name': 'Report Footnotes'}","{'id': 'fundamental', 'name': 'Fundamental'}","{'id': 'fundamental-footnotes', 'name': 'Footnotes'}",USA,1,TOP3000,MATRIX,1.0,0.4239,4,13,[],2026-03-01
hedge_derivative_oci_net_tax,"Net other comprehensive income or loss from derivatives qualifying as hedges, after tax.","{'id': 'fundamental2', 'name': 'Report Footnotes'}","{'id': 'fundamental', 'name': 'Fundamental'}","{'id': 'fundamental-footnotes', 'name': 'Footnotes'}",USA,1,TOP3000,MATRIX,1.0,0.3764,6,8,[],2026-03-01
impairment_loss_goodwill,Loss recognized due to impairment of goodwill.,"{'id': 'fundamental2', 'name': 'Report Footnotes'}","{'id': 'fundamental', 'name': 'Fundamental'}","{'id': 'fundamental-footnotes', 'name': 'Footnotes'}",USA,1,TOP3000,MATRIX,1.0,0.27,8,11,[],2026-03-01
income_tax_expense_total,Total income tax expense for the period.,"{'id': 'fundamental2', 'name': 'Report Footnotes'}","{'id': 'fundamental', 'name': 'Fundamental'}","{'id': 'fundamental-footnotes', 'name': 'Footnotes'}",USA,1,TOP3000,MATRIX,1.0,0.7999,11,23,[],2026-03-01
income_tax_expense_total_3,Total income tax expense recognized in the period.,"{'id': 'fundamental2', 'name': 'Report Footnotes'}","{'id': 'fundamental', 'name': 'Fundamental'}","{'id': 'fundamental-footnotes', 'name': 'Footnotes'}",USA,1,TOP3000,MATRIX,1.0,0.8421,11,14,[],2026-03-01
income_tax_payments,Total income taxes paid during the period.,"{'id': 'fundamental2', 'name': 'Report Footnotes'}","{'id': 'fundamental', 'name': 'Fundamental'}","{'id': 'fundamental-footnotes', 'name': 'Footnotes'}",USA,1,TOP3000,MATRIX,1.0,0.5284,5,10,[],2026-03-01
income_taxes_paid_total,Total amount of income taxes paid.,"{'id': 'fundamental2', 'name': 'Report Footnotes'}","{'id': 'fundamental', 'name': 'Fundamental'}","{'id': 'fundamental-footnotes', 'name': 'Footnotes'}",USA,1,TOP3000,MATRIX,1.0,0.8242,17,18,[],2026-03-01
incremental_shares_sbp_arrangements,Incremental common shares attributable to share-based payment arrangements.,"{'id': 'fundamental2', 'name': 'Report Footnotes'}","{'id': 'fundamental', 'name': 'Fundamental'}","{'id': 'fundamental-footnotes', 'name': 'Footnotes'}",USA,1,TOP3000,MATRIX,1.0,0.4707,0,0,[],2026-03-01
incremental_shares_share_award_total,Total incremental common shares from share-based payment arrangements.,"{'id': 'fundamental2', 'name': 'Report Footnotes'}","{'id': 'fundamental', 'name': 'Fundamental'}","{'id': 'fundamental-footnotes', 'name': 'Footnotes'}",USA,1,TOP3000,MATRIX,1.0,0.485,1,1,[],2026-03-01
indefinite_intangibles_excl_goodwill,Value of indefinite-lived intangible assets excluding goodwill.,"{'id': 'fundamental2', 'name': 'Report Footnotes'}","{'id': 'fundamental', 'name': 'Fundamental'}","{'id': 'fundamental-footnotes', 'name': 'Footnotes'}",USA,1,TOP3000,MATRIX,1.0,0.3476,5,5,[],2026-03-01
indefinite_lived_intangibles_excl_goodwill,Value of indefinite-lived intangible assets excluding goodwill.,"{'id': 'fundamental2', 'name': 'Report Footnotes'}","{'id': 'fundamental', 'name': 'Fundamental'}","{'id': 'fundamental-footnotes', 'name': 'Footnotes'}",USA,1,TOP3000,MATRIX,1.0,0.2805,6,6,[],2026-03-01
intangible_amortization_expense_after_year5,Amortization expense for finite-lived intangible assets after the fifth year.,"{'id': 'fundamental2', 'name': 'Report Footnotes'}","{'id': 'fundamental', 'name': 'Fundamental'}","{'id': 'fundamental-footnotes', 'name': 'Footnotes'}",USA,1,TOP3000,MATRIX,1.0,0.3623,20,22,[],2026-03-01
intangible_amortization_expense_fourth_year,Amortization expense for finite-lived intangible assets in the fourth year.,"{'id': 'fundamental2', 'name': 'Report Footnotes'}","{'id': 'fundamental', 'name': 'Fundamental'}","{'id': 'fundamental-footnotes', 'name': 'Footnotes'}",USA,1,TOP3000,MATRIX,1.0,0.6397,3,3,[],2026-03-01
intangible_amortization_expense_second_year,Amortization expense for finite-lived intangible assets in the second year.,"{'id': 'fundamental2', 'name': 'Report Footnotes'}","{'id': 'fundamental', 'name': 'Fundamental'}","{'id': 'fundamental-footnotes', 'name': 'Footnotes'}",USA,1,TOP3000,MATRIX,1.0,0.3586,15,22,[],2026-03-01
intangible_amortization_expense_year5,Amortization expense for finite-lived intangible assets in the fifth year.,"{'id': 'fundamental2', 'name': 'Report Footnotes'}","{'id': 'fundamental', 'name': 'Fundamental'}","{'id': 'fundamental-footnotes', 'name': 'Footnotes'}",USA,1,TOP3000,MATRIX,1.0,0.3174,0,0,[],2026-03-01
intangible_amortization_expense_year_three,Amortization expense for finite-lived intangible assets in the third year.,"{'id': 'fundamental2', 'name': 'Report Footnotes'}","{'id': 'fundamental', 'name': 'Fundamental'}","{'id': 'fundamental-footnotes', 'name': 'Footnotes'}",USA,1,TOP3000,MATRIX,1.0,0.6457,4,5,[],2026-03-01
intangible_amortization_next_12m,Expected amortization expense for finite-lived intangible assets over the next twelve months.,"{'id': 'fundamental2', 'name': 'Report Footnotes'}","{'id': 'fundamental', 'name': 'Fundamental'}","{'id': 'fundamental-footnotes', 'name': 'Footnotes'}",USA,1,TOP3000,MATRIX,1.0,0.6457,6,6,[],2026-03-01
intangible_asset_impairment_excl_goodwill,"Impairment charges recognized for intangible assets, excluding goodwill.","{'id': 'fundamental2', 'name': 'Report Footnotes'}","{'id': 'fundamental', 'name': 'Fundamental'}","{'id': 'fundamental-footnotes', 'name': 'Footnotes'}",USA,1,TOP3000,MATRIX,1.0,0.3322,6,6,[],2026-03-01
intangible_assets_amortization,Amortization expense for intangible assets.,"{'id': 'fundamental2', 'name': 'Report Footnotes'}","{'id': 'fundamental', 'name': 'Fundamental'}","{'id': 'fundamental-footnotes', 'name': 'Footnotes'}",USA,1,TOP3000,MATRIX,1.0,0.6666,4,4,[],2026-03-01
intangible_assets_amortization_total,Total amortization expense for intangible assets.,"{'id': 'fundamental2', 'name': 'Report Footnotes'}","{'id': 'fundamental', 'name': 'Fundamental'}","{'id': 'fundamental-footnotes', 'name': 'Footnotes'}",USA,1,TOP3000,MATRIX,1.0,0.5192,5,6,[],2026-03-01
intangible_assets_gross_value,Gross value of finite-lived intangible assets.,"{'id': 'fundamental2', 'name': 'Report Footnotes'}","{'id': 'fundamental', 'name': 'Fundamental'}","{'id': 'fundamental-footnotes', 'name': 'Footnotes'}",USA,1,TOP3000,MATRIX,1.0,0.4346,9,14,[],2026-03-01
intangible_assets_net_carrying_value,Net carrying value of finite-lived intangible assets after amortization.,"{'id': 'fundamental2', 'name': 'Report Footnotes'}","{'id': 'fundamental', 'name': 'Fundamental'}","{'id': 'fundamental-footnotes', 'name': 'Footnotes'}",USA,1,TOP3000,MATRIX,1.0,0.479,14,17,[],2026-03-01
intangible_assets_total_amortization,Total amortization recorded for finite-lived intangible assets.,"{'id': 'fundamental2', 'name': 'Report Footnotes'}","{'id': 'fundamental', 'name': 'Fundamental'}","{'id': 'fundamental-footnotes', 'name': 'Footnotes'}",USA,1,TOP3000,MATRIX,1.0,0.4909,2,2,[],2026-03-01
interest_due_liabilities,Amount of interest payable as a liability.,"{'id': 'fundamental2', 'name': 'Report Footnotes'}","{'id': 'fundamental', 'name': 'Fundamental'}","{'id': 'fundamental-footnotes', 'name': 'Footnotes'}",USA,1,TOP3000,MATRIX,1.0,0.2603,12,14,[],2026-03-01
interest_payable_amount_3,Total amount of interest owed but not yet paid.,"{'id': 'fundamental2', 'name': 'Report Footnotes'}","{'id': 'fundamental', 'name': 'Fundamental'}","{'id': 'fundamental-footnotes', 'name': 'Footnotes'}",USA,1,TOP3000,MATRIX,1.0,0.3592,12,15,[],2026-03-01
inventory_finished_goods_value,Value of inventory classified as finished goods.,"{'id': 'fundamental2', 'name': 'Report Footnotes'}","{'id': 'fundamental', 'name': 'Fundamental'}","{'id': 'fundamental-footnotes', 'name': 'Footnotes'}",USA,1,TOP3000,MATRIX,1.0,0.3079,4,5,[],2026-03-01
inventory_raw_materials_value,Value of raw materials held in inventory.,"{'id': 'fundamental2', 'name': 'Report Footnotes'}","{'id': 'fundamental', 'name': 'Fundamental'}","{'id': 'fundamental-footnotes', 'name': 'Footnotes'}",USA,1,TOP3000,MATRIX,1.0,0.3297,9,9,[],2026-03-01
inventory_valuation_write_down,Amount of inventory value reduced due to obsolescence or market decline.,"{'id': 'fundamental2', 'name': 'Report Footnotes'}","{'id': 'fundamental', 'name': 'Fundamental'}","{'id': 'fundamental-footnotes', 'name': 'Footnotes'}",USA,1,TOP3000,MATRIX,1.0,0.2799,8,15,[],2026-03-01
inventory_value_finished_goods,Value of finished goods inventory at period end.,"{'id': 'fundamental2', 'name': 'Report Footnotes'}","{'id': 'fundamental', 'name': 'Fundamental'}","{'id': 'fundamental-footnotes', 'name': 'Footnotes'}",USA,1,TOP3000,MATRIX,1.0,0.3255,3,3,[],2026-03-01
inventory_wip_amount,Value of inventory classified as work in process.,"{'id': 'fundamental2', 'name': 'Report Footnotes'}","{'id': 'fundamental', 'name': 'Fundamental'}","{'id': 'fundamental-footnotes', 'name': 'Footnotes'}",USA,1,TOP3000,MATRIX,1.0,0.2635,3,4,[],2026-03-01
inventory_work_in_progress_value,Value of inventory classified as work in process.,"{'id': 'fundamental2', 'name': 'Report Footnotes'}","{'id': 'fundamental', 'name': 'Fundamental'}","{'id': 'fundamental-footnotes', 'name': 'Footnotes'}",USA,1,TOP3000,MATRIX,1.0,0.2756,4,4,[],2026-03-01
investments_equity_method_value,Value of investments accounted for using the equity method.,"{'id': 'fundamental2', 'name': 'Report Footnotes'}","{'id': 'fundamental', 'name': 'Fundamental'}","{'id': 'fundamental-footnotes', 'name': 'Footnotes'}",USA,1,TOP3000,MATRIX,1.0,0.3201,3,5,[],2026-03-01
land_improvements_total_value,Total value of land and land improvements.,"{'id': 'fundamental2', 'name': 'Report Footnotes'}","{'id': 'fundamental', 'name': 'Fundamental'}","{'id': 'fundamental-footnotes', 'name': 'Footnotes'}",USA,1,TOP3000,MATRIX,1.0,0.5235,11,12,[],2026-03-01
lease_minimum_payment_due_five_years,Future minimum payments due under operating leases in five years.,"{'id': 'fundamental2', 'name': 'Report Footnotes'}","{'id': 'fundamental', 'name': 'Fundamental'}","{'id': 'fundamental-footnotes', 'name': 'Footnotes'}",USA,1,TOP3000,MATRIX,1.0,0.4608,23,29,[],2026-03-01
lease_minimum_payment_due_year4,Minimum payments due under operating leases in the fourth year.,"{'id': 'fundamental2', 'name': 'Report Footnotes'}","{'id': 'fundamental', 'name': 'Fundamental'}","{'id': 'fundamental-footnotes', 'name': 'Footnotes'}",USA,1,TOP3000,MATRIX,1.0,0.4987,19,20,[],2026-03-01
lease_minimum_payments_due_2yr,Minimum payments due in two years for operating leases.,"{'id': 'fundamental2', 'name': 'Report Footnotes'}","{'id': 'fundamental', 'name': 'Fundamental'}","{'id': 'fundamental-footnotes', 'name': 'Footnotes'}",USA,1,TOP3000,MATRIX,1.0,0.505,18,26,[],2026-03-01
lease_minimum_payments_due_five_years,Minimum required payments for capital leases due in five years.,"{'id': 'fundamental2', 'name': 'Report Footnotes'}","{'id': 'fundamental', 'name': 'Fundamental'}","{'id': 'fundamental-footnotes', 'name': 'Footnotes'}",USA,1,TOP3000,MATRIX,1.0,0.2856,4,11,[],2026-03-01
lease_minimum_payments_due_thereafter,Minimum payments due for operating leases after the specified period.,"{'id': 'fundamental2', 'name': 'Report Footnotes'}","{'id': 'fundamental', 'name': 'Fundamental'}","{'id': 'fundamental-footnotes', 'name': 'Footnotes'}",USA,1,TOP3000,MATRIX,1.0,0.4412,7,8,[],2026-03-01
lease_minimum_payments_due_total,Total minimum payments due for operating leases.,"{'id': 'fundamental2', 'name': 'Report Footnotes'}","{'id': 'fundamental', 'name': 'Fundamental'}","{'id': 'fundamental-footnotes', 'name': 'Footnotes'}",USA,1,TOP3000,MATRIX,1.0,0.5147,15,22,[],2026-03-01
lease_minimum_payments_due_two_years,Minimum required payments for capital leases due in two years.,"{'id': 'fundamental2', 'name': 'Report Footnotes'}","{'id': 'fundamental', 'name': 'Fundamental'}","{'id': 'fundamental-footnotes', 'name': 'Footnotes'}",USA,1,TOP3000,MATRIX,1.0,0.3075,17,23,[],2026-03-01
lease_minimum_payments_remaining_fiscal_year,Minimum payments due for operating leases for the remainder of the fiscal year.,"{'id': 'fundamental2', 'name': 'Report Footnotes'}","{'id': 'fundamental', 'name': 'Fundamental'}","{'id': 'fundamental-footnotes', 'name': 'Footnotes'}",USA,1,TOP3000,MATRIX,1.0,0.4552,13,16,[],2026-03-01
leasehold_improvements_gross_value,Gross value of leasehold improvements.,"{'id': 'fundamental2', 'name': 'Report Footnotes'}","{'id': 'fundamental', 'name': 'Fundamental'}","{'id': 'fundamental-footnotes', 'name': 'Footnotes'}",USA,1,TOP3000,MATRIX,1.0,0.4586,8,12,[],2026-03-01
legal_settlement_payment_amount,Payments made for legal settlements during the period.,"{'id': 'fundamental2', 'name': 'Report Footnotes'}","{'id': 'fundamental', 'name': 'Fundamental'}","{'id': 'fundamental-footnotes', 'name': 'Footnotes'}",USA,1,TOP3000,MATRIX,1.0,0.2601,5,155,[],2026-03-01
level1_liabilities_fair_value,Fair value of liabilities measured at recurring level 1 inputs.,"{'id': 'fundamental2', 'name': 'Report Footnotes'}","{'id': 'fundamental', 'name': 'Fundamental'}","{'id': 'fundamental-footnotes', 'name': 'Footnotes'}",USA,1,TOP3000,MATRIX,1.0,0.4796,2,2,[],2026-03-01
liabilities_due_related_entities,Amounts owed to related parties or affiliates.,"{'id': 'fundamental2', 'name': 'Report Footnotes'}","{'id': 'fundamental', 'name': 'Fundamental'}","{'id': 'fundamental-footnotes', 'name': 'Footnotes'}",USA,1,TOP3000,MATRIX,1.0,0.2892,34,41,[],2026-03-01
liabilities_fair_value_level1_recurring,Fair value of liabilities measured on a recurring basis at Level 1 inputs.,"{'id': 'fundamental2', 'name': 'Report Footnotes'}","{'id': 'fundamental', 'name': 'Fundamental'}","{'id': 'fundamental-footnotes', 'name': 'Footnotes'}",USA,1,TOP3000,MATRIX,1.0,0.4755,9,14,[],2026-03-01
liabilities_fair_value_level2_recurring,Fair value of liabilities measured on a recurring basis at Level 2 inputs.,"{'id': 'fundamental2', 'name': 'Report Footnotes'}","{'id': 'fundamental', 'name': 'Fundamental'}","{'id': 'fundamental-footnotes', 'name': 'Footnotes'}",USA,1,TOP3000,MATRIX,1.0,0.5203,13,21,[],2026-03-01
line_of_credit_repayments,Total repayments made on lines of credit.,"{'id': 'fundamental2', 'name': 'Report Footnotes'}","{'id': 'fundamental', 'name': 'Fundamental'}","{'id': 'fundamental-footnotes', 'name': 'Footnotes'}",USA,1,TOP3000,MATRIX,1.0,0.7445,9,17,[],2026-03-01
long_term_debt_proceeds_total,Total proceeds received from long-term debt issuances.,"{'id': 'fundamental2', 'name': 'Report Footnotes'}","{'id': 'fundamental', 'name': 'Fundamental'}","{'id': 'fundamental-footnotes', 'name': 'Footnotes'}",USA,1,TOP3000,MATRIX,1.0,0.3938,7,7,[],2026-03-01
long_term_debt_proceeds_value,Proceeds received from long-term debt issuance.,"{'id': 'fundamental2', 'name': 'Report Footnotes'}","{'id': 'fundamental', 'name': 'Fundamental'}","{'id': 'fundamental-footnotes', 'name': 'Footnotes'}",USA,1,TOP3000,MATRIX,1.0,0.4321,4,5,[],2026-03-01
long_term_debt_repayments,Repayments made on long-term debt.,"{'id': 'fundamental2', 'name': 'Report Footnotes'}","{'id': 'fundamental', 'name': 'Fundamental'}","{'id': 'fundamental-footnotes', 'name': 'Footnotes'}",USA,1,TOP3000,MATRIX,1.0,0.4953,7,8,[],2026-03-01
long_term_debt_repayments_2,Repayments made on long-term debt obligations.,"{'id': 'fundamental2', 'name': 'Report Footnotes'}","{'id': 'fundamental', 'name': 'Fundamental'}","{'id': 'fundamental-footnotes', 'name': 'Footnotes'}",USA,1,TOP3000,MATRIX,1.0,0.5194,4,5,[],2026-03-01
lt_debt_repayment_after_year_five,Repayments of long-term debt principal due after five years.,"{'id': 'fundamental2', 'name': 'Report Footnotes'}","{'id': 'fundamental', 'name': 'Fundamental'}","{'id': 'fundamental-footnotes', 'name': 'Footnotes'}",USA,1,TOP3000,MATRIX,1.0,0.4341,4,5,[],2026-03-01
lt_debt_repayment_year4_amount,Principal repayments of long-term debt due in year four.,"{'id': 'fundamental2', 'name': 'Report Footnotes'}","{'id': 'fundamental', 'name': 'Fundamental'}","{'id': 'fundamental-footnotes', 'name': 'Footnotes'}",USA,1,TOP3000,MATRIX,1.0,0.5433,7,7,[],2026-03-01
max_furniture_asset_lifespan_years,Maximum useful life in years for furniture assets.,"{'id': 'fundamental2', 'name': 'Report Footnotes'}","{'id': 'fundamental', 'name': 'Fundamental'}","{'id': 'fundamental-footnotes', 'name': 'Footnotes'}",USA,1,TOP3000,MATRIX,1.0,0.3317,6,10,[],2026-03-01
max_software_useful_life,Maximum useful life assigned to software assets.,"{'id': 'fundamental2', 'name': 'Report Footnotes'}","{'id': 'fundamental', 'name': 'Fundamental'}","{'id': 'fundamental-footnotes', 'name': 'Footnotes'}",USA,1,TOP3000,MATRIX,1.0,0.2594,2,2,[],2026-03-01
max_useful_life_buildings_land,Maximum useful life assigned to buildings and land assets.,"{'id': 'fundamental2', 'name': 'Report Footnotes'}","{'id': 'fundamental', 'name': 'Fundamental'}","{'id': 'fundamental-footnotes', 'name': 'Footnotes'}",USA,1,TOP3000,MATRIX,1.0,0.4163,4,4,[],2026-03-01
min_buildings_land_asset_lifespan_years,Minimum useful life in years for buildings and land assets.,"{'id': 'fundamental2', 'name': 'Report Footnotes'}","{'id': 'fundamental', 'name': 'Fundamental'}","{'id': 'fundamental-footnotes', 'name': 'Footnotes'}",USA,1,TOP3000,MATRIX,1.0,0.3853,4,4,[],2026-03-01
min_equipment_useful_life,Minimum useful life of equipment assets.,"{'id': 'fundamental2', 'name': 'Report Footnotes'}","{'id': 'fundamental', 'name': 'Fundamental'}","{'id': 'fundamental-footnotes', 'name': 'Footnotes'}",USA,1,TOP3000,MATRIX,1.0,0.5614,3,4,[],2026-03-01
min_lease_payments_due_three_years,Minimum lease payments due in three years under operating leases.,"{'id': 'fundamental2', 'name': 'Report Footnotes'}","{'id': 'fundamental', 'name': 'Fundamental'}","{'id': 'fundamental-footnotes', 'name': 'Footnotes'}",USA,1,TOP3000,MATRIX,1.0,0.5045,19,21,[],2026-03-01
min_useful_life_furniture_fixtures,Minimum estimated useful life for furniture and fixtures.,"{'id': 'fundamental2', 'name': 'Report Footnotes'}","{'id': 'fundamental', 'name': 'Fundamental'}","{'id': 'fundamental-footnotes', 'name': 'Footnotes'}",USA,1,TOP3000,MATRIX,1.0,0.3242,3,3,[],2026-03-01
minimum_useful_life_software_assets,Minimum useful life assigned to software assets.,"{'id': 'fundamental2', 'name': 'Report Footnotes'}","{'id': 'fundamental', 'name': 'Fundamental'}","{'id': 'fundamental-footnotes', 'name': 'Footnotes'}",USA,1,TOP3000,MATRIX,1.0,0.2534,2,2,[],2026-03-01
net_customer_intangible_assets,Net value of finite-lived intangible assets related to customer relationships.,"{'id': 'fundamental2', 'name': 'Report Footnotes'}","{'id': 'fundamental', 'name': 'Fundamental'}","{'id': 'fundamental-footnotes', 'name': 'Footnotes'}",USA,1,TOP3000,MATRIX,1.0,0.3368,8,9,[],2026-03-01
net_customer_related_intangibles,Net value of customer-related finite-lived intangible assets.,"{'id': 'fundamental2', 'name': 'Report Footnotes'}","{'id': 'fundamental', 'name': 'Fundamental'}","{'id': 'fundamental-footnotes', 'name': 'Footnotes'}",USA,1,TOP3000,MATRIX,1.0,0.2591,31,36,[],2026-03-01
net_deferred_finance_costs,Net amount of deferred finance costs.,"{'id': 'fundamental2', 'name': 'Report Footnotes'}","{'id': 'fundamental', 'name': 'Fundamental'}","{'id': 'fundamental-footnotes', 'name': 'Footnotes'}",USA,1,TOP3000,MATRIX,1.0,0.3403,46,51,[],2026-03-01
net_deferred_finance_costs_value,Net value of deferred finance costs.,"{'id': 'fundamental2', 'name': 'Report Footnotes'}","{'id': 'fundamental', 'name': 'Fundamental'}","{'id': 'fundamental-footnotes', 'name': 'Footnotes'}",USA,1,TOP3000,MATRIX,1.0,0.3892,5,8,[],2026-03-01
net_deferred_tax_asset_value,Net value of deferred tax assets recognized on the balance sheet.,"{'id': 'fundamental2', 'name': 'Report Footnotes'}","{'id': 'fundamental', 'name': 'Fundamental'}","{'id': 'fundamental-footnotes', 'name': 'Footnotes'}",USA,1,TOP3000,MATRIX,1.0,0.4487,4,7,[],2026-03-01
net_deferred_tax_assets_liabilities,Net value of deferred tax assets and liabilities.,"{'id': 'fundamental2', 'name': 'Report Footnotes'}","{'id': 'fundamental', 'name': 'Fundamental'}","{'id': 'fundamental-footnotes', 'name': 'Footnotes'}",USA,1,TOP3000,MATRIX,1.0,0.5886,3,3,[],2026-03-01
net_deferred_tax_assets_liabilities_2,Net amount of deferred tax assets and liabilities.,"{'id': 'fundamental2', 'name': 'Report Footnotes'}","{'id': 'fundamental', 'name': 'Fundamental'}","{'id': 'fundamental-footnotes', 'name': 'Footnotes'}",USA,1,TOP3000,MATRIX,1.0,0.8529,58,130,[],2026-03-01
net_derivative_gain_loss_pretax,Net gain or loss on derivative instruments before tax.,"{'id': 'fundamental2', 'name': 'Report Footnotes'}","{'id': 'fundamental', 'name': 'Fundamental'}","{'id': 'fundamental-footnotes', 'name': 'Footnotes'}",USA,1,TOP3000,MATRIX,1.0,0.2898,6,16,[],2026-03-01
net_interest_paid,Net amount of interest paid during the period.,"{'id': 'fundamental2', 'name': 'Report Footnotes'}","{'id': 'fundamental', 'name': 'Fundamental'}","{'id': 'fundamental-footnotes', 'name': 'Footnotes'}",USA,1,TOP3000,MATRIX,1.0,0.7967,19,30,[],2026-03-01
net_interest_paid_total,Net amount of interest paid during the period.,"{'id': 'fundamental2', 'name': 'Report Footnotes'}","{'id': 'fundamental', 'name': 'Fundamental'}","{'id': 'fundamental-footnotes', 'name': 'Footnotes'}",USA,1,TOP3000,MATRIX,1.0,0.5388,39,53,[],2026-03-01
net_operating_lease_rent_expense,Net rent expense incurred under operating lease agreements.,"{'id': 'fundamental2', 'name': 'Report Footnotes'}","{'id': 'fundamental', 'name': 'Fundamental'}","{'id': 'fundamental-footnotes', 'name': 'Footnotes'}",USA,1,TOP3000,MATRIX,1.0,0.7391,21,21,[],2026-03-01
net_other_comprehensive_income_loss_after_tax,Total other comprehensive income or loss after tax deductions.,"{'id': 'fundamental2', 'name': 'Report Footnotes'}","{'id': 'fundamental', 'name': 'Fundamental'}","{'id': 'fundamental-footnotes', 'name': 'Footnotes'}",USA,1,TOP3000,MATRIX,1.0,0.6803,8,9,[],2026-03-01
net_patent_ip_intangible_assets,Net value of finite-lived intangible assets related to patents and intellectual property.,"{'id': 'fundamental2', 'name': 'Report Footnotes'}","{'id': 'fundamental', 'name': 'Fundamental'}","{'id': 'fundamental-footnotes', 'name': 'Footnotes'}",USA,1,TOP3000,MATRIX,1.0,0.2604,4,4,[],2026-03-01
net_payments_for_acquisitions,"Total payments to acquire businesses, net of cash acquired.","{'id': 'fundamental2', 'name': 'Report Footnotes'}","{'id': 'fundamental', 'name': 'Fundamental'}","{'id': 'fundamental-footnotes', 'name': 'Footnotes'}",USA,1,TOP3000,MATRIX,1.0,0.5747,7,7,[],2026-03-01
net_periodic_cost_defined_benefit_plan,Net periodic cost for defined benefit pension plans.,"{'id': 'fundamental2', 'name': 'Report Footnotes'}","{'id': 'fundamental', 'name': 'Fundamental'}","{'id': 'fundamental-footnotes', 'name': 'Footnotes'}",USA,1,TOP3000,MATRIX,1.0,0.2686,0,0,[],2026-03-01
net_pretax_gain_loss_derivatives,Net gain or loss on derivative instruments before tax.,"{'id': 'fundamental2', 'name': 'Report Footnotes'}","{'id': 'fundamental', 'name': 'Fundamental'}","{'id': 'fundamental-footnotes', 'name': 'Footnotes'}",USA,1,TOP3000,MATRIX,1.0,0.283,3,5,[],2026-03-01
net_profit_loss,Net profit or loss for the reporting period.,"{'id': 'fundamental2', 'name': 'Report Footnotes'}","{'id': 'fundamental', 'name': 'Fundamental'}","{'id': 'fundamental-footnotes', 'name': 'Footnotes'}",USA,1,TOP3000,MATRIX,1.0,0.5968,22,30,[],2026-03-01
net_profit_or_loss,Net profit or loss for the period.,"{'id': 'fundamental2', 'name': 'Report Footnotes'}","{'id': 'fundamental', 'name': 'Fundamental'}","{'id': 'fundamental-footnotes', 'name': 'Footnotes'}",USA,1,TOP3000,MATRIX,1.0,0.5557,7,15,[],2026-03-01
net_trademark_intangible_assets,Net value of finite-lived intangible assets related to trademarks and similar items.,"{'id': 'fundamental2', 'name': 'Report Footnotes'}","{'id': 'fundamental', 'name': 'Fundamental'}","{'id': 'fundamental-footnotes', 'name': 'Footnotes'}",USA,1,TOP3000,MATRIX,1.0,0.2562,3,3,[],2026-03-01
new_issued_shares_count,Number of shares issued as new issues during the period.,"{'id': 'fundamental2', 'name': 'Report Footnotes'}","{'id': 'fundamental', 'name': 'Fundamental'}","{'id': 'fundamental-footnotes', 'name': 'Footnotes'}",USA,1,TOP3000,MATRIX,1.0,0.4,5,12,[],2026-03-01
new_issued_stock_value,Value of stock issued during the period as new issues.,"{'id': 'fundamental2', 'name': 'Report Footnotes'}","{'id': 'fundamental', 'name': 'Fundamental'}","{'id': 'fundamental-footnotes', 'name': 'Footnotes'}",USA,1,TOP3000,MATRIX,1.0,0.3964,3,33,[],2026-03-01
new_shares_issued_count,Number of new shares issued during the reporting period.,"{'id': 'fundamental2', 'name': 'Report Footnotes'}","{'id': 'fundamental', 'name': 'Fundamental'}","{'id': 'fundamental-footnotes', 'name': 'Footnotes'}",USA,1,TOP3000,MATRIX,1.0,0.5508,15,54,[],2026-03-01
next_year_amortization_expense_intangibles,Amortization expense for finite-lived intangible assets expected in the next twelve months.,"{'id': 'fundamental2', 'name': 'Report Footnotes'}","{'id': 'fundamental', 'name': 'Fundamental'}","{'id': 'fundamental-footnotes', 'name': 'Footnotes'}",USA,1,TOP3000,MATRIX,1.0,0.2821,4,5,[],2026-03-01
non_option_equity_award_avg_grant_value,Weighted average grant date fair value of equity awards other than options granted during the period.,"{'id': 'fundamental2', 'name': 'Report Footnotes'}","{'id': 'fundamental', 'name': 'Fundamental'}","{'id': 'fundamental-footnotes', 'name': 'Footnotes'}",USA,1,TOP3000,MATRIX,1.0,0.4194,1,1,[],2026-03-01
non_option_equity_awards_forfeited_avg_grant_fair_value,Weighted average grant date fair value of forfeited equity awards other than options.,"{'id': 'fundamental2', 'name': 'Report Footnotes'}","{'id': 'fundamental', 'name': 'Fundamental'}","{'id': 'fundamental-footnotes', 'name': 'Footnotes'}",USA,1,TOP3000,MATRIX,1.0,0.6431,4,4,[],2026-03-01
non_option_equity_awards_forfeited_count,Number of equity instruments other than options forfeited during the period.,"{'id': 'fundamental2', 'name': 'Report Footnotes'}","{'id': 'fundamental', 'name': 'Fundamental'}","{'id': 'fundamental-footnotes', 'name': 'Footnotes'}",USA,1,TOP3000,MATRIX,1.0,0.7667,12,16,[],2026-03-01
non_option_equity_awards_granted_count,Number of equity instruments other than options granted during the period.,"{'id': 'fundamental2', 'name': 'Report Footnotes'}","{'id': 'fundamental', 'name': 'Fundamental'}","{'id': 'fundamental-footnotes', 'name': 'Footnotes'}",USA,1,TOP3000,MATRIX,1.0,0.8005,18,19,[],2026-03-01
noncurrent_pension_postretirement_liabilities,Noncurrent liabilities for pension and other postretirement defined benefit plans.,"{'id': 'fundamental2', 'name': 'Report Footnotes'}","{'id': 'fundamental', 'name': 'Fundamental'}","{'id': 'fundamental-footnotes', 'name': 'Footnotes'}",USA,1,TOP3000,MATRIX,1.0,0.2864,0,0,[],2026-03-01
nondeductible_expense_tax_reconciliation,Amount of nondeductible expenses in income tax reconciliation.,"{'id': 'fundamental2', 'name': 'Report Footnotes'}","{'id': 'fundamental', 'name': 'Fundamental'}","{'id': 'fundamental-footnotes', 'name': 'Footnotes'}",USA,1,TOP3000,MATRIX,1.0,0.3843,3,3,[],2026-03-01
nonoption_equity_award_avg_grant_fair_value,Weighted average grant date fair value of equity awards other than options granted during the period.,"{'id': 'fundamental2', 'name': 'Report Footnotes'}","{'id': 'fundamental', 'name': 'Fundamental'}","{'id': 'fundamental-footnotes', 'name': 'Footnotes'}",USA,1,TOP3000,MATRIX,1.0,0.6774,6,6,[],2026-03-01
nonoption_equity_award_vested_avg_grant_fair_value,Weighted average grant date fair value of equity awards other than options vested during the period.,"{'id': 'fundamental2', 'name': 'Report Footnotes'}","{'id': 'fundamental', 'name': 'Fundamental'}","{'id': 'fundamental-footnotes', 'name': 'Footnotes'}",USA,1,TOP3000,MATRIX,1.0,0.6473,4,5,[],2026-03-01
nonvested_award_unrecognized_cost_period,Period for recognition of unrecognized compensation cost for nonvested share-based awards.,"{'id': 'fundamental2', 'name': 'Report Footnotes'}","{'id': 'fundamental', 'name': 'Fundamental'}","{'id': 'fundamental-footnotes', 'name': 'Footnotes'}",USA,1,TOP3000,MATRIX,1.0,0.2601,15,15,[],2026-03-01
nonvested_awards_compensation_recognition_period,Period for recognizing compensation cost of nonvested share-based awards.,"{'id': 'fundamental2', 'name': 'Report Footnotes'}","{'id': 'fundamental', 'name': 'Fundamental'}","{'id': 'fundamental-footnotes', 'name': 'Footnotes'}",USA,1,TOP3000,MATRIX,1.0,0.5532,6,6,[],2026-03-01
nonvested_equity_awards_avg_grant_fair_value,Weighted average grant date fair value of nonvested equity awards other than options.,"{'id': 'fundamental2', 'name': 'Report Footnotes'}","{'id': 'fundamental', 'name': 'Fundamental'}","{'id': 'fundamental-footnotes', 'name': 'Footnotes'}",USA,1,TOP3000,MATRIX,1.0,0.3691,3,4,[],2026-03-01
nonvested_equity_awards_avg_grant_fair_value_2,Weighted average grant date fair value of nonvested equity awards other than options.,"{'id': 'fundamental2', 'name': 'Report Footnotes'}","{'id': 'fundamental', 'name': 'Fundamental'}","{'id': 'fundamental-footnotes', 'name': 'Footnotes'}",USA,1,TOP3000,MATRIX,1.0,0.6568,6,6,[],2026-03-01
nonvested_equity_awards_count,Number of nonvested equity awards other than options.,"{'id': 'fundamental2', 'name': 'Report Footnotes'}","{'id': 'fundamental', 'name': 'Fundamental'}","{'id': 'fundamental-footnotes', 'name': 'Footnotes'}",USA,1,TOP3000,MATRIX,1.0,0.4846,3,3,[],2026-03-01
notional_value_derivative_contracts,Notional amount of outstanding derivative contracts.,"{'id': 'fundamental2', 'name': 'Report Footnotes'}","{'id': 'fundamental', 'name': 'Fundamental'}","{'id': 'fundamental-footnotes', 'name': 'Footnotes'}",USA,1,TOP3000,MATRIX,1.0,0.4559,3,3,[],2026-03-01
oci_afs_securities_adjustment_net_tax,"Net adjustment to other comprehensive income for available-for-sale securities, after tax.","{'id': 'fundamental2', 'name': 'Report Footnotes'}","{'id': 'fundamental', 'name': 'Fundamental'}","{'id': 'fundamental-footnotes', 'name': 'Footnotes'}",USA,1,TOP3000,MATRIX,1.0,0.4465,7,7,[],2026-03-01
oci_derivatives_hedge_net,"Net amount of other comprehensive income or loss from derivatives qualifying as hedges, after tax.","{'id': 'fundamental2', 'name': 'Report Footnotes'}","{'id': 'fundamental', 'name': 'Fundamental'}","{'id': 'fundamental-footnotes', 'name': 'Footnotes'}",USA,1,TOP3000,MATRIX,1.0,0.4006,5,8,[],2026-03-01
oci_net_of_tax_value,Other comprehensive income or loss after tax adjustments.,"{'id': 'fundamental2', 'name': 'Report Footnotes'}","{'id': 'fundamental', 'name': 'Fundamental'}","{'id': 'fundamental-footnotes', 'name': 'Footnotes'}",USA,1,TOP3000,MATRIX,1.0,0.6565,9,27,[],2026-03-01
oci_pension_postretirement_adjustment_net_tax,"Net adjustment for pension and postretirement benefit plans in other comprehensive income, after tax.","{'id': 'fundamental2', 'name': 'Report Footnotes'}","{'id': 'fundamental', 'name': 'Fundamental'}","{'id': 'fundamental-footnotes', 'name': 'Footnotes'}",USA,1,TOP3000,MATRIX,1.0,0.3403,5,6,[],2026-03-01
oci_pension_postretirement_net_tax,"Net amount of other comprehensive income or loss for defined benefit pension and postretirement plans, after tax.","{'id': 'fundamental2', 'name': 'Report Footnotes'}","{'id': 'fundamental', 'name': 'Fundamental'}","{'id': 'fundamental-footnotes', 'name': 'Footnotes'}",USA,1,TOP3000,MATRIX,1.0,0.311,3,3,[],2026-03-01
operating_lease_minimum_payments_due_five_years,Minimum required payments for operating leases due in five years.,"{'id': 'fundamental2', 'name': 'Report Footnotes'}","{'id': 'fundamental', 'name': 'Fundamental'}","{'id': 'fundamental-footnotes', 'name': 'Footnotes'}",USA,1,TOP3000,MATRIX,1.0,0.7918,12,14,[],2026-03-01
operating_leases_min_payments_3y,Minimum payments due under operating leases in three years.,"{'id': 'fundamental2', 'name': 'Report Footnotes'}","{'id': 'fundamental', 'name': 'Fundamental'}","{'id': 'fundamental-footnotes', 'name': 'Footnotes'}",USA,1,TOP3000,MATRIX,1.0,0.8199,17,27,[],2026-03-01
operating_leases_minimum_payments_due_thereafter,Minimum payments due under operating leases after the specified period.,"{'id': 'fundamental2', 'name': 'Report Footnotes'}","{'id': 'fundamental', 'name': 'Fundamental'}","{'id': 'fundamental-footnotes', 'name': 'Footnotes'}",USA,1,TOP3000,MATRIX,1.0,0.7763,16,22,[],2026-03-01
operating_leases_minimum_payments_due_year2,Minimum payments due under operating leases in the second year.,"{'id': 'fundamental2', 'name': 'Report Footnotes'}","{'id': 'fundamental', 'name': 'Fundamental'}","{'id': 'fundamental-footnotes', 'name': 'Footnotes'}",USA,1,TOP3000,MATRIX,1.0,0.8203,22,27,[],2026-03-01
operating_leases_minimum_payments_due_year4,Minimum payments due under operating leases in the fourth year.,"{'id': 'fundamental2', 'name': 'Report Footnotes'}","{'id': 'fundamental', 'name': 'Fundamental'}","{'id': 'fundamental-footnotes', 'name': 'Footnotes'}",USA,1,TOP3000,MATRIX,1.0,0.8097,17,20,[],2026-03-01
option_award_aggregate_intrinsic_value,Aggregate intrinsic value of options vested and expected to vest and remain outstanding.,"{'id': 'fundamental2', 'name': 'Report Footnotes'}","{'id': 'fundamental', 'name': 'Fundamental'}","{'id': 'fundamental-footnotes', 'name': 'Footnotes'}",USA,1,TOP3000,MATRIX,1.0,0.3251,14,19,[],2026-03-01
option_award_avg_grant_value,Weighted average grant date fair value of option awards granted during the period.,"{'id': 'fundamental2', 'name': 'Report Footnotes'}","{'id': 'fundamental', 'name': 'Fundamental'}","{'id': 'fundamental-footnotes', 'name': 'Footnotes'}",USA,1,TOP3000,MATRIX,1.0,0.2996,2,11,[],2026-03-01
option_award_expected_dividend_rate,Expected dividend rate assumption used for share-based payment option awards.,"{'id': 'fundamental2', 'name': 'Report Footnotes'}","{'id': 'fundamental', 'name': 'Fundamental'}","{'id': 'fundamental-footnotes', 'name': 'Footnotes'}",USA,1,TOP3000,MATRIX,1.0,0.6563,9,16,[],2026-03-01
option_award_forfeitures_avg_exercise_price,Weighted average exercise price of share-based payment options forfeited during the period.,"{'id': 'fundamental2', 'name': 'Report Footnotes'}","{'id': 'fundamental', 'name': 'Fundamental'}","{'id': 'fundamental-footnotes', 'name': 'Footnotes'}",USA,1,TOP3000,MATRIX,1.0,0.4703,26,27,[],2026-03-01
option_award_forfeitures_count_period,Number of share-based payment option awards forfeited during the period.,"{'id': 'fundamental2', 'name': 'Report Footnotes'}","{'id': 'fundamental', 'name': 'Fundamental'}","{'id': 'fundamental-footnotes', 'name': 'Footnotes'}",USA,1,TOP3000,MATRIX,1.0,0.5078,57,61,[],2026-03-01
option_award_forfeitures_expirations_count,Number of share-based payment options forfeited or expired during the period.,"{'id': 'fundamental2', 'name': 'Report Footnotes'}","{'id': 'fundamental', 'name': 'Fundamental'}","{'id': 'fundamental-footnotes', 'name': 'Footnotes'}",USA,1,TOP3000,MATRIX,1.0,0.7495,16,25,[],2026-03-01
option_award_forfeitures_expirations_total,Total number of option awards forfeited or expired during the period.,"{'id': 'fundamental2', 'name': 'Report Footnotes'}","{'id': 'fundamental', 'name': 'Fundamental'}","{'id': 'fundamental-footnotes', 'name': 'Footnotes'}",USA,1,TOP3000,MATRIX,1.0,0.3677,7,7,[],2026-03-01
option_award_grants_period_total,Total number of share-based payment option awards granted during the period.,"{'id': 'fundamental2', 'name': 'Report Footnotes'}","{'id': 'fundamental', 'name': 'Fundamental'}","{'id': 'fundamental-footnotes', 'name': 'Footnotes'}",USA,1,TOP3000,MATRIX,1.0,0.5738,6,6,[],2026-03-01
option_award_outstanding_count,Number of share-based payment options outstanding at the end of the period.,"{'id': 'fundamental2', 'name': 'Report Footnotes'}","{'id': 'fundamental', 'name': 'Fundamental'}","{'id': 'fundamental-footnotes', 'name': 'Footnotes'}",USA,1,TOP3000,MATRIX,1.0,0.7776,9,19,[],2026-03-01
option_award_outstanding_intrinsic_value,Intrinsic value of share-based payment options outstanding at the end of the period.,"{'id': 'fundamental2', 'name': 'Report Footnotes'}","{'id': 'fundamental', 'name': 'Fundamental'}","{'id': 'fundamental-footnotes', 'name': 'Footnotes'}",USA,1,TOP3000,MATRIX,1.0,0.6615,12,26,[],2026-03-01
option_award_volatility_assumption_avg,Weighted average volatility rate used in fair value assumptions for option awards.,"{'id': 'fundamental2', 'name': 'Report Footnotes'}","{'id': 'fundamental', 'name': 'Fundamental'}","{'id': 'fundamental-footnotes', 'name': 'Footnotes'}",USA,1,TOP3000,MATRIX,1.0,0.3369,2,4,[],2026-03-01
option_awards_granted_count,Number of share-based payment options granted during the period.,"{'id': 'fundamental2', 'name': 'Report Footnotes'}","{'id': 'fundamental', 'name': 'Fundamental'}","{'id': 'fundamental-footnotes', 'name': 'Footnotes'}",USA,1,TOP3000,MATRIX,1.0,0.8117,25,31,[],2026-03-01
option_awards_intrinsic_value,Intrinsic value of outstanding option awards.,"{'id': 'fundamental2', 'name': 'Report Footnotes'}","{'id': 'fundamental', 'name': 'Fundamental'}","{'id': 'fundamental-footnotes', 'name': 'Footnotes'}",USA,1,TOP3000,MATRIX,1.0,0.3,3,3,[],2026-03-01
option_exercise_avg_price_period,Weighted average exercise price for options exercised during the period.,"{'id': 'fundamental2', 'name': 'Report Footnotes'}","{'id': 'fundamental', 'name': 'Fundamental'}","{'id': 'fundamental-footnotes', 'name': 'Footnotes'}",USA,1,TOP3000,MATRIX,1.0,0.7344,15,16,[],2026-03-01
option_exercise_avg_price_value,Weighted average exercise price for options exercised during the period.,"{'id': 'fundamental2', 'name': 'Report Footnotes'}","{'id': 'fundamental', 'name': 'Fundamental'}","{'id': 'fundamental-footnotes', 'name': 'Footnotes'}",USA,1,TOP3000,MATRIX,1.0,0.3598,5,5,[],2026-03-01
option_exercise_total_intrinsic_value,Total intrinsic value of options exercised during the period.,"{'id': 'fundamental2', 'name': 'Report Footnotes'}","{'id': 'fundamental', 'name': 'Fundamental'}","{'id': 'fundamental-footnotes', 'name': 'Footnotes'}",USA,1,TOP3000,MATRIX,1.0,0.6485,9,10,[],2026-03-01
option_forfeiture_expiry_avg_exercise_price,Weighted average exercise price for options forfeited or expired during the period.,"{'id': 'fundamental2', 'name': 'Report Footnotes'}","{'id': 'fundamental', 'name': 'Fundamental'}","{'id': 'fundamental-footnotes', 'name': 'Footnotes'}",USA,1,TOP3000,MATRIX,1.0,0.308,7,9,[],2026-03-01
option_grant_avg_exercise_price,Weighted average exercise price of options granted during the period.,"{'id': 'fundamental2', 'name': 'Report Footnotes'}","{'id': 'fundamental', 'name': 'Fundamental'}","{'id': 'fundamental-footnotes', 'name': 'Footnotes'}",USA,1,TOP3000,MATRIX,1.0,0.6893,9,10,[],2026-03-01
option_grants_avg_exercise_price,Weighted average exercise price for options granted during the period.,"{'id': 'fundamental2', 'name': 'Report Footnotes'}","{'id': 'fundamental', 'name': 'Fundamental'}","{'id': 'fundamental-footnotes', 'name': 'Footnotes'}",USA,1,TOP3000,MATRIX,1.0,0.3646,2,4,[],2026-03-01
options_outstanding_avg_exercise_price,Weighted average exercise price of outstanding share-based payment options.,"{'id': 'fundamental2', 'name': 'Report Footnotes'}","{'id': 'fundamental', 'name': 'Fundamental'}","{'id': 'fundamental-footnotes', 'name': 'Footnotes'}",USA,1,TOP3000,MATRIX,1.0,0.7535,9,10,[],2026-03-01
other_comprehensive_income_net_tax,"Accumulated other comprehensive income or loss, net of tax.","{'id': 'fundamental2', 'name': 'Report Footnotes'}","{'id': 'fundamental', 'name': 'Fundamental'}","{'id': 'fundamental-footnotes', 'name': 'Footnotes'}",USA,1,TOP3000,MATRIX,1.0,0.7693,43,89,[],2026-03-01
outstanding_option_awards_count,Number of outstanding option awards.,"{'id': 'fundamental2', 'name': 'Report Footnotes'}","{'id': 'fundamental', 'name': 'Fundamental'}","{'id': 'fundamental-footnotes', 'name': 'Footnotes'}",USA,1,TOP3000,MATRIX,1.0,0.4539,3,3,[],2026-03-01
outstanding_options_avg_exercise_price,Weighted average exercise price for outstanding option awards.,"{'id': 'fundamental2', 'name': 'Report Footnotes'}","{'id': 'fundamental', 'name': 'Fundamental'}","{'id': 'fundamental-footnotes', 'name': 'Footnotes'}",USA,1,TOP3000,MATRIX,1.0,0.4091,3,5,[],2026-03-01
outstanding_options_avg_remaining_term,Weighted average remaining contractual term for outstanding share-based payment options.,"{'id': 'fundamental2', 'name': 'Report Footnotes'}","{'id': 'fundamental', 'name': 'Fundamental'}","{'id': 'fundamental-footnotes', 'name': 'Footnotes'}",USA,1,TOP3000,MATRIX,1.0,0.4479,64,86,[],2026-03-01
patents_ip_amortization_total,Total accumulated amortization for patents and intellectual property.,"{'id': 'fundamental2', 'name': 'Report Footnotes'}","{'id': 'fundamental', 'name': 'Fundamental'}","{'id': 'fundamental-footnotes', 'name': 'Footnotes'}",USA,1,TOP3000,MATRIX,1.0,0.3297,7,13,[],2026-03-01
pension_amounts_recognized_balance_sheet,Amounts related to defined benefit plans recognized in the balance sheet.,"{'id': 'fundamental2', 'name': 'Report Footnotes'}","{'id': 'fundamental', 'name': 'Fundamental'}","{'id': 'fundamental-footnotes', 'name': 'Footnotes'}",USA,1,TOP3000,MATRIX,1.0,0.29,2,2,[],2026-03-01
pension_employer_contributions,Total contributions made by the employer to a defined benefit plan.,"{'id': 'fundamental2', 'name': 'Report Footnotes'}","{'id': 'fundamental', 'name': 'Fundamental'}","{'id': 'fundamental-footnotes', 'name': 'Footnotes'}",USA,1,TOP3000,MATRIX,1.0,0.3532,0,0,[],2026-03-01
pension_expected_payment_year_five,Expected future benefit payments under defined benefit plans in the fifth year.,"{'id': 'fundamental2', 'name': 'Report Footnotes'}","{'id': 'fundamental', 'name': 'Fundamental'}","{'id': 'fundamental-footnotes', 'name': 'Footnotes'}",USA,1,TOP3000,MATRIX,1.0,0.3136,1,1,[],2026-03-01
pension_interest_cost_amount,Interest cost incurred for defined benefit pension plans.,"{'id': 'fundamental2', 'name': 'Report Footnotes'}","{'id': 'fundamental', 'name': 'Fundamental'}","{'id': 'fundamental-footnotes', 'name': 'Footnotes'}",USA,1,TOP3000,MATRIX,1.0,0.2645,1,1,[],2026-03-01
pension_oci_net_tax,Net of tax accumulated other comprehensive income for pension and postretirement plans.,"{'id': 'fundamental2', 'name': 'Report Footnotes'}","{'id': 'fundamental', 'name': 'Fundamental'}","{'id': 'fundamental-footnotes', 'name': 'Footnotes'}",USA,1,TOP3000,MATRIX,1.0,0.2686,2,2,[],2026-03-01
pension_plan_gains_amortization,Amount of gains amortized under a defined benefit pension plan.,"{'id': 'fundamental2', 'name': 'Report Footnotes'}","{'id': 'fundamental', 'name': 'Fundamental'}","{'id': 'fundamental-footnotes', 'name': 'Footnotes'}",USA,1,TOP3000,MATRIX,1.0,0.2746,1,1,[],2026-03-01
pension_postretirement_oci_adjustment_value,Net-of-tax adjustment value for pension and postretirement benefit plans in other comprehensive income.,"{'id': 'fundamental2', 'name': 'Report Footnotes'}","{'id': 'fundamental', 'name': 'Fundamental'}","{'id': 'fundamental-footnotes', 'name': 'Footnotes'}",USA,1,TOP3000,MATRIX,1.0,0.3007,0,0,[],2026-03-01
pension_service_cost,Service cost for defined benefit pension plans.,"{'id': 'fundamental2', 'name': 'Report Footnotes'}","{'id': 'fundamental', 'name': 'Fundamental'}","{'id': 'fundamental-footnotes', 'name': 'Footnotes'}",USA,1,TOP3000,MATRIX,1.0,0.2532,3,3,[],2026-03-01
period_goodwill_acquisition_value,Amount of goodwill acquired during the reporting period.,"{'id': 'fundamental2', 'name': 'Report Footnotes'}","{'id': 'fundamental', 'name': 'Fundamental'}","{'id': 'fundamental-footnotes', 'name': 'Footnotes'}",USA,1,TOP3000,MATRIX,1.0,0.4931,5,8,[],2026-03-01
plan_assets_fair_value_lvl3_rollforward,Rollforward of fair value for plan assets measured at level 3.,"{'id': 'fundamental2', 'name': 'Report Footnotes'}","{'id': 'fundamental', 'name': 'Fundamental'}","{'id': 'fundamental-footnotes', 'name': 'Footnotes'}",USA,1,TOP3000,MATRIX,1.0,0.3253,19,20,[],2026-03-01
ppande_accumulated_depreciation,"Total accumulated depreciation, depletion, and amortization for property, plant, and equipment.","{'id': 'fundamental2', 'name': 'Report Footnotes'}","{'id': 'fundamental', 'name': 'Fundamental'}","{'id': 'fundamental-footnotes', 'name': 'Footnotes'}",USA,1,TOP3000,MATRIX,1.0,0.4891,5,5,[],2026-03-01
ppande_gross_value_total,"Total gross value of property, plant, and equipment.","{'id': 'fundamental2', 'name': 'Report Footnotes'}","{'id': 'fundamental', 'name': 'Fundamental'}","{'id': 'fundamental-footnotes', 'name': 'Footnotes'}",USA,1,TOP3000,MATRIX,1.0,0.4057,6,21,[],2026-03-01
ppe_gross_value,"Total gross value of property, plant, and equipment before depreciation.","{'id': 'fundamental2', 'name': 'Report Footnotes'}","{'id': 'fundamental', 'name': 'Fundamental'}","{'id': 'fundamental-footnotes', 'name': 'Footnotes'}",USA,1,TOP3000,MATRIX,1.0,0.8064,20,32,[],2026-03-01
prepaid_expense_total,Total amount of expenses paid in advance.,"{'id': 'fundamental2', 'name': 'Report Footnotes'}","{'id': 'fundamental', 'name': 'Fundamental'}","{'id': 'fundamental-footnotes', 'name': 'Footnotes'}",USA,1,TOP3000,MATRIX,1.0,0.5971,7,11,[],2026-03-01
prepaid_expense_total_2,Total amount of expenses paid in advance and recorded as assets.,"{'id': 'fundamental2', 'name': 'Report Footnotes'}","{'id': 'fundamental', 'name': 'Fundamental'}","{'id': 'fundamental-footnotes', 'name': 'Footnotes'}",USA,1,TOP3000,MATRIX,1.0,0.649,15,18,[],2026-03-01
proceeds_from_business_sales,Total proceeds received from the sale of business units.,"{'id': 'fundamental2', 'name': 'Report Footnotes'}","{'id': 'fundamental', 'name': 'Fundamental'}","{'id': 'fundamental-footnotes', 'name': 'Footnotes'}",USA,1,TOP3000,MATRIX,1.0,0.2621,1,1,[],2026-03-01
proceeds_from_credit_lines,Total proceeds received from lines of credit.,"{'id': 'fundamental2', 'name': 'Report Footnotes'}","{'id': 'fundamental', 'name': 'Fundamental'}","{'id': 'fundamental-footnotes', 'name': 'Footnotes'}",USA,1,TOP3000,MATRIX,1.0,0.2854,25,28,[],2026-03-01
proforma_revenue_business_acquisition,Pro forma revenue resulting from a business acquisition.,"{'id': 'fundamental2', 'name': 'Report Footnotes'}","{'id': 'fundamental', 'name': 'Fundamental'}","{'id': 'fundamental-footnotes', 'name': 'Footnotes'}",USA,1,TOP3000,MATRIX,1.0,0.3619,7,8,[],2026-03-01
raw_material_inventory_total,Total value of raw materials inventory.,"{'id': 'fundamental2', 'name': 'Report Footnotes'}","{'id': 'fundamental', 'name': 'Fundamental'}","{'id': 'fundamental-footnotes', 'name': 'Footnotes'}",USA,1,TOP3000,MATRIX,1.0,0.3128,17,18,[],2026-03-01
receivables_acquired_business_combination,Receivables acquired in a business combination.,"{'id': 'fundamental2', 'name': 'Report Footnotes'}","{'id': 'fundamental', 'name': 'Fundamental'}","{'id': 'fundamental-footnotes', 'name': 'Footnotes'}",USA,1,TOP3000,MATRIX,1.0,0.2589,1,8,[],2026-03-01
recognized_cost_defined_contribution_plan,Total cost recognized for defined contribution retirement plans.,"{'id': 'fundamental2', 'name': 'Report Footnotes'}","{'id': 'fundamental', 'name': 'Fundamental'}","{'id': 'fundamental-footnotes', 'name': 'Footnotes'}",USA,1,TOP3000,MATRIX,1.0,0.6224,6,7,[],2026-03-01
recurring_assets_fair_value,Fair value of assets measured on a recurring basis.,"{'id': 'fundamental2', 'name': 'Report Footnotes'}","{'id': 'fundamental', 'name': 'Fundamental'}","{'id': 'fundamental-footnotes', 'name': 'Footnotes'}",USA,1,TOP3000,MATRIX,1.0,0.4267,5,7,[],2026-03-01
recurring_assets_fair_value_2,Fair value of assets measured on a recurring basis.,"{'id': 'fundamental2', 'name': 'Report Footnotes'}","{'id': 'fundamental', 'name': 'Fundamental'}","{'id': 'fundamental-footnotes', 'name': 'Footnotes'}",USA,1,TOP3000,MATRIX,1.0,0.4454,1,1,[],2026-03-01
recurring_assets_fair_value_level3,Fair value of assets measured on a recurring basis at level 3.,"{'id': 'fundamental2', 'name': 'Report Footnotes'}","{'id': 'fundamental', 'name': 'Fundamental'}","{'id': 'fundamental-footnotes', 'name': 'Footnotes'}",USA,1,TOP3000,MATRIX,1.0,0.4997,21,23,[],2026-03-01
recurring_assets_fair_value_lvl1,Fair value of assets measured on a recurring basis at level 1 of the valuation hierarchy.,"{'id': 'fundamental2', 'name': 'Report Footnotes'}","{'id': 'fundamental', 'name': 'Fundamental'}","{'id': 'fundamental-footnotes', 'name': 'Footnotes'}",USA,1,TOP3000,MATRIX,1.0,0.504,0,0,[],2026-03-01
recurring_assets_fair_value_lvl2,Fair value of assets measured on a recurring basis at level 2 of the valuation hierarchy.,"{'id': 'fundamental2', 'name': 'Report Footnotes'}","{'id': 'fundamental', 'name': 'Fundamental'}","{'id': 'fundamental-footnotes', 'name': 'Footnotes'}",USA,1,TOP3000,MATRIX,1.0,0.5045,9,12,[],2026-03-01
recurring_assets_fair_value_lvl3,Fair value of assets measured on a recurring basis at level 3 of the valuation hierarchy.,"{'id': 'fundamental2', 'name': 'Report Footnotes'}","{'id': 'fundamental', 'name': 'Fundamental'}","{'id': 'fundamental-footnotes', 'name': 'Footnotes'}",USA,1,TOP3000,MATRIX,1.0,0.5085,8,9,[],2026-03-01
recurring_liabilities_fair_value,Fair value of recurring liabilities.,"{'id': 'fundamental2', 'name': 'Report Footnotes'}","{'id': 'fundamental', 'name': 'Fundamental'}","{'id': 'fundamental-footnotes', 'name': 'Footnotes'}",USA,1,TOP3000,MATRIX,1.0,0.3874,10,16,[],2026-03-01
recurring_liabilities_fair_value_2,Fair value of liabilities measured on a recurring basis.,"{'id': 'fundamental2', 'name': 'Report Footnotes'}","{'id': 'fundamental', 'name': 'Fundamental'}","{'id': 'fundamental-footnotes', 'name': 'Footnotes'}",USA,1,TOP3000,MATRIX,1.0,0.3971,98,114,[],2026-03-01
recurring_liabilities_fair_value_level2,Fair value of liabilities measured on a recurring basis at level 2.,"{'id': 'fundamental2', 'name': 'Report Footnotes'}","{'id': 'fundamental', 'name': 'Fundamental'}","{'id': 'fundamental-footnotes', 'name': 'Footnotes'}",USA,1,TOP3000,MATRIX,1.0,0.513,4,5,[],2026-03-01
recurring_liabilities_fair_value_level3,Fair value of liabilities measured on a recurring basis at level 3.,"{'id': 'fundamental2', 'name': 'Report Footnotes'}","{'id': 'fundamental', 'name': 'Fundamental'}","{'id': 'fundamental-footnotes', 'name': 'Footnotes'}",USA,1,TOP3000,MATRIX,1.0,0.3274,16,18,[],2026-03-01
repayments_of_credit_lines,Total repayments made on lines of credit.,"{'id': 'fundamental2', 'name': 'Report Footnotes'}","{'id': 'fundamental', 'name': 'Fundamental'}","{'id': 'fundamental-footnotes', 'name': 'Footnotes'}",USA,1,TOP3000,MATRIX,1.0,0.7156,8,11,[],2026-03-01
restructuring_expense_2,Charges incurred for restructuring activities.,"{'id': 'fundamental2', 'name': 'Report Footnotes'}","{'id': 'fundamental', 'name': 'Fundamental'}","{'id': 'fundamental-footnotes', 'name': 'Footnotes'}",USA,1,TOP3000,MATRIX,1.0,0.3509,5,6,[],2026-03-01
restructuring_expense_total,Total charges incurred for restructuring activities.,"{'id': 'fundamental2', 'name': 'Report Footnotes'}","{'id': 'fundamental', 'name': 'Fundamental'}","{'id': 'fundamental-footnotes', 'name': 'Footnotes'}",USA,1,TOP3000,MATRIX,1.0,0.3359,15,15,[],2026-03-01
restructuring_reserve_total,Total reserve set aside for restructuring activities.,"{'id': 'fundamental2', 'name': 'Report Footnotes'}","{'id': 'fundamental', 'name': 'Fundamental'}","{'id': 'fundamental-footnotes', 'name': 'Footnotes'}",USA,1,TOP3000,MATRIX,1.0,0.3088,3,6,[],2026-03-01
restructuring_reserve_total_value,Total value of restructuring reserve.,"{'id': 'fundamental2', 'name': 'Report Footnotes'}","{'id': 'fundamental', 'name': 'Fundamental'}","{'id': 'fundamental-footnotes', 'name': 'Footnotes'}",USA,1,TOP3000,MATRIX,1.0,0.3236,8,15,[],2026-03-01
rsu_award_expense_total,Total allocated expense for restricted stock unit awards.,"{'id': 'fundamental2', 'name': 'Report Footnotes'}","{'id': 'fundamental', 'name': 'Fundamental'}","{'id': 'fundamental-footnotes', 'name': 'Footnotes'}",USA,1,TOP3000,MATRIX,1.0,0.3104,6,8,[],2026-03-01
sbp_award_volatility_assumption_avg,Weighted average volatility rate used in share-based payment fair value assumptions.,"{'id': 'fundamental2', 'name': 'Report Footnotes'}","{'id': 'fundamental', 'name': 'Fundamental'}","{'id': 'fundamental-footnotes', 'name': 'Footnotes'}",USA,1,TOP3000,MATRIX,1.0,0.6958,8,10,[],2026-03-01
sbp_equity_nonvested_count,Number of nonvested equity instruments other than options under share-based compensation arrangements.,"{'id': 'fundamental2', 'name': 'Report Footnotes'}","{'id': 'fundamental', 'name': 'Fundamental'}","{'id': 'fundamental-footnotes', 'name': 'Footnotes'}",USA,1,TOP3000,MATRIX,1.0,0.795,15,15,[],2026-03-01
sbp_equity_vested_period_fair_value,Total fair value of equity instruments other than options vested during the period.,"{'id': 'fundamental2', 'name': 'Report Footnotes'}","{'id': 'fundamental', 'name': 'Fundamental'}","{'id': 'fundamental-footnotes', 'name': 'Footnotes'}",USA,1,TOP3000,MATRIX,1.0,0.4087,6,6,[],2026-03-01
sbp_options_exercisable_avg_term,Weighted average remaining contractual term for exercisable options.,"{'id': 'fundamental2', 'name': 'Report Footnotes'}","{'id': 'fundamental', 'name': 'Fundamental'}","{'id': 'fundamental-footnotes', 'name': 'Footnotes'}",USA,1,TOP3000,MATRIX,1.0,0.3882,2,4,[],2026-03-01
sbp_options_grant_avg_fair_value,Weighted average fair value of share-based payment options granted during the period.,"{'id': 'fundamental2', 'name': 'Report Footnotes'}","{'id': 'fundamental', 'name': 'Fundamental'}","{'id': 'fundamental-footnotes', 'name': 'Footnotes'}",USA,1,TOP3000,MATRIX,1.0,0.6126,6,6,[],2026-03-01
sbp_options_vested_expected_outstanding_count,Number of options vested and expected to vest that are outstanding.,"{'id': 'fundamental2', 'name': 'Report Footnotes'}","{'id': 'fundamental', 'name': 'Fundamental'}","{'id': 'fundamental-footnotes', 'name': 'Footnotes'}",USA,1,TOP3000,MATRIX,1.0,0.3569,14,14,[],2026-03-01
sbp_shares_authorized_count,Number of shares authorized under share-based payment award arrangements.,"{'id': 'fundamental2', 'name': 'Report Footnotes'}","{'id': 'fundamental', 'name': 'Fundamental'}","{'id': 'fundamental-footnotes', 'name': 'Footnotes'}",USA,1,TOP3000,MATRIX,1.0,0.5295,1,1,[],2026-03-01
secured_debt_balance,Outstanding balance of secured debt.,"{'id': 'fundamental2', 'name': 'Report Footnotes'}","{'id': 'fundamental', 'name': 'Fundamental'}","{'id': 'fundamental-footnotes', 'name': 'Footnotes'}",USA,1,TOP3000,MATRIX,1.0,0.278,15,19,[],2026-03-01
secured_debt_balance_2,Outstanding balance of secured debt obligations.,"{'id': 'fundamental2', 'name': 'Report Footnotes'}","{'id': 'fundamental', 'name': 'Fundamental'}","{'id': 'fundamental-footnotes', 'name': 'Footnotes'}",USA,1,TOP3000,MATRIX,1.0,0.2949,10,11,[],2026-03-01
senior_notes_balance,Outstanding balance of senior notes.,"{'id': 'fundamental2', 'name': 'Report Footnotes'}","{'id': 'fundamental', 'name': 'Fundamental'}","{'id': 'fundamental-footnotes', 'name': 'Footnotes'}",USA,1,TOP3000,MATRIX,1.0,0.4554,8,10,[],2026-03-01
senior_notes_balance_2,Outstanding balance of senior notes.,"{'id': 'fundamental2', 'name': 'Report Footnotes'}","{'id': 'fundamental', 'name': 'Fundamental'}","{'id': 'fundamental-footnotes', 'name': 'Footnotes'}",USA,1,TOP3000,MATRIX,1.0,0.4716,13,15,[],2026-03-01
share_award_expense_total,Total allocated share-based compensation expense.,"{'id': 'fundamental2', 'name': 'Report Footnotes'}","{'id': 'fundamental', 'name': 'Fundamental'}","{'id': 'fundamental-footnotes', 'name': 'Footnotes'}",USA,1,TOP3000,MATRIX,1.0,0.8013,12,23,[],2026-03-01
share_compensation_expense_sga,"Share-based compensation expense allocated to selling, general, and administrative costs.","{'id': 'fundamental2', 'name': 'Report Footnotes'}","{'id': 'fundamental', 'name': 'Fundamental'}","{'id': 'fundamental-footnotes', 'name': 'Footnotes'}",USA,1,TOP3000,MATRIX,1.0,0.281,5,7,[],2026-03-01
share_compensation_expense_sga_2,"Share-based compensation expense allocated to selling, general, and administrative costs.","{'id': 'fundamental2', 'name': 'Report Footnotes'}","{'id': 'fundamental', 'name': 'Fundamental'}","{'id': 'fundamental-footnotes', 'name': 'Footnotes'}",USA,1,TOP3000,MATRIX,1.0,0.328,5,5,[],2026-03-01
shares_issued_employee_stock_purchase_plan,Number of shares issued under employee stock purchase plans during the period.,"{'id': 'fundamental2', 'name': 'Report Footnotes'}","{'id': 'fundamental', 'name': 'Fundamental'}","{'id': 'fundamental-footnotes', 'name': 'Footnotes'}",USA,1,TOP3000,MATRIX,1.0,0.2523,8,8,[],2026-03-01
shares_issued_for_acquisitions,Number of shares issued during the period for business acquisitions.,"{'id': 'fundamental2', 'name': 'Report Footnotes'}","{'id': 'fundamental', 'name': 'Fundamental'}","{'id': 'fundamental-footnotes', 'name': 'Footnotes'}",USA,1,TOP3000,MATRIX,1.0,0.252,5,5,[],2026-03-01
shares_issued_option_exercise,Number of shares issued from exercised stock options during the period.,"{'id': 'fundamental2', 'name': 'Report Footnotes'}","{'id': 'fundamental', 'name': 'Fundamental'}","{'id': 'fundamental-footnotes', 'name': 'Footnotes'}",USA,1,TOP3000,MATRIX,1.0,0.503,3,4,[],2026-03-01
shares_issued_stock_options_exercised,Number of shares issued due to stock options exercised during the period.,"{'id': 'fundamental2', 'name': 'Report Footnotes'}","{'id': 'fundamental', 'name': 'Fundamental'}","{'id': 'fundamental-footnotes', 'name': 'Footnotes'}",USA,1,TOP3000,MATRIX,1.0,0.7697,8,11,[],2026-03-01
shares_reacquired_during_period,Number of shares repurchased by the company during the period.,"{'id': 'fundamental2', 'name': 'Report Footnotes'}","{'id': 'fundamental', 'name': 'Fundamental'}","{'id': 'fundamental-footnotes', 'name': 'Footnotes'}",USA,1,TOP3000,MATRIX,1.0,0.6368,7,8,[],2026-03-01
shares_reacquired_period,Number of shares repurchased during the period.,"{'id': 'fundamental2', 'name': 'Report Footnotes'}","{'id': 'fundamental', 'name': 'Fundamental'}","{'id': 'fundamental-footnotes', 'name': 'Footnotes'}",USA,1,TOP3000,MATRIX,1.0,0.5065,3,3,[],2026-03-01
state_local_tax_reconciliation_value,State and local income taxes used in effective tax rate reconciliation.,"{'id': 'fundamental2', 'name': 'Report Footnotes'}","{'id': 'fundamental', 'name': 'Fundamental'}","{'id': 'fundamental-footnotes', 'name': 'Footnotes'}",USA,1,TOP3000,MATRIX,1.0,0.4334,4,4,[],2026-03-01
stock_issuance_costs_paid,Payments made for costs associated with issuing stock.,"{'id': 'fundamental2', 'name': 'Report Footnotes'}","{'id': 'fundamental', 'name': 'Fundamental'}","{'id': 'fundamental-footnotes', 'name': 'Footnotes'}",USA,1,TOP3000,MATRIX,1.0,0.2614,2,2,[],2026-03-01
stock_issued_acquisition_value,Value of stock issued during acquisitions.,"{'id': 'fundamental2', 'name': 'Report Footnotes'}","{'id': 'fundamental', 'name': 'Fundamental'}","{'id': 'fundamental-footnotes', 'name': 'Footnotes'}",USA,1,TOP3000,MATRIX,1.0,0.268,18,18,[],2026-03-01
stock_issued_new_issues_value,Value of stock issued as new issues during the period.,"{'id': 'fundamental2', 'name': 'Report Footnotes'}","{'id': 'fundamental', 'name': 'Fundamental'}","{'id': 'fundamental-footnotes', 'name': 'Footnotes'}",USA,1,TOP3000,MATRIX,1.0,0.5323,10,12,[],2026-03-01
stock_option_exercise_proceeds,Proceeds received from the exercise of stock options.,"{'id': 'fundamental2', 'name': 'Report Footnotes'}","{'id': 'fundamental', 'name': 'Fundamental'}","{'id': 'fundamental-footnotes', 'name': 'Footnotes'}",USA,1,TOP3000,MATRIX,1.0,0.5438,3,5,[],2026-03-01
stock_option_exercise_proceeds_total,Total proceeds received from exercised stock options.,"{'id': 'fundamental2', 'name': 'Report Footnotes'}","{'id': 'fundamental', 'name': 'Fundamental'}","{'id': 'fundamental-footnotes', 'name': 'Footnotes'}",USA,1,TOP3000,MATRIX,1.0,0.4601,2,3,[],2026-03-01
tax_benefit_decrease_settlement,Decrease in unrecognized tax benefits due to settlements with tax authorities.,"{'id': 'fundamental2', 'name': 'Report Footnotes'}","{'id': 'fundamental', 'name': 'Fundamental'}","{'id': 'fundamental-footnotes', 'name': 'Footnotes'}",USA,1,TOP3000,MATRIX,1.0,0.4144,12,16,[],2026-03-01
tax_benefit_from_share_compensation_expense,Tax benefit resulting from employee service share-based compensation expense.,"{'id': 'fundamental2', 'name': 'Report Footnotes'}","{'id': 'fundamental', 'name': 'Fundamental'}","{'id': 'fundamental-footnotes', 'name': 'Footnotes'}",USA,1,TOP3000,MATRIX,1.0,0.3741,1,1,[],2026-03-01
tax_benefit_increase_prior_period_positions,Increase in unrecognized tax benefits due to prior period tax positions.,"{'id': 'fundamental2', 'name': 'Report Footnotes'}","{'id': 'fundamental', 'name': 'Fundamental'}","{'id': 'fundamental-footnotes', 'name': 'Footnotes'}",USA,1,TOP3000,MATRIX,1.0,0.5534,4,4,[],2026-03-01
tax_benefit_reduction_statute_lapse,Reductions in unrecognized tax benefits due to lapse of statute of limitations.,"{'id': 'fundamental2', 'name': 'Report Footnotes'}","{'id': 'fundamental', 'name': 'Fundamental'}","{'id': 'fundamental-footnotes', 'name': 'Footnotes'}",USA,1,TOP3000,MATRIX,1.0,0.4443,7,7,[],2026-03-01
tax_credit_reconciliation_amount,Amount of tax credits used in income tax reconciliation.,"{'id': 'fundamental2', 'name': 'Report Footnotes'}","{'id': 'fundamental', 'name': 'Fundamental'}","{'id': 'fundamental-footnotes', 'name': 'Footnotes'}",USA,1,TOP3000,MATRIX,1.0,0.302,4,4,[],2026-03-01
tax_rate_diff_foreign_income,Difference in effective tax rate due to foreign income tax rate differentials.,"{'id': 'fundamental2', 'name': 'Report Footnotes'}","{'id': 'fundamental', 'name': 'Fundamental'}","{'id': 'fundamental-footnotes', 'name': 'Footnotes'}",USA,1,TOP3000,MATRIX,1.0,0.2853,14,15,[],2026-03-01
tax_rate_recon_nondeductible_expense,Reconciliation item for effective income tax rate due to nondeductible expenses.,"{'id': 'fundamental2', 'name': 'Report Footnotes'}","{'id': 'fundamental', 'name': 'Fundamental'}","{'id': 'fundamental-footnotes', 'name': 'Footnotes'}",USA,1,TOP3000,MATRIX,1.0,0.3491,23,23,[],2026-03-01
tax_rate_reconciliation_valuation_allowance_change,Change in valuation allowance for deferred tax assets in effective tax rate reconciliation.,"{'id': 'fundamental2', 'name': 'Report Footnotes'}","{'id': 'fundamental', 'name': 'Fundamental'}","{'id': 'fundamental-footnotes', 'name': 'Footnotes'}",USA,1,TOP3000,MATRIX,1.0,0.3372,11,12,[],2026-03-01
tax_reconciliation_deferred_assets_val_allowance_change,Change in valuation allowance for deferred tax assets as part of income tax reconciliation.,"{'id': 'fundamental2', 'name': 'Report Footnotes'}","{'id': 'fundamental', 'name': 'Fundamental'}","{'id': 'fundamental-footnotes', 'name': 'Footnotes'}",USA,1,TOP3000,MATRIX,1.0,0.3763,7,7,[],2026-03-01
tax_reconciliation_enacted_rate_change,Change in enacted tax rate as part of income tax reconciliation.,"{'id': 'fundamental2', 'name': 'Report Footnotes'}","{'id': 'fundamental', 'name': 'Fundamental'}","{'id': 'fundamental-footnotes', 'name': 'Footnotes'}",USA,1,TOP3000,MATRIX,1.0,0.2562,61,85,[],2026-03-01
tax_reconciliation_foreign_rate_diff,Adjustment in income tax reconciliation due to foreign tax rate differential.,"{'id': 'fundamental2', 'name': 'Report Footnotes'}","{'id': 'fundamental', 'name': 'Fundamental'}","{'id': 'fundamental-footnotes', 'name': 'Footnotes'}",USA,1,TOP3000,MATRIX,1.0,0.267,9,18,[],2026-03-01
tax_reconciliation_state_local_taxes,Adjustment in income tax reconciliation due to state and local income taxes.,"{'id': 'fundamental2', 'name': 'Report Footnotes'}","{'id': 'fundamental', 'name': 'Fundamental'}","{'id': 'fundamental-footnotes', 'name': 'Footnotes'}",USA,1,TOP3000,MATRIX,1.0,0.4028,5,5,[],2026-03-01
taxes_due_liabilities,Amount of taxes payable as a liability.,"{'id': 'fundamental2', 'name': 'Report Footnotes'}","{'id': 'fundamental', 'name': 'Fundamental'}","{'id': 'fundamental-footnotes', 'name': 'Footnotes'}",USA,1,TOP3000,MATRIX,1.0,0.4576,5,7,[],2026-03-01
taxes_payable_total_value,Total value of taxes payable.,"{'id': 'fundamental2', 'name': 'Report Footnotes'}","{'id': 'fundamental', 'name': 'Fundamental'}","{'id': 'fundamental-footnotes', 'name': 'Footnotes'}",USA,1,TOP3000,MATRIX,1.0,0.5559,9,11,[],2026-03-01
term_loan_balance,Outstanding balance of term loans.,"{'id': 'fundamental2', 'name': 'Report Footnotes'}","{'id': 'fundamental', 'name': 'Fundamental'}","{'id': 'fundamental-footnotes', 'name': 'Footnotes'}",USA,1,TOP3000,MATRIX,1.0,0.3554,7,9,[],2026-03-01
term_loan_balance_2,Outstanding balance of term loans.,"{'id': 'fundamental2', 'name': 'Report Footnotes'}","{'id': 'fundamental', 'name': 'Fundamental'}","{'id': 'fundamental-footnotes', 'name': 'Footnotes'}",USA,1,TOP3000,MATRIX,1.0,0.3614,3,5,[],2026-03-01
trademark_intangibles_amortization_total,Total accumulated amortization for trademarks and similar intangible assets.,"{'id': 'fundamental2', 'name': 'Report Footnotes'}","{'id': 'fundamental', 'name': 'Fundamental'}","{'id': 'fundamental-footnotes', 'name': 'Footnotes'}",USA,1,TOP3000,MATRIX,1.0,0.3298,1,1,[],2026-03-01
trademarks_intangibles_gross_value,Gross value of trademarks and other finite-lived intangible assets.,"{'id': 'fundamental2', 'name': 'Report Footnotes'}","{'id': 'fundamental', 'name': 'Fundamental'}","{'id': 'fundamental-footnotes', 'name': 'Footnotes'}",USA,1,TOP3000,MATRIX,1.0,0.3331,5,15,[],2026-03-01
treasury_stock_share_count,Number of shares held as treasury stock.,"{'id': 'fundamental2', 'name': 'Report Footnotes'}","{'id': 'fundamental', 'name': 'Fundamental'}","{'id': 'fundamental-footnotes', 'name': 'Footnotes'}",USA,1,TOP3000,MATRIX,1.0,0.42,5,6,[],2026-03-01
treasury_stock_shares_total,Total number of treasury stock shares held by the company.,"{'id': 'fundamental2', 'name': 'Report Footnotes'}","{'id': 'fundamental', 'name': 'Fundamental'}","{'id': 'fundamental-footnotes', 'name': 'Footnotes'}",USA,1,TOP3000,MATRIX,1.0,0.3723,6,7,[],2026-03-01
unrecognized_comp_cost_nonoption_awards,Total unrecognized compensation cost for nonvested share-based awards other than options.,"{'id': 'fundamental2', 'name': 'Report Footnotes'}","{'id': 'fundamental', 'name': 'Fundamental'}","{'id': 'fundamental-footnotes', 'name': 'Footnotes'}",USA,1,TOP3000,MATRIX,1.0,0.3061,12,17,[],2026-03-01
unrecognized_comp_cost_nonvested_awards,Total compensation cost not yet recognized for nonvested share-based awards.,"{'id': 'fundamental2', 'name': 'Report Footnotes'}","{'id': 'fundamental', 'name': 'Fundamental'}","{'id': 'fundamental-footnotes', 'name': 'Footnotes'}",USA,1,TOP3000,MATRIX,1.0,0.5154,14,19,[],2026-03-01
unrecognized_compensation_cost_nonoption_awards,Total compensation cost for nonvested share-based awards other than options not yet recognized.,"{'id': 'fundamental2', 'name': 'Report Footnotes'}","{'id': 'fundamental', 'name': 'Fundamental'}","{'id': 'fundamental-footnotes', 'name': 'Footnotes'}",USA,1,TOP3000,MATRIX,1.0,0.4874,6,6,[],2026-03-01
unrecognized_compensation_cost_nonvested_awards,Total compensation cost not yet recognized for nonvested share-based awards.,"{'id': 'fundamental2', 'name': 'Report Footnotes'}","{'id': 'fundamental', 'name': 'Fundamental'}","{'id': 'fundamental-footnotes', 'name': 'Footnotes'}",USA,1,TOP3000,MATRIX,1.0,0.8304,50,56,[],2026-03-01
unrecognized_compensation_cost_nonvested_stock_options,Total compensation cost not yet recognized for nonvested stock option awards.,"{'id': 'fundamental2', 'name': 'Report Footnotes'}","{'id': 'fundamental', 'name': 'Fundamental'}","{'id': 'fundamental-footnotes', 'name': 'Footnotes'}",USA,1,TOP3000,MATRIX,1.0,0.643,13,14,[],2026-03-01
unrecognized_stock_option_comp_cost,Total unrecognized compensation cost for nonvested stock options.,"{'id': 'fundamental2', 'name': 'Report Footnotes'}","{'id': 'fundamental', 'name': 'Fundamental'}","{'id': 'fundamental-footnotes', 'name': 'Footnotes'}",USA,1,TOP3000,MATRIX,1.0,0.3876,63,66,[],2026-03-01
unrecognized_tax_benefit_decrease_prior_period,Decrease in unrecognized tax benefits resulting from prior period tax positions.,"{'id': 'fundamental2', 'name': 'Report Footnotes'}","{'id': 'fundamental', 'name': 'Fundamental'}","{'id': 'fundamental-footnotes', 'name': 'Footnotes'}",USA,1,TOP3000,MATRIX,1.0,0.508,4,9,[],2026-03-01
unrecognized_tax_benefit_increase_current_period,Increase in unrecognized tax benefits due to current period tax positions.,"{'id': 'fundamental2', 'name': 'Report Footnotes'}","{'id': 'fundamental', 'name': 'Fundamental'}","{'id': 'fundamental-footnotes', 'name': 'Footnotes'}",USA,1,TOP3000,MATRIX,1.0,0.5801,3,4,[],2026-03-01
unrecognized_tax_benefits_affecting_tax_rate,Unrecognized tax benefits that would affect the effective tax rate if recognized.,"{'id': 'fundamental2', 'name': 'Report Footnotes'}","{'id': 'fundamental', 'name': 'Fundamental'}","{'id': 'fundamental-footnotes', 'name': 'Footnotes'}",USA,1,TOP3000,MATRIX,1.0,0.4554,5,5,[],2026-03-01
unrecognized_tax_benefits_amount,Amount of tax benefits not yet recognized in the financial statements.,"{'id': 'fundamental2', 'name': 'Report Footnotes'}","{'id': 'fundamental', 'name': 'Fundamental'}","{'id': 'fundamental-footnotes', 'name': 'Footnotes'}",USA,1,TOP3000,MATRIX,1.0,0.279,16,16,[],2026-03-01
unrecognized_tax_benefits_penalties_interest,Accrued penalties and interest related to unrecognized tax benefits.,"{'id': 'fundamental2', 'name': 'Report Footnotes'}","{'id': 'fundamental', 'name': 'Fundamental'}","{'id': 'fundamental-footnotes', 'name': 'Footnotes'}",USA,1,TOP3000,MATRIX,1.0,0.3815,3,5,[],2026-03-01
unrecognized_tax_penalties_interest_expense,Expense for penalties and interest related to unrecognized tax benefits.,"{'id': 'fundamental2', 'name': 'Report Footnotes'}","{'id': 'fundamental', 'name': 'Fundamental'}","{'id': 'fundamental-footnotes', 'name': 'Footnotes'}",USA,1,TOP3000,MATRIX,1.0,0.2636,2,4,[],2026-03-01
unrecognized_tax_positions,Tax benefits claimed but not yet recognized in financial statements.,"{'id': 'fundamental2', 'name': 'Report Footnotes'}","{'id': 'fundamental', 'name': 'Fundamental'}","{'id': 'fundamental-footnotes', 'name': 'Footnotes'}",USA,1,TOP3000,MATRIX,1.0,0.7176,13,18,[],2026-03-01
unremitted_foreign_earnings_value,Total earnings generated in foreign jurisdictions that have not been remitted.,"{'id': 'fundamental2', 'name': 'Report Footnotes'}","{'id': 'fundamental', 'name': 'Fundamental'}","{'id': 'fundamental-footnotes', 'name': 'Footnotes'}",USA,1,TOP3000,MATRIX,1.0,0.3565,13,20,[],2026-03-01
value_of_shares_reacquired_during_period,Total value of shares repurchased by the company during the period.,"{'id': 'fundamental2', 'name': 'Report Footnotes'}","{'id': 'fundamental', 'name': 'Fundamental'}","{'id': 'fundamental-footnotes', 'name': 'Footnotes'}",USA,1,TOP3000,MATRIX,1.0,0.6301,22,36,[],2026-03-01
value_of_shares_reacquired_period,Total value of shares repurchased during the period.,"{'id': 'fundamental2', 'name': 'Report Footnotes'}","{'id': 'fundamental', 'name': 'Fundamental'}","{'id': 'fundamental-footnotes', 'name': 'Footnotes'}",USA,1,TOP3000,MATRIX,1.0,0.5473,8,9,[],2026-03-01
variable_rate_debt_basis_spread,Basis spread applied to variable rate debt instruments.,"{'id': 'fundamental2', 'name': 'Report Footnotes'}","{'id': 'fundamental', 'name': 'Fundamental'}","{'id': 'fundamental-footnotes', 'name': 'Footnotes'}",USA,1,TOP3000,MATRIX,1.0,0.279,9,13,[],2026-03-01
vested_equity_award_total_value,Total fair value of equity awards other than options vested during the period.,"{'id': 'fundamental2', 'name': 'Report Footnotes'}","{'id': 'fundamental', 'name': 'Fundamental'}","{'id': 'fundamental-footnotes', 'name': 'Footnotes'}",USA,1,TOP3000,MATRIX,1.0,0.7657,20,22,[],2026-03-01
vested_expected_option_awards_avg_exercise_price,Weighted average exercise price for options vested and expected to vest and outstanding.,"{'id': 'fundamental2', 'name': 'Report Footnotes'}","{'id': 'fundamental', 'name': 'Fundamental'}","{'id': 'fundamental-footnotes', 'name': 'Footnotes'}",USA,1,TOP3000,MATRIX,1.0,0.3235,5,5,[],2026-03-01
year5_intangible_amortization_expense,Amortization expense for finite-lived intangible assets in year five.,"{'id': 'fundamental2', 'name': 'Report Footnotes'}","{'id': 'fundamental', 'name': 'Fundamental'}","{'id': 'fundamental-footnotes', 'name': 'Footnotes'}",USA,1,TOP3000,MATRIX,1.0,0.6204,6,7,[],2026-03-01
year_four_amortization_expense_intangibles,Amortization expense for finite-lived intangible assets in the fourth year.,"{'id': 'fundamental2', 'name': 'Report Footnotes'}","{'id': 'fundamental', 'name': 'Fundamental'}","{'id': 'fundamental-footnotes', 'name': 'Footnotes'}",USA,1,TOP3000,MATRIX,1.0,0.3519,7,8,[],2026-03-01
year_three_amortization_expense_intangibles,Amortization expense for finite-lived intangible assets in the third year.,"{'id': 'fundamental2', 'name': 'Report Footnotes'}","{'id': 'fundamental', 'name': 'Fundamental'}","{'id': 'fundamental-footnotes', 'name': 'Footnotes'}",USA,1,TOP3000,MATRIX,1.0,0.3561,3,3,[],2026-03-01
